{"Linear loss": 11252.62890625, "_timestamp": 1715770283.2866786, "_runtime": 129.17334747314453, "_step": 3619, "gradients/graph_26linear.5.bias": {"_type": "histogram", "values": [6.0, 0.0, 0.0, 4.0, 0.0, 0.0, 0.0, 0.0, 0.0, 0.0, 0.0, 0.0, 0.0, 0.0, 0.0, 0.0, 0.0, 0.0, 0.0, 0.0, 0.0, 0.0, 0.0, 0.0, 0.0, 0.0, 0.0, 0.0, 11.0, 0.0, 0.0, 2.0, 43.0, 0.0, 0.0, 14.0, 0.0, 0.0, 0.0, 0.0, 0.0, 0.0, 0.0, 0.0, 0.0, 0.0, 0.0, 0.0, 0.0, 0.0, 0.0, 0.0, 0.0, 0.0, 0.0, 0.0, 0.0, 2.0, 0.0, 0.0, 3.0, 0.0, 0.0, 11.0], "bins": [-200.0, -193.75, -187.5, -181.25, -175.0, -168.75, -162.5, -156.25, -150.0, -143.75, -137.5, -131.25, -125.0, -118.75, -112.5, -106.25, -100.0, -93.75, -87.5, -81.25, -75.0, -68.75, -62.5, -56.25, -50.0, -43.75, -37.5, -31.25, -25.0, -18.75, -12.5, -6.25, 0.0, 6.25, 12.5, 18.75, 25.0, 31.25, 37.5, 43.75, 50.0, 56.25, 62.5, 68.75, 75.0, 81.25, 87.5, 93.75, 100.0, 106.25, 112.5, 118.75, 125.0, 131.25, 137.5, 143.75, 150.0, 156.25, 162.5, 168.75, 175.0, 181.25, 187.5, 193.75, 200.0]}, "gradients/graph_26linear.5.weight": {"_type": "histogram", "values": [6.0, 6.0, 0.0, 10.0, 4.0, 0.0, 4.0, 0.0, 12.0, 6.0, 0.0, 20.0, 10.0, 20.0, 10.0, 12.0, 0.0, 6.0, 4.0, 0.0, 6.0, 10.0, 4.0, 10.0, 6.0, 14.0, 0.0, 0.0, 22.0, 72.0, 91.0, 95.0, 2082.0, 119.0, 95.0, 28.0, 0.0, 4.0, 17.0, 13.0, 16.0, 5.0, 14.0, 13.0, 0.0, 3.0, 15.0, 4.0, 13.0, 16.0, 32.0, 14.0, 28.0, 0.0, 13.0, 22.0, 2.0, 5.0, 0.0, 3.0, 14.0, 0.0, 11.0, 11.0], "bins": [-654.6490478515625, -634.1912841796875, -613.7334594726562, -593.2756958007812, -572.8179321289062, -552.360107421875, -531.90234375, -511.444580078125, -490.9867858886719, -470.52899169921875, -450.07122802734375, -429.6134338378906, -409.1556396484375, -388.6978759765625, -368.2400817871094, -347.7823181152344, -327.32452392578125, -306.8667297363281, -286.4089660644531, -265.951171875, -245.493408203125, -225.03561401367188, -204.57781982421875, -184.12005615234375, -163.66226196289062, -143.2044677734375, -122.7467041015625, -102.2889404296875, -81.83111572265625, -61.37335205078125, -40.91558837890625, -20.457763671875, 0.0, 20.457763671875, 40.91558837890625, 61.37335205078125, 81.83111572265625, 102.2889404296875, 122.7467041015625, 143.2044677734375, 163.66226196289062, 184.12005615234375, 204.57781982421875, 225.03561401367188, 245.493408203125, 265.951171875, 286.4089660644531, 306.8667297363281, 327.32452392578125, 347.7823181152344, 368.2400817871094, 388.6978759765625, 409.1556396484375, 429.6134338378906, 450.07122802734375, 470.52899169921875, 490.9867858886719, 511.444580078125, 531.90234375, 552.360107421875, 572.8179321289062, 593.2756958007812, 613.7334594726562, 634.1912841796875, 654.6490478515625]}, "gradients/graph_26linear.3.bias": {"_type": "histogram", "values": [1.0, 0.0, 0.0, 0.0, 0.0, 0.0, 0.0, 0.0, 0.0, 0.0, 0.0, 0.0, 0.0, 0.0, 1.0, 0.0, 1.0, 2.0, 1.0, 0.0, 1.0, 0.0, 0.0, 1.0, 0.0, 0.0, 0.0, 0.0, 1.0, 0.0, 1.0, 0.0, 1.0, 4.0, 1.0, 0.0, 0.0, 0.0, 1.0, 0.0, 0.0, 0.0, 0.0, 1.0, 0.0, 0.0, 0.0, 0.0, 0.0, 1.0, 0.0, 12.0, 0.0, 0.0, 0.0, 0.0, 0.0, 0.0, 0.0, 0.0, 0.0, 0.0, 0.0, 1.0], "bins": [-416.4195861816406, -408.36834716796875, -400.3171081542969, -392.2658996582031, -384.21466064453125, -376.1634216308594, -368.1121826171875, -360.0609436035156, -352.00970458984375, -343.95849609375, -335.9072570800781, -327.85601806640625, -319.8047790527344, -311.7535400390625, -303.70233154296875, -295.6510925292969, -287.599853515625, -279.5486145019531, -271.49737548828125, -263.4461669921875, -255.39492797851562, -247.34368896484375, -239.29244995117188, -231.24122619628906, -223.1899871826172, -215.1387481689453, -207.0875244140625, -199.03628540039062, -190.98504638671875, -182.93382263183594, -174.88258361816406, -166.83135986328125, -158.78009033203125, -150.72885131835938, -142.67764282226562, -134.62640380859375, -126.5751724243164, -118.52393341064453, -110.47269439697266, -102.42147064208984, -94.37023162841797, -86.3189926147461, -78.26776885986328, -70.2165298461914, -62.16529083251953, -54.11406707763672, -46.062828063964844, -38.01160430908203, -29.960365295410156, -21.909133911132812, -13.857902526855469, -5.806663513183594, 2.24456787109375, 10.295799255371094, 18.34703826904297, 26.398269653320312, 34.449501037597656, 42.500732421875, 50.55196762084961, 58.60320281982422, 66.65443420410156, 74.7056655883789, 82.75689697265625, 90.80813598632812, 98.85936737060547]}, "gradients/graph_26linear.3.weight": {"_type": "histogram", "values": [1.0, 1.0, 0.0, 0.0, 0.0, 0.0, 0.0, 0.0, 0.0, 0.0, 0.0, 0.0, 0.0, 0.0, 1.0, 1.0, 1.0, 3.0, 3.0, 1.0, 1.0, 1.0, 0.0, 1.0, 1.0, 0.0, 0.0, 0.0, 1.0, 1.0, 1.0, 1.0, 1.0, 8.0, 2.0, 1.0, 0.0, 0.0, 1.0, 1.0, 1.0, 0.0, 0.0, 3.0, 4.0, 2.0, 1.0, 6.0, 2.0, 3.0, 8.0, 956.0, 1.0, 0.0, 1.0, 0.0, 0.0, 0.0, 0.0, 0.0, 0.0, 0.0, 0.0, 2.0], "bins": [-3527.39013671875, -3459.190185546875, -3390.989990234375, -3322.7900390625, -3254.58984375, -3186.389892578125, -3118.189697265625, -3049.98974609375, -2981.78955078125, -2913.589599609375, -2845.389404296875, -2777.189453125, -2708.9892578125, -2640.789306640625, -2572.58935546875, -2504.38916015625, -2436.18896484375, -2367.989013671875, -2299.7890625, -2231.5888671875, -2163.388671875, -2095.188720703125, -2026.9886474609375, -1958.78857421875, -1890.588623046875, -1822.3885498046875, -1754.1884765625, -1685.9884033203125, -1617.788330078125, -1549.5882568359375, -1481.38818359375, -1413.18798828125, -1344.9881591796875, -1276.7882080078125, -1208.5880126953125, -1140.387939453125, -1072.1878662109375, -1003.98779296875, -935.7877197265625, -867.587646484375, -799.3875732421875, -731.1876220703125, -662.987548828125, -594.7874755859375, -526.58740234375, -458.3873291015625, -390.187255859375, -321.9871826171875, -253.787109375, -185.5870361328125, -117.386962890625, -49.1868896484375, 19.01318359375, 87.21319580078125, 155.41326904296875, 223.61334228515625, 291.81341552734375, 360.01348876953125, 428.21356201171875, 496.4136047363281, 564.6136474609375, 632.813720703125, 701.0137939453125, 769.2138671875, 837.4139404296875]}, "gradients/graph_26linear.0.bias": {"_type": "histogram", "values": [1.0, 0.0, 0.0, 0.0, 0.0, 0.0, 0.0, 0.0, 0.0, 1.0, 0.0, 0.0, 0.0, 0.0, 1.0, 0.0, 0.0, 0.0, 0.0, 0.0, 0.0, 0.0, 0.0, 1.0, 0.0, 0.0, 0.0, 0.0, 0.0, 0.0, 0.0, 0.0, 0.0, 0.0, 0.0, 0.0, 0.0, 0.0, 0.0, 0.0, 0.0, 0.0, 0.0, 0.0, 0.0, 0.0, 0.0, 0.0, 0.0, 0.0, 0.0, 0.0, 0.0, 0.0, 0.0, 0.0, 0.0, 0.0, 0.0, 0.0, 0.0, 0.0, 0.0, 28.0], "bins": [-1108.3822021484375, -1091.063720703125, -1073.7452392578125, -1056.4267578125, -1039.1082763671875, -1021.7898559570312, -1004.4713745117188, -987.1528930664062, -969.8344116210938, -952.5159912109375, -935.197509765625, -917.8790283203125, -900.560546875, -883.2420654296875, -865.923583984375, -848.6051025390625, -831.28662109375, -813.9681396484375, -796.6497192382812, -779.3312377929688, -762.0127563476562, -744.6943359375, -727.3758544921875, -710.057373046875, -692.7388916015625, -675.42041015625, -658.1019287109375, -640.783447265625, -623.4649658203125, -606.146484375, -588.8280639648438, -571.5095825195312, -554.1911010742188, -536.8726196289062, -519.5541381835938, -502.2356872558594, -484.9172058105469, -467.5987548828125, -450.2802734375, -432.9617919921875, -415.643310546875, -398.3248596191406, -381.0063781738281, -363.6878967285156, -346.36944580078125, -329.05096435546875, -311.73248291015625, -294.4140319824219, -277.0955505371094, -259.7770690917969, -242.45860290527344, -225.14013671875, -207.8216552734375, -190.50318908691406, -173.18472290039062, -155.86624145507812, -138.5477752685547, -121.22930145263672, -103.91082763671875, -86.59236145019531, -69.27388763427734, -51.955413818359375, -34.63694381713867, -17.318471908569336, 0.0]}, "gradients/graph_26linear.0.weight": {"_type": "histogram",