{"gradients/graph_20linear.5.bias": {"_type": "histogram", "values": [2.0, 0.0, 1.0, 1.0, 2.0, 3.0, 3.0, 3.0, 1.0, 0.0, 0.0, 0.0, 0.0, 0.0, 1.0, 0.0, 1.0, 0.0, 0.0, 0.0, 0.0, 1.0, 0.0, 1.0, 0.0, 0.0, 0.0, 0.0, 0.0, 0.0, 0.0, 0.0, 0.0, 0.0, 0.0, 0.0, 1.0, 0.0, 2.0, 1.0, 0.0, 0.0, 1.0, 0.0, 1.0, 0.0, 1.0, 0.0, 1.0, 2.0, 0.0, 5.0, 1.0, 3.0, 3.0, 1.0, 10.0, 6.0, 9.0, 10.0, 9.0, 6.0, 2.0, 1.0], "bins": [-0.86451256275177, -0.8387103080749512, -0.8129080533981323, -0.7871057987213135, -0.7613035440444946, -0.7355012893676758, -0.7096990346908569, -0.6838967800140381, -0.6580945253372192, -0.6322922706604004, -0.6064900159835815, -0.5806877613067627, -0.5548855066299438, -0.529083251953125, -0.5032809972763062, -0.4774787724018097, -0.45167651772499084, -0.425874263048172, -0.40007200837135315, -0.3742697536945343, -0.34846752882003784, -0.322665274143219, -0.29686301946640015, -0.2710607647895813, -0.24525851011276245, -0.2194562554359436, -0.19365400075912476, -0.1678517460823059, -0.14204949140548706, -0.11624723672866821, -0.09044498205184937, -0.06464272737503052, -0.03884047269821167, -0.013038218021392822, 0.012764036655426025, 0.03856629133224487, 0.06436854600906372, 0.09017080068588257, 0.11597305536270142, 0.14177531003952026, 0.1675775647163391, 0.19337981939315796, 0.2191820740699768, 0.24498432874679565, 0.2707865834236145, 0.29658880829811096, 0.3223910629749298, 0.34819331765174866, 0.3739955723285675, 0.39979782700538635, 0.4256000816822052, 0.45140233635902405, 0.4772045910358429, 0.5030068159103394, 0.5288090705871582, 0.554611325263977, 0.5804135799407959, 0.6062158346176147, 0.6320180892944336, 0.6578203439712524, 0.6836225986480713, 0.7094248533248901, 0.735227108001709, 0.7610293626785278, 0.7868316173553467]}, "_timestamp": 1715780597.1957886, "gradients/graph_20linear.5.weight": {"_type": "histogram", "values": [2.0, 0.0, 2.0, 3.0, 6.0, 9.0, 12.0, 17.0, 25.0, 35.0, 49.0, 58.0, 70.0, 78.0, 95.0, 86.0, 98.0, 79.0, 81.0, 129.0, 138.0, 128.0, 130.0, 118.0, 132.0, 154.0, 163.0, 170.0, 136.0, 93.0, 101.0, 85.0, 37.0, 217.0, 340.0, 409.0, 394.0, 483.0, 598.0, 699.0, 569.0, 550.0, 547.0, 531.0, 553.0, 565.0, 503.0, 396.0, 361.0, 353.0, 379.0, 328.0, 273.0, 223.0, 158.0, 115.0, 96.0, 54.0, 32.0, 21.0, 12.0, 7.0, 2.0, 1.0], "bins": [-17.065982818603516, -16.556631088256836, -16.047279357910156, -15.537927627563477, -15.028576850891113, -14.519225120544434, -14.009873390197754, -13.500521659851074, -12.991170883178711, -12.481819152832031, -11.972467422485352, -11.463115692138672, -10.953763961791992, -10.444412231445312, -9.935060501098633, -9.42570972442627, -8.91635799407959, -8.40700626373291, -7.8976545333862305, -7.388303756713867, -6.8789520263671875, -6.369600296020508, -5.860248565673828, -5.350896835327148, -4.841545104980469, -4.3321943283081055, -3.822842597961426, -3.313490867614746, -2.8041391372680664, -2.2947874069213867, -1.7854366302490234, -1.2760848999023438, -0.7667341232299805, -0.2573823928833008, 0.2519693374633789, 0.7613201141357422, 1.2706718444824219, 1.7800235748291016, 2.2893753051757812, 2.798727035522461, 3.308077812194824, 3.817429542541504, 4.326781272888184, 4.836133003234863, 5.345484733581543, 5.854836463928223, 6.364187240600586, 6.873538970947266, 7.382890701293945, 7.892242431640625, 8.401594161987305, 8.910945892333984, 9.420296669006348, 9.929648399353027, 10.439000129699707, 10.94835090637207, 11.45770263671875, 11.96705436706543, 12.47640609741211, 12.985757827758789, 13.495109558105469, 14.004461288452148, 14.513812065124512, 15.023163795471191, 15.532515525817871]}, "gradients/graph_20linear.3.bias": {"_type": "histogram", "values": [2.0, 0.0, 0.0, 0.0, 0.0, 0.0, 0.0, 0.0, 0.0, 0.0, 0.0, 0.0, 0.0, 0.0, 0.0, 0.0, 0.0, 1.0, 0.0, 0.0, 1.0, 0.0, 1.0, 0.0, 0.0, 0.0, 0.0, 0.0, 0.0, 2.0, 0.0, 2.0, 2.0, 0.0, 0.0, 1.0, 2.0, 5.0, 5.0, 5.0, 1.0, 0.0, 4.0, 5.0, 5.0, 5.0, 4.0, 9.0, 7.0, 6.0, 5.0, 4.0, 6.0, 7.0, 7.0, 6.0, 6.0, 2.0, 4.0, 3.0, 2.0, 0.0, 0.0, 1.0], "bins": [0.0, 0.07646167278289795, 0.1529233455657959, 0.22938501834869385, 0.3058466911315918, 0.38230836391448975, 0.4587700366973877, 0.5352317094802856, 0.6116933822631836, 0.6881550550460815, 0.7646167278289795, 0.8410784006118774, 0.9175400733947754, 0.9940017461776733, 1.0704634189605713, 1.1469250917434692, 1.2233867645263672, 1.2998484373092651, 1.376310110092163, 1.452771782875061, 1.529233455657959, 1.605695128440857, 1.6821568012237549, 1.7586184740066528, 1.8350801467895508, 1.9115418195724487, 1.9880034923553467, 2.064465045928955, 2.1409268379211426, 2.21738862991333, 2.2938501834869385, 2.370311737060547, 2.4467735290527344, 2.523235321044922, 2.5996968746185303, 2.6761584281921387, 2.752620220184326, 2.8290820121765137, 2.905543565750122, 2.9820051193237305, 3.058466911315918, 3.1349287033081055, 3.211390256881714, 3.2878518104553223, 3.3643136024475098, 3.4407753944396973, 3.5172369480133057, 3.593698501586914, 3.6701602935791016, 3.746622085571289, 3.8230836391448975, 3.899545192718506, 3.9760069847106934, 4.052468776702881, 4.12893009185791, 4.205391883850098, 4.281853675842285, 4.358315467834473, 4.43477725982666, 4.5112385749816895, 4.587700366973877, 4.6641621589660645, 4.740623474121094, 4.817085266113281, 4.893547058105469]}, "gradients/graph_20linear.3.weight": {"_type": "histogram", "values": [13486.0, 0.0, 2.0, 1.0, 8.0, 26.0, 45.0, 45.0, 19.0, 15.0, 17.0, 43.0, 46.0, 55.0, 67.0, 52.0, 60.0, 44.0, 44.0, 34.0, 38.0, 26.0, 21.0, 15.0, 24.0, 31.0, 31.0, 28.0, 52.0, 62.0, 53.0, 69.0, 77.0, 77.0, 90.0, 100.0, 105.0, 106.0, 99.0, 102.0, 95.0, 95.0, 91.0, 88.0, 86.0, 72.0, 72.0, 71.0, 63.0, 63.0, 45.0, 38.0, 42.0, 39.0, 32.0, 21.0, 17.0, 13.0, 11.0, 7.0, 4.0, 0.0, 2.0, 2.0], "bins": [0.0, 1.4895431995391846, 2.979086399078369, 4.468629837036133, 5.958172798156738, 7.447715759277344, 8.937259674072266, 10.426802635192871, 11.916345596313477, 13.405888557434082, 14.895431518554688, 16.38497543334961, 17.87451934814453, 19.36406135559082, 20.853605270385742, 22.34314727783203, 23.832691192626953, 25.322235107421875, 26.811777114868164, 28.301321029663086, 29.790863037109375, 31.280406951904297, 32.76995086669922, 34.25949478149414, 35.74903869628906, 37.23857879638672, 38.72812271118164, 40.21766662597656, 41.707210540771484, 43.196754455566406, 44.68629455566406, 46.175838470458984, 47.665382385253906, 49.15492630004883, 50.64447021484375, 52.134010314941406, 53.62355422973633, 55.11309814453125, 56.60264205932617, 58.092185974121094, 59.58172607421875, 61.07126998901367, 62.560813903808594, 64.05035400390625, 65.53990173339844, 67.0294418334961, 68.51898956298828, 70.00852966308594, 71.49807739257812, 72.98761749267578, 74.47715759277344, 75.96670532226562, 77.45624542236328, 78.94578552246094, 80.43533325195312, 81.92487335205078, 83.41442108154297, 84.90396118164062, 86.39350891113281, 87.88304901123047, 89.37258911132812, 90.86213684082031, 92.35167694091797, 93.84122467041016, 95.33076477050781]}, "gradients/graph_20linear.0.bias": {"_type": "histogram", "values": [105.0, 0.0, 0.0, 0.0, 0.0, 0.0, 0.0, 0.0, 0.0, 0.0, 0.0, 0.0, 0.0, 0.0, 0.0, 0.0, 0.0, 0.0, 0.0, 0.0, 0.0, 0.0, 0.0, 0.0, 0.0, 0.0, 0.0, 0.0, 0.0, 0.0, 0.0, 0.0, 0.0, 0.0, 0.0, 2.0, 4.0, 2.0, 0.0, 3.0, 1.0, 1.0, 2.0, 1.0, 0.0, 0.0, 0.0, 1.0, 0.0, 0.0, 0.0, 0.0, 2.0, 1.0, 2.0, 0.0, 0.0, 0.0, 0.0, 0.0, 0.0, 0.0, 0.0, 1.0],