{"Linear loss": 12572.736328125, "_timestamp": 1715766760.164675, "_runtime": 232.1323959827423, "_step": 5429, "gradients/graph_1linear.5.bias": {"_type": "histogram", "values": [7.0, 0.0, 0.0, 3.0, 0.0, 0.0, 0.0, 0.0, 0.0, 0.0, 0.0, 0.0, 0.0, 0.0, 0.0, 0.0, 0.0, 0.0, 0.0, 0.0, 0.0, 0.0, 0.0, 0.0, 0.0, 0.0, 0.0, 0.0, 14.0, 0.0, 0.0, 2.0, 42.0, 0.0, 0.0, 16.0, 0.0, 0.0, 0.0, 0.0, 0.0, 0.0, 0.0, 0.0, 0.0, 0.0, 0.0, 0.0, 0.0, 0.0, 0.0, 0.0, 0.0, 0.0, 0.0, 0.0, 0.0, 0.0, 0.0, 0.0, 3.0, 0.0, 0.0, 9.0], "bins": [-200.0, -193.75, -187.5, -181.25, -175.0, -168.75, -162.5, -156.25, -150.0, -143.75, -137.5, -131.25, -125.0, -118.75, -112.5, -106.25, -100.0, -93.75, -87.5, -81.25, -75.0, -68.75, -62.5, -56.25, -50.0, -43.75, -37.5, -31.25, -25.0, -18.75, -12.5, -6.25, 0.0, 6.25, 12.5, 18.75, 25.0, 31.25, 37.5, 43.75, 50.0, 56.25, 62.5, 68.75, 75.0, 81.25, 87.5, 93.75, 100.0, 106.25, 112.5, 118.75, 125.0, 131.25, 137.5, 143.75, 150.0, 156.25, 162.5, 168.75, 175.0, 181.25, 187.5, 193.75, 200.0]}, "gradients/graph_1linear.5.weight": {"_type": "histogram", "values": [7.0, 0.0, 0.0, 3.0, 0.0, 0.0, 0.0, 0.0, 0.0, 0.0, 0.0, 0.0, 0.0, 0.0, 0.0, 0.0, 0.0, 0.0, 0.0, 0.0, 0.0, 0.0, 0.0, 0.0, 0.0, 0.0, 0.0, 0.0, 14.0, 0.0, 0.0, 2.0, 3018.0, 0.0, 0.0, 16.0, 0.0, 0.0, 0.0, 0.0, 0.0, 0.0, 0.0, 0.0, 0.0, 0.0, 0.0, 0.0, 0.0, 0.0, 0.0, 0.0, 0.0, 0.0, 0.0, 0.0, 0.0, 0.0, 0.0, 0.0, 3.0, 0.0, 0.0, 9.0], "bins": [-212.23191833496094, -205.59967041015625, -198.96742248535156, -192.33517456054688, -185.7029266357422, -179.0706787109375, -172.4384307861328, -165.80618286132812, -159.17393493652344, -152.54168701171875, -145.90945434570312, -139.27719116210938, -132.64495849609375, -126.01270294189453, -119.38045501708984, -112.74820709228516, -106.11595916748047, -99.48371124267578, -92.8514633178711, -86.2192153930664, -79.58697509765625, -72.95472717285156, -66.32247924804688, -59.69023132324219, -53.0579833984375, -46.42573547363281, -39.793487548828125, -33.16123962402344, -26.52899169921875, -19.896743774414062, -13.264495849609375, -6.6322479248046875, 0.0, 6.6322479248046875, 13.264495849609375, 19.896743774414062, 26.52899169921875, 33.16123962402344, 39.793487548828125, 46.42573547363281, 53.0579833984375, 59.69023132324219, 66.32247924804688, 72.95472717285156, 79.58697509765625, 86.2192153930664, 92.8514633178711, 99.48371124267578, 106.11595916748047, 112.74820709228516, 119.38045501708984, 126.01270294189453, 132.64495849609375, 139.27719116210938, 145.90945434570312, 152.54168701171875, 159.17393493652344, 165.80618286132812, 172.4384307861328, 179.0706787109375, 185.7029266357422, 192.33517456054688, 198.96742248535156, 205.59967041015625, 212.23191833496094]}, "gradients/graph_1linear.3.bias": {"_type": "histogram", "values": [1.0, 0.0, 0.0, 0.0, 0.0, 0.0, 0.0, 0.0, 0.0, 0.0, 0.0, 0.0, 0.0, 0.0, 0.0, 0.0, 0.0, 0.0, 0.0, 0.0, 0.0, 0.0, 0.0, 0.0, 0.0, 0.0, 0.0, 0.0, 0.0, 0.0, 0.0, 0.0, 0.0, 0.0, 0.0, 0.0, 0.0, 0.0, 0.0, 0.0, 0.0, 0.0, 0.0, 0.0, 0.0, 0.0, 0.0, 0.0, 0.0, 0.0, 0.0, 0.0, 0.0, 0.0, 0.0, 0.0, 0.0, 0.0, 0.0, 0.0, 0.0, 0.0, 0.0, 31.0], "bins": [-14.703058242797852, -14.473322868347168, -14.243587493896484, -14.0138521194458, -13.784116744995117, -13.55438232421875, -13.32464599609375, -13.094911575317383, -12.8651762008667, -12.635440826416016, -12.405705451965332, -12.175970077514648, -11.946234703063965, -11.716499328613281, -11.486763954162598, -11.257028579711914, -11.027294158935547, -10.797557830810547, -10.56782341003418, -10.338088035583496, -10.108352661132812, -9.878617286682129, -9.648881912231445, -9.419146537780762, -9.189411163330078, -8.959676742553711, -8.729940414428711, -8.500205993652344, -8.270469665527344, -8.040735244750977, -7.810999870300293, -7.581264495849609, -7.351529121398926, -7.121793746948242, -6.892058372497559, -6.662323474884033, -6.43258810043335, -6.202852725982666, -5.973117351531982, -5.743381977081299, -5.513647079467773, -5.28391170501709, -5.054176330566406, -4.824440956115723, -4.594705581665039, -4.3649702072143555, -4.13523530960083, -3.9054999351501465, -3.675764560699463, -3.4460291862487793, -3.216294050216675, -2.986558675765991, -2.7568235397338867, -2.527088165283203, -2.2973527908325195, -2.067617654800415, -1.8378822803497314, -1.6081470251083374, -1.3784117698669434, -1.1486763954162598, -0.9189411401748657, -0.6892058849334717, -0.45947057008743286, -0.22973528504371643, 0.0]}, "gradients/graph_1linear.3.weight": {"_type": "histogram", "values": [1.0, 0.0, 0.0, 0.0, 0.0, 0.0, 1.0, 0.0, 0.0, 0.0, 0.0, 0.0, 0.0, 1.0, 0.0, 0.0, 0.0, 1.0, 0.0, 0.0, 0.0, 0.0, 0.0, 0.0, 0.0, 0.0, 0.0, 0.0, 0.0, 0.0, 0.0, 1.0, 0.0, 0.0, 0.0, 0.0, 0.0, 0.0, 0.0, 0.0, 0.0, 0.0, 0.0, 0.0, 1.0, 1.0, 0.0, 0.0, 0.0, 0.0, 0.0, 0.0, 0.0, 1.0, 0.0, 0.0, 0.0, 0.0, 1.0, 1.0, 0.0, 0.0, 0.0, 1014.0], "bins": [-224.2278289794922, -220.72427368164062, -217.220703125, -213.71714782714844, -210.21359252929688, -206.71002197265625, -203.2064666748047, -199.70291137695312, -196.19935607910156, -192.69578552246094, -189.19223022460938, -185.6886749267578, -182.18511962890625, -178.68154907226562, -175.17799377441406, -171.6744384765625, -168.17086791992188, -164.6673126220703, -161.16375732421875, -157.66018676757812, -154.15663146972656, -150.653076171875, -147.14950561523438, -143.6459503173828, -140.14239501953125, -136.63882446289062, -133.13528442382812, -129.6317138671875, -126.1281509399414, -122.62459564208984, -119.12103271484375, -115.61747741699219, -112.1139144897461, -108.6103515625, -105.10679626464844, -101.60323333740234, -98.09967803955078, -94.59611511230469, -91.0925521850586, -87.58899688720703, -84.08543395996094, -80.58187866210938, -77.07831573486328, -73.57475280761719, -70.07119750976562, -66.56763458251953, -63.0640754699707, -59.560516357421875, -56.05695724487305, -52.55339813232422, -49.04983901977539, -45.5462760925293, -42.04271697998047, -38.53915786743164, -35.03559875488281, -31.53203773498535, -28.028478622436523, -24.524919509887695, -21.021358489990234, -17.517799377441406, -14.014239311218262, -10.510679244995117, -7.007119655609131, -3.5035598278045654, 0.0]}, "gradients/graph_1linear.0.bias": {"_type": "histogram", "values": [1.0, 0.0, 1.0, 2.0, 1.0, 0.0, 0.0, 0.0, 0.0, 0.0, 0.0, 0.0, 0.0, 0.0, 0.0, 22.0, 0.0, 0.0, 0.0, 0.0, 0.0, 0.0, 0.0, 0.0, 0.0, 0.0, 1.0, 0.0, 0.0, 0.0, 0.0, 0.0, 1.0, 0.0, 0.0, 0.0, 0.0, 0.0, 0.0, 0.0, 0.0, 1.0, 0.0, 0.0, 1.0, 0.0, 0.0, 0.0, 0.0, 0.0, 0.0, 0.0, 0.0, 0.0, 0.0, 0.0, 0.0, 0.0, 0.0, 0.0, 0.0, 0.0, 0.0, 1.0], "bins": [-3.271777391433716, -3.0613133907318115, -2.8508496284484863, -2.640385627746582, -2.429921865463257, -2.2194578647613525, -2.0089941024780273, -1.798530101776123, -1.5880662202835083, -1.3776023387908936, -1.1671383380889893, -0.9566745758056641, -0.7462105751037598, -0.5357468128204346, -0.3252828121185303, -0.11481904983520508, 0.09564495086669922, 0.3061089515686035, 0.5165727138519287, 0.727036714553833, 0.9375007152557373, 1.1479642391204834, 1.3584282398223877, 1.568892240524292, 1.7793562412261963, 1.9898202419281006, 2.2002837657928467, 2.410747766494751, 2.6212117671966553, 2.8316757678985596, 3.0421392917633057, 3.25260329246521, 3.4630675315856934, 3.6735315322875977, 3.883995532989502, 4.094459056854248, 4.304923057556152, 4.515387058258057, 4.725851058959961, 4.936314582824707, 5.146778583526611, 5.357242584228516, 5.56770658493042, 5.778170585632324, 5.98863410949707, 6.199098110198975, 6.409562110900879, 6.620025634765625, 6.8304901123046875, 7.040953636169434, 7.251417636871338, 7.461881637573242, 7.672345161437988, 7.882809638977051, 8.093273162841797, 8.30373764038086, 8.514201164245605, 8.724664688110352, 8.935129165649414, 9.14559268951416, 9.356056213378906, 9.566520690917969, 9.776984214782715, 9.987448692321777, 10.197912216186523]}, "gradients/graph_1linear.0.weight": {"_type": "histogram",