{"gradients/graph_38linear.5.bias": {"_type": "histogram", "values": [1.0, 3.0, 6.0, 8.0, 2.0, 6.0, 3.0, 0.0, 1.0, 1.0, 3.0, 2.0, 6.0, 9.0, 9.0, 6.0, 1.0, 1.0, 0.0, 0.0, 0.0, 0.0, 0.0, 0.0, 0.0, 0.0, 0.0, 0.0, 0.0, 0.0, 0.0, 0.0, 0.0, 0.0, 0.0, 0.0, 0.0, 0.0, 0.0, 0.0, 0.0, 0.0, 0.0, 0.0, 0.0, 0.0, 0.0, 0.0, 2.0, 2.0, 3.0, 1.0, 0.0, 0.0, 0.0, 2.0, 1.0, 2.0, 4.0, 4.0, 3.0, 0.0, 3.0, 1.0], "bins": [-0.6793982982635498, -0.6575639843940735, -0.6357296109199524, -0.6138952970504761, -0.592060923576355, -0.5702266097068787, -0.5483922958374023, -0.5265579223632812, -0.5047236084938049, -0.4828892648220062, -0.4610549211502075, -0.4392206072807312, -0.4173862636089325, -0.3955519199371338, -0.37371760606765747, -0.35188326239585876, -0.33004891872406006, -0.30821457505226135, -0.28638023138046265, -0.26454591751098633, -0.24271157383918762, -0.22087723016738892, -0.1990429162979126, -0.1772085428237915, -0.15537422895431519, -0.13353991508483887, -0.11170554161071777, -0.08987122774124146, -0.06803691387176514, -0.04620254039764404, -0.024368226528167725, -0.002533853054046631, 0.019300401210784912, 0.04113471508026123, 0.06296908855438232, 0.08480340242385864, 0.10663777589797974, 0.12847208976745605, 0.15030640363693237, 0.17214077711105347, 0.19397509098052979, 0.2158094048500061, 0.2376437783241272, 0.2594780921936035, 0.2813124358654022, 0.3031467795372009, 0.32498109340667725, 0.34681543707847595, 0.36864978075027466, 0.39048412442207336, 0.41231846809387207, 0.4341527819633484, 0.4559871256351471, 0.4778214693069458, 0.4996557831764221, 0.5214900970458984, 0.5433244705200195, 0.5651588439941406, 0.5869931578636169, 0.6088274717330933, 0.6306618452072144, 0.6524961590766907, 0.674330472946167, 0.6961648464202881, 0.7179991602897644]}, "_timestamp": 1715856989.6687787, "gradients/graph_38linear.5.weight": {"_type": "histogram", "values": [1.0, 3.0, 8.0, 13.0, 14.0, 26.0, 13.0, 30.0, 26.0, 21.0, 27.0, 23.0, 31.0, 56.0, 75.0, 99.0, 111.0, 91.0, 71.0, 89.0, 137.0, 142.0, 139.0, 105.0, 119.0, 77.0, 99.0, 59.0, 65.0, 98.0, 36.0, 384.0, 38.0, 26.0, 22.0, 22.0, 28.0, 22.0, 42.0, 33.0, 46.0, 54.0, 50.0, 26.0, 30.0, 39.0, 51.0, 48.0, 31.0, 24.0, 21.0, 12.0, 12.0, 18.0, 16.0, 12.0, 17.0, 14.0, 11.0, 5.0, 8.0, 2.0, 3.0, 1.0], "bins": [-6.100877285003662, -5.90480899810791, -5.708740234375, -5.512671947479248, -5.316603183746338, -5.120534896850586, -4.924466133117676, -4.728397846221924, -4.532329559326172, -4.336260795593262, -4.140192031860352, -3.9441237449645996, -3.7480554580688477, -3.5519869327545166, -3.3559184074401855, -3.1598498821258545, -2.9637813568115234, -2.7677128314971924, -2.5716443061828613, -2.3755757808685303, -2.179507255554199, -1.9834389686584473, -1.787370204925537, -1.5913019180297852, -1.3952336311340332, -1.199164867401123, -1.003096580505371, -0.8070278167724609, -0.610959529876709, -0.41489076614379883, -0.21882247924804688, -0.02275371551513672, 0.17331409454345703, 0.369382381439209, 0.5654511451721191, 0.7615194320678711, 0.9575881958007812, 1.1536564826965332, 1.3497252464294434, 1.5457935333251953, 1.7418622970581055, 1.9379305839538574, 2.1339988708496094, 2.3300676345825195, 2.5261359214782715, 2.7222044467926025, 2.9182729721069336, 3.1143414974212646, 3.3104100227355957, 3.5064785480499268, 3.702547073364258, 3.898615598678589, 4.09468412399292, 4.290752410888672, 4.486821174621582, 4.682889461517334, 4.878957748413086, 5.075026512145996, 5.271095275878906, 5.467163562774658, 5.66323184967041, 5.85930061340332, 6.055368900299072, 6.251437664031982, 6.447505950927734]}, "gradients/graph_38linear.3.bias": {"_type": "histogram", "values": [1.0, 1.0, 0.0, 2.0, 1.0, 1.0, 0.0, 0.0, 1.0, 1.0, 3.0, 2.0, 0.0, 2.0, 0.0, 3.0, 0.0, 0.0, 1.0, 2.0, 0.0, 0.0, 2.0, 1.0, 0.0, 0.0, 0.0, 1.0, 1.0, 0.0, 0.0, 0.0, 0.0, 0.0, 0.0, 0.0, 1.0, 0.0, 0.0, 0.0, 0.0, 0.0, 0.0, 1.0, 0.0, 0.0, 0.0, 0.0, 0.0, 0.0, 0.0, 0.0, 0.0, 0.0, 0.0, 0.0, 0.0, 0.0, 0.0, 0.0, 0.0, 0.0, 0.0, 4.0], "bins": [-7.599572658538818, -7.480829238891602, -7.362085819244385, -7.243342876434326, -7.124599456787109, -7.005856037139893, -6.887112617492676, -6.768369197845459, -6.6496262550354, -6.530882835388184, -6.412139415740967, -6.29339599609375, -6.174653053283691, -6.055909633636475, -5.937166213989258, -5.818422794342041, -5.699679374694824, -5.580936431884766, -5.462192535400391, -5.343449592590332, -5.224706172943115, -5.105962753295898, -4.98721981048584, -4.868475914001465, -4.749732971191406, -4.6309895515441895, -4.512246131896973, -4.393503189086914, -4.274759292602539, -4.1560163497924805, -4.037272930145264, -3.918529748916626, -3.799786329269409, -3.6810429096221924, -3.5622997283935547, -3.443556308746338, -3.3248131275177, -3.2060697078704834, -3.0873262882232666, -2.968583106994629, -2.849839687347412, -2.7310965061187744, -2.6123530864715576, -2.493609666824341, -2.374866485595703, -2.2561230659484863, -2.1373798847198486, -2.018636465072632, -1.8998931646347046, -1.7811498641967773, -1.66240656375885, -1.5436631441116333, -1.424919843673706, -1.3061765432357788, -1.1874332427978516, -1.0686899423599243, -0.9499465823173523, -0.831203281879425, -0.712459921836853, -0.5937166213989258, -0.47497329115867615, -0.3562299609184265, -0.23748664557933807, -0.11874332278966904, 0.0]}, "gradients/graph_38linear.3.weight": {"_type": "histogram", "values": [1.0, 1.0, 0.0, 2.0, 1.0, 1.0, 0.0, 0.0, 2.0, 2.0, 3.0, 2.0, 3.0, 2.0, 1.0, 3.0, 1.0, 4.0, 3.0, 3.0, 3.0, 0.0, 8.0, 1.0, 1.0, 3.0, 6.0, 4.0, 5.0, 4.0, 4.0, 1.0, 7.0, 4.0, 2.0, 5.0, 2.0, 2.0, 2.0, 2.0, 3.0, 0.0, 1.0, 2.0, 0.0, 1.0, 1.0, 0.0, 1.0, 1.0, 0.0, 0.0, 1.0, 0.0, 0.0, 0.0, 0.0, 0.0, 0.0, 0.0, 0.0, 0.0, 0.0, 912.0], "bins": [-136.49777221679688, -134.364990234375, -132.2322235107422, -130.0994415283203, -127.96665954589844, -125.8338851928711, -123.70110321044922, -121.56832885742188, -119.435546875, -117.30277252197266, -115.16999816894531, -113.03721618652344, -110.9044418334961, -108.77165985107422, -106.63888549804688, -104.506103515625, -102.37332916259766, -100.24055480957031, -98.10777282714844, -95.97499084472656, -93.84221649169922, -91.70944213867188, -89.57666015625, -87.44388580322266, -85.31111145019531, -83.17832946777344, -81.04554748535156, -78.91277313232422, -76.77999877929688, -74.647216796875, -72.51444244384766, -70.38166046142578, -68.24888610839844, -66.1161117553711, -63.98332977294922, -61.85055160522461, -59.7177734375, -57.584999084472656, -55.45222091674805, -53.31944274902344, -51.18666458129883, -49.05388641357422, -46.92110824584961, -44.788330078125, -42.655555725097656, -40.52277755737305, -38.38999938964844, -36.25722122192383, -34.12444305419922, -31.99166488647461, -29.85888671875, -27.726110458374023, -25.593332290649414, -23.460554122924805, -21.327777862548828, -19.19499969482422, -17.06222152709961, -14.929443359375, -12.796666145324707, -10.663888931274414, -8.531110763549805, -6.3983330726623535, -4.265555381774902, -2.132777690887451, -0.0]}, "gradients/graph_38linear.0.bias": {"_type": "histogram", "values": [1.0, 0.0, 0.0, 0.0, 0.0, 0.0, 0.0, 0.0, 0.0, 0.0, 0.0, 0.0, 1.0, 0.0, 0.0, 0.0, 0.0, 0.0, 0.0, 0.0, 0.0, 0.0, 0.0, 0.0, 0.0, 0.0, 0.0, 0.0, 0.0, 2.0, 0.0, 0.0, 0.0, 0.0, 0.0, 0.0, 0.0, 0.0, 0.0, 0.0, 0.0, 0.0, 0.0, 0.0, 0.0, 0.0, 0.0, 0.0, 0.0, 0.0, 0.0, 0.0, 0.0, 0.0, 0.0, 0.0, 0.0, 0.0, 0.0, 0.0, 0.0, 0.0, 0.0, 28.0],