{"gradients/graph_14linear.5.bias": {"_type": "histogram", "values": [1.0, 0.0, 0.0, 1.0, 0.0, 3.0, 11.0, 9.0, 4.0, 5.0, 7.0, 0.0, 2.0, 0.0, 1.0, 4.0, 0.0, 3.0, 2.0, 0.0, 2.0, 0.0, 1.0, 2.0, 2.0, 1.0, 1.0, 0.0, 1.0, 0.0, 1.0, 1.0, 0.0, 1.0, 1.0, 1.0, 1.0, 1.0, 0.0, 0.0, 1.0, 1.0, 1.0, 0.0, 2.0, 0.0, 1.0, 1.0, 3.0, 4.0, 2.0, 1.0, 1.0, 2.0, 1.0, 1.0, 1.0, 0.0, 1.0, 0.0, 1.0, 0.0, 0.0, 1.0], "bins": [-0.6914834380149841, -0.6682943105697632, -0.6451051235198975, -0.6219159960746765, -0.5987268090248108, -0.5755376815795898, -0.5523484945297241, -0.5291593670845032, -0.5059702396392822, -0.4827810525894165, -0.45959189534187317, -0.43640273809432983, -0.4132136106491089, -0.39002445340156555, -0.3668352961540222, -0.3436461389064789, -0.32045698165893555, -0.2972678244113922, -0.2740786671638489, -0.25088950991630554, -0.2277003526687622, -0.20451122522354126, -0.18132203817367554, -0.1581329107284546, -0.13494378328323364, -0.11175459623336792, -0.08856546878814697, -0.06537628173828125, -0.0421871542930603, -0.01899796724319458, 0.004191160202026367, 0.02738034725189209, 0.05056953430175781, 0.07375866174697876, 0.09694784879684448, 0.12013697624206543, 0.14332616329193115, 0.1665152907371521, 0.18970447778701782, 0.21289360523223877, 0.2360827922821045, 0.25927191972732544, 0.2824610471725464, 0.3056502342224121, 0.32883936166763306, 0.3520285189151764, 0.3752176761627197, 0.39840683341026306, 0.4215959906578064, 0.44478514790534973, 0.46797430515289307, 0.4911634624004364, 0.5143526196479797, 0.5375417470932007, 0.5607309341430664, 0.5839200615882874, 0.6071091890335083, 0.630298376083374, 0.6534875631332397, 0.6766766905784607, 0.6998658180236816, 0.7230550050735474, 0.7462441325187683, 0.769433319568634, 0.792622447013855]}, "_timestamp": 1715779939.3697655, "gradients/graph_14linear.5.weight": {"_type": "histogram", "values": [2.0, 0.0, 0.0, 2.0, 0.0, 3.0, 16.0, 18.0, 14.0, 10.0, 13.0, 6.0, 2.0, 9.0, 15.0, 17.0, 13.0, 29.0, 17.0, 16.0, 72.0, 93.0, 93.0, 106.0, 132.0, 95.0, 94.0, 170.0, 195.0, 10366.0, 81.0, 91.0, 75.0, 53.0, 56.0, 58.0, 41.0, 58.0, 25.0, 19.0, 23.0, 8.0, 12.0, 11.0, 5.0, 4.0, 6.0, 2.0, 8.0, 10.0, 4.0, 2.0, 3.0, 3.0, 3.0, 1.0, 2.0, 1.0, 1.0, 1.0, 1.0, 0.0, 1.0, 1.0], "bins": [-73.47610473632812, -71.01205444335938, -68.54800415039062, -66.0839614868164, -63.619911193847656, -61.155860900878906, -58.69181442260742, -56.22776794433594, -53.76371765136719, -51.29966735839844, -48.83562088012695, -46.37157440185547, -43.90752410888672, -41.44347381591797, -38.979427337646484, -36.515380859375, -34.05133056640625, -31.5872802734375, -29.123233795166016, -26.65918731689453, -24.19513702392578, -21.73108673095703, -19.267040252685547, -16.802993774414062, -14.338943481445312, -11.874893188476562, -9.410842895507812, -6.946800231933594, -4.482749938964844, -2.0186996459960938, 0.445343017578125, 2.909393310546875, 5.373451232910156, 7.837501525878906, 10.301551818847656, 12.765594482421875, 15.229644775390625, 17.693695068359375, 20.157737731933594, 22.621788024902344, 25.085838317871094, 27.549888610839844, 30.013935089111328, 32.47798156738281, 34.94203186035156, 37.40608215332031, 39.8701286315918, 42.33417510986328, 44.79822540283203, 47.26227569580078, 49.726322174072266, 52.19036865234375, 54.6544189453125, 57.11846923828125, 59.582515716552734, 62.04656219482422, 64.51061248779297, 66.97466278076172, 69.43870544433594, 71.90275573730469, 74.36680603027344, 76.83085632324219, 79.29490661621094, 81.75894927978516, 84.2229995727539]}, "gradients/graph_14linear.3.bias": {"_type": "histogram", "values": [4.0, 0.0, 0.0, 0.0, 2.0, 1.0, 1.0, 1.0, 2.0, 0.0, 1.0, 4.0, 106.0, 0.0, 1.0, 1.0, 0.0, 0.0, 1.0, 1.0, 0.0, 0.0, 0.0, 1.0, 0.0, 0.0, 0.0, 0.0, 0.0, 0.0, 0.0, 0.0, 0.0, 0.0, 0.0, 0.0, 0.0, 0.0, 0.0, 0.0, 0.0, 0.0, 0.0, 0.0, 0.0, 0.0, 0.0, 0.0, 0.0, 0.0, 0.0, 0.0, 0.0, 0.0, 0.0, 0.0, 0.0, 0.0, 0.0, 0.0, 0.0, 0.0, 0.0, 1.0], "bins": [-0.7505732178688049, -0.6919752955436707, -0.6333773136138916, -0.5747793912887573, -0.5161814093589783, -0.457583487033844, -0.39898553490638733, -0.34038758277893066, -0.281789630651474, -0.22319167852401733, -0.16459375619888306, -0.105995774269104, -0.04739785194396973, 0.011200129985809326, 0.0697980523109436, 0.12839603424072266, 0.18699395656585693, 0.2455918788909912, 0.30418986082077026, 0.36278778314590454, 0.4213857054710388, 0.47998374700546265, 0.5385816693305969, 0.5971795916557312, 0.6557775139808655, 0.7143754363059998, 0.7729734778404236, 0.8315714001655579, 0.8901693224906921, 0.9487672448158264, 1.0073652267456055, 1.0659632682800293, 1.1245611906051636, 1.1831591129302979, 1.2417570352554321, 1.300355076789856, 1.3589529991149902, 1.4175509214401245, 1.4761488437652588, 1.5347468852996826, 1.593344807624817, 1.6519427299499512, 1.7105406522750854, 1.7691385746002197, 1.8277366161346436, 1.8863345384597778, 1.944932460784912, 2.003530502319336, 2.0621283054351807, 2.1207263469696045, 2.179324150085449, 2.237922191619873, 2.296520233154297, 2.3551180362701416, 2.4137160778045654, 2.47231388092041, 2.530911922454834, 2.589509963989258, 2.6481077671051025, 2.7067058086395264, 2.76530385017395, 2.823901653289795, 2.8824996948242188, 2.9410974979400635, 2.9996955394744873]}, "gradients/graph_14linear.3.weight": {"_type": "histogram", "values": [4.0, 0.0, 3.0, 1.0, 10.0, 1.0, 8.0, 10.0, 9.0, 14.0, 14.0, 19.0, 16249.0, 7.0, 7.0, 6.0, 3.0, 4.0, 3.0, 3.0, 0.0, 1.0, 0.0, 1.0, 0.0, 0.0, 0.0, 1.0, 0.0, 0.0, 0.0, 0.0, 0.0, 0.0, 0.0, 1.0, 0.0, 1.0, 0.0, 0.0, 0.0, 0.0, 0.0, 0.0, 0.0, 0.0, 2.0, 0.0, 0.0, 0.0, 0.0, 0.0, 0.0, 0.0, 1.0, 0.0, 0.0, 0.0, 0.0, 0.0, 0.0, 0.0, 0.0, 1.0], "bins": [-69.8122329711914, -64.36192321777344, -58.91162109375, -53.4613151550293, -48.011009216308594, -42.56070327758789, -37.11039733886719, -31.660091400146484, -26.20978546142578, -20.759479522705078, -15.309173583984375, -9.858867645263672, -4.408561706542969, 1.0417404174804688, 6.4920501708984375, 11.942359924316406, 17.392662048339844, 22.84296417236328, 28.29327392578125, 33.74358367919922, 39.193885803222656, 44.644187927246094, 50.09449768066406, 55.54480743408203, 60.99510955810547, 66.4454116821289, 71.89571380615234, 77.34603118896484, 82.79633331298828, 88.24663543701172, 93.69695281982422, 99.14725494384766, 104.59756469726562, 110.04786682128906, 115.4981689453125, 120.948486328125, 126.39878845214844, 131.84909057617188, 137.29940795898438, 142.7497100830078, 148.20001220703125, 153.6503143310547, 159.10061645507812, 164.55093383789062, 170.00123596191406, 175.4515380859375, 180.90185546875, 186.35215759277344, 191.80245971679688, 197.2527618408203, 202.70306396484375, 208.15338134765625, 213.6036834716797, 219.05398559570312, 224.50430297851562, 229.95460510253906, 235.4049072265625, 240.85520935058594, 246.30551147460938, 251.75582885742188, 257.20611572265625, 262.65643310546875, 268.10675048828125, 273.5570373535156, 279.0073547363281]}, "gradients/graph_14linear.0.bias": {"_type": "histogram", "values": [1.0, 0.0, 0.0, 0.0, 0.0, 1.0, 0.0, 0.0, 0.0, 0.0, 0.0, 1.0, 0.0, 0.0, 0.0, 0.0, 0.0, 0.0, 0.0, 0.0, 121.0, 0.0, 0.0, 1.0, 0.0, 0.0, 0.0, 0.0, 0.0, 0.0, 0.0, 0.0, 0.0, 0.0, 0.0, 0.0, 0.0, 1.0, 0.0, 0.0, 0.0, 0.0, 1.0, 0.0, 0.0, 0.0, 0.0, 0.0, 0.0, 0.0, 0.0, 0.0, 0.0, 0.0, 0.0, 0.0, 0.0, 0.0, 0.0, 0.0, 0.0, 0.0, 0.0, 1.0],