{"Linear loss": 15723.349609375, "_timestamp": 1715766495.669368, "_runtime": 67.55446290969849, "_step": 1809, "gradients/graph_1linear.5.bias": {"_type": "histogram", "values": [7.0, 0.0, 0.0, 3.0, 0.0, 0.0, 0.0, 0.0, 0.0, 0.0, 0.0, 0.0, 0.0, 0.0, 0.0, 0.0, 0.0, 0.0, 0.0, 0.0, 0.0, 0.0, 0.0, 0.0, 0.0, 0.0, 0.0, 0.0, 12.0, 0.0, 0.0, 2.0, 41.0, 0.0, 0.0, 15.0, 0.0, 0.0, 0.0, 0.0, 0.0, 0.0, 0.0, 0.0, 0.0, 0.0, 0.0, 0.0, 0.0, 0.0, 0.0, 0.0, 0.0, 0.0, 0.0, 0.0, 0.0, 0.0, 0.0, 0.0, 6.0, 0.0, 0.0, 10.0], "bins": [-200.0, -193.75, -187.5, -181.25, -175.0, -168.75, -162.5, -156.25, -150.0, -143.75, -137.5, -131.25, -125.0, -118.75, -112.5, -106.25, -100.0, -93.75, -87.5, -81.25, -75.0, -68.75, -62.5, -56.25, -50.0, -43.75, -37.5, -31.25, -25.0, -18.75, -12.5, -6.25, 0.0, 6.25, 12.5, 18.75, 25.0, 31.25, 37.5, 43.75, 50.0, 56.25, 62.5, 68.75, 75.0, 81.25, 87.5, 93.75, 100.0, 106.25, 112.5, 118.75, 125.0, 131.25, 137.5, 143.75, 150.0, 156.25, 162.5, 168.75, 175.0, 181.25, 187.5, 193.75, 200.0]}, "gradients/graph_1linear.5.weight": {"_type": "histogram", "values": [7.0, 0.0, 0.0, 10.0, 0.0, 0.0, 3.0, 7.0, 0.0, 3.0, 0.0, 0.0, 0.0, 0.0, 0.0, 0.0, 0.0, 14.0, 13.0, 3.0, 0.0, 7.0, 10.0, 17.0, 6.0, 14.0, 20.0, 6.0, 36.0, 40.0, 65.0, 199.0, 2173.0, 86.0, 58.0, 51.0, 12.0, 32.0, 20.0, 12.0, 26.0, 16.0, 10.0, 0.0, 6.0, 22.0, 20.0, 0.0, 0.0, 0.0, 0.0, 0.0, 0.0, 0.0, 6.0, 0.0, 10.0, 6.0, 0.0, 0.0, 16.0, 0.0, 0.0, 10.0], "bins": [-864.8242797851562, -837.7985229492188, -810.7727661132812, -783.7470092773438, -756.7212524414062, -729.6954956054688, -702.6697387695312, -675.6439819335938, -648.6182250976562, -621.5924682617188, -594.566650390625, -567.5408935546875, -540.51513671875, -513.4893798828125, -486.4636535644531, -459.4378967285156, -432.4121398925781, -405.3863830566406, -378.3606262207031, -351.3348388671875, -324.30908203125, -297.2833251953125, -270.257568359375, -243.2318115234375, -216.2060546875, -189.1802978515625, -162.154541015625, -135.1287841796875, -108.10302734375, -81.0772705078125, -54.051513671875, -27.0257568359375, 0.0, 27.0257568359375, 54.051513671875, 81.0772705078125, 108.10302734375, 135.1287841796875, 162.154541015625, 189.1802978515625, 216.2060546875, 243.2318115234375, 270.257568359375, 297.2833251953125, 324.30908203125, 351.3348388671875, 378.3606262207031, 405.3863830566406, 432.4121398925781, 459.4378967285156, 486.4636535644531, 513.4893798828125, 540.51513671875, 567.5408935546875, 594.566650390625, 621.5924682617188, 648.6182250976562, 675.6439819335938, 702.6697387695312, 729.6954956054688, 756.7212524414062, 783.7470092773438, 810.7727661132812, 837.7985229492188, 864.8242797851562]}, "gradients/graph_1linear.3.bias": {"_type": "histogram", "values": [1.0, 0.0, 1.0, 0.0, 0.0, 0.0, 0.0, 1.0, 0.0, 0.0, 0.0, 0.0, 0.0, 0.0, 0.0, 1.0, 1.0, 1.0, 0.0, 1.0, 0.0, 1.0, 0.0, 0.0, 1.0, 0.0, 0.0, 0.0, 0.0, 0.0, 0.0, 0.0, 0.0, 1.0, 2.0, 1.0, 1.0, 0.0, 0.0, 1.0, 0.0, 0.0, 0.0, 0.0, 0.0, 0.0, 0.0, 0.0, 0.0, 0.0, 12.0, 0.0, 0.0, 1.0, 0.0, 1.0, 0.0, 0.0, 1.0, 1.0, 0.0, 0.0, 0.0, 1.0], "bins": [-211.51043701171875, -207.29237365722656, -203.07431030273438, -198.8562469482422, -194.63818359375, -190.4201202392578, -186.20205688476562, -181.98399353027344, -177.76593017578125, -173.54786682128906, -169.32980346679688, -165.1117401123047, -160.8936767578125, -156.67559814453125, -152.45755004882812, -148.23947143554688, -144.02142333984375, -139.8033447265625, -135.58529663085938, -131.36721801757812, -127.14916229248047, -122.93109893798828, -118.7130355834961, -114.4949722290039, -110.27690124511719, -106.058837890625, -101.84077453613281, -97.62271118164062, -93.40464782714844, -89.18658447265625, -84.96852111816406, -80.75045776367188, -76.53238677978516, -72.31432342529297, -68.09626007080078, -63.878196716308594, -59.660133361816406, -55.44207000732422, -51.22400665283203, -47.005943298339844, -42.787879943847656, -38.56980895996094, -34.35174560546875, -30.133682250976562, -25.915618896484375, -21.697555541992188, -17.4794921875, -13.261428833007812, -9.043365478515625, -4.8253021240234375, -0.60723876953125, 3.6108245849609375, 7.828887939453125, 12.046955108642578, 16.265018463134766, 20.483081817626953, 24.70114517211914, 28.919208526611328, 33.137271881103516, 37.35533905029297, 41.573402404785156, 45.791465759277344, 50.00952911376953, 54.22759246826172, 58.445655822753906]}, "gradients/graph_1linear.3.weight": {"_type": "histogram", "values": [1.0, 1.0, 1.0, 1.0, 0.0, 0.0, 0.0, 1.0, 1.0, 0.0, 0.0, 0.0, 0.0, 0.0, 0.0, 1.0, 3.0, 1.0, 1.0, 1.0, 1.0, 1.0, 1.0, 0.0, 1.0, 1.0, 0.0, 0.0, 0.0, 0.0, 0.0, 0.0, 0.0, 1.0, 5.0, 1.0, 3.0, 0.0, 0.0, 2.0, 0.0, 0.0, 0.0, 0.0, 0.0, 0.0, 0.0, 0.0, 0.0, 0.0, 984.0, 0.0, 0.0, 2.0, 1.0, 1.0, 0.0, 0.0, 2.0, 2.0, 0.0, 0.0, 0.0, 2.0], "bins": [-2768.42626953125, -2713.216796875, -2658.007080078125, -2602.797607421875, -2547.587890625, -2492.37841796875, -2437.1689453125, -2381.959228515625, -2326.749755859375, -2271.540283203125, -2216.33056640625, -2161.12109375, -2105.91162109375, -2050.701904296875, -1995.492431640625, -1940.2828369140625, -1885.0732421875, -1829.8636474609375, -1774.654052734375, -1719.444580078125, -1664.2349853515625, -1609.025390625, -1553.81591796875, -1498.6063232421875, -1443.396728515625, -1388.1871337890625, -1332.9775390625, -1277.76806640625, -1222.5584716796875, -1167.348876953125, -1112.139404296875, -1056.9298095703125, -1001.72021484375, -946.5106201171875, -891.301025390625, -836.091552734375, -780.8819580078125, -725.67236328125, -670.462890625, -615.2532958984375, -560.043701171875, -504.8341064453125, -449.62451171875, -394.4150390625, -339.2054443359375, -283.995849609375, -228.78631591796875, -173.5767822265625, -118.3671875, -63.1575927734375, -7.94805908203125, 47.261474609375, 102.4710693359375, 157.6806640625, 212.89019775390625, 268.0997619628906, 323.309326171875, 378.5188903808594, 433.72845458984375, 488.9380187988281, 544.1475830078125, 599.357177734375, 654.5667114257812, 709.7762451171875, 764.98583984375]}, "gradients/graph_1linear.0.bias": {"_type": "histogram", "values": [1.0, 0.0, 0.0, 0.0, 0.0, 0.0, 0.0, 0.0, 0.0, 0.0, 0.0, 0.0, 0.0, 0.0, 0.0, 0.0, 0.0, 0.0, 0.0, 0.0, 0.0, 0.0, 0.0, 0.0, 1.0, 0.0, 0.0, 0.0, 0.0, 0.0, 0.0, 0.0, 0.0, 0.0, 0.0, 0.0, 0.0, 0.0, 0.0, 0.0, 0.0, 0.0, 0.0, 0.0, 0.0, 0.0, 0.0, 0.0, 0.0, 0.0, 0.0, 0.0, 0.0, 0.0, 0.0, 0.0, 0.0, 0.0, 0.0, 0.0, 0.0, 0.0, 0.0, 30.0], "bins": [-1092.970703125, -1075.89306640625, -1058.8154296875, -1041.7376708984375, -1024.6600341796875, -1007.5823974609375, -990.5046997070312, -973.427001953125, -956.349365234375, -939.271728515625, -922.1940307617188, -905.1163330078125, -888.0386962890625, -870.9610595703125, -853.8833618164062, -836.8056640625, -819.72802734375, -802.650390625, -785.5726928710938, -768.4949951171875, -751.4173583984375, -734.3397216796875, -717.2620239257812, -700.184326171875, -683.106689453125, -666.029052734375, -648.9513549804688, -631.8736572265625, -614.7960205078125, -597.7183837890625, -580.6406860351562, -563.56298828125, -546.4853515625, -529.40771484375, -512.3300170898438, -495.2523498535156, -478.1746826171875, -461.0970153808594, -444.01934814453125, -426.9416809082031, -409.864013671875, -392.7863464355469, -375.70867919921875, -358.6310119628906, -341.5533447265625, -324.4756774902344, -307.39801025390625, -290.3203430175781, -273.24267578125, -256.1650085449219, -239.08734130859375, -222.00967407226562, -204.9320068359375, -187.85433959960938, -170.77667236328125, -153.69900512695312, -136.621337890625, -119.54367065429688, -102.46600341796875, -85.38833618164062, -68.3106689453125, -51.233001708984375, -34.15533447265625, -17.077667236328125, 0.0]}, "gradients/graph_1linear.0.weight": {"_type": "histogram",