{"Linear loss": 12392.0908203125, "_timestamp": 1715769424.652396, "_runtime": 118.01018500328064, "_step": 3619, "gradients/graph_18linear.5.bias": {"_type": "histogram", "values": [7.0, 0.0, 0.0, 3.0, 0.0, 0.0, 0.0, 0.0, 0.0, 0.0, 0.0, 0.0, 0.0, 0.0, 0.0, 0.0, 0.0, 0.0, 0.0, 0.0, 0.0, 0.0, 0.0, 0.0, 0.0, 0.0, 0.0, 0.0, 12.0, 0.0, 0.0, 2.0, 40.0, 0.0, 0.0, 16.0, 0.0, 0.0, 0.0, 0.0, 0.0, 0.0, 0.0, 0.0, 0.0, 0.0, 0.0, 0.0, 0.0, 0.0, 0.0, 0.0, 0.0, 0.0, 0.0, 0.0, 0.0, 2.0, 0.0, 0.0, 3.0, 0.0, 0.0, 11.0], "bins": [-200.0, -193.75, -187.5, -181.25, -175.0, -168.75, -162.5, -156.25, -150.0, -143.75, -137.5, -131.25, -125.0, -118.75, -112.5, -106.25, -100.0, -93.75, -87.5, -81.25, -75.0, -68.75, -62.5, -56.25, -50.0, -43.75, -37.5, -31.25, -25.0, -18.75, -12.5, -6.25, 0.0, 6.25, 12.5, 18.75, 25.0, 31.25, 37.5, 43.75, 50.0, 56.25, 62.5, 68.75, 75.0, 81.25, 87.5, 93.75, 100.0, 106.25, 112.5, 118.75, 125.0, 131.25, 137.5, 143.75, 150.0, 156.25, 162.5, 168.75, 175.0, 181.25, 187.5, 193.75, 200.0]}, "gradients/graph_18linear.5.weight": {"_type": "histogram", "values": [14.0, 7.0, 14.0, 13.0, 10.0, 13.0, 3.0, 3.0, 10.0, 35.0, 24.0, 23.0, 36.0, 13.0, 19.0, 0.0, 17.0, 3.0, 3.0, 21.0, 3.0, 6.0, 0.0, 0.0, 0.0, 0.0, 0.0, 0.0, 36.0, 192.0, 120.0, 58.0, 1448.0, 160.0, 256.0, 48.0, 0.0, 0.0, 0.0, 0.0, 0.0, 6.0, 6.0, 3.0, 37.0, 5.0, 3.0, 33.0, 6.0, 35.0, 19.0, 50.0, 31.0, 38.0, 59.0, 18.0, 5.0, 7.0, 17.0, 14.0, 17.0, 22.0, 11.0, 22.0], "bins": [-219.80784606933594, -212.93885803222656, -206.06985473632812, -199.20086669921875, -192.3318634033203, -185.46287536621094, -178.5938720703125, -171.72488403320312, -164.8558807373047, -157.9868927001953, -151.11788940429688, -144.2489013671875, -137.37991333007812, -130.5109100341797, -123.64191436767578, -116.77291870117188, -109.90392303466797, -103.03492736816406, -96.16593170166016, -89.29693603515625, -82.42794799804688, -75.55894470214844, -68.68995666503906, -61.820953369140625, -54.95196533203125, -48.08296203613281, -41.21397399902344, -34.344970703125, -27.475982666015625, -20.606979370117188, -13.737991333007812, -6.868988037109375, 0.0, 6.868988037109375, 13.737991333007812, 20.606979370117188, 27.475982666015625, 34.344970703125, 41.21397399902344, 48.08296203613281, 54.95196533203125, 61.820953369140625, 68.68995666503906, 75.55894470214844, 82.42794799804688, 89.29693603515625, 96.16593170166016, 103.03492736816406, 109.90392303466797, 116.77291870117188, 123.64191436767578, 130.5109100341797, 137.37991333007812, 144.2489013671875, 151.11788940429688, 157.9868927001953, 164.8558807373047, 171.72488403320312, 178.5938720703125, 185.46287536621094, 192.3318634033203, 199.20086669921875, 206.06985473632812, 212.93885803222656, 219.80784606933594]}, "gradients/graph_18linear.3.bias": {"_type": "histogram", "values": [1.0, 0.0, 1.0, 2.0, 1.0, 0.0, 2.0, 1.0, 0.0, 0.0, 1.0, 0.0, 1.0, 1.0, 1.0, 1.0, 1.0, 0.0, 2.0, 0.0, 1.0, 1.0, 1.0, 2.0, 0.0, 1.0, 0.0, 2.0, 0.0, 0.0, 0.0, 0.0, 2.0, 0.0, 0.0, 1.0, 0.0, 0.0, 0.0, 0.0, 0.0, 0.0, 0.0, 1.0, 0.0, 0.0, 0.0, 0.0, 3.0, 0.0, 0.0, 0.0, 0.0, 0.0, 0.0, 0.0, 0.0, 0.0, 0.0, 0.0, 0.0, 0.0, 0.0, 1.0], "bins": [-387.5471496582031, -379.52142333984375, -371.4956970214844, -363.4700012207031, -355.44427490234375, -347.4185485839844, -339.392822265625, -331.36712646484375, -323.3414001464844, -315.315673828125, -307.2899475097656, -299.26422119140625, -291.238525390625, -283.2127990722656, -275.18707275390625, -267.1613464355469, -259.1356201171875, -251.1099090576172, -243.08419799804688, -235.0584716796875, -227.0327606201172, -219.0070343017578, -210.9813232421875, -202.95559692382812, -194.92987060546875, -186.90415954589844, -178.87843322753906, -170.85272216796875, -162.82699584960938, -154.80128479003906, -146.7755584716797, -138.74984741210938, -130.72415161132812, -122.69841766357422, -114.6727066040039, -106.64698028564453, -98.62126922607422, -90.59554290771484, -82.56983184814453, -74.54410552978516, -66.51839447021484, -58.49266815185547, -50.466941833496094, -42.44123077392578, -34.415504455566406, -26.389793395996094, -18.36406707763672, -10.338356018066406, -2.3126296997070312, 5.7130889892578125, 13.738807678222656, 21.7645263671875, 29.790245056152344, 37.81597137451172, 45.84169006347656, 53.867408752441406, 61.89312744140625, 69.9188461303711, 77.94456481933594, 85.97029113769531, 93.99600219726562, 102.021728515625, 110.04744720458984, 118.07316589355469, 126.09888458251953]}, "gradients/graph_18linear.3.weight": {"_type": "histogram", "values": [1024.0], "bins": [-0.0, -0.0]}, "gradients/graph_18linear.0.bias": {"_type": "histogram", "values": [32.0], "bins": [0.0, 0.0]}, "gradients/graph_18linear.0.weight": {"_type": "histogram", "values": [4608.0], "bins": [0.0, 0.0]}, "Regret": 0.07543135550473236, "_wandb": {"runtime": 117}}