{"Linear loss": 14289.7392578125, "_timestamp": 1715765516.3998923, "_runtime": 11.068502426147461, "_step": 180, "gradients/linear.5.bias": {"_type": "histogram", "values": [7.0, 0.0, 1.0, 1.0, 1.0, 0.0, 0.0, 0.0, 0.0, 0.0, 0.0, 0.0, 0.0, 0.0, 0.0, 0.0, 0.0, 0.0, 0.0, 0.0, 0.0, 0.0, 0.0, 0.0, 0.0, 0.0, 0.0, 0.0, 18.0, 3.0, 3.0, 5.0, 31.0, 1.0, 3.0, 4.0, 0.0, 0.0, 0.0, 0.0, 0.0, 0.0, 0.0, 0.0, 0.0, 0.0, 0.0, 0.0, 0.0, 0.0, 0.0, 0.0, 0.0, 0.0, 0.0, 0.0, 0.0, 0.0, 0.0, 0.0, 3.0, 3.0, 0.0, 12.0], "bins": [-200.0, -193.75, -187.5, -181.25, -175.0, -168.75, -162.5, -156.25, -150.0, -143.75, -137.5, -131.25, -125.0, -118.75, -112.5, -106.25, -100.0, -93.75, -87.5, -81.25, -75.0, -68.75, -62.5, -56.25, -50.0, -43.75, -37.5, -31.25, -25.0, -18.75, -12.5, -6.25, 0.0, 6.25, 12.5, 18.75, 25.0, 31.25, 37.5, 43.75, 50.0, 56.25, 62.5, 68.75, 75.0, 81.25, 87.5, 93.75, 100.0, 106.25, 112.5, 118.75, 125.0, 131.25, 137.5, 143.75, 150.0, 156.25, 162.5, 168.75, 175.0, 181.25, 187.5, 193.75, 200.0]}, "gradients/linear.5.weight": {"_type": "histogram", "values": [7.0, 6.0, 2.0, 1.0, 3.0, 1.0, 7.0, 13.0, 3.0, 11.0, 3.0, 2.0, 1.0, 7.0, 2.0, 8.0, 0.0, 10.0, 2.0, 7.0, 1.0, 3.0, 7.0, 19.0, 10.0, 4.0, 6.0, 4.0, 33.0, 82.0, 100.0, 298.0, 2067.0, 42.0, 22.0, 8.0, 6.0, 12.0, 6.0, 18.0, 36.0, 12.0, 4.0, 3.0, 11.0, 6.0, 15.0, 3.0, 12.0, 6.0, 12.0, 0.0, 5.0, 1.0, 23.0, 7.0, 24.0, 12.0, 0.0, 6.0, 3.0, 4.0, 11.0, 12.0], "bins": [-516.55029296875, -500.4080810546875, -484.2658996582031, -468.12371826171875, -451.98150634765625, -435.83929443359375, -419.6971130371094, -403.554931640625, -387.4127197265625, -371.2705078125, -355.1283264160156, -338.98614501953125, -322.84393310546875, -306.70172119140625, -290.5595397949219, -274.4173583984375, -258.275146484375, -242.1329345703125, -225.99075317382812, -209.84857177734375, -193.70635986328125, -177.56414794921875, -161.42196655273438, -145.27978515625, -129.1375732421875, -112.995361328125, -96.85317993164062, -80.71099853515625, -64.56878662109375, -48.42657470703125, -32.284393310546875, -16.1422119140625, 0.0, 16.1422119140625, 32.284393310546875, 48.42657470703125, 64.56878662109375, 80.71099853515625, 96.85317993164062, 112.995361328125, 129.1375732421875, 145.27978515625, 161.42196655273438, 177.56414794921875, 193.70635986328125, 209.84857177734375, 225.99075317382812, 242.1329345703125, 258.275146484375, 274.4173583984375, 290.5595397949219, 306.70172119140625, 322.84393310546875, 338.98614501953125, 355.1283264160156, 371.2705078125, 387.4127197265625, 403.554931640625, 419.6971130371094, 435.83929443359375, 451.98150634765625, 468.12371826171875, 484.2658996582031, 500.4080810546875, 516.55029296875]}, "gradients/linear.3.bias": {"_type": "histogram", "values": [1.0, 0.0, 0.0, 0.0, 0.0, 0.0, 0.0, 1.0, 0.0, 0.0, 1.0, 0.0, 0.0, 0.0, 0.0, 1.0, 0.0, 0.0, 1.0, 0.0, 1.0, 0.0, 1.0, 0.0, 0.0, 0.0, 1.0, 0.0, 1.0, 0.0, 0.0, 15.0, 1.0, 2.0, 1.0, 0.0, 1.0, 0.0, 0.0, 0.0, 0.0, 0.0, 0.0, 0.0, 0.0, 0.0, 0.0, 0.0, 0.0, 0.0, 0.0, 0.0, 0.0, 2.0, 0.0, 0.0, 0.0, 0.0, 0.0, 0.0, 0.0, 0.0, 0.0, 1.0], "bins": [-218.33489990234375, -211.354736328125, -204.37457275390625, -197.3944091796875, -190.41424560546875, -183.43408203125, -176.45391845703125, -169.4737548828125, -162.49359130859375, -155.513427734375, -148.53326416015625, -141.5531005859375, -134.5729217529297, -127.59275817871094, -120.61259460449219, -113.63243103027344, -106.65226745605469, -99.67210388183594, -92.69194030761719, -85.71177673339844, -78.73161315917969, -71.75144958496094, -64.77128601074219, -57.79112243652344, -50.810943603515625, -43.830780029296875, -36.850616455078125, -29.870452880859375, -22.890289306640625, -15.910125732421875, -8.929962158203125, -1.949798583984375, 5.030364990234375, 12.010528564453125, 18.990692138671875, 25.970855712890625, 32.951019287109375, 39.931182861328125, 46.911346435546875, 53.891510009765625, 60.871673583984375, 67.85185241699219, 74.83201599121094, 81.81217956542969, 88.79234313964844, 95.77250671386719, 102.75267028808594, 109.73283386230469, 116.71299743652344, 123.69316101074219, 130.67332458496094, 137.6534881591797, 144.63365173339844, 151.61383056640625, 158.593994140625, 165.57415771484375, 172.5543212890625, 179.53448486328125, 186.5146484375, 193.49481201171875, 200.4749755859375, 207.45513916015625, 214.435302734375, 221.41546630859375, 228.3956298828125]}, "gradients/linear.3.weight": {"_type": "histogram", "values": [2.0, 0.0, 0.0, 0.0, 0.0, 0.0, 0.0, 2.0, 1.0, 0.0, 2.0, 0.0, 1.0, 1.0, 2.0, 3.0, 2.0, 0.0, 4.0, 4.0, 5.0, 1.0, 6.0, 5.0, 4.0, 8.0, 6.0, 2.0, 15.0, 10.0, 17.0, 850.0, 21.0, 13.0, 8.0, 0.0, 4.0, 0.0, 0.0, 3.0, 0.0, 0.0, 4.0, 3.0, 2.0, 0.0, 2.0, 1.0, 1.0, 1.0, 0.0, 1.0, 1.0, 3.0, 1.0, 0.0, 0.0, 0.0, 0.0, 0.0, 0.0, 0.0, 0.0, 2.0], "bins": [-958.728271484375, -928.0777587890625, -897.4271850585938, -866.7766723632812, -836.1261596679688, -805.4755859375, -774.8250732421875, -744.174560546875, -713.5239868164062, -682.8734741210938, -652.222900390625, -621.5723876953125, -590.921875, -560.2713623046875, -529.6207885742188, -498.97027587890625, -468.3197326660156, -437.669189453125, -407.0186767578125, -376.36810302734375, -345.71759033203125, -315.06707763671875, -284.41650390625, -253.7659912109375, -223.115478515625, -192.46490478515625, -161.81439208984375, -131.16387939453125, -100.5133056640625, -69.86279296875, -39.2122802734375, -8.56170654296875, 22.08880615234375, 52.73931884765625, 83.389892578125, 114.0404052734375, 144.69091796875, 175.34149169921875, 205.99200439453125, 236.64251708984375, 267.2930908203125, 297.943603515625, 328.5941162109375, 359.24468994140625, 389.89520263671875, 420.54571533203125, 451.1962890625, 481.8468017578125, 512.497314453125, 543.1478881835938, 573.7984008789062, 604.448974609375, 635.0994873046875, 665.75, 696.4005126953125, 727.0510864257812, 757.7015991210938, 788.3521728515625, 819.002685546875, 849.6531982421875, 880.3037719726562, 910.9542846679688, 941.6047973632812, 972.25537109375, 1002.9058837890625]}, "gradients/linear.0.bias": {"_type": "histogram", "values": [1.0, 0.0, 1.0, 0.0, 0.0, 0.0, 0.0, 0.0, 0.0, 0.0, 0.0, 0.0, 2.0, 1.0, 0.0, 0.0, 0.0, 0.0, 0.0, 1.0, 0.0, 0.0, 0.0, 0.0, 0.0, 1.0, 0.0, 1.0, 0.0, 20.0, 1.0, 0.0, 0.0, 0.0, 0.0, 0.0, 0.0, 0.0, 1.0, 0.0, 0.0, 0.0, 0.0, 0.0, 0.0, 0.0, 0.0, 0.0, 0.0, 0.0, 0.0, 0.0, 0.0, 0.0, 0.0, 1.0, 0.0, 0.0, 0.0, 0.0, 0.0, 0.0, 0.0, 1.0], "bins": [-66.08770751953125, -63.86741256713867, -61.647117614746094, -59.426822662353516, -57.20652770996094, -54.98623275756836, -52.76593780517578, -50.5456428527832, -48.325347900390625, -46.10505294799805, -43.88475799560547, -41.66446304321289, -39.44416809082031, -37.223873138427734, -35.003578186035156, -32.78328323364258, -30.56298828125, -28.342693328857422, -26.122398376464844, -23.902103424072266, -21.681808471679688, -19.46151351928711, -17.24121856689453, -15.020923614501953, -12.800628662109375, -10.580333709716797, -8.360038757324219, -6.139743804931641, -3.9194488525390625, -1.69915771484375, 0.5211410522460938, 2.7414398193359375, 4.961723327636719, 7.182014465332031, 9.402313232421875, 11.622611999511719, 13.842903137207031, 16.06319808959961, 18.283493041992188, 20.503787994384766, 22.724082946777344, 24.944377899169922, 27.1646728515625, 29.384967803955078, 31.605262756347656, 33.825557708740234, 36.04585266113281, 38.26614761352539, 40.48644256591797, 42.70673751831055, 44.927032470703125, 47.1473274230957, 49.36762237548828, 51.58791732788086, 53.80821228027344, 56.028507232666016, 58.248802185058594, 60.46909713745117, 62.68939208984375, 64.90968322753906, 67.1299819946289, 69.35028076171875, 71.57057189941406, 73.79086303710938, 76.01116180419922]}, "gradients/linear.0.weight": {"_type": "histogram",