{"gradients/graph_6linear.5.bias": {"_type": "histogram", "values": [2.0, 0.0, 1.0, 2.0, 1.0, 2.0, 3.0, 2.0, 3.0, 9.0, 3.0, 2.0, 2.0, 0.0, 3.0, 1.0, 5.0, 14.0, 7.0, 2.0, 0.0, 1.0, 1.0, 3.0, 3.0, 3.0, 5.0, 1.0, 4.0, 2.0, 1.0, 2.0, 0.0, 1.0, 0.0, 0.0, 2.0, 1.0, 0.0, 0.0, 0.0, 0.0, 0.0, 0.0, 0.0, 0.0, 0.0, 0.0, 0.0, 0.0, 0.0, 0.0, 0.0, 0.0, 0.0, 1.0, 0.0, 0.0, 0.0, 0.0, 0.0, 0.0, 0.0, 1.0], "bins": [-0.35210180282592773, -0.33351603150367737, -0.314930260181427, -0.29634448885917664, -0.27775871753692627, -0.2591729760169983, -0.24058720469474792, -0.22200143337249756, -0.2034156620502472, -0.18482989072799683, -0.16624411940574646, -0.1476583629846573, -0.12907259166240692, -0.11048682034015656, -0.09190106391906738, -0.07331529259681702, -0.05472952127456665, -0.036143749952316284, -0.017557978630065918, 0.0010277926921844482, 0.019613564014434814, 0.03819930553436279, 0.05678507685661316, 0.07537084817886353, 0.09395661950111389, 0.11254239082336426, 0.13112816214561462, 0.149713933467865, 0.16829967498779297, 0.18688547611236572, 0.2054712176322937, 0.22405701875686646, 0.24264270067214966, 0.26122844219207764, 0.2798142433166504, 0.29839998483657837, 0.3169857859611511, 0.3355715274810791, 0.35415729880332947, 0.37274307012557983, 0.3913288414478302, 0.40991461277008057, 0.42850038409233093, 0.4470861554145813, 0.4656718969345093, 0.48425766825675964, 0.50284343957901, 0.521429181098938, 0.5400149822235107, 0.5586007833480835, 0.5771865248680115, 0.5957722663879395, 0.6143580675125122, 0.6329438090324402, 0.6515295505523682, 0.6701153516769409, 0.6887011528015137, 0.7072868943214417, 0.7258726358413696, 0.7444584369659424, 0.7630441784858704, 0.7816299796104431, 0.8002157211303711, 0.8188015222549438, 0.8373872637748718]}, "_timestamp": 1715845575.0621026, "gradients/graph_6linear.5.weight": {"_type": "histogram", "values": [2.0, 0.0, 6.0, 8.0, 11.0, 24.0, 36.0, 63.0, 93.0, 162.0, 233.0, 345.0, 471.0, 630.0, 665.0, 659.0, 690.0, 1336.0, 2548.0, 413.0, 571.0, 724.0, 652.0, 509.0, 386.0, 272.0, 169.0, 129.0, 86.0, 76.0, 47.0, 36.0, 24.0, 22.0, 14.0, 13.0, 18.0, 9.0, 9.0, 13.0, 17.0, 12.0, 7.0, 13.0, 9.0, 11.0, 7.0, 5.0, 5.0, 7.0, 4.0, 4.0, 3.0, 1.0, 1.0, 2.0, 1.0, 2.0, 2.0, 0.0, 0.0, 0.0, 0.0, 1.0], "bins": [-2.9994099140167236, -2.841085433959961, -2.6827609539031982, -2.5244364738464355, -2.366111993789673, -2.20778751373291, -2.0494630336761475, -1.8911385536193848, -1.732814073562622, -1.5744895935058594, -1.4161651134490967, -1.257840633392334, -1.0995161533355713, -0.9411916732788086, -0.7828671932220459, -0.6245427131652832, -0.4662182331085205, -0.3078937530517578, -0.14956927299499512, 0.008755207061767578, 0.16707968711853027, 0.32540416717529297, 0.48372864723205566, 0.6420531272888184, 0.800377607345581, 0.9587020874023438, 1.1170265674591064, 1.2753512859344482, 1.4336755275726318, 1.5919997692108154, 1.7503244876861572, 1.908649206161499, 2.0669732093811035, 2.225297451019287, 2.383622169494629, 2.5419468879699707, 2.7002711296081543, 2.858595371246338, 3.0169200897216797, 3.1752445697784424, 3.333569049835205, 3.4918935298919678, 3.6502180099487305, 3.808542490005493, 3.966866970062256, 4.125191688537598, 4.283515930175781, 4.441840171813965, 4.600164890289307, 4.758489608764648, 4.916813850402832, 5.075138092041016, 5.233462810516357, 5.391787528991699, 5.550111770629883, 5.708436012268066, 5.866760730743408, 6.02508544921875, 6.183409690856934, 6.341733932495117, 6.500058650970459, 6.658383369445801, 6.816707611083984, 6.975031852722168, 7.13335657119751]}, "gradients/graph_6linear.3.bias": {"_type": "histogram", "values": [1.0, 2.0, 2.0, 1.0, 2.0, 2.0, 5.0, 3.0, 2.0, 2.0, 8.0, 4.0, 9.0, 5.0, 1.0, 8.0, 8.0, 6.0, 5.0, 3.0, 7.0, 2.0, 7.0, 7.0, 0.0, 6.0, 2.0, 5.0, 2.0, 1.0, 1.0, 0.0, 2.0, 0.0, 1.0, 1.0, 0.0, 1.0, 1.0, 0.0, 0.0, 0.0, 0.0, 1.0, 1.0, 0.0, 0.0, 0.0, 0.0, 0.0, 0.0, 0.0, 0.0, 0.0, 0.0, 0.0, 0.0, 0.0, 0.0, 0.0, 0.0, 0.0, 0.0, 1.0], "bins": [-0.868484377861023, -0.8549143075942993, -0.8413442373275757, -0.827774167060852, -0.8142040967941284, -0.8006340265274048, -0.7870639562606812, -0.7734938859939575, -0.7599238157272339, -0.7463537454605103, -0.7327836751937866, -0.719213604927063, -0.7056435346603394, -0.6920734643936157, -0.6785033941268921, -0.6649333238601685, -0.6513632535934448, -0.6377931833267212, -0.6242231130599976, -0.6106530427932739, -0.5970829725265503, -0.5835129022598267, -0.569942831993103, -0.5563727617263794, -0.5428027510643005, -0.5292326807975769, -0.5156626105308533, -0.5020925402641296, -0.488522469997406, -0.4749523997306824, -0.46138232946395874, -0.4478122591972351, -0.4342421889305115, -0.42067211866378784, -0.4071020483970642, -0.3935319781303406, -0.37996190786361694, -0.3663918375968933, -0.3528217673301697, -0.33925169706344604, -0.3256816267967224, -0.31211158633232117, -0.29854151606559753, -0.2849714457988739, -0.27140137553215027, -0.25783130526542664, -0.244261234998703, -0.23069116473197937, -0.21712109446525574, -0.2035510241985321, -0.18998095393180847, -0.17641088366508484, -0.1628408133983612, -0.14927075803279877, -0.13570068776607513, -0.1221306174993515, -0.10856054723262787, -0.09499047696590424, -0.0814204066991806, -0.06785034388303757, -0.054280273616313934, -0.0407102033495903, -0.027140136808156967, -0.013570068404078484, 0.0]}, "gradients/graph_6linear.3.weight": {"_type": "histogram", "values": [1.0, 3.0, 4.0, 4.0, 6.0, 6.0, 7.0, 8.0, 12.0, 8.0, 12.0, 14.0, 27.0, 20.0, 25.0, 29.0, 29.0, 38.0, 43.0, 35.0, 45.0, 52.0, 45.0, 68.0, 52.0, 64.0, 59.0, 65.0, 70.0, 57.0, 59.0, 73.0, 64.0, 78.0, 70.0, 71.0, 72.0, 66.0, 68.0, 63.0, 72.0, 58.0, 53.0, 64.0, 52.0, 59.0, 56.0, 55.0, 57.0, 54.0, 34.0, 31.0, 22.0, 10.0, 6.0, 4.0, 13.0, 37.0, 44.0, 31.0, 6.0, 77.0, 51.0, 13846.0], "bins": [-8.302417755126953, -8.17269229888916, -8.042966842651367, -7.913241863250732, -7.783516883850098, -7.653791427612305, -7.524065971374512, -7.394340991973877, -7.264615535736084, -7.134890556335449, -7.005165100097656, -6.875439643859863, -6.74571418762207, -6.6159892082214355, -6.486263751983643, -6.356538772583008, -6.226813316345215, -6.097087860107422, -5.967362880706787, -5.837637424468994, -5.707912445068359, -5.578186988830566, -5.448461532592773, -5.3187360763549805, -5.189011096954346, -5.059286117553711, -4.929560661315918, -4.799835205078125, -4.670109748840332, -4.540384769439697, -4.410659313201904, -4.2809343338012695, -4.151208877563477, -4.021483421325684, -3.891758441925049, -3.762032985687256, -3.632307767868042, -3.502582550048828, -3.372857093811035, -3.2431318759918213, -3.1134066581726074, -2.9836814403533936, -2.8539562225341797, -2.7242307662963867, -2.594505548477173, -2.464780330657959, -2.335054874420166, -2.205329656600952, -2.0756044387817383, -1.9458792209625244, -1.816153883934021, -1.6864285469055176, -1.5567033290863037, -1.4269781112670898, -1.2972527742385864, -1.167527437210083, -1.0378022193908691, -0.9080769419670105, -0.7783516645431519, -0.6486263871192932, -0.5189011096954346, -0.3891758322715759, -0.2594505548477173, -0.12972527742385864, 0.0]}, "gradients/graph_6linear.0.bias": {"_type": "histogram", "values": [1.0, 0.0, 0.0, 1.0, 0.0, 0.0, 0.0, 0.0, 0.0, 0.0, 0.0, 0.0, 0.0, 1.0, 1.0, 1.0, 0.0, 1.0, 2.0, 0.0, 0.0, 1.0, 0.0, 2.0, 0.0, 0.0, 1.0, 1.0, 1.0, 1.0, 1.0, 1.0, 1.0, 0.0, 0.0, 0.0, 0.0, 1.0, 0.0, 0.0, 0.0, 0.0, 0.0, 1.0, 0.0, 0.0, 0.0, 0.0, 0.0, 0.0, 0.0, 0.0, 0.0, 0.0, 0.0, 0.0, 0.0, 0.0, 0.0, 0.0, 0.0, 0.0, 0.0, 108.0],