{"gradients/linear.5.bias": {"_type": "histogram", "values": [3.0, 0.0, 1.0, 0.0, 0.0, 0.0, 0.0, 0.0, 0.0, 0.0, 0.0, 0.0, 0.0, 0.0, 0.0, 2.0, 6.0, 7.0, 8.0, 3.0, 1.0, 2.0, 2.0, 2.0, 0.0, 1.0, 1.0, 2.0, 3.0, 0.0, 24.0, 0.0, 0.0, 0.0, 0.0, 0.0, 0.0, 0.0, 0.0, 0.0, 0.0, 0.0, 0.0, 0.0, 0.0, 6.0, 6.0, 3.0, 0.0, 5.0, 0.0, 0.0, 0.0, 0.0, 0.0, 0.0, 0.0, 0.0, 0.0, 0.0, 1.0, 1.0, 3.0, 3.0], "bins": [-0.7727587223052979, -0.7488909959793091, -0.7250232696533203, -0.7011555433273315, -0.6772878170013428, -0.653420090675354, -0.6295523643493652, -0.6056846976280212, -0.5818169713020325, -0.5579492449760437, -0.5340815186500549, -0.5102137923240662, -0.4863460659980774, -0.4624783396720886, -0.43861064314842224, -0.41474291682243347, -0.3908751904964447, -0.36700746417045593, -0.34313973784446716, -0.3192720413208008, -0.295404314994812, -0.27153658866882324, -0.24766886234283447, -0.2238011360168457, -0.19993340969085693, -0.17606568336486816, -0.1521979570388794, -0.1283302903175354, -0.10446256399154663, -0.08059483766555786, -0.05672711133956909, -0.03285938501358032, -0.008991658687591553, 0.014876067638397217, 0.038743793964385986, 0.06261152029037476, 0.08647924661636353, 0.1103469729423523, 0.1342146396636963, 0.15808236598968506, 0.18195009231567383, 0.2058178186416626, 0.22968554496765137, 0.25355327129364014, 0.2774209976196289, 0.3012887239456177, 0.32515642046928406, 0.3490241467952728, 0.3728918731212616, 0.39675959944725037, 0.42062732577323914, 0.4444950222969055, 0.4683627486228943, 0.49223047494888306, 0.5160982012748718, 0.5399659276008606, 0.5638336539268494, 0.5877013802528381, 0.6115690469741821, 0.6354367733001709, 0.6593044996261597, 0.6831722259521484, 0.7070399522781372, 0.730907678604126, 0.7547754049301147]}, "_timestamp": 1715862538.0107572, "gradients/linear.5.weight": {"_type": "histogram", "values": [3.0, 0.0, 1.0, 0.0, 0.0, 0.0, 0.0, 0.0, 0.0, 0.0, 0.0, 0.0, 0.0, 0.0, 0.0, 2.0, 6.0, 7.0, 8.0, 3.0, 1.0, 2.0, 2.0, 2.0, 0.0, 1.0, 1.0, 2.0, 3.0, 0.0, 24.0, 0.0, 6048.0, 0.0, 0.0, 0.0, 0.0, 0.0, 0.0, 0.0, 0.0, 0.0, 0.0, 0.0, 0.0, 6.0, 6.0, 3.0, 0.0, 5.0, 0.0, 0.0, 0.0, 0.0, 0.0, 0.0, 0.0, 0.0, 0.0, 0.0, 1.0, 1.0, 3.0, 3.0], "bins": [-33.9189338684082, -32.871299743652344, -31.823667526245117, -30.77603530883789, -29.72840118408203, -28.680767059326172, -27.633134841918945, -26.58550262451172, -25.53786849975586, -24.490234375, -23.442602157592773, -22.394969940185547, -21.347335815429688, -20.299701690673828, -19.2520694732666, -18.204437255859375, -17.156803131103516, -16.109169006347656, -15.06153678894043, -14.013904571533203, -12.966270446777344, -11.918636322021484, -10.871004104614258, -9.823371887207031, -8.775737762451172, -7.7281036376953125, -6.680471420288086, -5.632839202880859, -4.585205078125, -3.5375709533691406, -2.489938735961914, -1.4423065185546875, -0.39467620849609375, 0.6529579162597656, 1.7005901336669922, 2.7482223510742188, 3.795856475830078, 4.8434906005859375, 5.891122817993164, 6.938755035400391, 7.98638916015625, 9.03402328491211, 10.081655502319336, 11.129287719726562, 12.176921844482422, 13.224555969238281, 14.272188186645508, 15.319820404052734, 16.367454528808594, 17.415088653564453, 18.46272087097168, 19.510353088378906, 20.557987213134766, 21.605621337890625, 22.65325355529785, 23.700885772705078, 24.748519897460938, 25.796154022216797, 26.843786239624023, 27.89141845703125, 28.93905258178711, 29.98668670654297, 31.034318923950195, 32.08195114135742, 33.12958526611328]}, "gradients/linear.3.bias": {"_type": "histogram", "values": [1.0, 0.0, 0.0, 0.0, 0.0, 0.0, 0.0, 0.0, 0.0, 0.0, 0.0, 0.0, 0.0, 0.0, 0.0, 0.0, 0.0, 0.0, 0.0, 0.0, 0.0, 0.0, 0.0, 0.0, 0.0, 0.0, 0.0, 0.0, 0.0, 0.0, 0.0, 0.0, 0.0, 0.0, 0.0, 0.0, 0.0, 0.0, 0.0, 0.0, 0.0, 0.0, 0.0, 0.0, 0.0, 0.0, 0.0, 0.0, 0.0, 0.0, 0.0, 0.0, 0.0, 0.0, 0.0, 0.0, 0.0, 0.0, 0.0, 0.0, 0.0, 0.0, 0.0, 63.0], "bins": [-2.9442126750946045, -2.8982093334198, -2.852205991744995, -2.8062026500701904, -2.7601993083953857, -2.714195966720581, -2.6681928634643555, -2.622189521789551, -2.576186180114746, -2.5301828384399414, -2.4841794967651367, -2.438176155090332, -2.3921728134155273, -2.3461694717407227, -2.300166130065918, -2.2541627883911133, -2.2081594467163086, -2.162156105041504, -2.116152763366699, -2.0701494216918945, -2.02414608001709, -1.9781429767608643, -1.93213951587677, -1.8861362934112549, -1.8401329517364502, -1.7941296100616455, -1.7481262683868408, -1.7021229267120361, -1.6561195850372314, -1.6101163625717163, -1.5641130208969116, -1.518109679222107, -1.4721063375473022, -1.4261029958724976, -1.3800996541976929, -1.3340963125228882, -1.288093090057373, -1.2420897483825684, -1.1960864067077637, -1.150083065032959, -1.1040797233581543, -1.0580763816833496, -1.0120731592178345, -0.966069757938385, -0.9200664758682251, -0.8740631341934204, -0.8280597925186157, -0.7820565104484558, -0.7360531687736511, -0.6900498270988464, -0.6440465450286865, -0.5980432033538818, -0.5520398616790771, -0.5060365796089172, -0.46003323793411255, -0.41402989625930786, -0.36802658438682556, -0.32202327251434326, -0.2760199308395386, -0.23001661896705627, -0.18401329219341278, -0.1380099654197693, -0.09200664609670639, -0.046003323048353195, 0.0]}, "gradients/linear.3.weight": {"_type": "histogram", "values": [1.0, 0.0, 0.0, 0.0, 0.0, 0.0, 0.0, 0.0, 0.0, 0.0, 0.0, 0.0, 0.0, 0.0, 0.0, 0.0, 0.0, 0.0, 0.0, 0.0, 1.0, 0.0, 0.0, 0.0, 0.0, 0.0, 0.0, 0.0, 0.0, 1.0, 0.0, 0.0, 0.0, 0.0, 0.0, 0.0, 0.0, 0.0, 0.0, 1.0, 0.0, 0.0, 0.0, 0.0, 1.0, 0.0, 1.0, 0.0, 0.0, 0.0, 0.0, 0.0, 0.0, 0.0, 0.0, 0.0, 1.0, 0.0, 0.0, 0.0, 0.0, 0.0, 1.0, 4088.0], "bins": [-191.6588897705078, -188.66421508789062, -185.6695556640625, -182.6748809814453, -179.68020629882812, -176.685546875, -173.6908721923828, -170.69619750976562, -167.70152282714844, -164.7068634033203, -161.71218872070312, -158.71751403808594, -155.72283935546875, -152.72817993164062, -149.73350524902344, -146.73883056640625, -143.74417114257812, -140.74949645996094, -137.75482177734375, -134.76016235351562, -131.76548767089844, -128.77081298828125, -125.7761459350586, -122.78147888183594, -119.78680419921875, -116.7921371459961, -113.7974624633789, -110.80279541015625, -107.8081283569336, -104.8134536743164, -101.81878662109375, -98.82411193847656, -95.8294448852539, -92.83477783203125, -89.84010314941406, -86.8454360961914, -83.85076141357422, -80.85609436035156, -77.8614273071289, -74.86675262451172, -71.87208557128906, -68.87741088867188, -65.88274383544922, -62.8880729675293, -59.893402099609375, -56.89873123168945, -53.9040641784668, -50.909393310546875, -47.91472244262695, -44.92005157470703, -41.92538070678711, -38.93071365356445, -35.93604278564453, -32.94137191772461, -29.946701049804688, -26.9520320892334, -23.957361221313477, -20.962690353393555, -17.968021392822266, -14.973350524902344, -11.978680610656738, -8.984010696411133, -5.989340305328369, -2.9946701526641846, -0.0]}, "gradients/linear.0.bias": {"_type": "histogram", "values": [1.0, 0.0, 0.0, 0.0, 0.0, 0.0, 0.0, 0.0, 0.0, 0.0, 0.0, 1.0, 1.0, 1.0, 0.0, 0.0, 0.0, 0.0, 0.0, 0.0, 0.0, 0.0, 0.0, 0.0, 0.0, 0.0, 0.0, 0.0, 0.0, 0.0, 0.0, 1.0, 1.0, 0.0, 0.0, 0.0, 0.0, 0.0, 0.0, 0.0, 0.0, 0.0, 1.0, 0.0, 56.0, 0.0, 0.0, 0.0, 0.0, 0.0, 0.0, 0.0, 0.0, 0.0, 0.0, 0.0, 0.0, 0.0, 0.0, 0.0, 0.0, 0.0, 0.0, 1.0],