{"gradients/graph_6linear.5.bias": {"_type": "histogram", "values": [2.0, 0.0, 0.0, 1.0, 0.0, 1.0, 0.0, 0.0, 0.0, 0.0, 0.0, 0.0, 0.0, 0.0, 2.0, 1.0, 3.0, 2.0, 4.0, 2.0, 1.0, 8.0, 3.0, 2.0, 2.0, 0.0, 2.0, 1.0, 0.0, 1.0, 0.0, 0.0, 48.0, 1.0, 3.0, 2.0, 0.0, 0.0, 0.0, 0.0, 0.0, 1.0, 3.0, 1.0, 3.0, 2.0, 1.0, 4.0, 0.0, 1.0, 0.0, 1.0, 2.0, 1.0, 0.0, 0.0, 0.0, 0.0, 1.0, 1.0, 0.0, 1.0, 3.0, 2.0], "bins": [-0.6466019153594971, -0.6273431181907654, -0.6080842614173889, -0.5888254642486572, -0.5695666074752808, -0.5503078103065491, -0.5310489535331726, -0.5117901563644409, -0.49253132939338684, -0.47327250242233276, -0.4540136754512787, -0.4347548484802246, -0.4154960513114929, -0.39623722434043884, -0.37697839736938477, -0.3577195703983307, -0.3384607434272766, -0.31920191645622253, -0.29994308948516846, -0.2806842625141144, -0.2614254355430603, -0.2421666383743286, -0.22290781140327454, -0.20364898443222046, -0.18439015746116638, -0.1651313304901123, -0.14587253332138062, -0.12661367654800415, -0.10735487937927246, -0.088096022605896, -0.0688372254371643, -0.04957836866378784, -0.030319631099700928, -0.011060833930969238, 0.008198022842407227, 0.027456820011138916, 0.04671567678451538, 0.06597447395324707, 0.08523333072662354, 0.10449212789535522, 0.1237509548664093, 0.14300978183746338, 0.16226860880851746, 0.18152743577957153, 0.20078623294830322, 0.2200450599193573, 0.23930388689041138, 0.25856271386146545, 0.27782154083251953, 0.2970803678035736, 0.3163391947746277, 0.33559802174568176, 0.35485684871673584, 0.37411564588546753, 0.3933744728565216, 0.4126332998275757, 0.43189212679862976, 0.45115095376968384, 0.4704097807407379, 0.489668607711792, 0.5089274048805237, 0.5281862616539001, 0.5474450588226318, 0.5667039155960083, 0.58596271276474]}, "_timestamp": 1715864917.153915, "gradients/graph_6linear.5.weight": {"_type": "histogram", "values": [2.0, 0.0, 0.0, 3.0, 0.0, 1.0, 1.0, 0.0, 1.0, 0.0, 0.0, 0.0, 0.0, 0.0, 2.0, 1.0, 5.0, 5.0, 6.0, 5.0, 4.0, 10.0, 10.0, 6.0, 4.0, 2.0, 2.0, 4.0, 0.0, 2.0, 0.0, 0.0, 96.0, 7442.0, 6.0, 4.0, 0.0, 0.0, 0.0, 0.0, 0.0, 4.0, 5.0, 5.0, 4.0, 5.0, 3.0, 4.0, 1.0, 2.0, 2.0, 2.0, 2.0, 1.0, 0.0, 0.0, 1.0, 1.0, 2.0, 2.0, 3.0, 2.0, 3.0, 2.0], "bins": [-25.701099395751953, -24.93560028076172, -24.170101165771484, -23.404603958129883, -22.63910484313965, -21.873605728149414, -21.108108520507812, -20.342609405517578, -19.577110290527344, -18.81161117553711, -18.046112060546875, -17.280614852905273, -16.51511573791504, -15.749616622924805, -14.984118461608887, -14.218620300292969, -13.453121185302734, -12.6876220703125, -11.922123908996582, -11.156625747680664, -10.39112663269043, -9.625627517700195, -8.860130310058594, -8.09463119506836, -7.329132080078125, -6.563632965087891, -5.798133850097656, -5.032636642456055, -4.26713752746582, -3.501638412475586, -2.7361412048339844, -1.97064208984375, -1.2051410675048828, -0.43964195251464844, 0.32585716247558594, 1.0913543701171875, 1.8568534851074219, 2.6223526000976562, 3.387849807739258, 4.153348922729492, 4.918848037719727, 5.684347152709961, 6.449846267700195, 7.215343475341797, 7.980842590332031, 8.746341705322266, 9.511839866638184, 10.277338027954102, 11.042837142944336, 11.80833625793457, 12.573834419250488, 13.339332580566406, 14.10483169555664, 14.870330810546875, 15.635828971862793, 16.40132713317871, 17.166826248168945, 17.93232536315918, 18.69782257080078, 19.463321685791016, 20.22882080078125, 20.994319915771484, 21.75981903076172, 22.52531623840332, 23.290815353393555]}, "gradients/graph_6linear.3.bias": {"_type": "histogram", "values": [1.0, 0.0, 0.0, 0.0, 0.0, 0.0, 0.0, 0.0, 0.0, 0.0, 0.0, 0.0, 0.0, 0.0, 0.0, 0.0, 0.0, 0.0, 0.0, 0.0, 0.0, 0.0, 0.0, 0.0, 0.0, 0.0, 0.0, 0.0, 0.0, 0.0, 0.0, 0.0, 0.0, 0.0, 0.0, 0.0, 0.0, 0.0, 0.0, 0.0, 0.0, 0.0, 1.0, 0.0, 0.0, 0.0, 0.0, 0.0, 0.0, 0.0, 0.0, 0.0, 0.0, 0.0, 0.0, 0.0, 0.0, 0.0, 0.0, 0.0, 0.0, 0.0, 0.0, 62.0], "bins": [-1.9526640176773071, -1.9221535921096802, -1.8916432857513428, -1.8611328601837158, -1.8306225538253784, -1.8001121282577515, -1.769601821899414, -1.739091396331787, -1.7085809707641602, -1.6780706644058228, -1.6475602388381958, -1.6170499324798584, -1.5865395069122314, -1.5560290813446045, -1.525518774986267, -1.4950083494186401, -1.4644980430603027, -1.4339876174926758, -1.4034771919250488, -1.3729668855667114, -1.342456579208374, -1.311946153640747, -1.2814357280731201, -1.2509253025054932, -1.2204149961471558, -1.1899046897888184, -1.1593942642211914, -1.1288838386535645, -1.098373532295227, -1.0678631067276, -1.0373528003692627, -1.0068423748016357, -0.9763320088386536, -0.9458216428756714, -0.9153112769126892, -0.884800910949707, -0.8542904853820801, -0.8237801194190979, -0.7932697534561157, -0.7627593874931335, -0.7322490215301514, -0.7017386555671692, -0.6712282299995422, -0.6407178640365601, -0.6102074980735779, -0.5796971321105957, -0.5491867661476135, -0.5186764001846313, -0.4881660044193268, -0.4576556384563446, -0.42714524269104004, -0.39663487672805786, -0.3661245107650757, -0.3356141149997711, -0.30510374903678894, -0.27459338307380676, -0.2440830022096634, -0.21357262134552002, -0.18306225538253784, -0.15255187451839447, -0.1220415011048317, -0.09153112769126892, -0.06102075055241585, -0.030510375276207924, 0.0]}, "gradients/graph_6linear.3.weight": {"_type": "histogram", "values": [1.0, 0.0, 0.0, 0.0, 0.0, 0.0, 0.0, 0.0, 0.0, 0.0, 0.0, 0.0, 0.0, 0.0, 0.0, 0.0, 0.0, 0.0, 0.0, 0.0, 0.0, 0.0, 1.0, 0.0, 0.0, 1.0, 0.0, 1.0, 0.0, 0.0, 0.0, 0.0, 0.0, 0.0, 0.0, 1.0, 0.0, 0.0, 1.0, 0.0, 0.0, 0.0, 1.0, 0.0, 0.0, 0.0, 1.0, 0.0, 0.0, 1.0, 1.0, 2.0, 0.0, 1.0, 1.0, 1.0, 0.0, 0.0, 1.0, 1.0, 2.0, 1.0, 1.0, 4075.0], "bins": [-139.5282745361328, -137.34814453125, -135.1680145263672, -132.98788452148438, -130.80775451660156, -128.62762451171875, -126.44749450683594, -124.26737213134766, -122.08724212646484, -119.90711212158203, -117.72698211669922, -115.5468521118164, -113.3667221069336, -111.18659210205078, -109.00646209716797, -106.82633972167969, -104.64620971679688, -102.46607971191406, -100.28594970703125, -98.10581970214844, -95.92568969726562, -93.74555969238281, -91.5654296875, -89.38529968261719, -87.20516967773438, -85.02503967285156, -82.84490966796875, -80.66477966308594, -78.48464965820312, -76.30451965332031, -74.12439727783203, -71.94426727294922, -69.7641372680664, -67.5840072631836, -65.40387725830078, -63.223751068115234, -61.04362106323242, -58.86349105834961, -56.6833610534668, -54.503231048583984, -52.32310485839844, -50.142974853515625, -47.96284484863281, -45.78271484375, -43.60258483886719, -41.422454833984375, -39.24232864379883, -37.062198638916016, -34.8820686340332, -32.70193862915039, -30.52181053161621, -28.3416805267334, -26.16155242919922, -23.981422424316406, -21.801292419433594, -19.621164321899414, -17.4410343170166, -15.260905265808105, -13.08077621459961, -10.900646209716797, -8.7205171585083, -6.540388107299805, -4.36025857925415, -2.180129289627075, 0.0]}, "gradients/graph_6linear.0.bias": {"_type": "histogram", "values": [1.0, 0.0, 0.0, 0.0, 0.0, 0.0, 0.0, 0.0, 0.0, 0.0, 0.0, 0.0, 0.0, 0.0, 0.0, 0.0, 0.0, 0.0, 0.0, 0.0, 2.0, 0.0, 0.0, 1.0, 1.0, 0.0, 0.0, 0.0, 1.0, 1.0, 0.0, 0.0, 0.0, 1.0, 0.0, 1.0, 1.0, 52.0, 1.0, 0.0, 0.0, 0.0, 0.0, 0.0, 0.0, 0.0, 0.0, 0.0, 0.0, 0.0, 0.0, 0.0, 0.0, 0.0, 0.0, 0.0, 0.0, 0.0, 0.0, 0.0, 0.0, 0.0, 0.0, 1.0],