{"Linear loss": 10474.7744140625, "_timestamp": 1715768904.811723, "_runtime": 89.16611003875732, "_step": 1809, "gradients/graph_13linear.5.bias": {"_type": "histogram", "values": [6.0, 0.0, 0.0, 4.0, 0.0, 0.0, 0.0, 0.0, 0.0, 0.0, 0.0, 0.0, 0.0, 0.0, 0.0, 0.0, 0.0, 0.0, 0.0, 0.0, 0.0, 0.0, 0.0, 0.0, 0.0, 0.0, 0.0, 0.0, 13.0, 0.0, 0.0, 2.0, 47.0, 0.0, 0.0, 14.0, 0.0, 0.0, 0.0, 0.0, 0.0, 0.0, 0.0, 0.0, 0.0, 0.0, 0.0, 0.0, 0.0, 0.0, 0.0, 0.0, 0.0, 0.0, 0.0, 0.0, 0.0, 1.0, 0.0, 0.0, 3.0, 0.0, 0.0, 6.0], "bins": [-200.0, -193.75, -187.5, -181.25, -175.0, -168.75, -162.5, -156.25, -150.0, -143.75, -137.5, -131.25, -125.0, -118.75, -112.5, -106.25, -100.0, -93.75, -87.5, -81.25, -75.0, -68.75, -62.5, -56.25, -50.0, -43.75, -37.5, -31.25, -25.0, -18.75, -12.5, -6.25, 0.0, 6.25, 12.5, 18.75, 25.0, 31.25, 37.5, 43.75, 50.0, 56.25, 62.5, 68.75, 75.0, 81.25, 87.5, 93.75, 100.0, 106.25, 112.5, 118.75, 125.0, 131.25, 137.5, 143.75, 150.0, 156.25, 162.5, 168.75, 175.0, 181.25, 187.5, 193.75, 200.0]}, "gradients/graph_13linear.5.weight": {"_type": "histogram", "values": [12.0, 0.0, 0.0, 8.0, 0.0, 6.0, 6.0, 12.0, 8.0, 36.0, 14.0, 18.0, 28.0, 28.0, 24.0, 24.0, 38.0, 28.0, 18.0, 30.0, 30.0, 46.0, 54.0, 40.0, 42.0, 70.0, 56.0, 54.0, 74.0, 214.0, 452.0, 880.0, 8423.0, 484.0, 228.0, 78.0, 54.0, 56.0, 67.0, 44.0, 45.0, 47.0, 47.0, 30.0, 33.0, 17.0, 27.0, 40.0, 22.0, 25.0, 30.0, 26.0, 16.0, 13.0, 36.0, 6.0, 12.0, 8.0, 6.0, 0.0, 6.0, 0.0, 0.0, 12.0], "bins": [-881.881591796875, -854.3228149414062, -826.7639770507812, -799.2052001953125, -771.6463623046875, -744.0875854492188, -716.52880859375, -688.969970703125, -661.4111938476562, -633.8524169921875, -606.2935791015625, -578.7348022460938, -551.176025390625, -523.6171875, -496.05841064453125, -468.4996032714844, -440.9407958984375, -413.3819885253906, -385.82318115234375, -358.264404296875, -330.70556640625, -303.14678955078125, -275.5880126953125, -248.0291748046875, -220.47039794921875, -192.91162109375, -165.352783203125, -137.79400634765625, -110.2352294921875, -82.6763916015625, -55.11761474609375, -27.55877685546875, 0.0, 27.55877685546875, 55.11761474609375, 82.6763916015625, 110.2352294921875, 137.79400634765625, 165.352783203125, 192.91162109375, 220.47039794921875, 248.0291748046875, 275.5880126953125, 303.14678955078125, 330.70556640625, 358.264404296875, 385.82318115234375, 413.3819885253906, 440.9407958984375, 468.4996032714844, 496.05841064453125, 523.6171875, 551.176025390625, 578.7348022460938, 606.2935791015625, 633.8524169921875, 661.4111938476562, 688.969970703125, 716.52880859375, 744.0875854492188, 771.6463623046875, 799.2052001953125, 826.7639770507812, 854.3228149414062, 881.881591796875]}, "gradients/graph_13linear.3.bias": {"_type": "histogram", "values": [1.0, 0.0, 0.0, 0.0, 0.0, 0.0, 0.0, 0.0, 0.0, 0.0, 1.0, 0.0, 1.0, 2.0, 0.0, 2.0, 2.0, 0.0, 0.0, 0.0, 3.0, 2.0, 3.0, 2.0, 3.0, 4.0, 2.0, 3.0, 3.0, 4.0, 2.0, 5.0, 5.0, 6.0, 2.0, 4.0, 4.0, 36.0, 5.0, 2.0, 2.0, 2.0, 0.0, 4.0, 1.0, 0.0, 2.0, 2.0, 1.0, 2.0, 1.0, 0.0, 0.0, 0.0, 0.0, 0.0, 0.0, 0.0, 0.0, 0.0, 0.0, 1.0, 0.0, 1.0], "bins": [-152.63616943359375, -148.60336303710938, -144.57057189941406, -140.5377655029297, -136.50497436523438, -132.47216796875, -128.43936157226562, -124.40656280517578, -120.37376403808594, -116.3409652709961, -112.30816650390625, -108.27536010742188, -104.24256134033203, -100.20976257324219, -96.17695617675781, -92.14415740966797, -88.11135864257812, -84.07855987548828, -80.04576110839844, -76.01295471191406, -71.98015594482422, -67.94735717773438, -63.91455078125, -59.881752014160156, -55.84895324707031, -51.81615447998047, -47.783355712890625, -43.75054931640625, -39.717750549316406, -35.68495178222656, -31.652145385742188, -27.619346618652344, -23.586532592773438, -19.553733825683594, -15.52093505859375, -11.488128662109375, -7.455329895019531, -3.4225311279296875, 0.6102752685546875, 4.643074035644531, 8.675872802734375, 12.708671569824219, 16.741470336914062, 20.774276733398438, 24.80707550048828, 28.839874267578125, 32.8726806640625, 36.905479431152344, 40.93827819824219, 44.97107696533203, 49.00387954711914, 53.03668212890625, 57.069480895996094, 61.10227966308594, 65.13508605957031, 69.16788482666016, 73.20068359375, 77.23348236083984, 81.26628112792969, 85.29908752441406, 89.3318862915039, 93.36468505859375, 97.39749145507812, 101.43029022216797, 105.46308898925781]}, "gradients/graph_13linear.3.weight": {"_type": "histogram", "values": [1.0, 0.0, 0.0, 1.0, 1.0, 0.0, 0.0, 1.0, 1.0, 0.0, 2.0, 1.0, 3.0, 3.0, 1.0, 7.0, 6.0, 5.0, 8.0, 8.0, 11.0, 12.0, 16.0, 18.0, 18.0, 30.0, 34.0, 36.0, 47.0, 50.0, 62.0, 62.0, 96.0, 111.0, 121.0, 130.0, 152.0, 14886.0, 125.0, 67.0, 48.0, 50.0, 33.0, 22.0, 16.0, 19.0, 18.0, 11.0, 11.0, 4.0, 1.0, 1.0, 0.0, 2.0, 2.0, 1.0, 4.0, 0.0, 3.0, 1.0, 1.0, 2.0, 0.0, 1.0], "bins": [-1203.745361328125, -1171.941162109375, -1140.1370849609375, -1108.3328857421875, -1076.5286865234375, -1044.724609375, -1012.92041015625, -981.1162109375, -949.3120727539062, -917.5079345703125, -885.7037353515625, -853.8995971679688, -822.095458984375, -790.291259765625, -758.4871215820312, -726.6829833984375, -694.8787841796875, -663.0746459960938, -631.2704467773438, -599.46630859375, -567.662109375, -535.8579711914062, -504.0538330078125, -472.2496337890625, -440.44549560546875, -408.641357421875, -376.837158203125, -345.03302001953125, -313.2288818359375, -281.4246826171875, -249.62054443359375, -217.81634521484375, -186.01214599609375, -154.2080078125, -122.40380859375, -90.59967041015625, -58.79547119140625, -26.9913330078125, 4.81280517578125, 36.61700439453125, 68.421142578125, 100.22528076171875, 132.02947998046875, 163.8336181640625, 195.63775634765625, 227.44195556640625, 259.24609375, 291.05029296875, 322.85443115234375, 354.6585998535156, 386.4627685546875, 418.26690673828125, 450.0710754394531, 481.875244140625, 513.6793823242188, 545.4835205078125, 577.2877197265625, 609.0919189453125, 640.8960571289062, 672.7001953125, 704.50439453125, 736.3085327148438, 768.1126708984375, 799.9168701171875, 831.7210083007812]}, "gradients/graph_13linear.0.bias": {"_type": "histogram", "values": [1.0, 0.0, 0.0, 0.0, 0.0, 0.0, 0.0, 0.0, 0.0, 0.0, 0.0, 0.0, 0.0, 0.0, 0.0, 0.0, 0.0, 0.0, 0.0, 0.0, 0.0, 0.0, 0.0, 1.0, 0.0, 0.0, 1.0, 1.0, 0.0, 0.0, 1.0, 0.0, 0.0, 1.0, 0.0, 0.0, 1.0, 1.0, 0.0, 0.0, 2.0, 0.0, 0.0, 0.0, 2.0, 1.0, 1.0, 0.0, 0.0, 2.0, 0.0, 0.0, 0.0, 0.0, 0.0, 1.0, 0.0, 110.0, 0.0, 0.0, 0.0, 0.0, 0.0, 1.0], "bins": [-425.5399169921875, -418.15301513671875, -410.7661437988281, -403.3792419433594, -395.99237060546875, -388.60546875, -381.21856689453125, -373.8316955566406, -366.4447937011719, -359.05792236328125, -351.6710205078125, -344.2841491699219, -336.8972473144531, -329.5103759765625, -322.12347412109375, -314.736572265625, -307.3497009277344, -299.9627990722656, -292.575927734375, -285.18902587890625, -277.8021240234375, -270.4152526855469, -263.02838134765625, -255.64146423339844, -248.25457763671875, -240.86769104003906, -233.48080444335938, -226.0939178466797, -218.70703125, -211.32012939453125, -203.93324279785156, -196.54635620117188, -189.15948486328125, -181.77259826660156, -174.38571166992188, -166.9988250732422, -159.61192321777344, -152.22503662109375, -144.83815002441406, -137.45126342773438, -130.0643768310547, -122.677490234375, -115.29058837890625, -107.90370178222656, -100.51681518554688, -93.12992858886719, -85.7430419921875, -78.35614013671875, -70.96925354003906, -63.58237075805664, -56.19547653198242, -48.808589935302734, -41.42170333862305, -34.03480911254883, -26.64792251586914, -19.261035919189453, -11.8741455078125, -4.487255096435547, 2.8996315002441406, 10.286521911621094, 17.673410415649414, 25.060298919677734, 32.44718933105469, 39.834075927734375, 47.22096633911133]}, "gradients/graph_13linear.0.weight": {"_type": "histogram",