{"Linear loss": 11122.712890625, "_timestamp": 1715775366.785664, "_runtime": 177.57635498046875, "_step": 5429, "gradients/linear.5.bias": {"_type": "histogram", "values": [6.0, 0.0, 0.0, 4.0, 0.0, 0.0, 0.0, 0.0, 0.0, 0.0, 0.0, 0.0, 0.0, 0.0, 0.0, 0.0, 0.0, 0.0, 0.0, 0.0, 0.0, 0.0, 0.0, 0.0, 0.0, 0.0, 0.0, 0.0, 12.0, 0.0, 0.0, 2.0, 41.0, 0.0, 0.0, 15.0, 0.0, 0.0, 0.0, 0.0, 0.0, 0.0, 0.0, 0.0, 0.0, 0.0, 0.0, 0.0, 0.0, 0.0, 0.0, 0.0, 0.0, 0.0, 0.0, 0.0, 0.0, 1.0, 0.0, 0.0, 3.0, 0.0, 0.0, 12.0], "bins": [-200.0, -193.75, -187.5, -181.25, -175.0, -168.75, -162.5, -156.25, -150.0, -143.75, -137.5, -131.25, -125.0, -118.75, -112.5, -106.25, -100.0, -93.75, -87.5, -81.25, -75.0, -68.75, -62.5, -56.25, -50.0, -43.75, -37.5, -31.25, -25.0, -18.75, -12.5, -6.25, 0.0, 6.25, 12.5, 18.75, 25.0, 31.25, 37.5, 43.75, 50.0, 56.25, 62.5, 68.75, 75.0, 81.25, 87.5, 93.75, 100.0, 106.25, 112.5, 118.75, 125.0, 131.25, 137.5, 143.75, 150.0, 156.25, 162.5, 168.75, 175.0, 181.25, 187.5, 193.75, 200.0]}, "gradients/linear.5.weight": {"_type": "histogram", "values": [12.0, 0.0, 0.0, 8.0, 0.0, 6.0, 0.0, 10.0, 18.0, 4.0, 22.0, 38.0, 24.0, 20.0, 38.0, 10.0, 40.0, 22.0, 38.0, 42.0, 34.0, 16.0, 50.0, 28.0, 26.0, 26.0, 40.0, 54.0, 60.0, 210.0, 346.0, 702.0, 8530.0, 446.0, 276.0, 92.0, 84.0, 62.0, 44.0, 49.0, 23.0, 92.0, 35.0, 35.0, 73.0, 69.0, 27.0, 62.0, 20.0, 69.0, 17.0, 35.0, 66.0, 40.0, 3.0, 36.0, 15.0, 2.0, 12.0, 0.0, 6.0, 0.0, 0.0, 24.0], "bins": [-487.8414611816406, -472.5964050292969, -457.35137939453125, -442.1063232421875, -426.86126708984375, -411.6162414550781, -396.3711853027344, -381.12615966796875, -365.881103515625, -350.63604736328125, -335.3909912109375, -320.1459655761719, -304.9009094238281, -289.6558837890625, -274.41082763671875, -259.165771484375, -243.9207305908203, -228.67568969726562, -213.43063354492188, -198.18560791015625, -182.9405517578125, -167.69549560546875, -152.45046997070312, -137.20541381835938, -121.96035766601562, -106.71533203125, -91.47027587890625, -76.2252197265625, -60.980194091796875, -45.735137939453125, -30.490081787109375, -15.24505615234375, 0.0, 15.24505615234375, 30.490081787109375, 45.735137939453125, 60.980194091796875, 76.2252197265625, 91.47027587890625, 106.71533203125, 121.96035766601562, 137.20541381835938, 152.45046997070312, 167.69549560546875, 182.9405517578125, 198.18560791015625, 213.43063354492188, 228.67568969726562, 243.9207305908203, 259.165771484375, 274.41082763671875, 289.6558837890625, 304.9009094238281, 320.1459655761719, 335.3909912109375, 350.63604736328125, 365.881103515625, 381.12615966796875, 396.3711853027344, 411.6162414550781, 426.86126708984375, 442.1063232421875, 457.35137939453125, 472.5964050292969, 487.8414611816406]}, "gradients/linear.3.bias": {"_type": "histogram", "values": [1.0, 0.0, 0.0, 0.0, 1.0, 1.0, 2.0, 1.0, 1.0, 1.0, 3.0, 1.0, 1.0, 2.0, 0.0, 1.0, 1.0, 3.0, 2.0, 3.0, 2.0, 1.0, 3.0, 4.0, 5.0, 2.0, 2.0, 4.0, 4.0, 4.0, 1.0, 3.0, 3.0, 2.0, 0.0, 2.0, 3.0, 47.0, 2.0, 0.0, 0.0, 1.0, 1.0, 1.0, 2.0, 1.0, 1.0, 0.0, 0.0, 0.0, 0.0, 0.0, 0.0, 0.0, 0.0, 0.0, 0.0, 0.0, 0.0, 0.0, 1.0, 0.0, 0.0, 1.0], "bins": [-306.6607666015625, -298.5894470214844, -290.5181579589844, -282.44683837890625, -274.37554931640625, -266.3042297363281, -258.2329406738281, -250.16162109375, -242.09031677246094, -234.01901245117188, -225.9477081298828, -217.87640380859375, -209.80508422851562, -201.73379516601562, -193.6624755859375, -185.59117126464844, -177.51986694335938, -169.4485626220703, -161.37725830078125, -153.3059539794922, -145.23464965820312, -137.163330078125, -129.09202575683594, -121.02072143554688, -112.94941711425781, -104.87811279296875, -96.80680847167969, -88.73550415039062, -80.6641845703125, -72.59288024902344, -64.52157592773438, -56.45027160644531, -48.37896728515625, -40.30766296386719, -32.236358642578125, -24.165054321289062, -16.09375, -8.022430419921875, 0.0488739013671875, 8.12017822265625, 16.191482543945312, 24.262786865234375, 32.33409118652344, 40.4053955078125, 48.476715087890625, 56.54801940917969, 64.61932373046875, 72.69062805175781, 80.76193237304688, 88.83323669433594, 96.904541015625, 104.9758529663086, 113.04715728759766, 121.11846160888672, 129.1897735595703, 137.26107788085938, 145.33238220214844, 153.4036865234375, 161.47499084472656, 169.54629516601562, 177.61761474609375, 185.6889190673828, 193.76022338867188, 201.83152770996094, 209.90283203125]}, "gradients/linear.3.weight": {"_type": "histogram", "values": [1.0, 0.0, 0.0, 0.0, 1.0, 2.0, 2.0, 1.0, 1.0, 2.0, 5.0, 3.0, 2.0, 5.0, 1.0, 8.0, 4.0, 8.0, 7.0, 7.0, 14.0, 8.0, 15.0, 18.0, 17.0, 21.0, 19.0, 29.0, 36.0, 44.0, 49.0, 58.0, 73.0, 87.0, 102.0, 128.0, 123.0, 15329.0, 46.0, 31.0, 20.0, 12.0, 12.0, 8.0, 6.0, 4.0, 3.0, 0.0, 1.0, 1.0, 1.0, 2.0, 0.0, 1.0, 1.0, 0.0, 1.0, 1.0, 0.0, 1.0, 1.0, 0.0, 0.0, 1.0], "bins": [-2200.833740234375, -2142.90771484375, -2084.98193359375, -2027.0560302734375, -1969.130126953125, -1911.2042236328125, -1853.2783203125, -1795.352294921875, -1737.426513671875, -1679.50048828125, -1621.57470703125, -1563.648681640625, -1505.7227783203125, -1447.796875, -1389.8709716796875, -1331.945068359375, -1274.0191650390625, -1216.09326171875, -1158.1673583984375, -1100.241455078125, -1042.3155517578125, -984.3896484375, -926.4637451171875, -868.537841796875, -810.61181640625, -752.6859130859375, -694.760009765625, -636.8341064453125, -578.908203125, -520.9822998046875, -463.056396484375, -405.1304931640625, -347.2047119140625, -289.27880859375, -231.3529052734375, -173.427001953125, -115.5010986328125, -57.5751953125, 0.3507080078125, 58.276611328125, 116.2025146484375, 174.1285400390625, 232.054443359375, 289.9803466796875, 347.90625, 405.8321533203125, 463.758056640625, 521.6839599609375, 579.60986328125, 637.5357666015625, 695.461669921875, 753.3875732421875, 811.3134765625, 869.2394409179688, 927.1653442382812, 985.0912475585938, 1043.01708984375, 1100.943115234375, 1158.868896484375, 1216.794921875, 1274.7208251953125, 1332.646728515625, 1390.5726318359375, 1448.49853515625, 1506.4244384765625]}, "gradients/linear.0.bias": {"_type": "histogram", "values": [1.0, 0.0, 0.0, 0.0, 0.0, 0.0, 0.0, 1.0, 0.0, 0.0, 0.0, 0.0, 0.0, 0.0, 0.0, 1.0, 0.0, 0.0, 2.0, 1.0, 0.0, 0.0, 1.0, 0.0, 0.0, 0.0, 0.0, 0.0, 0.0, 0.0, 1.0, 1.0, 0.0, 0.0, 0.0, 0.0, 1.0, 1.0, 0.0, 0.0, 0.0, 0.0, 1.0, 114.0, 0.0, 1.0, 0.0, 0.0, 0.0, 0.0, 0.0, 0.0, 0.0, 0.0, 0.0, 0.0, 0.0, 0.0, 0.0, 0.0, 0.0, 0.0, 0.0, 1.0], "bins": [-1079.3311767578125, -1054.284423828125, -1029.237548828125, -1004.1907958984375, -979.1439819335938, -954.09716796875, -929.0503540039062, -904.0035400390625, -878.9567260742188, -853.909912109375, -828.8631591796875, -803.8162841796875, -778.76953125, -753.7227172851562, -728.6759033203125, -703.629150390625, -678.582275390625, -653.5355224609375, -628.4887084960938, -603.44189453125, -578.3950805664062, -553.3482666015625, -528.3014526367188, -503.25469970703125, -478.2078857421875, -453.16107177734375, -428.1142578125, -403.06744384765625, -378.0206298828125, -352.973876953125, -327.92706298828125, -302.8802490234375, -277.83343505859375, -252.78662109375, -227.73980712890625, -202.6929931640625, -177.646240234375, -152.59942626953125, -127.5526123046875, -102.50579833984375, -77.458984375, -52.41217041015625, -27.36541748046875, -2.318603515625, 22.72821044921875, 47.7750244140625, 72.82183837890625, 97.86862182617188, 122.91543579101562, 147.96224975585938, 173.009033203125, 198.05584716796875, 223.1026611328125, 248.14944458007812, 273.1962585449219, 298.2430725097656, 323.28985595703125, 348.336669921875, 373.38348388671875, 398.4302978515625, 423.4770812988281, 448.5238952636719, 473.5707092285156, 498.61749267578125, 523.664306640625]}, "gradients/linear.0.weight": {"_type": "histogram",