{"gradients/graph_41linear.5.bias": {"_type": "histogram", "values": [1.0, 0.0, 0.0, 1.0, 0.0, 0.0, 0.0, 0.0, 0.0, 0.0, 0.0, 0.0, 0.0, 0.0, 0.0, 0.0, 0.0, 0.0, 0.0, 0.0, 0.0, 0.0, 0.0, 0.0, 0.0, 0.0, 0.0, 0.0, 17.0, 0.0, 0.0, 0.0, 65.0, 0.0, 0.0, 26.0, 0.0, 0.0, 0.0, 0.0, 0.0, 0.0, 0.0, 0.0, 0.0, 0.0, 0.0, 0.0, 0.0, 0.0, 0.0, 0.0, 0.0, 0.0, 0.0, 0.0, 0.0, 0.0, 0.0, 0.0, 0.0, 0.0, 0.0, 10.0], "bins": [-200.0, -193.75, -187.5, -181.25, -175.0, -168.75, -162.5, -156.25, -150.0, -143.75, -137.5, -131.25, -125.0, -118.75, -112.5, -106.25, -100.0, -93.75, -87.5, -81.25, -75.0, -68.75, -62.5, -56.25, -50.0, -43.75, -37.5, -31.25, -25.0, -18.75, -12.5, -6.25, 0.0, 6.25, 12.5, 18.75, 25.0, 31.25, 37.5, 43.75, 50.0, 56.25, 62.5, 68.75, 75.0, 81.25, 87.5, 93.75, 100.0, 106.25, 112.5, 118.75, 125.0, 131.25, 137.5, 143.75, 150.0, 156.25, 162.5, 168.75, 175.0, 181.25, 187.5, 193.75, 200.0]}, "_timestamp": 1715858970.358964, "gradients/graph_41linear.5.weight": {"_type": "histogram", "values": [1.0, 0.0, 0.0, 3.0, 0.0, 2.0, 1.0, 2.0, 3.0, 2.0, 2.0, 0.0, 0.0, 2.0, 1.0, 1.0, 3.0, 3.0, 5.0, 2.0, 3.0, 0.0, 0.0, 0.0, 0.0, 0.0, 0.0, 3.0, 18.0, 119.0, 170.0, 53.0, 2773.0, 260.0, 182.0, 26.0, 20.0, 0.0, 0.0, 0.0, 0.0, 0.0, 0.0, 0.0, 20.0, 10.0, 20.0, 30.0, 0.0, 0.0, 20.0, 0.0, 0.0, 0.0, 0.0, 20.0, 20.0, 0.0, 10.0, 0.0, 20.0, 0.0, 0.0, 10.0], "bins": [-665.6807250976562, -644.878173828125, -624.07568359375, -603.2731323242188, -582.4706420898438, -561.6680908203125, -540.8656005859375, -520.0630493164062, -499.26055908203125, -478.4580078125, -457.655517578125, -436.85296630859375, -416.0504455566406, -395.2479248046875, -374.4454040527344, -353.64288330078125, -332.8403625488281, -312.037841796875, -291.2353210449219, -270.43280029296875, -249.63027954101562, -228.8277587890625, -208.02523803710938, -187.22271728515625, -166.420166015625, -145.61767578125, -124.81512451171875, -104.01263427734375, -83.2100830078125, -62.4075927734375, -41.60504150390625, -20.80255126953125, 0.0, 20.80255126953125, 41.60504150390625, 62.4075927734375, 83.2100830078125, 104.01263427734375, 124.81512451171875, 145.61767578125, 166.420166015625, 187.22271728515625, 208.02523803710938, 228.8277587890625, 249.63027954101562, 270.43280029296875, 291.2353210449219, 312.037841796875, 332.8403625488281, 353.64288330078125, 374.4454040527344, 395.2479248046875, 416.0504455566406, 436.85296630859375, 457.655517578125, 478.4580078125, 499.26055908203125, 520.0630493164062, 540.8656005859375, 561.6680908203125, 582.4706420898438, 603.2731323242188, 624.07568359375, 644.878173828125, 665.6807250976562]}, "gradients/graph_41linear.3.bias": {"_type": "histogram", "values": [1.0, 0.0, 0.0, 0.0, 0.0, 0.0, 0.0, 0.0, 0.0, 0.0, 0.0, 0.0, 0.0, 1.0, 0.0, 0.0, 0.0, 0.0, 0.0, 0.0, 0.0, 0.0, 0.0, 0.0, 0.0, 0.0, 1.0, 0.0, 0.0, 0.0, 1.0, 0.0, 0.0, 0.0, 1.0, 2.0, 0.0, 0.0, 2.0, 0.0, 2.0, 1.0, 1.0, 1.0, 0.0, 0.0, 1.0, 0.0, 1.0, 1.0, 0.0, 0.0, 0.0, 1.0, 0.0, 1.0, 0.0, 0.0, 1.0, 0.0, 1.0, 0.0, 0.0, 11.0], "bins": [-309.0558166503906, -304.226806640625, -299.3978271484375, -294.5688171386719, -289.7398376464844, -284.91082763671875, -280.08184814453125, -275.2528381347656, -270.423828125, -265.5948486328125, -260.7658386230469, -255.9368438720703, -251.10784912109375, -246.2788543701172, -241.44985961914062, -236.620849609375, -231.7918701171875, -226.96286010742188, -222.1338653564453, -217.30487060546875, -212.4758758544922, -207.64688110351562, -202.81787109375, -197.9888916015625, -193.15988159179688, -188.3308868408203, -183.50189208984375, -178.6728973388672, -173.84390258789062, -169.014892578125, -164.18589782714844, -159.35690307617188, -154.5279083251953, -149.69891357421875, -144.8699188232422, -140.04092407226562, -135.2119140625, -130.38291931152344, -125.55392456054688, -120.72492980957031, -115.89593505859375, -111.06693267822266, -106.2379379272461, -101.40894317626953, -96.57994079589844, -91.75094604492188, -86.92195129394531, -82.09294891357422, -77.26395416259766, -72.4349594116211, -67.60595703125, -62.77696228027344, -57.947967529296875, -53.11896896362305, -48.28997039794922, -43.460975646972656, -38.63197708129883, -33.802978515625, -28.973983764648438, -24.14498519897461, -19.315988540649414, -14.486991882324219, -9.657994270324707, -4.8289971351623535, 0.0]}, "gradients/graph_41linear.3.weight": {"_type": "histogram", "values": [1.0, 0.0, 0.0, 0.0, 0.0, 0.0, 0.0, 0.0, 0.0, 0.0, 0.0, 0.0, 0.0, 1.0, 0.0, 0.0, 0.0, 0.0, 0.0, 0.0, 0.0, 0.0, 1.0, 0.0, 0.0, 0.0, 1.0, 0.0, 0.0, 0.0, 1.0, 1.0, 0.0, 0.0, 1.0, 2.0, 0.0, 0.0, 2.0, 1.0, 3.0, 1.0, 2.0, 1.0, 1.0, 3.0, 2.0, 2.0, 3.0, 3.0, 3.0, 1.0, 1.0, 5.0, 5.0, 5.0, 6.0, 5.0, 6.0, 2.0, 5.0, 3.0, 3.0, 941.0], "bins": [-3116.1142578125, -3067.425048828125, -3018.735595703125, -2970.04638671875, -2921.357177734375, -2872.667724609375, -2823.978515625, -2775.289306640625, -2726.60009765625, -2677.91064453125, -2629.221435546875, -2580.5322265625, -2531.8427734375, -2483.153564453125, -2434.46435546875, -2385.77490234375, -2337.085693359375, -2288.396484375, -2239.70703125, -2191.017822265625, -2142.32861328125, -2093.63916015625, -2044.949951171875, -1996.2607421875, -1947.5714111328125, -1898.882080078125, -1850.19287109375, -1801.5035400390625, -1752.814208984375, -1704.125, -1655.4356689453125, -1606.7464599609375, -1558.05712890625, -1509.3677978515625, -1460.6785888671875, -1411.9892578125, -1363.300048828125, -1314.6107177734375, -1265.92138671875, -1217.232177734375, -1168.5428466796875, -1119.853515625, -1071.164306640625, -1022.4749755859375, -973.7857055664062, -925.096435546875, -876.4071044921875, -827.7178344726562, -779.028564453125, -730.3392944335938, -681.6500244140625, -632.960693359375, -584.2714233398438, -535.5821533203125, -486.8928527832031, -438.20355224609375, -389.5142822265625, -340.82501220703125, -292.1357116699219, -243.44642639160156, -194.75714111328125, -146.06785583496094, -97.37857055664062, -48.68928527832031, 0.0]}, "gradients/graph_41linear.0.bias": {"_type": "histogram", "values": [1.0, 0.0, 0.0, 1.0, 0.0, 0.0, 0.0, 0.0, 0.0, 0.0, 0.0, 0.0, 0.0, 0.0, 0.0, 0.0, 0.0, 1.0, 0.0, 0.0, 0.0, 1.0, 0.0, 0.0, 0.0, 0.0, 0.0, 0.0, 0.0, 0.0, 0.0, 0.0, 0.0, 0.0, 0.0, 0.0, 0.0, 0.0, 0.0, 0.0, 0.0, 0.0, 0.0, 0.0, 0.0, 0.0, 0.0, 0.0, 0.0, 0.0, 0.0, 0.0, 0.0, 0.0, 0.0, 0.0, 0.0, 0.0, 0.0, 0.0, 0.0, 0.0, 0.0, 28.0], "bins": [-683.56494140625, -672.8842163085938, -662.2035522460938, -651.5228271484375, -640.8421630859375, -630.1614379882812, -619.480712890625, -608.800048828125, -598.1193237304688, -587.4385986328125, -576.7579345703125, -566.0772094726562, -555.396484375, -544.7158203125, -534.0350952148438, -523.3543701171875, -512.6737060546875, -501.9930114746094, -491.31231689453125, -480.631591796875, -469.9508972167969, -459.27020263671875, -448.5894775390625, -437.9087829589844, -427.22808837890625, -416.5473937988281, -405.86669921875, -395.18597412109375, -384.5052795410156, -373.8245849609375, -363.14385986328125, -352.4631652832031, -341.782470703125, -331.1017761230469, -320.42108154296875, -309.7403564453125, -299.0596618652344, -288.37896728515625, -277.6982421875, -267.0175476074219, -256.33685302734375, -245.65615844726562, -234.97544860839844, -224.29473876953125, -213.61404418945312, -202.933349609375, -192.2526397705078, -181.57192993164062, -170.8912353515625, -160.21054077148438, -149.5298309326172, -138.84912109375, -128.16842651367188, -117.48772430419922, -106.80702209472656, -96.1263198852539, -85.44561767578125, -74.7649154663086, -64.08421325683594, -53.40351104736328, -42.722808837890625, -32.04210662841797, -21.361404418945312, -10.680702209472656, 0.0]}, "gradients/graph_41linear.0.weight": {"_type": "histogram",