{"Linear loss": 11217.640625, "_timestamp": 1715768518.1549897, "_runtime": 65.13320970535278, "_step": 1809, "gradients/graph_10linear.5.bias": {"_type": "histogram", "values": [4.0, 0.0, 0.0, 1.0, 0.0, 0.0, 1.0, 0.0, 0.0, 0.0, 0.0, 0.0, 0.0, 0.0, 0.0, 0.0, 0.0, 0.0, 0.0, 0.0, 0.0, 0.0, 0.0, 0.0, 0.0, 0.0, 0.0, 0.0, 13.0, 0.0, 0.0, 3.0, 55.0, 0.0, 0.0, 11.0, 0.0, 0.0, 0.0, 0.0, 0.0, 0.0, 0.0, 0.0, 0.0, 0.0, 0.0, 0.0, 0.0, 0.0, 0.0, 0.0, 0.0, 0.0, 0.0, 0.0, 0.0, 0.0, 0.0, 0.0, 5.0, 0.0, 0.0, 3.0], "bins": [-200.0, -193.75, -187.5, -181.25, -175.0, -168.75, -162.5, -156.25, -150.0, -143.75, -137.5, -131.25, -125.0, -118.75, -112.5, -106.25, -100.0, -93.75, -87.5, -81.25, -75.0, -68.75, -62.5, -56.25, -50.0, -43.75, -37.5, -31.25, -25.0, -18.75, -12.5, -6.25, 0.0, 6.25, 12.5, 18.75, 25.0, 31.25, 37.5, 43.75, 50.0, 56.25, 62.5, 68.75, 75.0, 81.25, 87.5, 93.75, 100.0, 106.25, 112.5, 118.75, 125.0, 131.25, 137.5, 143.75, 150.0, 156.25, 162.5, 168.75, 175.0, 181.25, 187.5, 193.75, 200.0]}, "gradients/graph_10linear.5.weight": {"_type": "histogram", "values": [4.0, 0.0, 0.0, 1.0, 0.0, 0.0, 1.0, 0.0, 0.0, 4.0, 0.0, 1.0, 0.0, 1.0, 0.0, 0.0, 0.0, 0.0, 0.0, 0.0, 0.0, 0.0, 0.0, 0.0, 0.0, 4.0, 5.0, 3.0, 13.0, 13.0, 0.0, 60.0, 5980.0, 0.0, 11.0, 11.0, 5.0, 8.0, 3.0, 0.0, 0.0, 0.0, 0.0, 0.0, 0.0, 0.0, 0.0, 0.0, 0.0, 0.0, 0.0, 0.0, 5.0, 0.0, 3.0, 0.0, 0.0, 0.0, 0.0, 0.0, 5.0, 0.0, 0.0, 3.0], "bins": [-3180.723876953125, -3081.326171875, -2981.9287109375, -2882.531005859375, -2783.13330078125, -2683.73583984375, -2584.338134765625, -2484.9404296875, -2385.54296875, -2286.145263671875, -2186.74755859375, -2087.35009765625, -1987.952392578125, -1888.5548095703125, -1789.1572265625, -1689.759521484375, -1590.3619384765625, -1490.96435546875, -1391.566650390625, -1292.1690673828125, -1192.771484375, -1093.373779296875, -993.976318359375, -894.57861328125, -795.180908203125, -695.783447265625, -596.3857421875, -496.988037109375, -397.590576171875, -298.19287109375, -198.795166015625, -99.397705078125, 0.0, 99.397705078125, 198.795166015625, 298.19287109375, 397.590576171875, 496.988037109375, 596.3857421875, 695.783447265625, 795.180908203125, 894.57861328125, 993.976318359375, 1093.373779296875, 1192.771484375, 1292.1690673828125, 1391.566650390625, 1490.96435546875, 1590.3619384765625, 1689.759521484375, 1789.1572265625, 1888.5548095703125, 1987.952392578125, 2087.35009765625, 2186.74755859375, 2286.145263671875, 2385.54296875, 2484.9404296875, 2584.338134765625, 2683.73583984375, 2783.13330078125, 2882.531005859375, 2981.9287109375, 3081.326171875, 3180.723876953125]}, "gradients/graph_10linear.3.bias": {"_type": "histogram", "values": [1.0, 0.0, 0.0, 0.0, 0.0, 0.0, 59.0, 0.0, 0.0, 0.0, 0.0, 1.0, 0.0, 0.0, 0.0, 0.0, 1.0, 0.0, 0.0, 1.0, 0.0, 0.0, 0.0, 0.0, 0.0, 0.0, 0.0, 0.0, 0.0, 0.0, 0.0, 0.0, 0.0, 0.0, 0.0, 0.0, 0.0, 0.0, 0.0, 0.0, 0.0, 0.0, 0.0, 0.0, 0.0, 0.0, 0.0, 0.0, 0.0, 0.0, 0.0, 0.0, 0.0, 0.0, 0.0, 0.0, 0.0, 0.0, 0.0, 0.0, 0.0, 0.0, 0.0, 1.0], "bins": [-93.4233169555664, -79.99662017822266, -66.56991577148438, -53.143218994140625, -39.716522216796875, -26.289825439453125, -12.863121032714844, 0.5635757446289062, 13.990272521972656, 27.416969299316406, 40.843666076660156, 54.270362854003906, 67.69707489013672, 81.12377166748047, 94.55046844482422, 107.97716522216797, 121.40386199951172, 134.83056640625, 148.25726318359375, 161.6839599609375, 175.11065673828125, 188.537353515625, 201.96405029296875, 215.3907470703125, 228.81747436523438, 242.24417114257812, 255.67086791992188, 269.0975646972656, 282.5242614746094, 295.9509582519531, 309.3776550292969, 322.8043518066406, 336.23101806640625, 349.65771484375, 363.08441162109375, 376.5111083984375, 389.93780517578125, 403.364501953125, 416.79119873046875, 430.2178955078125, 443.64459228515625, 457.0713195800781, 470.4980163574219, 483.9247131347656, 497.3514099121094, 510.7781066894531, 524.204833984375, 537.6314697265625, 551.0582275390625, 564.48486328125, 577.91162109375, 591.3382568359375, 604.7650146484375, 618.1917114257812, 631.618408203125, 645.0451049804688, 658.4718017578125, 671.8984985351562, 685.3251953125, 698.7518920898438, 712.1785888671875, 725.6052856445312, 739.031982421875, 752.4586791992188, 765.8853759765625]}, "gradients/graph_10linear.3.weight": {"_type": "histogram", "values": [2.0, 0.0, 0.0, 0.0, 0.0, 2.0, 4072.0, 3.0, 4.0, 1.0, 2.0, 1.0, 1.0, 0.0, 1.0, 1.0, 1.0, 0.0, 1.0, 1.0, 0.0, 1.0, 0.0, 0.0, 0.0, 0.0, 0.0, 0.0, 0.0, 0.0, 0.0, 0.0, 0.0, 0.0, 0.0, 0.0, 0.0, 0.0, 0.0, 0.0, 0.0, 0.0, 0.0, 0.0, 0.0, 0.0, 0.0, 0.0, 0.0, 0.0, 0.0, 0.0, 0.0, 0.0, 0.0, 0.0, 0.0, 0.0, 0.0, 0.0, 1.0, 0.0, 0.0, 1.0], "bins": [-1440.964599609375, -1233.8707275390625, -1026.77685546875, -819.6829223632812, -612.5890502929688, -405.4951171875, -198.4012451171875, 8.692626953125, 215.7864990234375, 422.88037109375, 629.974365234375, 837.068115234375, 1044.162109375, 1251.255859375, 1458.349853515625, 1665.443603515625, 1872.53759765625, 2079.631591796875, 2286.725341796875, 2493.8193359375, 2700.913330078125, 2908.007080078125, 3115.100830078125, 3322.194580078125, 3529.288818359375, 3736.382568359375, 3943.476318359375, 4150.5703125, 4357.6640625, 4564.7578125, 4771.8515625, 4978.9462890625, 5186.03955078125, 5393.13330078125, 5600.2275390625, 5807.3212890625, 6014.4150390625, 6221.5087890625, 6428.60302734375, 6635.69677734375, 6842.79052734375, 7049.884765625, 7256.978515625, 7464.072265625, 7671.166015625, 7878.259765625, 8085.35400390625, 8292.447265625, 8499.5419921875, 8706.6357421875, 8913.7294921875, 9120.8232421875, 9327.9169921875, 9535.01171875, 9742.10546875, 9949.19921875, 10156.29296875, 10363.38671875, 10570.48046875, 10777.57421875, 10984.66796875, 11191.7626953125, 11398.8564453125, 11605.9501953125, 11813.0439453125]}, "gradients/graph_10linear.0.bias": {"_type": "histogram", "values": [1.0, 0.0, 0.0, 0.0, 0.0, 0.0, 0.0, 0.0, 0.0, 0.0, 0.0, 0.0, 0.0, 0.0, 0.0, 0.0, 0.0, 0.0, 0.0, 0.0, 0.0, 1.0, 0.0, 0.0, 0.0, 0.0, 0.0, 0.0, 0.0, 0.0, 0.0, 0.0, 0.0, 0.0, 0.0, 0.0, 0.0, 0.0, 0.0, 59.0, 0.0, 0.0, 2.0, 0.0, 0.0, 0.0, 0.0, 0.0, 0.0, 0.0, 0.0, 0.0, 0.0, 0.0, 0.0, 0.0, 0.0, 0.0, 0.0, 0.0, 0.0, 0.0, 0.0, 1.0], "bins": [-779.6066284179688, -759.8573608398438, -740.108154296875, -720.35888671875, -700.609619140625, -680.8603515625, -661.1111450195312, -641.3618774414062, -621.6126098632812, -601.8634033203125, -582.1141357421875, -562.3648681640625, -542.6156005859375, -522.8663330078125, -503.11712646484375, -483.36785888671875, -463.6186218261719, -443.869384765625, -424.1201171875, -404.3708801269531, -384.6216125488281, -364.87237548828125, -345.12310791015625, -325.3738708496094, -305.6246337890625, -285.8753662109375, -266.1260986328125, -246.37689208984375, -226.62762451171875, -206.87835693359375, -187.12908935546875, -167.3798828125, -147.63064575195312, -127.88137817382812, -108.13217163085938, -88.38290405273438, -68.63363647460938, -48.884368896484375, -29.135162353515625, -9.385894775390625, 10.363372802734375, 30.11260986328125, 49.861846923828125, 69.61111450195312, 89.3603515625, 109.109619140625, 128.85885620117188, 148.60812377929688, 168.35736083984375, 188.10659790039062, 207.85586547851562, 227.6051025390625, 247.3543701171875, 267.1036071777344, 286.85284423828125, 306.60211181640625, 326.35137939453125, 346.1006164550781, 365.849853515625, 385.59912109375, 405.3483581542969, 425.0976257324219, 444.84686279296875, 464.59613037109375, 484.3453674316406]}, "gradients/graph_10linear.0.weight": {"_type": "histogram", "values": [1.0, 0.0, 0.0, 0.0, 0.0, 0.0, 0.0, 0.0, 0.0, 7.0, 6.0, 9.0, 5.0, 9.0, 14.0, 15.0, 7.0, 7.0, 9.0, 10.0, 12.0, 6.0, 7.0, 6.0, 6.0, 5.0, 2.0, 39.0, 160.0, 79.0, 8511.0, 7.0, 5.0, 5.0, 9.0, 8.0, 9.0, 19.0, 15.0, 12.0, 13.0, 28.0, 14.0, 10.0, 14.0, 15.0, 9.0, 4.0, 6.0, 7.0, 3.0, 3.0, 5.0, 5.0, 16.0, 6.0, 8.0, 3.0, 4.0, 3.0, 6.0, 2.0, 7.0, 4.0],