{"Linear loss": 8482.0615234375, "_timestamp": 1715772502.2945967, "_runtime": 300.5078947544098, "_step": 5429, "gradients/graph_24linear.5.bias": {"_type": "histogram", "values": [6.0, 0.0, 0.0, 4.0, 0.0, 0.0, 0.0, 0.0, 0.0, 0.0, 0.0, 0.0, 0.0, 0.0, 0.0, 0.0, 0.0, 0.0, 0.0, 0.0, 0.0, 0.0, 0.0, 0.0, 0.0, 0.0, 0.0, 0.0, 11.0, 0.0, 0.0, 4.0, 51.0, 0.0, 0.0, 12.0, 0.0, 0.0, 0.0, 0.0, 0.0, 0.0, 0.0, 0.0, 0.0, 0.0, 0.0, 0.0, 0.0, 0.0, 0.0, 0.0, 0.0, 0.0, 0.0, 0.0, 0.0, 0.0, 0.0, 0.0, 3.0, 0.0, 0.0, 5.0], "bins": [-200.0, -193.75, -187.5, -181.25, -175.0, -168.75, -162.5, -156.25, -150.0, -143.75, -137.5, -131.25, -125.0, -118.75, -112.5, -106.25, -100.0, -93.75, -87.5, -81.25, -75.0, -68.75, -62.5, -56.25, -50.0, -43.75, -37.5, -31.25, -25.0, -18.75, -12.5, -6.25, 0.0, 6.25, 12.5, 18.75, 25.0, 31.25, 37.5, 43.75, 50.0, 56.25, 62.5, 68.75, 75.0, 81.25, 87.5, 93.75, 100.0, 106.25, 112.5, 118.75, 125.0, 131.25, 137.5, 143.75, 150.0, 156.25, 162.5, 168.75, 175.0, 181.25, 187.5, 193.75, 200.0]}, "gradients/graph_24linear.5.weight": {"_type": "histogram", "values": [6.0, 0.0, 0.0, 4.0, 0.0, 0.0, 0.0, 0.0, 0.0, 0.0, 0.0, 0.0, 0.0, 0.0, 0.0, 0.0, 0.0, 0.0, 0.0, 0.0, 0.0, 0.0, 0.0, 0.0, 0.0, 6.0, 4.0, 0.0, 11.0, 0.0, 0.0, 44.0, 12185.0, 0.0, 0.0, 12.0, 0.0, 3.0, 5.0, 0.0, 0.0, 0.0, 0.0, 0.0, 0.0, 0.0, 0.0, 0.0, 0.0, 0.0, 0.0, 0.0, 0.0, 0.0, 0.0, 0.0, 0.0, 0.0, 0.0, 0.0, 3.0, 0.0, 0.0, 5.0], "bins": [-5379.75439453125, -5211.63720703125, -5043.51953125, -4875.40234375, -4707.28515625, -4539.16796875, -4371.05029296875, -4202.93310546875, -4034.81591796875, -3866.698486328125, -3698.5810546875, -3530.4638671875, -3362.346435546875, -3194.229248046875, -3026.11181640625, -2857.99462890625, -2689.877197265625, -2521.759765625, -2353.642578125, -2185.525146484375, -2017.407958984375, -1849.29052734375, -1681.17333984375, -1513.055908203125, -1344.9384765625, -1176.8212890625, -1008.7041015625, -840.58642578125, -672.46923828125, -504.35205078125, -336.23486328125, -168.1171875, 0.0, 168.1171875, 336.23486328125, 504.35205078125, 672.46923828125, 840.58642578125, 1008.7041015625, 1176.8212890625, 1344.9384765625, 1513.055908203125, 1681.17333984375, 1849.29052734375, 2017.407958984375, 2185.525146484375, 2353.642578125, 2521.759765625, 2689.877197265625, 2857.99462890625, 3026.11181640625, 3194.229248046875, 3362.346435546875, 3530.4638671875, 3698.5810546875, 3866.698486328125, 4034.81591796875, 4202.93310546875, 4371.05029296875, 4539.16796875, 4707.28515625, 4875.40234375, 5043.51953125, 5211.63720703125, 5379.75439453125]}, "gradients/graph_24linear.3.bias": {"_type": "histogram", "values": [1.0, 0.0, 0.0, 0.0, 0.0, 0.0, 0.0, 0.0, 0.0, 0.0, 0.0, 0.0, 0.0, 0.0, 0.0, 0.0, 0.0, 0.0, 0.0, 0.0, 0.0, 0.0, 0.0, 0.0, 0.0, 0.0, 0.0, 0.0, 0.0, 0.0, 0.0, 0.0, 0.0, 0.0, 0.0, 0.0, 0.0, 0.0, 0.0, 0.0, 0.0, 0.0, 0.0, 0.0, 0.0, 0.0, 0.0, 0.0, 0.0, 0.0, 0.0, 0.0, 0.0, 0.0, 0.0, 0.0, 0.0, 125.0, 0.0, 0.0, 0.0, 1.0, 0.0, 1.0], "bins": [-138.4879150390625, -136.0943603515625, -133.70082092285156, -131.30726623535156, -128.91371154785156, -126.5201644897461, -124.1266098022461, -121.73306274414062, -119.33950805664062, -116.94596099853516, -114.55241394042969, -112.15885925292969, -109.76531219482422, -107.37175750732422, -104.97821044921875, -102.58465576171875, -100.19110870361328, -97.79756164550781, -95.40400695800781, -93.01045227050781, -90.61690521240234, -88.22335815429688, -85.82980346679688, -83.4362564086914, -81.04270935058594, -78.64915466308594, -76.25559997558594, -73.86205291748047, -71.468505859375, -69.074951171875, -66.68140411376953, -64.28784942626953, -61.8942985534668, -59.50075149536133, -57.10719680786133, -54.71364974975586, -52.32009506225586, -49.92654800415039, -47.532997131347656, -45.13944625854492, -42.74589538574219, -40.35234451293945, -37.95879364013672, -35.565242767333984, -33.171695709228516, -30.77814483642578, -28.384593963623047, -25.991043090820312, -23.597492218017578, -21.203941345214844, -18.81039047241211, -16.416841506958008, -14.023290634155273, -11.629739761352539, -9.236190795898438, -6.842639923095703, -4.449089050292969, -2.0555381774902344, 0.3380117416381836, 2.7315616607666016, 5.125112533569336, 7.518662929534912, 9.912213325500488, 12.305763244628906, 14.69931411743164]}, "gradients/graph_24linear.3.weight": {"_type": "histogram", "values": [1.0, 0.0, 0.0, 0.0, 0.0, 0.0, 0.0, 0.0, 0.0, 0.0, 0.0, 0.0, 0.0, 1.0, 0.0, 0.0, 1.0, 0.0, 0.0, 1.0, 1.0, 0.0, 1.0, 0.0, 0.0, 0.0, 1.0, 1.0, 0.0, 0.0, 1.0, 1.0, 0.0, 1.0, 1.0, 0.0, 0.0, 0.0, 0.0, 0.0, 0.0, 1.0, 0.0, 0.0, 0.0, 0.0, 0.0, 0.0, 1.0, 0.0, 0.0, 0.0, 0.0, 0.0, 0.0, 0.0, 0.0, 16342.0, 2.0, 6.0, 10.0, 7.0, 2.0, 1.0], "bins": [-5973.34619140625, -5870.10595703125, -5766.8662109375, -5663.6259765625, -5560.3857421875, -5457.1455078125, -5353.90576171875, -5250.66552734375, -5147.42529296875, -5044.185546875, -4940.9453125, -4837.705078125, -4734.46484375, -4631.22509765625, -4527.98486328125, -4424.74462890625, -4321.5048828125, -4218.2646484375, -4115.0244140625, -4011.7841796875, -3908.544189453125, -3805.30419921875, -3702.06396484375, -3598.823974609375, -3495.583984375, -3392.34375, -3289.103759765625, -3185.863525390625, -3082.62353515625, -2979.38330078125, -2876.143310546875, -2772.903076171875, -2669.6630859375, -2566.42333984375, -2463.18310546875, -2359.94287109375, -2256.70263671875, -2153.462890625, -2050.22265625, -1946.9825439453125, -1843.7423095703125, -1740.5023193359375, -1637.2623291015625, -1534.0220947265625, -1430.7821044921875, -1327.5419921875, -1224.3018798828125, -1121.061767578125, -1017.8216552734375, -914.58154296875, -811.3414306640625, -708.101318359375, -604.8612060546875, -501.6212158203125, -398.381103515625, -295.1409912109375, -191.90087890625, -88.6607666015625, 14.579345703125, 117.81939697265625, 221.05950927734375, 324.29962158203125, 427.5397033691406, 530.77978515625, 634.0198974609375]}, "gradients/graph_24linear.0.bias": {"_type": "histogram", "values": [1.0, 0.0, 0.0, 0.0, 0.0, 0.0, 0.0, 0.0, 0.0, 0.0, 0.0, 0.0, 0.0, 0.0, 0.0, 0.0, 0.0, 0.0, 0.0, 0.0, 0.0, 0.0, 0.0, 1.0, 1.0, 0.0, 1.0, 1.0, 0.0, 0.0, 0.0, 0.0, 1.0, 2.0, 114.0, 0.0, 0.0, 0.0, 1.0, 0.0, 1.0, 1.0, 1.0, 1.0, 0.0, 0.0, 0.0, 0.0, 0.0, 0.0, 0.0, 0.0, 0.0, 0.0, 0.0, 0.0, 0.0, 0.0, 0.0, 0.0, 0.0, 0.0, 0.0, 1.0], "bins": [-256.88409423828125, -249.3480682373047, -241.81204223632812, -234.27601623535156, -226.739990234375, -219.2039794921875, -211.66795349121094, -204.13192749023438, -196.5959014892578, -189.05987548828125, -181.5238494873047, -173.98782348632812, -166.45181274414062, -158.915771484375, -151.3797607421875, -143.84373474121094, -136.30770874023438, -128.7716827392578, -121.23565673828125, -113.69963073730469, -106.16360473632812, -98.62759399414062, -91.09156799316406, -83.5555419921875, -76.01951599121094, -68.48348999023438, -60.94746398925781, -53.41143798828125, -45.87542724609375, -38.33940124511719, -30.803375244140625, -23.267349243164062, -15.7313232421875, -8.195297241210938, -0.659271240234375, 6.8767547607421875, 14.41278076171875, 21.94879150390625, 29.484817504882812, 37.020843505859375, 44.55686950683594, 52.0928955078125, 59.62892150878906, 67.16494750976562, 74.70095825195312, 82.23698425292969, 89.77301025390625, 97.30903625488281, 104.84506225585938, 112.38108825683594, 119.9171142578125, 127.45313262939453, 134.98916625976562, 142.52517700195312, 150.0612030029297, 157.59722900390625, 165.1332550048828, 172.66928100585938, 180.20530700683594, 187.7413330078125, 195.27734375, 202.81336975097656, 210.34939575195312, 217.8854217529297, 225.42144775390625]}, "gradients/graph_24linear.0.weight": {"_type": "histogram",