{"gradients/graph_23linear.5.bias": {"_type": "histogram", "values": [2.0, 0.0, 2.0, 1.0, 0.0, 3.0, 3.0, 2.0, 10.0, 4.0, 6.0, 5.0, 4.0, 5.0, 1.0, 24.0, 0.0, 0.0, 0.0, 0.0, 1.0, 1.0, 1.0, 0.0, 2.0, 1.0, 2.0, 4.0, 3.0, 1.0, 0.0, 0.0, 2.0, 0.0, 0.0, 0.0, 0.0, 0.0, 1.0, 0.0, 0.0, 1.0, 0.0, 0.0, 0.0, 0.0, 0.0, 0.0, 0.0, 0.0, 0.0, 0.0, 0.0, 0.0, 0.0, 0.0, 0.0, 2.0, 0.0, 1.0, 0.0, 0.0, 0.0, 1.0], "bins": [-0.4723043441772461, -0.44589948654174805, -0.41949462890625, -0.39308977127075195, -0.3666849136352539, -0.34028005599975586, -0.3138751685619354, -0.2874703109264374, -0.26106545329093933, -0.23466059565544128, -0.20825573801994324, -0.1818508803844452, -0.15544599294662476, -0.1290411353111267, -0.10263627767562866, -0.07623142004013062, -0.04982656240463257, -0.02342170476913452, 0.0029831528663635254, 0.029388010501861572, 0.05579286813735962, 0.08219772577285767, 0.10860258340835571, 0.13500744104385376, 0.16141235828399658, 0.18781721591949463, 0.21422207355499268, 0.24062693119049072, 0.26703178882598877, 0.2934366464614868, 0.31984150409698486, 0.3462463617324829, 0.37265121936798096, 0.399056077003479, 0.42546093463897705, 0.4518657922744751, 0.47827064990997314, 0.5046755075454712, 0.5310803651809692, 0.5574852228164673, 0.5838900804519653, 0.6102949976921082, 0.6366998553276062, 0.6631047129631042, 0.6895095705986023, 0.7159144282341003, 0.7423192858695984, 0.7687241435050964, 0.7951290011405945, 0.8215338587760925, 0.8479387164115906, 0.8743435740470886, 0.9007484316825867, 0.9271533489227295, 0.9535582065582275, 0.9799630641937256, 1.0063679218292236, 1.0327727794647217, 1.0591776371002197, 1.0855824947357178, 1.1119873523712158, 1.1383922100067139, 1.164797067642212, 1.19120192527771, 1.217606782913208]}, "_timestamp": 1715780940.6353192, "gradients/graph_23linear.5.weight": {"_type": "histogram", "values": [2.0, 0.0, 2.0, 1.0, 0.0, 3.0, 3.0, 2.0, 10.0, 4.0, 8.0, 8.0, 10.0, 22.0, 21.0, 60.0, 64.0, 2739.0, 30.0, 13.0, 13.0, 9.0, 12.0, 2.0, 5.0, 1.0, 2.0, 5.0, 4.0, 3.0, 1.0, 1.0, 2.0, 0.0, 0.0, 2.0, 1.0, 0.0, 2.0, 0.0, 0.0, 1.0, 0.0, 0.0, 0.0, 0.0, 0.0, 0.0, 0.0, 0.0, 0.0, 0.0, 0.0, 0.0, 0.0, 0.0, 0.0, 2.0, 0.0, 1.0, 0.0, 0.0, 0.0, 1.0], "bins": [-13.586893081665039, -12.827298164367676, -12.067703247070312, -11.308107376098633, -10.548513412475586, -9.788917541503906, -9.029322624206543, -8.26972770690918, -7.510132789611816, -6.750537872314453, -5.99094295501709, -5.231348037719727, -4.471752166748047, -3.7121572494506836, -2.9525623321533203, -2.192967414855957, -1.4333724975585938, -0.6737775802612305, 0.08581733703613281, 0.8454122543334961, 1.6050071716308594, 2.364603042602539, 3.124197006225586, 3.8837928771972656, 4.643388748168945, 5.402982711791992, 6.162578582763672, 6.922172546386719, 7.681768417358398, 8.441362380981445, 9.200958251953125, 9.960552215576172, 10.720146179199219, 11.479742050170898, 12.239336013793945, 12.998931884765625, 13.758525848388672, 14.518121719360352, 15.277715682983398, 16.037311553955078, 16.796905517578125, 17.556501388549805, 18.316097259521484, 19.07569122314453, 19.83528709411621, 20.59488296508789, 21.354476928710938, 22.114070892333984, 22.873666763305664, 23.633262634277344, 24.39285659790039, 25.152450561523438, 25.912046432495117, 26.671642303466797, 27.431236267089844, 28.190832138061523, 28.950428009033203, 29.71002197265625, 30.469615936279297, 31.229211807250977, 31.988807678222656, 32.7484016418457, 33.50799560546875, 34.26759338378906, 35.02718734741211]}, "gradients/graph_23linear.3.bias": {"_type": "histogram", "values": [1.0, 0.0, 0.0, 0.0, 0.0, 0.0, 0.0, 0.0, 0.0, 0.0, 0.0, 0.0, 0.0, 0.0, 0.0, 0.0, 0.0, 0.0, 0.0, 0.0, 0.0, 0.0, 0.0, 0.0, 0.0, 1.0, 0.0, 0.0, 0.0, 0.0, 0.0, 0.0, 0.0, 0.0, 0.0, 0.0, 1.0, 0.0, 0.0, 0.0, 1.0, 0.0, 0.0, 0.0, 1.0, 0.0, 0.0, 0.0, 0.0, 0.0, 0.0, 0.0, 0.0, 0.0, 0.0, 0.0, 0.0, 0.0, 0.0, 0.0, 0.0, 0.0, 0.0, 27.0], "bins": [-16.842504501342773, -16.5793399810791, -16.31617546081543, -16.05301284790039, -15.789848327636719, -15.526683807373047, -15.263519287109375, -15.00035572052002, -14.737191200256348, -14.474027633666992, -14.21086311340332, -13.947698593139648, -13.684535026550293, -13.421370506286621, -13.158206939697266, -12.895042419433594, -12.631877899169922, -12.368714332580566, -12.105550765991211, -11.842386245727539, -11.579221725463867, -11.316057205200195, -11.05289363861084, -10.789730072021484, -10.526565551757812, -10.26340103149414, -10.000236511230469, -9.737072944641113, -9.473909378051758, -9.210744857788086, -8.947580337524414, -8.684416770935059, -8.421252250671387, -8.158087730407715, -7.894924163818359, -7.6317596435546875, -7.368595600128174, -7.10543155670166, -6.8422675132751465, -6.579103469848633, -6.315938949584961, -6.052774906158447, -5.789610862731934, -5.52644681930542, -5.263282775878906, -5.000118732452393, -4.736954212188721, -4.473790168762207, -4.210626125335693, -3.9474620819091797, -3.684297800064087, -3.4211337566375732, -3.1579694747924805, -2.894805431365967, -2.631641387939453, -2.3684771060943604, -2.1053130626678467, -1.8421489000320435, -1.5789847373962402, -1.3158206939697266, -1.0526565313339233, -0.7894923686981201, -0.5263282656669617, -0.26316413283348083, 0.0]}, "gradients/graph_23linear.3.weight": {"_type": "histogram", "values": [1.0, 0.0, 0.0, 0.0, 0.0, 0.0, 0.0, 0.0, 0.0, 0.0, 1.0, 0.0, 0.0, 0.0, 0.0, 0.0, 0.0, 0.0, 0.0, 0.0, 0.0, 0.0, 0.0, 0.0, 0.0, 1.0, 0.0, 1.0, 0.0, 0.0, 0.0, 1.0, 0.0, 0.0, 0.0, 0.0, 1.0, 1.0, 0.0, 1.0, 2.0, 0.0, 1.0, 0.0, 2.0, 0.0, 0.0, 1.0, 2.0, 1.0, 1.0, 0.0, 2.0, 1.0, 1.0, 2.0, 1.0, 0.0, 0.0, 0.0, 0.0, 0.0, 0.0, 999.0], "bins": [-425.22589111328125, -418.58172607421875, -411.9375915527344, -405.2934265136719, -398.6492614746094, -392.005126953125, -385.3609619140625, -378.716796875, -372.0726623535156, -365.4284973144531, -358.78436279296875, -352.14019775390625, -345.49603271484375, -338.85186767578125, -332.2077331542969, -325.5635681152344, -318.91943359375, -312.2752685546875, -305.631103515625, -298.9869384765625, -292.3428039550781, -285.6986389160156, -279.05450439453125, -272.41033935546875, -265.76617431640625, -259.12200927734375, -252.47787475585938, -245.83372497558594, -239.18955993652344, -232.54541015625, -225.90126037597656, -219.25709533691406, -212.61294555664062, -205.9687957763672, -199.3246307373047, -192.68048095703125, -186.0363311767578, -179.3921661376953, -172.74801635742188, -166.10386657714844, -159.459716796875, -152.8155517578125, -146.17140197753906, -139.52725219726562, -132.88308715820312, -126.23893737792969, -119.59477996826172, -112.95063018798828, -106.30647277832031, -99.66231536865234, -93.0181655883789, -86.37400817871094, -79.7298583984375, -73.08570098876953, -66.44154357910156, -59.79738998413086, -53.153236389160156, -46.50908279418945, -39.86492919921875, -33.22077178955078, -26.576618194580078, -19.932464599609375, -13.288309097290039, -6.6441545486450195, 0.0]}, "gradients/graph_23linear.0.bias": {"_type": "histogram", "values": [1.0, 0.0, 0.0, 0.0, 0.0, 0.0, 0.0, 0.0, 0.0, 0.0, 0.0, 0.0, 0.0, 0.0, 0.0, 0.0, 0.0, 0.0, 0.0, 1.0, 0.0, 0.0, 0.0, 0.0, 0.0, 0.0, 0.0, 0.0, 0.0, 0.0, 0.0, 0.0, 0.0, 0.0, 0.0, 0.0, 1.0, 0.0, 0.0, 0.0, 0.0, 27.0, 0.0, 0.0, 1.0, 0.0, 0.0, 0.0, 0.0, 0.0, 0.0, 0.0, 0.0, 0.0, 0.0, 0.0, 0.0, 0.0, 0.0, 0.0, 0.0, 0.0, 0.0, 1.0],