{"Linear loss": 14345.9453125, "_timestamp": 1715769917.5459492, "_runtime": 313.1138961315155, "_step": 3619, "gradients/graph_15linear.5.bias": {"_type": "histogram", "values": [7.0, 0.0, 0.0, 3.0, 0.0, 0.0, 0.0, 0.0, 0.0, 0.0, 0.0, 0.0, 0.0, 0.0, 0.0, 0.0, 0.0, 0.0, 0.0, 0.0, 0.0, 0.0, 0.0, 0.0, 0.0, 0.0, 0.0, 0.0, 13.0, 0.0, 0.0, 2.0, 39.0, 0.0, 0.0, 16.0, 0.0, 0.0, 0.0, 0.0, 0.0, 0.0, 0.0, 0.0, 0.0, 0.0, 0.0, 0.0, 0.0, 0.0, 0.0, 0.0, 0.0, 0.0, 0.0, 0.0, 0.0, 1.0, 0.0, 0.0, 4.0, 0.0, 0.0, 11.0], "bins": [-200.0, -193.75, -187.5, -181.25, -175.0, -168.75, -162.5, -156.25, -150.0, -143.75, -137.5, -131.25, -125.0, -118.75, -112.5, -106.25, -100.0, -93.75, -87.5, -81.25, -75.0, -68.75, -62.5, -56.25, -50.0, -43.75, -37.5, -31.25, -25.0, -18.75, -12.5, -6.25, 0.0, 6.25, 12.5, 18.75, 25.0, 31.25, 37.5, 43.75, 50.0, 56.25, 62.5, 68.75, 75.0, 81.25, 87.5, 93.75, 100.0, 106.25, 112.5, 118.75, 125.0, 131.25, 137.5, 143.75, 150.0, 156.25, 162.5, 168.75, 175.0, 181.25, 187.5, 193.75, 200.0]}, "gradients/graph_15linear.5.weight": {"_type": "histogram", "values": [7.0, 0.0, 0.0, 10.0, 0.0, 0.0, 17.0, 0.0, 3.0, 10.0, 7.0, 10.0, 10.0, 10.0, 3.0, 10.0, 7.0, 6.0, 7.0, 17.0, 6.0, 7.0, 10.0, 3.0, 0.0, 7.0, 10.0, 3.0, 20.0, 91.0, 104.0, 105.0, 2012.0, 128.0, 117.0, 27.0, 5.0, 16.0, 11.0, 1.0, 5.0, 16.0, 13.0, 8.0, 28.0, 11.0, 9.0, 12.0, 16.0, 5.0, 16.0, 15.0, 17.0, 11.0, 16.0, 4.0, 0.0, 27.0, 0.0, 0.0, 15.0, 0.0, 0.0, 11.0], "bins": [-622.8872680664062, -603.4220581054688, -583.956787109375, -564.4915771484375, -545.0263671875, -525.5611572265625, -506.09588623046875, -486.63067626953125, -467.16546630859375, -447.7002258300781, -428.2349853515625, -408.769775390625, -389.3045349121094, -369.83929443359375, -350.37408447265625, -330.90887451171875, -311.4436340332031, -291.9783935546875, -272.51318359375, -253.04794311523438, -233.58273315429688, -214.11749267578125, -194.65228271484375, -175.18704223632812, -155.7218017578125, -136.256591796875, -116.79135131835938, -97.32611083984375, -77.86090087890625, -58.39569091796875, -38.93048095703125, -19.4652099609375, 0.0, 19.4652099609375, 38.93048095703125, 58.39569091796875, 77.86090087890625, 97.32611083984375, 116.79135131835938, 136.256591796875, 155.7218017578125, 175.18704223632812, 194.65228271484375, 214.11749267578125, 233.58273315429688, 253.04794311523438, 272.51318359375, 291.9783935546875, 311.4436340332031, 330.90887451171875, 350.37408447265625, 369.83929443359375, 389.3045349121094, 408.769775390625, 428.2349853515625, 447.7002258300781, 467.16546630859375, 486.63067626953125, 506.09588623046875, 525.5611572265625, 545.0263671875, 564.4915771484375, 583.956787109375, 603.4220581054688, 622.8872680664062]}, "gradients/graph_15linear.3.bias": {"_type": "histogram", "values": [1.0, 0.0, 0.0, 0.0, 1.0, 0.0, 0.0, 0.0, 0.0, 0.0, 0.0, 1.0, 0.0, 0.0, 0.0, 1.0, 0.0, 0.0, 0.0, 0.0, 0.0, 0.0, 0.0, 0.0, 3.0, 0.0, 0.0, 1.0, 0.0, 1.0, 1.0, 0.0, 3.0, 1.0, 0.0, 0.0, 0.0, 0.0, 2.0, 0.0, 0.0, 0.0, 1.0, 0.0, 1.0, 0.0, 0.0, 0.0, 0.0, 0.0, 0.0, 0.0, 0.0, 12.0, 1.0, 0.0, 0.0, 0.0, 0.0, 0.0, 0.0, 0.0, 0.0, 1.0], "bins": [-268.9488830566406, -263.9163818359375, -258.8839111328125, -253.85140991210938, -248.8189239501953, -243.78643798828125, -238.75393676757812, -233.72145080566406, -228.68896484375, -223.65647888183594, -218.62399291992188, -213.59149169921875, -208.5590057373047, -203.52651977539062, -198.4940185546875, -193.46153259277344, -188.42904663085938, -183.3965606689453, -178.36407470703125, -173.33157348632812, -168.29908752441406, -163.2666015625, -158.23410034179688, -153.2016143798828, -148.16912841796875, -143.1366424560547, -138.10415649414062, -133.0716552734375, -128.03916931152344, -123.00668334960938, -117.97418212890625, -112.94169616699219, -107.90919494628906, -102.876708984375, -97.84422302246094, -92.81172180175781, -87.77923583984375, -82.74674987792969, -77.71424865722656, -72.6817626953125, -67.64927673339844, -62.61679458618164, -57.58430099487305, -52.55180740356445, -47.51932144165039, -42.48683547973633, -37.454341888427734, -32.42184829711914, -27.389362335205078, -22.356876373291016, -17.324382781982422, -12.291889190673828, -7.259403228759766, -2.2269134521484375, 2.8055763244628906, 7.838066101074219, 12.870555877685547, 17.903045654296875, 22.935535430908203, 27.96802520751953, 33.00051498413086, 38.03300476074219, 43.065494537353516, 48.097984313964844, 53.13047409057617]}, "gradients/graph_15linear.3.weight": {"_type": "histogram", "values": [1.0, 0.0, 0.0, 0.0, 1.0, 0.0, 0.0, 0.0, 0.0, 0.0, 0.0, 1.0, 0.0, 0.0, 0.0, 1.0, 0.0, 0.0, 0.0, 0.0, 0.0, 0.0, 0.0, 0.0, 3.0, 0.0, 0.0, 1.0, 0.0, 1.0, 1.0, 0.0, 3.0, 1.0, 0.0, 0.0, 0.0, 0.0, 2.0, 0.0, 0.0, 0.0, 1.0, 0.0, 1.0, 0.0, 0.0, 0.0, 0.0, 0.0, 0.0, 0.0, 0.0, 1004.0, 1.0, 0.0, 0.0, 0.0, 0.0, 0.0, 0.0, 0.0, 0.0, 1.0], "bins": [-3298.710693359375, -3236.986328125, -3175.26171875, -3113.537353515625, -3051.812744140625, -2990.08837890625, -2928.36376953125, -2866.639404296875, -2804.9150390625, -2743.1904296875, -2681.4658203125, -2619.741455078125, -2558.01708984375, -2496.29248046875, -2434.568115234375, -2372.84375, -2311.119140625, -2249.39453125, -2187.670166015625, -2125.94580078125, -2064.22119140625, -2002.496826171875, -1940.7723388671875, -1879.0478515625, -1817.3233642578125, -1755.598876953125, -1693.8743896484375, -1632.14990234375, -1570.425537109375, -1508.7010498046875, -1446.9765625, -1385.2520751953125, -1323.5274658203125, -1261.802978515625, -1200.0784912109375, -1138.35400390625, -1076.6295166015625, -1014.9051513671875, -953.1806640625, -891.4561767578125, -829.731689453125, -768.0072021484375, -706.28271484375, -644.5582275390625, -582.8338623046875, -521.109375, -459.3848876953125, -397.660400390625, -335.9359130859375, -274.21142578125, -212.4869384765625, -150.76251220703125, -89.03802490234375, -27.31353759765625, 34.410888671875, 96.1353759765625, 157.85986328125, 219.5843505859375, 281.3088073730469, 343.03326416015625, 404.75775146484375, 466.48223876953125, 528.2066650390625, 589.93115234375, 651.6556396484375]}, "gradients/graph_15linear.0.bias": {"_type": "histogram", "values": [1.0, 0.0, 0.0, 0.0, 0.0, 0.0, 0.0, 0.0, 0.0, 0.0, 0.0, 0.0, 0.0, 0.0, 0.0, 0.0, 0.0, 0.0, 0.0, 0.0, 0.0, 0.0, 0.0, 0.0, 0.0, 0.0, 0.0, 0.0, 0.0, 0.0, 0.0, 0.0, 0.0, 0.0, 0.0, 0.0, 0.0, 0.0, 0.0, 0.0, 0.0, 0.0, 0.0, 0.0, 0.0, 0.0, 0.0, 0.0, 0.0, 0.0, 0.0, 0.0, 0.0, 0.0, 0.0, 0.0, 0.0, 0.0, 0.0, 0.0, 0.0, 0.0, 0.0, 31.0], "bins": [-909.7876586914062, -895.5722045898438, -881.3568115234375, -867.141357421875, -852.9259033203125, -838.7105102539062, -824.4950561523438, -810.2796630859375, -796.064208984375, -781.8487548828125, -767.63330078125, -753.4179077148438, -739.2024536132812, -724.987060546875, -710.7716064453125, -696.55615234375, -682.3407592773438, -668.1253051757812, -653.909912109375, -639.6944580078125, -625.47900390625, -611.2635498046875, -597.0481567382812, -582.832763671875, -568.6173095703125, -554.40185546875, -540.1864013671875, -525.970947265625, -511.75555419921875, -497.5401306152344, -483.32470703125, -469.1092529296875, -454.8938293457031, -440.67840576171875, -426.46295166015625, -412.2475280761719, -398.0321044921875, -383.8166809082031, -369.6012268066406, -355.38580322265625, -341.1703796386719, -326.9549255371094, -312.739501953125, -298.5240783691406, -284.30865478515625, -270.09320068359375, -255.87777709960938, -241.662353515625, -227.44691467285156, -213.23147583007812, -199.01605224609375, -184.8006134033203, -170.58518981933594, -156.3697509765625, -142.15432739257812, -127.93888854980469, -113.72345733642578, -99.50802612304688, -85.29259490966797, -71.07716369628906, -56.86172866821289, -42.646297454833984, -28.430864334106445, -14.215432167053223, 0.0]}, "gradients/graph_15linear.0.weight": {"_type": "histogram",