{"gradients/graph_3linear.5.bias": {"_type": "histogram", "values": [2.0, 0.0, 0.0, 1.0, 0.0, 0.0, 1.0, 0.0, 0.0, 0.0, 0.0, 0.0, 0.0, 0.0, 0.0, 0.0, 0.0, 0.0, 0.0, 0.0, 0.0, 0.0, 0.0, 0.0, 0.0, 5.0, 0.0, 0.0, 27.0, 0.0, 0.0, 0.0, 49.0, 0.0, 0.0, 16.0, 0.0, 0.0, 15.0, 0.0, 0.0, 0.0, 0.0, 0.0, 0.0, 0.0, 0.0, 0.0, 0.0, 0.0, 0.0, 0.0, 0.0, 0.0, 0.0, 0.0, 0.0, 2.0, 0.0, 0.0, 0.0, 0.0, 0.0, 2.0], "bins": [-200.0, -193.75, -187.5, -181.25, -175.0, -168.75, -162.5, -156.25, -150.0, -143.75, -137.5, -131.25, -125.0, -118.75, -112.5, -106.25, -100.0, -93.75, -87.5, -81.25, -75.0, -68.75, -62.5, -56.25, -50.0, -43.75, -37.5, -31.25, -25.0, -18.75, -12.5, -6.25, 0.0, 6.25, 12.5, 18.75, 25.0, 31.25, 37.5, 43.75, 50.0, 56.25, 62.5, 68.75, 75.0, 81.25, 87.5, 93.75, 100.0, 106.25, 112.5, 118.75, 125.0, 131.25, 137.5, 143.75, 150.0, 156.25, 162.5, 168.75, 175.0, 181.25, 187.5, 193.75, 200.0]}, "_timestamp": 1715863651.0484736, "gradients/graph_3linear.5.weight": {"_type": "histogram", "values": [2.0, 0.0, 0.0, 1.0, 0.0, 0.0, 1.0, 0.0, 2.0, 2.0, 4.0, 1.0, 5.0, 3.0, 5.0, 2.0, 4.0, 2.0, 3.0, 2.0, 2.0, 2.0, 3.0, 1.0, 7.0, 12.0, 9.0, 29.0, 53.0, 124.0, 210.0, 517.0, 6113.0, 224.0, 100.0, 82.0, 68.0, 12.0, 19.0, 8.0, 0.0, 4.0, 2.0, 2.0, 2.0, 4.0, 2.0, 4.0, 2.0, 6.0, 4.0, 2.0, 0.0, 4.0, 2.0, 2.0, 0.0, 2.0, 0.0, 0.0, 0.0, 0.0, 0.0, 2.0], "bins": [-1246.854248046875, -1207.8900146484375, -1168.9259033203125, -1129.961669921875, -1090.9974365234375, -1052.033203125, -1013.069091796875, -974.1048583984375, -935.1406860351562, -896.176513671875, -857.2122802734375, -818.2481079101562, -779.283935546875, -740.3197021484375, -701.3555297851562, -662.3912963867188, -623.4271240234375, -584.4629516601562, -545.4987182617188, -506.5345458984375, -467.5703125, -428.60614013671875, -389.6419677734375, -350.677734375, -311.71356201171875, -272.7493896484375, -233.78515625, -194.8209228515625, -155.8568115234375, -116.892578125, -77.9283447265625, -38.9642333984375, 0.0, 38.9642333984375, 77.9283447265625, 116.892578125, 155.8568115234375, 194.8209228515625, 233.78515625, 272.7493896484375, 311.71356201171875, 350.677734375, 389.6419677734375, 428.60614013671875, 467.5703125, 506.5345458984375, 545.4987182617188, 584.4629516601562, 623.4271240234375, 662.3912963867188, 701.3555297851562, 740.3197021484375, 779.283935546875, 818.2481079101562, 857.2122802734375, 896.176513671875, 935.1406860351562, 974.1048583984375, 1013.069091796875, 1052.033203125, 1090.9974365234375, 1129.961669921875, 1168.9259033203125, 1207.8900146484375, 1246.854248046875]}, "gradients/graph_3linear.3.bias": {"_type": "histogram", "values": [1.0, 0.0, 0.0, 1.0, 0.0, 1.0, 0.0, 0.0, 1.0, 0.0, 1.0, 1.0, 0.0, 2.0, 1.0, 0.0, 0.0, 2.0, 1.0, 37.0, 0.0, 1.0, 0.0, 0.0, 0.0, 1.0, 0.0, 0.0, 1.0, 1.0, 1.0, 2.0, 1.0, 1.0, 0.0, 0.0, 1.0, 0.0, 0.0, 0.0, 1.0, 0.0, 1.0, 0.0, 0.0, 0.0, 0.0, 0.0, 0.0, 0.0, 0.0, 0.0, 1.0, 0.0, 1.0, 0.0, 0.0, 0.0, 0.0, 0.0, 0.0, 0.0, 0.0, 1.0], "bins": [-48.704471588134766, -46.2271614074707, -43.74985122680664, -41.27254104614258, -38.795230865478516, -36.31792068481445, -33.840606689453125, -31.363298416137695, -28.885988235473633, -26.40867805480957, -23.931367874145508, -21.454057693481445, -18.97674560546875, -16.499435424804688, -14.022125244140625, -11.544815063476562, -9.0675048828125, -6.5901947021484375, -4.112884521484375, -1.6355743408203125, 0.84173583984375, 3.3190460205078125, 5.796356201171875, 8.273666381835938, 10.750980377197266, 13.228290557861328, 15.70560073852539, 18.182910919189453, 20.660221099853516, 23.137531280517578, 25.61484146118164, 28.092151641845703, 30.5694580078125, 33.04676818847656, 35.524078369140625, 38.00138854980469, 40.47869873046875, 42.95600891113281, 45.433319091796875, 47.91062927246094, 50.387939453125, 52.86525344848633, 55.34256362915039, 57.81987380981445, 60.297183990478516, 62.77449417114258, 65.25180053710938, 67.72911071777344, 70.2064208984375, 72.68373107910156, 75.16104125976562, 77.63835144042969, 80.11566162109375, 82.59297943115234, 85.0702896118164, 87.54759979248047, 90.02490997314453, 92.5022201538086, 94.97953033447266, 97.45684051513672, 99.93415069580078, 102.41146087646484, 104.8887710571289, 107.36608123779297, 109.84339141845703]}, "gradients/graph_3linear.3.weight": {"_type": "histogram", "values": [1.0, 0.0, 0.0, 1.0, 1.0, 2.0, 0.0, 2.0, 3.0, 2.0, 5.0, 8.0, 6.0, 11.0, 10.0, 17.0, 20.0, 20.0, 39.0, 3738.0, 24.0, 16.0, 18.0, 16.0, 21.0, 19.0, 14.0, 9.0, 10.0, 11.0, 6.0, 5.0, 4.0, 4.0, 4.0, 3.0, 4.0, 4.0, 3.0, 0.0, 3.0, 0.0, 2.0, 1.0, 3.0, 0.0, 1.0, 0.0, 0.0, 0.0, 0.0, 0.0, 2.0, 0.0, 2.0, 0.0, 0.0, 0.0, 0.0, 0.0, 0.0, 0.0, 0.0, 1.0], "bins": [-527.1450805664062, -500.3323059082031, -473.51953125, -446.7067565917969, -419.89398193359375, -393.0812072753906, -366.2684326171875, -339.4556579589844, -312.64288330078125, -285.8301086425781, -259.017333984375, -232.20455932617188, -205.39178466796875, -178.57901000976562, -151.7662353515625, -124.95346069335938, -98.14068603515625, -71.32791137695312, -44.51513671875, -17.702362060546875, 9.11041259765625, 35.92315673828125, 62.7359619140625, 89.54876708984375, 116.36151123046875, 143.17425537109375, 169.987060546875, 196.79986572265625, 223.61260986328125, 250.42535400390625, 277.2381591796875, 304.05096435546875, 330.8636474609375, 357.6763916015625, 384.48919677734375, 411.302001953125, 438.11474609375, 464.927490234375, 491.74029541015625, 518.5531005859375, 545.3658447265625, 572.1785888671875, 598.9913940429688, 625.80419921875, 652.616943359375, 679.4296875, 706.2424926757812, 733.0552978515625, 759.8680419921875, 786.6807861328125, 813.4935913085938, 840.306396484375, 867.119140625, 893.931884765625, 920.7446899414062, 947.5574951171875, 974.3702392578125, 1001.1829833984375, 1027.995849609375, 1054.80859375, 1081.621337890625, 1108.43408203125, 1135.246826171875, 1162.0596923828125, 1188.8724365234375]}, "gradients/graph_3linear.0.bias": {"_type": "histogram", "values": [1.0, 0.0, 0.0, 0.0, 0.0, 2.0, 0.0, 0.0, 0.0, 0.0, 0.0, 0.0, 0.0, 0.0, 0.0, 1.0, 1.0, 0.0, 1.0, 0.0, 0.0, 1.0, 1.0, 0.0, 0.0, 1.0, 0.0, 47.0, 0.0, 0.0, 1.0, 1.0, 0.0, 1.0, 0.0, 0.0, 0.0, 0.0, 0.0, 0.0, 0.0, 1.0, 0.0, 0.0, 0.0, 0.0, 0.0, 0.0, 1.0, 0.0, 1.0, 0.0, 0.0, 0.0, 1.0, 0.0, 0.0, 0.0, 0.0, 0.0, 0.0, 0.0, 0.0, 1.0], "bins": [-177.05819702148438, -170.53561401367188, -164.0130157470703, -157.4904327392578, -150.96783447265625, -144.44525146484375, -137.92266845703125, -131.4000701904297, -124.87747955322266, -118.35488891601562, -111.8322982788086, -105.30970764160156, -98.78712463378906, -92.26453399658203, -85.741943359375, -79.21935272216797, -72.69676208496094, -66.1741714477539, -59.651580810546875, -53.128990173339844, -46.60639953613281, -40.08381652832031, -33.56121826171875, -27.03863525390625, -20.51605224609375, -13.993453979492188, -7.4708709716796875, -0.948272705078125, 5.574310302734375, 12.096908569335938, 18.619491577148438, 25.14208984375, 31.6646728515625, 38.187255859375, 44.70985412597656, 51.23243713378906, 57.755035400390625, 64.27761840820312, 70.80021667480469, 77.32279968261719, 83.84539794921875, 90.36798095703125, 96.89056396484375, 103.41316223144531, 109.93574523925781, 116.45833587646484, 122.98092651367188, 129.50350952148438, 136.02610778808594, 142.5487060546875, 149.0712890625, 155.5938720703125, 162.11647033691406, 168.63905334472656, 175.16165161132812, 181.68423461914062, 188.20681762695312, 194.7294158935547, 201.25201416015625, 207.77459716796875, 214.29718017578125, 220.8197784423828, 227.3423614501953, 233.86495971679688, 240.38754272460938]}, "gradients/graph_3linear.0.weight": {"_type": "histogram",