{"Linear loss": 11737.9111328125, "_timestamp": 1715771083.6151638, "_runtime": 161.47131180763245, "_step": 3619, "gradients/graph_21linear.5.bias": {"_type": "histogram", "values": [7.0, 0.0, 0.0, 3.0, 0.0, 0.0, 0.0, 0.0, 0.0, 0.0, 0.0, 0.0, 0.0, 0.0, 0.0, 0.0, 0.0, 0.0, 0.0, 0.0, 0.0, 0.0, 0.0, 0.0, 0.0, 0.0, 0.0, 0.0, 13.0, 0.0, 0.0, 2.0, 46.0, 0.0, 0.0, 15.0, 0.0, 0.0, 0.0, 0.0, 0.0, 0.0, 0.0, 0.0, 0.0, 0.0, 0.0, 0.0, 0.0, 0.0, 0.0, 0.0, 0.0, 0.0, 0.0, 0.0, 0.0, 1.0, 0.0, 0.0, 3.0, 0.0, 0.0, 6.0], "bins": [-200.0, -193.75, -187.5, -181.25, -175.0, -168.75, -162.5, -156.25, -150.0, -143.75, -137.5, -131.25, -125.0, -118.75, -112.5, -106.25, -100.0, -93.75, -87.5, -81.25, -75.0, -68.75, -62.5, -56.25, -50.0, -43.75, -37.5, -31.25, -25.0, -18.75, -12.5, -6.25, 0.0, 6.25, 12.5, 18.75, 25.0, 31.25, 37.5, 43.75, 50.0, 56.25, 62.5, 68.75, 75.0, 81.25, 87.5, 93.75, 100.0, 106.25, 112.5, 118.75, 125.0, 131.25, 137.5, 143.75, 150.0, 156.25, 162.5, 168.75, 175.0, 181.25, 187.5, 193.75, 200.0]}, "gradients/graph_21linear.5.weight": {"_type": "histogram", "values": [7.0, 0.0, 0.0, 3.0, 0.0, 0.0, 0.0, 0.0, 7.0, 0.0, 10.0, 0.0, 10.0, 7.0, 10.0, 10.0, 20.0, 24.0, 41.0, 39.0, 26.0, 27.0, 23.0, 41.0, 36.0, 26.0, 13.0, 0.0, 23.0, 26.0, 316.0, 330.0, 4274.0, 360.0, 31.0, 24.0, 1.0, 14.0, 32.0, 35.0, 39.0, 25.0, 29.0, 28.0, 38.0, 38.0, 22.0, 19.0, 9.0, 10.0, 7.0, 9.0, 0.0, 9.0, 0.0, 6.0, 0.0, 1.0, 0.0, 0.0, 3.0, 0.0, 0.0, 6.0], "bins": [-1225.3653564453125, -1187.0726318359375, -1148.780029296875, -1110.4873046875, -1072.1947021484375, -1033.9019775390625, -995.609375, -957.316650390625, -919.0240478515625, -880.7313232421875, -842.438720703125, -804.14599609375, -765.8533325195312, -727.5606689453125, -689.2680053710938, -650.975341796875, -612.6826782226562, -574.3900146484375, -536.0973510742188, -497.8046875, -459.51202392578125, -421.2193603515625, -382.92669677734375, -344.634033203125, -306.34130859375, -268.04864501953125, -229.7559814453125, -191.46337890625, -153.170654296875, -114.8780517578125, -76.5853271484375, -38.292724609375, 0.0, 38.292724609375, 76.5853271484375, 114.8780517578125, 153.170654296875, 191.46337890625, 229.7559814453125, 268.04864501953125, 306.34130859375, 344.634033203125, 382.92669677734375, 421.2193603515625, 459.51202392578125, 497.8046875, 536.0973510742188, 574.3900146484375, 612.6826782226562, 650.975341796875, 689.2680053710938, 727.5606689453125, 765.8533325195312, 804.14599609375, 842.438720703125, 880.7313232421875, 919.0240478515625, 957.316650390625, 995.609375, 1033.9019775390625, 1072.1947021484375, 1110.4873046875, 1148.780029296875, 1187.0726318359375, 1225.3653564453125]}, "gradients/graph_21linear.3.bias": {"_type": "histogram", "values": [1.0, 0.0, 0.0, 0.0, 0.0, 0.0, 0.0, 0.0, 0.0, 1.0, 0.0, 0.0, 0.0, 0.0, 1.0, 0.0, 0.0, 1.0, 0.0, 0.0, 0.0, 3.0, 3.0, 1.0, 2.0, 2.0, 0.0, 3.0, 1.0, 2.0, 1.0, 1.0, 1.0, 2.0, 1.0, 0.0, 0.0, 1.0, 23.0, 1.0, 0.0, 1.0, 1.0, 0.0, 0.0, 1.0, 1.0, 1.0, 1.0, 2.0, 0.0, 0.0, 2.0, 0.0, 0.0, 0.0, 0.0, 0.0, 0.0, 1.0, 0.0, 0.0, 0.0, 1.0], "bins": [-148.02272033691406, -144.141357421875, -140.25997924804688, -136.3786163330078, -132.49725341796875, -128.61587524414062, -124.73451232910156, -120.85314178466797, -116.97177124023438, -113.09040069580078, -109.20903015136719, -105.32766723632812, -101.44629669189453, -97.56492614746094, -93.68356323242188, -89.80219268798828, -85.92082214355469, -82.0394515991211, -78.1580810546875, -74.27671813964844, -70.39534759521484, -66.51397705078125, -62.63261413574219, -58.751243591308594, -54.869873046875, -50.988502502441406, -47.10713195800781, -43.22576904296875, -39.344398498535156, -35.46302795410156, -31.5816650390625, -27.700294494628906, -23.818931579589844, -19.93756103515625, -16.056190490722656, -12.174827575683594, -8.29345703125, -4.412086486816406, -0.5307235717773438, 3.35064697265625, 7.232017517089844, 11.113388061523438, 14.994758605957031, 18.876121520996094, 22.757492065429688, 26.63886260986328, 30.520225524902344, 34.40159606933594, 38.28296661376953, 42.164337158203125, 46.04570388793945, 49.92707061767578, 53.808441162109375, 57.68981170654297, 61.5711784362793, 65.45254516601562, 69.33391571044922, 73.21528625488281, 77.09664916992188, 80.97801971435547, 84.85939025878906, 88.74076080322266, 92.62213134765625, 96.50349426269531, 100.3848648071289]}, "gradients/graph_21linear.3.weight": {"_type": "histogram", "values": [1.0, 1.0, 1.0, 0.0, 0.0, 1.0, 1.0, 0.0, 1.0, 3.0, 3.0, 0.0, 0.0, 2.0, 1.0, 3.0, 4.0, 2.0, 6.0, 1.0, 5.0, 6.0, 13.0, 13.0, 13.0, 21.0, 27.0, 23.0, 24.0, 36.0, 36.0, 34.0, 31.0, 37.0, 53.0, 57.0, 42.0, 132.0, 3226.0, 35.0, 29.0, 20.0, 20.0, 19.0, 16.0, 17.0, 17.0, 8.0, 16.0, 5.0, 6.0, 7.0, 2.0, 4.0, 1.0, 1.0, 1.0, 4.0, 2.0, 2.0, 1.0, 0.0, 1.0, 2.0], "bins": [-736.1910400390625, -716.8870239257812, -697.5830688476562, -678.279052734375, -658.97509765625, -639.6710815429688, -620.3671264648438, -601.0631103515625, -581.7591552734375, -562.4551391601562, -543.1511840820312, -523.84716796875, -504.5431823730469, -485.23919677734375, -465.9352111816406, -446.6312255859375, -427.3272399902344, -408.02325439453125, -388.7192687988281, -369.415283203125, -350.1112976074219, -330.80731201171875, -311.5033264160156, -292.1993408203125, -272.89532470703125, -253.59133911132812, -234.287353515625, -214.9833984375, -195.67938232421875, -176.37542724609375, -157.0714111328125, -137.7674560546875, -118.46343994140625, -99.159423828125, -79.85546875, -60.55145263671875, -41.24749755859375, -21.9434814453125, -2.6395263671875, 16.664459228515625, 35.96844482421875, 55.2724609375, 74.57644653320312, 93.88043212890625, 113.18441772460938, 132.4884033203125, 151.79238891601562, 171.09637451171875, 190.40036010742188, 209.704345703125, 229.00833129882812, 248.31231689453125, 267.6163024902344, 286.9202880859375, 306.22430419921875, 325.52825927734375, 344.832275390625, 364.13623046875, 383.44024658203125, 402.7442321777344, 422.0482177734375, 441.3522033691406, 460.65618896484375, 479.9601745605469, 499.26416015625]}, "gradients/graph_21linear.0.bias": {"_type": "histogram", "values": [2.0, 0.0, 1.0, 0.0, 1.0, 0.0, 1.0, 1.0, 1.0, 0.0, 0.0, 0.0, 0.0, 0.0, 0.0, 0.0, 0.0, 0.0, 1.0, 0.0, 0.0, 0.0, 3.0, 0.0, 0.0, 1.0, 0.0, 2.0, 0.0, 0.0, 2.0, 0.0, 1.0, 0.0, 0.0, 0.0, 0.0, 0.0, 0.0, 4.0, 0.0, 0.0, 0.0, 1.0, 0.0, 41.0, 0.0, 0.0, 0.0, 0.0, 0.0, 0.0, 0.0, 0.0, 0.0, 0.0, 0.0, 0.0, 0.0, 0.0, 0.0, 0.0, 0.0, 1.0], "bins": [-98.977783203125, -96.78802490234375, -94.59825897216797, -92.40850067138672, -90.21873474121094, -88.02897644042969, -85.8392105102539, -83.64945220947266, -81.45968627929688, -79.26992797851562, -77.08016204833984, -74.8904037475586, -72.70063781738281, -70.51087951660156, -68.32112121582031, -66.13135528564453, -63.941593170166016, -61.7518310546875, -59.562068939208984, -57.37230682373047, -55.18254470825195, -52.99278259277344, -50.80302047729492, -48.613258361816406, -46.423500061035156, -44.23373794555664, -42.043975830078125, -39.85421371459961, -37.664451599121094, -35.47468948364258, -33.28492736816406, -31.09516143798828, -28.905406951904297, -26.715648651123047, -24.525882720947266, -22.33612060546875, -20.146358489990234, -17.95659637451172, -15.766834259033203, -13.577072143554688, -11.387310028076172, -9.197551727294922, -7.007789611816406, -4.818027496337891, -2.628265380859375, -0.4385032653808594, 1.7512588500976562, 3.941020965576172, 6.1307830810546875, 8.320545196533203, 10.510307312011719, 12.700069427490234, 14.88983154296875, 17.079591751098633, 19.26935386657715, 21.459115982055664, 23.64887809753418, 25.838640213012695, 28.02840232849121, 30.218162536621094, 32.40792465209961, 34.597686767578125, 36.78744888305664, 38.977210998535156, 41.16697311401367]}, "gradients/graph_21linear.0.weight": {"_type": "histogram",