{"Linear loss": 228.2191619873047, "_timestamp": 1715776978.2740638, "_runtime": 28.146025896072388, "_step": 1829, "gradients/graph_1linear.5.bias": {"_type": "histogram", "values": [1.0, 0.0, 0.0, 1.0, 0.0, 0.0, 1.0, 1.0, 1.0, 2.0, 6.0, 5.0, 5.0, 5.0, 5.0, 1.0, 4.0, 11.0, 9.0, 1.0, 0.0, 0.0, 0.0, 2.0, 0.0, 0.0, 0.0, 0.0, 0.0, 0.0, 0.0, 0.0, 0.0, 0.0, 1.0, 0.0, 0.0, 1.0, 0.0, 0.0, 1.0, 3.0, 2.0, 2.0, 3.0, 3.0, 2.0, 5.0, 3.0, 3.0, 0.0, 0.0, 2.0, 1.0, 1.0, 0.0, 0.0, 1.0, 0.0, 0.0, 0.0, 0.0, 0.0, 1.0], "bins": [-0.6349518895149231, -0.6142343282699585, -0.5935167074203491, -0.5727991461753845, -0.5520815253257751, -0.5313639640808105, -0.5106463432312012, -0.4899287819862366, -0.4692111909389496, -0.4484935998916626, -0.4277760088443756, -0.4070584177970886, -0.386340856552124, -0.36562326550483704, -0.34490567445755005, -0.32418808341026306, -0.3034704923629761, -0.2827529013156891, -0.2620353102684021, -0.2413177192211151, -0.22060012817382812, -0.19988256692886353, -0.17916497588157654, -0.15844738483428955, -0.13772979378700256, -0.11701220273971558, -0.09629464149475098, -0.0755770206451416, -0.054859459400177, -0.03414183855056763, -0.013424277305603027, 0.007293343544006348, 0.028010904788970947, 0.04872846603393555, 0.06944608688354492, 0.09016364812850952, 0.1108812689781189, 0.1315988302230835, 0.15231645107269287, 0.17303401231765747, 0.19375160336494446, 0.21446919441223145, 0.23518678545951843, 0.2559043765068054, 0.27662193775177, 0.297339528799057, 0.318057119846344, 0.338774710893631, 0.35949230194091797, 0.38020989298820496, 0.40092748403549194, 0.42164507508277893, 0.4423626661300659, 0.4630802273750305, 0.4837978184223175, 0.5045154094696045, 0.5252330303192139, 0.5459505915641785, 0.5666681528091431, 0.5873857736587524, 0.608103334903717, 0.6288209557533264, 0.649538516998291, 0.6702561378479004, 0.690973699092865]}, "gradients/graph_1linear.5.weight": {"_type": "histogram", "values": [1.0, 0.0, 0.0, 1.0, 0.0, 0.0, 1.0, 1.0, 1.0, 2.0, 6.0, 5.0, 5.0, 5.0, 5.0, 1.0, 4.0, 11.0, 9.0, 1.0, 0.0, 0.0, 0.0, 4.0, 2.0, 17.0, 62.0, 114.0, 156.0, 133.0, 2205.0, 62.0, 92.0, 70.0, 39.0, 15.0, 6.0, 1.0, 2.0, 0.0, 1.0, 3.0, 2.0, 2.0, 3.0, 3.0, 2.0, 5.0, 3.0, 3.0, 0.0, 0.0, 2.0, 1.0, 1.0, 0.0, 0.0, 1.0, 0.0, 0.0, 0.0, 0.0, 0.0, 1.0], "bins": [-19.891990661621094, -19.242942810058594, -18.593894958496094, -17.944847106933594, -17.295799255371094, -16.646751403808594, -15.99770450592041, -15.34865665435791, -14.69960880279541, -14.05056095123291, -13.40151309967041, -12.752466201782227, -12.103418350219727, -11.454370498657227, -10.805322647094727, -10.156274795532227, -9.507226943969727, -8.858179092407227, -8.209131240844727, -7.560083389282227, -6.911035537719727, -6.261988639831543, -5.612940788269043, -4.963892936706543, -4.314845085144043, -3.6657981872558594, -3.0167503356933594, -2.3677024841308594, -1.7186546325683594, -1.0696067810058594, -0.4205589294433594, 0.22848892211914062, 0.8775348663330078, 1.5265827178955078, 2.175630569458008, 2.824678421020508, 3.473726272583008, 4.122774124145508, 4.771821975708008, 5.420869827270508, 6.069916725158691, 6.718964576721191, 7.368012428283691, 8.017060279846191, 8.666107177734375, 9.315155029296875, 9.964202880859375, 10.613250732421875, 11.262298583984375, 11.911346435546875, 12.560394287109375, 13.209442138671875, 13.858489990234375, 14.507537841796875, 15.156584739685059, 15.805632591247559, 16.454681396484375, 17.103729248046875, 17.752775192260742, 18.401823043823242, 19.050870895385742, 19.699918746948242, 20.348966598510742, 20.998014450073242, 21.647062301635742]}, "gradients/graph_1linear.3.bias": {"_type": "histogram", "values": [1.0, 0.0, 0.0, 0.0, 0.0, 0.0, 0.0, 0.0, 0.0, 0.0, 0.0, 0.0, 0.0, 0.0, 0.0, 0.0, 0.0, 0.0, 0.0, 0.0, 0.0, 0.0, 0.0, 0.0, 0.0, 0.0, 0.0, 0.0, 0.0, 0.0, 0.0, 0.0, 0.0, 0.0, 0.0, 0.0, 0.0, 0.0, 0.0, 0.0, 2.0, 1.0, 1.0, 0.0, 0.0, 1.0, 1.0, 0.0, 0.0, 1.0, 0.0, 0.0, 22.0, 1.0, 0.0, 0.0, 0.0, 0.0, 0.0, 0.0, 0.0, 0.0, 0.0, 1.0], "bins": [-7.295483112335205, -7.155590057373047, -7.015697479248047, -6.875804424285889, -6.7359113693237305, -6.5960187911987305, -6.456125736236572, -6.316232681274414, -6.176340103149414, -6.036447048187256, -5.896553993225098, -5.756661415100098, -5.6167683601379395, -5.476875305175781, -5.336982727050781, -5.197089672088623, -5.057196617126465, -4.917304039001465, -4.777410984039307, -4.637517929077148, -4.497625350952148, -4.35773229598999, -4.217839241027832, -4.077946662902832, -3.938053607940674, -3.7981607913970947, -3.6582679748535156, -3.5183751583099365, -3.3784821033477783, -3.238589286804199, -3.098696231842041, -2.958803653717041, -2.818910598754883, -2.6790175437927246, -2.5391249656677246, -2.3992319107055664, -2.259338855743408, -2.11944580078125, -1.9795531034469604, -1.8396602869033813, -1.6997674703598022, -1.559874415397644, -1.419981598854065, -1.2800887823104858, -1.1401957273483276, -1.0003029108047485, -0.8604100942611694, -0.7205170392990112, -0.5806242227554321, -0.440731406211853, -0.3008384704589844, -0.16094553470611572, -0.02105271816253662, 0.11884021759033203, 0.2587331533432007, 0.3986259698867798, 0.5385189056396484, 0.6784117817878723, 0.8183046579360962, 0.9581975936889648, 1.098090410232544, 1.2379833459854126, 1.3778762817382812, 1.5177690982818604, 1.657662034034729]}, "gradients/graph_1linear.3.weight": {"_type": "histogram", "values": [1.0, 0.0, 0.0, 0.0, 0.0, 0.0, 0.0, 1.0, 0.0, 0.0, 0.0, 0.0, 0.0, 0.0, 0.0, 0.0, 1.0, 0.0, 0.0, 0.0, 0.0, 0.0, 0.0, 0.0, 0.0, 0.0, 0.0, 0.0, 1.0, 0.0, 0.0, 0.0, 1.0, 0.0, 1.0, 0.0, 0.0, 0.0, 0.0, 0.0, 2.0, 2.0, 3.0, 2.0, 3.0, 2.0, 5.0, 8.0, 7.0, 7.0, 11.0, 30.0, 924.0, 6.0, 0.0, 0.0, 2.0, 1.0, 0.0, 0.0, 1.0, 0.0, 1.0, 1.0], "bins": [-117.19483184814453, -114.94758605957031, -112.70034790039062, -110.4531021118164, -108.20585632324219, -105.9586181640625, -103.71137237548828, -101.46412658691406, -99.21688842773438, -96.96964263916016, -94.72239685058594, -92.47515869140625, -90.22791290283203, -87.98066711425781, -85.73342895507812, -83.4861831665039, -81.23893737792969, -78.99169921875, -76.74445343017578, -74.49720764160156, -72.24996948242188, -70.00272369384766, -67.75547790527344, -65.50823974609375, -63.26099395751953, -61.01375198364258, -58.766510009765625, -56.51926803588867, -54.27202224731445, -52.0247802734375, -49.77753448486328, -47.530296325683594, -45.283058166503906, -43.03581237792969, -40.78857421875, -38.54132843017578, -36.29408264160156, -34.046836853027344, -31.799596786499023, -29.55235481262207, -27.305112838745117, -25.0578670501709, -22.810625076293945, -20.563383102416992, -18.316137313842773, -16.06889533996582, -13.821653366088867, -11.574407577514648, -9.327165603637695, -7.079923629760742, -4.832679748535156, -2.5854358673095703, -0.3381938934326172, 1.9090499877929688, 4.156293869018555, 6.403535842895508, 8.650779724121094, 10.898022651672363, 13.145265579223633, 15.392509460449219, 17.639751434326172, 19.886995315551758, 22.134239196777344, 24.381481170654297, 26.628725051879883]}, "gradients/graph_1linear.0.bias": {"_type": "histogram", "values": [1.0, 0.0, 1.0, 0.0, 0.0, 0.0, 0.0, 0.0, 0.0, 1.0, 0.0, 0.0, 0.0, 0.0, 0.0, 0.0, 0.0, 1.0, 0.0, 0.0, 0.0, 0.0, 0.0, 0.0, 0.0, 1.0, 0.0, 0.0, 0.0, 0.0, 1.0, 0.0, 0.0, 1.0, 0.0, 0.0, 0.0, 0.0, 1.0, 0.0, 1.0, 0.0, 0.0, 1.0, 0.0, 0.0, 0.0, 0.0, 1.0, 0.0, 0.0, 0.0, 0.0, 0.0, 0.0, 0.0, 0.0, 0.0, 0.0, 0.0, 0.0, 1.0, 0.0, 20.0],