{"gradients/graph_23linear.5.bias": {"_type": "histogram", "values": [3.0, 6.0, 4.0, 8.0, 4.0, 3.0, 3.0, 0.0, 0.0, 3.0, 1.0, 0.0, 1.0, 6.0, 9.0, 10.0, 1.0, 2.0, 1.0, 0.0, 3.0, 0.0, 0.0, 0.0, 0.0, 0.0, 0.0, 0.0, 0.0, 0.0, 0.0, 0.0, 0.0, 0.0, 0.0, 0.0, 0.0, 0.0, 0.0, 0.0, 0.0, 0.0, 0.0, 0.0, 0.0, 0.0, 0.0, 0.0, 0.0, 0.0, 0.0, 0.0, 0.0, 0.0, 0.0, 1.0, 7.0, 2.0, 4.0, 3.0, 1.0, 4.0, 4.0, 2.0], "bins": [-0.5714024305343628, -0.5533109307289124, -0.5352194309234619, -0.5171279311180115, -0.49903643131256104, -0.4809449315071106, -0.46285346150398254, -0.4447619616985321, -0.42667046189308167, -0.4085789620876312, -0.3904874622821808, -0.37239599227905273, -0.3543044924736023, -0.33621299266815186, -0.3181214928627014, -0.300029993057251, -0.28193849325180054, -0.2638469934463501, -0.24575549364089966, -0.22766399383544922, -0.20957249402999878, -0.19148102402687073, -0.1733895242214203, -0.15529802441596985, -0.1372065246105194, -0.11911502480506897, -0.10102352499961853, -0.08293202519416809, -0.06484055519104004, -0.0467490553855896, -0.02865755558013916, -0.01056605577468872, 0.007525384426116943, 0.025616884231567383, 0.04370838403701782, 0.06179988384246826, 0.0798913836479187, 0.09798285365104675, 0.11607435345649719, 0.13416585326194763, 0.15225735306739807, 0.1703488528728485, 0.18844035267829895, 0.2065318524837494, 0.22462332248687744, 0.24271482229232788, 0.2608063220977783, 0.27889782190322876, 0.2969893217086792, 0.31508082151412964, 0.3331723213195801, 0.3512638211250305, 0.36935532093048096, 0.3874468207359314, 0.40553829073905945, 0.4236297905445099, 0.4417212903499603, 0.45981279015541077, 0.4779042899608612, 0.49599575996398926, 0.5140872597694397, 0.5321787595748901, 0.5502702593803406, 0.568361759185791, 0.5864532589912415]}, "_timestamp": 1715852932.7802088, "gradients/graph_23linear.5.weight": {"_type": "histogram", "values": [5.0, 13.0, 17.0, 36.0, 45.0, 43.0, 50.0, 36.0, 50.0, 92.0, 152.0, 167.0, 183.0, 201.0, 187.0, 223.0, 204.0, 164.0, 306.0, 517.0, 477.0, 419.0, 315.0, 408.0, 564.0, 498.0, 484.0, 461.0, 427.0, 406.0, 496.0, 1478.0, 111.0, 168.0, 85.0, 85.0, 168.0, 176.0, 179.0, 122.0, 116.0, 126.0, 190.0, 155.0, 129.0, 103.0, 108.0, 115.0, 133.0, 163.0, 168.0, 96.0, 89.0, 100.0, 74.0, 51.0, 33.0, 26.0, 31.0, 22.0, 17.0, 13.0, 8.0, 4.0], "bins": [-2.752694606781006, -2.6655399799346924, -2.578385353088379, -2.4912307262420654, -2.404076099395752, -2.3169214725494385, -2.229766845703125, -2.1426124572753906, -2.055457592010498, -1.9683030843734741, -1.8811484575271606, -1.7939939498901367, -1.7068393230438232, -1.6196846961975098, -1.5325300693511963, -1.4453754425048828, -1.3582208156585693, -1.2710661888122559, -1.1839115619659424, -1.096756935119629, -1.0096023082733154, -0.9224478006362915, -0.835293173789978, -0.748138427734375, -0.6609840393066406, -0.5738294124603271, -0.48667478561401367, -0.3995201587677002, -0.3123655319213867, -0.22521090507507324, -0.13805627822875977, -0.05090165138244629, 0.03625321388244629, 0.12340784072875977, 0.21056246757507324, 0.2977170944213867, 0.3848717212677002, 0.47202634811401367, 0.5591809749603271, 0.6463356018066406, 0.7334902286529541, 0.8206446170806885, 0.9077993631362915, 0.994953989982605, 1.082108497619629, 1.1692631244659424, 1.2564177513122559, 1.3435723781585693, 1.4307270050048828, 1.5178816318511963, 1.6050362586975098, 1.6921908855438232, 1.7793455123901367, 1.8665001392364502, 1.9536546468734741, 2.040809154510498, 2.1279640197753906, 2.215118408203125, 2.3022732734680176, 2.389427661895752, 2.4765822887420654, 2.563736915588379, 2.6508915424346924, 2.738046169281006, 2.8252007961273193]}, "gradients/graph_23linear.3.bias": {"_type": "histogram", "values": [1.0, 1.0, 3.0, 2.0, 2.0, 2.0, 4.0, 3.0, 6.0, 9.0, 7.0, 9.0, 8.0, 12.0, 5.0, 7.0, 7.0, 9.0, 7.0, 4.0, 0.0, 5.0, 1.0, 0.0, 0.0, 1.0, 0.0, 0.0, 0.0, 0.0, 0.0, 0.0, 0.0, 0.0, 0.0, 0.0, 0.0, 0.0, 0.0, 0.0, 0.0, 0.0, 0.0, 0.0, 0.0, 0.0, 0.0, 0.0, 0.0, 0.0, 0.0, 0.0, 0.0, 0.0, 0.0, 0.0, 0.0, 0.0, 0.0, 0.0, 0.0, 0.0, 0.0, 13.0], "bins": [-3.5684266090393066, -3.5126700401306152, -3.4569132328033447, -3.4011566638946533, -3.345399856567383, -3.2896432876586914, -3.23388671875, -3.1781299114227295, -3.122373342514038, -3.0666165351867676, -3.010859966278076, -2.9551033973693848, -2.8993465900421143, -2.843590021133423, -2.7878332138061523, -2.732076644897461, -2.6763200759887695, -2.620563268661499, -2.5648064613342285, -2.509049892425537, -2.4532933235168457, -2.3975367546081543, -2.341779947280884, -2.2860231399536133, -2.230266571044922, -2.1745100021362305, -2.118753433227539, -2.0629966259002686, -2.007239818572998, -1.9514832496643066, -1.8957266807556152, -1.8399699926376343, -1.7842133045196533, -1.7284566164016724, -1.6726999282836914, -1.616943359375, -1.561186671257019, -1.505429983139038, -1.4496732950210571, -1.3939166069030762, -1.3381600379943848, -1.2824033498764038, -1.2266466617584229, -1.170889973640442, -1.115133285522461, -1.05937659740448, -1.0036200284957886, -0.9478633403778076, -0.8921066522598267, -0.8363499641418457, -0.7805933356285095, -0.7248366475105286, -0.6690800189971924, -0.6133233308792114, -0.5575666427612305, -0.5018100142478943, -0.44605332612991333, -0.39029666781425476, -0.3345400094985962, -0.27878332138061523, -0.22302666306495667, -0.1672700047492981, -0.11151333153247833, -0.055756665766239166, 0.0]}, "gradients/graph_23linear.3.weight": {"_type": "histogram", "values": [1.0, 1.0, 3.0, 2.0, 2.0, 2.0, 4.0, 3.0, 6.0, 9.0, 7.0, 9.0, 8.0, 12.0, 5.0, 7.0, 7.0, 9.0, 7.0, 4.0, 0.0, 5.0, 1.0, 0.0, 0.0, 1.0, 0.0, 0.0, 0.0, 0.0, 1.0, 6.0, 3.0, 8.0, 15.0, 19.0, 24.0, 34.0, 34.0, 44.0, 33.0, 40.0, 34.0, 21.0, 17.0, 9.0, 2.0, 1.0, 0.0, 1.0, 11.0, 25.0, 38.0, 30.0, 9.0, 11.0, 46.0, 52.0, 7.0, 34.0, 80.0, 1.0, 0.0, 15579.0], "bins": [-68.440673828125, -67.37129211425781, -66.3019027709961, -65.23251342773438, -64.16313171386719, -63.093746185302734, -62.02436065673828, -60.95497512817383, -59.885589599609375, -58.81620407104492, -57.74681854248047, -56.677433013916016, -55.60804748535156, -54.53866195678711, -53.469276428222656, -52.3998908996582, -51.33050537109375, -50.2611198425293, -49.191734313964844, -48.12234878540039, -47.05296325683594, -45.983577728271484, -44.91419219970703, -43.84480667114258, -42.775421142578125, -41.70603561401367, -40.63665008544922, -39.567264556884766, -38.49787902832031, -37.42849349975586, -36.359107971191406, -35.28972244262695, -34.2203369140625, -33.15095138549805, -32.081565856933594, -31.01218032836914, -29.942794799804688, -28.873409271240234, -27.80402374267578, -26.734638214111328, -25.665252685546875, -24.595867156982422, -23.52648162841797, -22.457096099853516, -21.387710571289062, -20.31832504272461, -19.248939514160156, -18.179553985595703, -17.11016845703125, -16.040782928466797, -14.971397399902344, -13.90201187133789, -12.832626342773438, -11.763240814208984, -10.693855285644531, -9.624469757080078, -8.555084228515625, -7.485698699951172, -6.416313171386719, -5.346927642822266, -4.2775421142578125, -3.2081565856933594, -2.1387710571289062, -1.0693855285644531, -0.0]}, "gradients/graph_23linear.0.bias": {"_type": "histogram", "values": [1.0, 0.0, 0.0, 0.0, 1.0, 0.0, 0.0, 1.0, 0.0, 0.0, 1.0, 0.0, 1.0, 0.0, 0.0, 0.0, 0.0, 0.0, 0.0, 0.0, 0.0, 0.0, 0.0, 0.0, 0.0, 1.0, 1.0, 0.0, 0.0, 0.0, 0.0, 0.0, 0.0, 0.0, 0.0, 0.0, 0.0, 0.0, 0.0, 0.0, 0.0, 0.0, 0.0, 0.0, 0.0, 0.0, 0.0, 0.0, 0.0, 0.0, 0.0, 0.0, 0.0, 0.0, 0.0, 0.0, 0.0, 0.0, 0.0, 0.0, 0.0, 0.0, 0.0, 121.0],