{"Linear loss": 11928.193359375, "_timestamp": 1715770981.5605748, "_runtime": 87.31792569160461, "_step": 1809, "gradients/graph_32linear.5.bias": {"_type": "histogram", "values": [7.0, 0.0, 0.0, 3.0, 0.0, 0.0, 0.0, 0.0, 0.0, 0.0, 0.0, 0.0, 0.0, 0.0, 0.0, 0.0, 0.0, 0.0, 0.0, 0.0, 0.0, 0.0, 0.0, 0.0, 0.0, 0.0, 0.0, 0.0, 13.0, 0.0, 0.0, 2.0, 46.0, 0.0, 0.0, 15.0, 0.0, 0.0, 0.0, 0.0, 0.0, 0.0, 0.0, 0.0, 0.0, 0.0, 0.0, 0.0, 0.0, 0.0, 0.0, 0.0, 0.0, 0.0, 0.0, 0.0, 0.0, 1.0, 0.0, 0.0, 3.0, 0.0, 0.0, 6.0], "bins": [-200.0, -193.75, -187.5, -181.25, -175.0, -168.75, -162.5, -156.25, -150.0, -143.75, -137.5, -131.25, -125.0, -118.75, -112.5, -106.25, -100.0, -93.75, -87.5, -81.25, -75.0, -68.75, -62.5, -56.25, -50.0, -43.75, -37.5, -31.25, -25.0, -18.75, -12.5, -6.25, 0.0, 6.25, 12.5, 18.75, 25.0, 31.25, 37.5, 43.75, 50.0, 56.25, 62.5, 68.75, 75.0, 81.25, 87.5, 93.75, 100.0, 106.25, 112.5, 118.75, 125.0, 131.25, 137.5, 143.75, 150.0, 156.25, 162.5, 168.75, 175.0, 181.25, 187.5, 193.75, 200.0]}, "gradients/graph_32linear.5.weight": {"_type": "histogram", "values": [7.0, 0.0, 7.0, 3.0, 0.0, 10.0, 0.0, 10.0, 14.0, 0.0, 27.0, 3.0, 6.0, 31.0, 17.0, 26.0, 55.0, 37.0, 38.0, 55.0, 46.0, 88.0, 58.0, 19.0, 24.0, 36.0, 68.0, 96.0, 76.0, 161.0, 565.0, 817.0, 8203.0, 654.0, 177.0, 82.0, 95.0, 65.0, 35.0, 25.0, 29.0, 59.0, 85.0, 46.0, 55.0, 39.0, 37.0, 49.0, 25.0, 17.0, 28.0, 8.0, 3.0, 25.0, 0.0, 13.0, 9.0, 1.0, 9.0, 0.0, 3.0, 6.0, 0.0, 6.0], "bins": [-827.5128173828125, -801.6530151367188, -775.7932739257812, -749.9334716796875, -724.07373046875, -698.2139282226562, -672.3541259765625, -646.494384765625, -620.6346435546875, -594.7748413085938, -568.9150390625, -543.0552978515625, -517.1954956054688, -491.3357238769531, -465.4759521484375, -439.6161804199219, -413.75640869140625, -387.8966369628906, -362.036865234375, -336.1770935058594, -310.31732177734375, -284.45751953125, -258.5977783203125, -232.73797607421875, -206.878173828125, -181.0184326171875, -155.15863037109375, -129.29888916015625, -103.4390869140625, -77.579345703125, -51.71954345703125, -25.85980224609375, 0.0, 25.85980224609375, 51.71954345703125, 77.579345703125, 103.4390869140625, 129.29888916015625, 155.15863037109375, 181.0184326171875, 206.878173828125, 232.73797607421875, 258.5977783203125, 284.45751953125, 310.31732177734375, 336.1770935058594, 362.036865234375, 387.8966369628906, 413.75640869140625, 439.6161804199219, 465.4759521484375, 491.3357238769531, 517.1954956054688, 543.0552978515625, 568.9150390625, 594.7748413085938, 620.6346435546875, 646.494384765625, 672.3541259765625, 698.2139282226562, 724.07373046875, 749.9334716796875, 775.7932739257812, 801.6530151367188, 827.5128173828125]}, "gradients/graph_32linear.3.bias": {"_type": "histogram", "values": [1.0, 0.0, 0.0, 0.0, 1.0, 1.0, 0.0, 1.0, 1.0, 0.0, 1.0, 2.0, 0.0, 0.0, 2.0, 2.0, 4.0, 2.0, 1.0, 3.0, 4.0, 1.0, 5.0, 1.0, 4.0, 0.0, 0.0, 7.0, 3.0, 4.0, 4.0, 1.0, 3.0, 3.0, 2.0, 2.0, 34.0, 2.0, 1.0, 0.0, 1.0, 0.0, 2.0, 0.0, 2.0, 4.0, 4.0, 2.0, 2.0, 0.0, 2.0, 0.0, 0.0, 1.0, 1.0, 0.0, 0.0, 0.0, 1.0, 1.0, 0.0, 0.0, 1.0, 1.0], "bins": [-122.47273254394531, -119.1351089477539, -115.7974853515625, -112.4598617553711, -109.12223815917969, -105.78461456298828, -102.44699096679688, -99.109375, -95.77174377441406, -92.43412780761719, -89.09649658203125, -85.75888061523438, -82.42125701904297, -79.08363342285156, -75.74600982666016, -72.40838623046875, -69.07076263427734, -65.73313903808594, -62.39551544189453, -59.057891845703125, -55.72026824951172, -52.38264465332031, -49.045021057128906, -45.7073974609375, -42.369781494140625, -39.03215789794922, -35.69453430175781, -32.356910705566406, -29.019287109375, -25.681663513183594, -22.344039916992188, -19.00641632080078, -15.668792724609375, -12.331169128417969, -8.993545532226562, -5.655921936035156, -2.31829833984375, 1.0193252563476562, 4.3569488525390625, 7.694572448730469, 11.032196044921875, 14.36981201171875, 17.707435607910156, 21.045059204101562, 24.38268280029297, 27.720306396484375, 31.05792999267578, 34.39555358886719, 37.733177185058594, 41.07080078125, 44.408424377441406, 47.74604797363281, 51.08367156982422, 54.42129135131836, 57.758914947509766, 61.09653854370117, 64.43415832519531, 67.77178955078125, 71.10940551757812, 74.44702911376953, 77.78465270996094, 81.12227630615234, 84.45989990234375, 87.79752349853516, 91.13514709472656]}, "gradients/graph_32linear.3.weight": {"_type": "histogram", "values": [1.0, 0.0, 0.0, 0.0, 1.0, 1.0, 1.0, 1.0, 2.0, 1.0, 3.0, 4.0, 4.0, 6.0, 7.0, 10.0, 10.0, 12.0, 12.0, 16.0, 22.0, 21.0, 28.0, 41.0, 43.0, 42.0, 44.0, 67.0, 42.0, 68.0, 85.0, 98.0, 111.0, 122.0, 158.0, 166.0, 14588.0, 86.0, 59.0, 55.0, 54.0, 42.0, 49.0, 49.0, 36.0, 23.0, 19.0, 13.0, 10.0, 5.0, 10.0, 5.0, 3.0, 8.0, 7.0, 3.0, 3.0, 2.0, 1.0, 2.0, 0.0, 0.0, 1.0, 1.0], "bins": [-984.9697265625, -958.1273803710938, -931.2849731445312, -904.442626953125, -877.6002807617188, -850.7579345703125, -823.91552734375, -797.0731811523438, -770.2308349609375, -743.388427734375, -716.5460815429688, -689.7037353515625, -662.861328125, -636.0189819335938, -609.1766357421875, -582.334228515625, -555.4918823242188, -528.6495361328125, -501.8071594238281, -474.96478271484375, -448.1224365234375, -421.280029296875, -394.43768310546875, -367.5953369140625, -340.7529296875, -313.91058349609375, -287.0682373046875, -260.22589111328125, -233.38348388671875, -206.5411376953125, -179.69879150390625, -152.85638427734375, -126.01409912109375, -99.1717529296875, -72.329345703125, -45.48699951171875, -18.6446533203125, 8.19775390625, 35.04010009765625, 61.8824462890625, 88.72479248046875, 115.56719970703125, 142.4095458984375, 169.25189208984375, 196.09429931640625, 222.9366455078125, 249.77902221679688, 276.6213684082031, 303.4637451171875, 330.3061218261719, 357.1484680175781, 383.9908447265625, 410.83319091796875, 437.6755676269531, 464.5179443359375, 491.36029052734375, 518.20263671875, 545.0450439453125, 571.8873901367188, 598.729736328125, 625.5721435546875, 652.4144897460938, 679.2568359375, 706.0992431640625, 732.9415893554688]}, "gradients/graph_32linear.0.bias": {"_type": "histogram", "values": [1.0, 0.0, 1.0, 0.0, 2.0, 0.0, 0.0, 0.0, 1.0, 0.0, 0.0, 0.0, 0.0, 0.0, 0.0, 0.0, 0.0, 1.0, 0.0, 0.0, 1.0, 0.0, 1.0, 0.0, 0.0, 1.0, 0.0, 2.0, 0.0, 1.0, 0.0, 0.0, 1.0, 1.0, 1.0, 0.0, 0.0, 1.0, 1.0, 1.0, 0.0, 0.0, 0.0, 0.0, 0.0, 108.0, 0.0, 0.0, 0.0, 0.0, 0.0, 0.0, 0.0, 1.0, 0.0, 0.0, 0.0, 0.0, 0.0, 0.0, 0.0, 0.0, 0.0, 1.0], "bins": [-245.2063751220703, -239.86766052246094, -234.52894592285156, -229.1902313232422, -223.85153198242188, -218.5128173828125, -213.17410278320312, -207.83538818359375, -202.49667358398438, -197.157958984375, -191.81924438476562, -186.48052978515625, -181.14181518554688, -175.8031005859375, -170.4644012451172, -165.1256866455078, -159.78697204589844, -154.44825744628906, -149.1095428466797, -143.77084350585938, -138.43212890625, -133.09341430664062, -127.75469970703125, -122.41598510742188, -117.0772705078125, -111.73855590820312, -106.39984130859375, -101.06112670898438, -95.72242736816406, -90.38371276855469, -85.04499816894531, -79.70628356933594, -74.36756896972656, -69.02885437011719, -63.69013977050781, -58.35142517089844, -53.01271057128906, -47.67401123046875, -42.335296630859375, -36.99658203125, -31.657867431640625, -26.31915283203125, -20.980438232421875, -15.641731262207031, -10.303016662597656, -4.964302062988281, 0.3744049072265625, 5.7131195068359375, 11.051834106445312, 16.390548706054688, 21.729263305664062, 27.067970275878906, 32.40668487548828, 37.745399475097656, 43.084110260009766, 48.422821044921875, 53.76153564453125, 59.100250244140625, 64.43896484375, 69.77767181396484, 75.11638641357422, 80.4551010131836, 85.79380798339844, 91.13252258300781, 96.47123718261719]}, "gradients/graph_32linear.0.weight": {"_type": "histogram",