{"gradients/graph_26linear.5.bias": {"_type": "histogram", "values": [7.0, 7.0, 3.0, 7.0, 4.0, 2.0, 1.0, 1.0, 1.0, 2.0, 3.0, 0.0, 0.0, 1.0, 1.0, 4.0, 0.0, 24.0, 0.0, 0.0, 0.0, 0.0, 0.0, 0.0, 0.0, 0.0, 0.0, 0.0, 0.0, 0.0, 0.0, 0.0, 0.0, 0.0, 0.0, 0.0, 0.0, 0.0, 0.0, 0.0, 0.0, 0.0, 0.0, 0.0, 0.0, 0.0, 0.0, 0.0, 0.0, 0.0, 0.0, 0.0, 1.0, 1.0, 3.0, 4.0, 2.0, 6.0, 4.0, 3.0, 2.0, 0.0, 0.0, 2.0], "bins": [-0.5669346451759338, -0.5482074022293091, -0.5294801592826843, -0.5107529163360596, -0.4920256733894348, -0.47329843044281006, -0.4545712172985077, -0.43584397435188293, -0.4171167314052582, -0.3983894884586334, -0.37966224551200867, -0.3609350323677063, -0.34220778942108154, -0.3234805464744568, -0.30475330352783203, -0.2860260605812073, -0.2672988176345825, -0.24857157468795776, -0.229844331741333, -0.21111708879470825, -0.1923898458480835, -0.17366263270378113, -0.15493538975715637, -0.13620814681053162, -0.11748090386390686, -0.0987536609172821, -0.08002641797065735, -0.06129920482635498, -0.042571961879730225, -0.02384471893310547, -0.005117475986480713, 0.013609766960144043, 0.03233695030212402, 0.05106419324874878, 0.06979143619537354, 0.08851867914199829, 0.10724592208862305, 0.1259731650352478, 0.14470037817955017, 0.16342762112617493, 0.18215486407279968, 0.20088210701942444, 0.2196093499660492, 0.23833659291267395, 0.2570638060569763, 0.2757910490036011, 0.29451829195022583, 0.3132455348968506, 0.33197277784347534, 0.3507000207901001, 0.36942726373672485, 0.3881545066833496, 0.40688174962997437, 0.4256089925765991, 0.4443362057209015, 0.46306344866752625, 0.481790691614151, 0.5005179643630981, 0.5192451477050781, 0.5379723906517029, 0.5566996335983276, 0.5754268765449524, 0.5941541194915771, 0.6128813624382019, 0.6316086053848267]}, "_timestamp": 1715854146.9569101, "gradients/graph_26linear.5.weight": {"_type": "histogram", "values": [7.0, 7.0, 3.0, 7.0, 4.0, 2.0, 1.0, 1.0, 1.0, 2.0, 3.0, 7.0, 10.0, 8.0, 6.0, 12.0, 13.0, 40.0, 3.0, 3.0, 7.0, 3.0, 27.0, 3.0, 33.0, 22.0, 7.0, 41.0, 33.0, 24.0, 11808.0, 0.0, 14.0, 14.0, 9.0, 17.0, 2.0, 0.0, 0.0, 0.0, 1.0, 4.0, 6.0, 10.0, 5.0, 5.0, 8.0, 9.0, 4.0, 2.0, 0.0, 2.0, 1.0, 1.0, 3.0, 4.0, 2.0, 6.0, 4.0, 3.0, 2.0, 0.0, 0.0, 2.0], "bins": [-51.31100845336914, -49.61608123779297, -47.92115020751953, -46.22622299194336, -44.53129577636719, -42.836368560791016, -41.141441345214844, -39.446510314941406, -37.751583099365234, -36.05665588378906, -34.361724853515625, -32.66679763793945, -30.97187042236328, -29.27694320678711, -27.582014083862305, -25.8870849609375, -24.192157745361328, -22.497230529785156, -20.80230140686035, -19.107372283935547, -17.412445068359375, -15.717517852783203, -14.022586822509766, -12.327659606933594, -10.632732391357422, -8.93780517578125, -7.242877960205078, -5.547946929931641, -3.8530197143554688, -2.158092498779297, -0.4631614685058594, 1.2317657470703125, 2.9266891479492188, 4.621616363525391, 6.3165435791015625, 8.011474609375, 9.706401824951172, 11.401329040527344, 13.096260070800781, 14.791187286376953, 16.486114501953125, 18.181041717529297, 19.87596893310547, 21.570899963378906, 23.265827178955078, 24.96075439453125, 26.655683517456055, 28.35061264038086, 30.04553985595703, 31.740467071533203, 33.435394287109375, 35.13032531738281, 36.825252532958984, 38.520179748535156, 40.215110778808594, 41.910037994384766, 43.60496520996094, 45.29989242553711, 46.99481964111328, 48.68975067138672, 50.38467788696289, 52.07960510253906, 53.7745361328125, 55.46946334838867, 57.164390563964844]}, "gradients/graph_26linear.3.bias": {"_type": "histogram", "values": [1.0, 0.0, 0.0, 0.0, 0.0, 0.0, 0.0, 0.0, 0.0, 0.0, 0.0, 0.0, 0.0, 0.0, 0.0, 0.0, 0.0, 0.0, 0.0, 0.0, 0.0, 0.0, 0.0, 0.0, 0.0, 0.0, 0.0, 0.0, 0.0, 0.0, 0.0, 0.0, 0.0, 0.0, 0.0, 0.0, 0.0, 1.0, 0.0, 0.0, 0.0, 0.0, 1.0, 0.0, 0.0, 0.0, 0.0, 0.0, 123.0, 0.0, 0.0, 0.0, 0.0, 0.0, 0.0, 0.0, 0.0, 0.0, 1.0, 0.0, 0.0, 0.0, 0.0, 1.0], "bins": [-3.5225462913513184, -3.449481248855591, -3.3764162063598633, -3.3033511638641357, -3.230286121368408, -3.1572210788726807, -3.084156036376953, -3.0110912322998047, -2.938025951385498, -2.8649611473083496, -2.791895866394043, -2.7188310623168945, -2.645766019821167, -2.5727009773254395, -2.499635934829712, -2.4265708923339844, -2.353505849838257, -2.2804408073425293, -2.2073757648468018, -2.134310722351074, -2.0612456798553467, -1.9881807565689087, -1.9151157140731812, -1.8420506715774536, -1.768985629081726, -1.6959205865859985, -1.622855544090271, -1.5497905015945435, -1.4767255783081055, -1.403660535812378, -1.3305954933166504, -1.2575304508209229, -1.1844655275344849, -1.1114004850387573, -1.0383354425430298, -0.9652704000473022, -0.8922053575515747, -0.8191404342651367, -0.7460753917694092, -0.6730103492736816, -0.5999453067779541, -0.5268802642822266, -0.453815221786499, -0.3807501792907715, -0.3076852560043335, -0.23462021350860596, -0.16155517101287842, -0.08849012851715088, -0.01542508602142334, 0.0576399564743042, 0.13070499897003174, 0.2037699818611145, 0.27683502435684204, 0.3499000668525696, 0.42296504974365234, 0.4960300922393799, 0.5690951347351074, 0.642160177230835, 0.7152252197265625, 0.7882902026176453, 0.8613552451133728, 0.9344202876091003, 1.007485270500183, 1.0805503129959106, 1.1536153554916382]}, "gradients/graph_26linear.3.weight": {"_type": "histogram", "values": [1.0, 0.0, 0.0, 0.0, 0.0, 0.0, 0.0, 0.0, 0.0, 0.0, 0.0, 0.0, 0.0, 1.0, 1.0, 1.0, 1.0, 0.0, 0.0, 0.0, 0.0, 0.0, 0.0, 1.0, 0.0, 0.0, 0.0, 0.0, 0.0, 0.0, 0.0, 0.0, 0.0, 0.0, 1.0, 0.0, 0.0, 2.0, 0.0, 0.0, 2.0, 2.0, 2.0, 3.0, 2.0, 3.0, 2.0, 2.0, 16339.0, 2.0, 1.0, 2.0, 1.0, 1.0, 0.0, 4.0, 1.0, 0.0, 3.0, 2.0, 0.0, 0.0, 0.0, 1.0], "bins": [-389.4150695800781, -381.3377685546875, -373.260498046875, -365.1831970214844, -357.1059265136719, -349.02862548828125, -340.95135498046875, -332.8740539550781, -324.7967529296875, -316.719482421875, -308.6421813964844, -300.56488037109375, -292.48760986328125, -284.4103088378906, -276.3330383300781, -268.2557373046875, -260.178466796875, -252.10116577148438, -244.0238800048828, -235.9465789794922, -227.86929321289062, -219.79200744628906, -211.7147216796875, -203.63743591308594, -195.56015014648438, -187.48284912109375, -179.4055633544922, -171.32827758789062, -163.25099182128906, -155.1737060546875, -147.09640502929688, -139.0191192626953, -130.9418487548828, -122.86456298828125, -114.78727722167969, -106.70997619628906, -98.6326904296875, -90.55540466308594, -82.47811889648438, -74.40083312988281, -66.32353210449219, -58.246246337890625, -50.16896057128906, -42.0916748046875, -34.01438903808594, -25.937103271484375, -17.85980224609375, -9.782516479492188, -1.705230712890625, 6.3720550537109375, 14.449348449707031, 22.526634216308594, 30.603927612304688, 38.68121337890625, 46.75849914550781, 54.835792541503906, 62.91307830810547, 70.99037170410156, 79.06765747070312, 87.14494323730469, 95.22222900390625, 103.29952239990234, 111.3768081665039, 119.4541015625, 127.53138732910156]}, "gradients/graph_26linear.0.bias": {"_type": "histogram", "values": [1.0, 0.0, 0.0, 1.0, 0.0, 0.0, 0.0, 0.0, 0.0, 0.0, 1.0, 0.0, 0.0, 1.0, 0.0, 0.0, 0.0, 1.0, 0.0, 0.0, 0.0, 0.0, 0.0, 0.0, 0.0, 0.0, 0.0, 0.0, 0.0, 1.0, 0.0, 0.0, 0.0, 1.0, 0.0, 0.0, 0.0, 119.0, 0.0, 0.0, 0.0, 0.0, 0.0, 0.0, 0.0, 0.0, 0.0, 0.0, 0.0, 0.0, 0.0, 1.0, 0.0, 0.0, 0.0, 0.0, 0.0, 0.0, 0.0, 0.0, 0.0, 0.0, 0.0, 1.0],