{"Linear loss": 9953.6796875, "_timestamp": 1715769442.7002273, "_runtime": 429.60177516937256, "_step": 3619, "gradients/graph_13linear.5.bias": {"_type": "histogram", "values": [6.0, 0.0, 0.0, 4.0, 0.0, 0.0, 0.0, 0.0, 0.0, 0.0, 0.0, 0.0, 0.0, 0.0, 0.0, 0.0, 0.0, 0.0, 0.0, 0.0, 0.0, 0.0, 0.0, 0.0, 0.0, 0.0, 0.0, 0.0, 13.0, 0.0, 0.0, 2.0, 43.0, 0.0, 0.0, 16.0, 0.0, 0.0, 0.0, 0.0, 0.0, 0.0, 0.0, 0.0, 0.0, 0.0, 0.0, 0.0, 0.0, 0.0, 0.0, 0.0, 0.0, 0.0, 0.0, 0.0, 0.0, 1.0, 0.0, 0.0, 3.0, 0.0, 0.0, 8.0], "bins": [-200.0, -193.75, -187.5, -181.25, -175.0, -168.75, -162.5, -156.25, -150.0, -143.75, -137.5, -131.25, -125.0, -118.75, -112.5, -106.25, -100.0, -93.75, -87.5, -81.25, -75.0, -68.75, -62.5, -56.25, -50.0, -43.75, -37.5, -31.25, -25.0, -18.75, -12.5, -6.25, 0.0, 6.25, 12.5, 18.75, 25.0, 31.25, 37.5, 43.75, 50.0, 56.25, 62.5, 68.75, 75.0, 81.25, 87.5, 93.75, 100.0, 106.25, 112.5, 118.75, 125.0, 131.25, 137.5, 143.75, 150.0, 156.25, 162.5, 168.75, 175.0, 181.25, 187.5, 193.75, 200.0]}, "gradients/graph_13linear.5.weight": {"_type": "histogram", "values": [6.0, 6.0, 0.0, 4.0, 4.0, 6.0, 0.0, 16.0, 0.0, 20.0, 6.0, 4.0, 32.0, 6.0, 34.0, 26.0, 36.0, 36.0, 34.0, 62.0, 48.0, 62.0, 56.0, 40.0, 44.0, 42.0, 52.0, 44.0, 72.0, 122.0, 554.0, 726.0, 8301.0, 680.0, 148.0, 90.0, 53.0, 59.0, 53.0, 52.0, 52.0, 65.0, 74.0, 55.0, 75.0, 39.0, 44.0, 46.0, 30.0, 38.0, 9.0, 40.0, 3.0, 9.0, 22.0, 0.0, 20.0, 1.0, 8.0, 3.0, 3.0, 0.0, 8.0, 8.0], "bins": [-754.9002685546875, -731.3096313476562, -707.718994140625, -684.1283569335938, -660.5377197265625, -636.9470825195312, -613.3564453125, -589.765869140625, -566.1751708984375, -542.5845947265625, -518.993896484375, -495.4032897949219, -471.81268310546875, -448.2220458984375, -424.63140869140625, -401.040771484375, -377.45013427734375, -353.8594970703125, -330.26885986328125, -306.67822265625, -283.08758544921875, -259.4969787597656, -235.90631103515625, -212.315673828125, -188.72509765625, -165.13446044921875, -141.5438232421875, -117.95318603515625, -94.362548828125, -70.77191162109375, -47.1812744140625, -23.59063720703125, 0.0, 23.59063720703125, 47.1812744140625, 70.77191162109375, 94.362548828125, 117.95318603515625, 141.5438232421875, 165.13446044921875, 188.72509765625, 212.315673828125, 235.90631103515625, 259.4969787597656, 283.08758544921875, 306.67822265625, 330.26885986328125, 353.8594970703125, 377.45013427734375, 401.040771484375, 424.63140869140625, 448.2220458984375, 471.81268310546875, 495.4032897949219, 518.993896484375, 542.5845947265625, 566.1751708984375, 589.765869140625, 613.3564453125, 636.9470825195312, 660.5377197265625, 684.1283569335938, 707.718994140625, 731.3096313476562, 754.9002685546875]}, "gradients/graph_13linear.3.bias": {"_type": "histogram", "values": [1.0, 0.0, 0.0, 0.0, 1.0, 1.0, 0.0, 0.0, 0.0, 1.0, 0.0, 0.0, 0.0, 1.0, 0.0, 2.0, 2.0, 1.0, 0.0, 5.0, 2.0, 1.0, 2.0, 5.0, 5.0, 3.0, 2.0, 2.0, 3.0, 2.0, 3.0, 4.0, 1.0, 4.0, 3.0, 2.0, 4.0, 0.0, 1.0, 4.0, 1.0, 2.0, 44.0, 2.0, 0.0, 0.0, 3.0, 1.0, 0.0, 3.0, 1.0, 0.0, 0.0, 0.0, 0.0, 0.0, 1.0, 0.0, 1.0, 0.0, 0.0, 0.0, 0.0, 1.0], "bins": [-169.9683837890625, -165.93927001953125, -161.91015625, -157.8810272216797, -153.85191345214844, -149.8227996826172, -145.79368591308594, -141.7645721435547, -137.73544311523438, -133.70632934570312, -129.67721557617188, -125.64810180664062, -121.61898803710938, -117.5898666381836, -113.56075286865234, -109.53163146972656, -105.50251770019531, -101.47340393066406, -97.44428253173828, -93.41516876220703, -89.38604736328125, -85.35693359375, -81.32781982421875, -77.29869842529297, -73.26958465576172, -69.24047088623047, -65.21134948730469, -61.18223571777344, -57.15312194824219, -53.124000549316406, -49.094886779785156, -45.065765380859375, -41.03663635253906, -37.00752258300781, -32.97840118408203, -28.94928741455078, -24.920166015625, -20.89105224609375, -16.8619384765625, -12.832817077636719, -8.803703308105469, -4.774589538574219, -0.7454681396484375, 3.2836456298828125, 7.3127593994140625, 11.341880798339844, 15.370994567871094, 19.400115966796875, 23.429229736328125, 27.45834732055664, 31.487464904785156, 35.516578674316406, 39.54569625854492, 43.57481384277344, 47.60392761230469, 51.6330451965332, 55.66216278076172, 59.691280364990234, 63.72039794921875, 67.74951171875, 71.77862548828125, 75.80774688720703, 79.83686065673828, 83.86598205566406, 87.89509582519531]}, "gradients/graph_13linear.3.weight": {"_type": "histogram", "values": [1.0, 0.0, 0.0, 0.0, 1.0, 1.0, 0.0, 0.0, 2.0, 1.0, 1.0, 1.0, 4.0, 2.0, 1.0, 6.0, 3.0, 3.0, 3.0, 7.0, 8.0, 11.0, 5.0, 17.0, 22.0, 13.0, 22.0, 30.0, 37.0, 31.0, 32.0, 37.0, 45.0, 50.0, 62.0, 59.0, 74.0, 89.0, 119.0, 128.0, 210.0, 251.0, 14803.0, 61.0, 26.0, 34.0, 14.0, 17.0, 7.0, 7.0, 4.0, 3.0, 4.0, 3.0, 2.0, 2.0, 2.0, 1.0, 2.0, 2.0, 0.0, 0.0, 0.0, 1.0], "bins": [-1325.2811279296875, -1293.865234375, -1262.4493408203125, -1231.0333251953125, -1199.617431640625, -1168.2015380859375, -1136.78564453125, -1105.3697509765625, -1073.953857421875, -1042.537841796875, -1011.1219482421875, -979.7060546875, -948.2901611328125, -916.8742065429688, -885.4583129882812, -854.0423583984375, -822.62646484375, -791.2105712890625, -759.7946166992188, -728.3787231445312, -696.9627685546875, -665.546875, -634.1309814453125, -602.7150268554688, -571.2991333007812, -539.8832397460938, -508.46728515625, -477.0513916015625, -445.635498046875, -414.21954345703125, -382.80364990234375, -351.3876953125, -319.9718017578125, -288.555908203125, -257.13995361328125, -225.72406005859375, -194.30810546875, -162.8922119140625, -131.476318359375, -100.06036376953125, -68.64447021484375, -37.22857666015625, -5.8126220703125, 25.603271484375, 57.0191650390625, 88.43511962890625, 119.85101318359375, 151.2669677734375, 182.682861328125, 214.09878540039062, 245.51470947265625, 276.93060302734375, 308.3465270996094, 339.762451171875, 371.1783447265625, 402.5942687988281, 434.01019287109375, 465.4261169433594, 496.842041015625, 528.2579345703125, 559.673828125, 591.0897827148438, 622.5056762695312, 653.921630859375, 685.3375244140625]}, "gradients/graph_13linear.0.bias": {"_type": "histogram", "values": [2.0, 0.0, 0.0, 0.0, 0.0, 0.0, 0.0, 0.0, 0.0, 0.0, 1.0, 1.0, 1.0, 0.0, 0.0, 0.0, 3.0, 1.0, 0.0, 1.0, 0.0, 0.0, 0.0, 1.0, 0.0, 1.0, 0.0, 0.0, 0.0, 0.0, 0.0, 0.0, 1.0, 1.0, 0.0, 0.0, 0.0, 2.0, 0.0, 0.0, 0.0, 0.0, 1.0, 0.0, 0.0, 0.0, 0.0, 0.0, 0.0, 1.0, 0.0, 0.0, 0.0, 0.0, 0.0, 0.0, 0.0, 1.0, 0.0, 0.0, 0.0, 0.0, 1.0, 108.0], "bins": [-453.748046875, -446.6582336425781, -439.56842041015625, -432.4786071777344, -425.3887939453125, -418.2989807128906, -411.20916748046875, -404.1193542480469, -397.029541015625, -389.9397277832031, -382.84991455078125, -375.7601013183594, -368.6702880859375, -361.5804748535156, -354.49066162109375, -347.4008483886719, -340.31103515625, -333.2212219238281, -326.13140869140625, -319.0415954589844, -311.9517822265625, -304.8619689941406, -297.77215576171875, -290.6823425292969, -283.592529296875, -276.5027160644531, -269.41290283203125, -262.3230895996094, -255.2332763671875, -248.14346313476562, -241.05364990234375, -233.96383666992188, -226.8740234375, -219.78421020507812, -212.69439697265625, -205.60458374023438, -198.5147705078125, -191.42495727539062, -184.33514404296875, -177.24533081054688, -170.155517578125, -163.06570434570312, -155.97589111328125, -148.88607788085938, -141.7962646484375, -134.70645141601562, -127.61663818359375, -120.52682495117188, -113.43701171875, -106.34719848632812, -99.25738525390625, -92.16757202148438, -85.0777587890625, -77.98794555664062, -70.89813232421875, -63.808319091796875, -56.718505859375, -49.628692626953125, -42.53887939453125, -35.449066162109375, -28.3592529296875, -21.269439697265625, -14.17962646484375, -7.089813232421875, 0.0]}, "gradients/graph_13linear.0.weight": {"_type": "histogram",