{"Linear loss": 9782.279296875, "_timestamp": 1715775151.683295, "_runtime": 47.160290002822876, "_step": 1809, "gradients/graph_33linear.5.bias": {"_type": "histogram", "values": [7.0, 0.0, 0.0, 3.0, 0.0, 0.0, 0.0, 0.0, 0.0, 0.0, 0.0, 0.0, 0.0, 0.0, 0.0, 0.0, 0.0, 0.0, 0.0, 0.0, 0.0, 0.0, 0.0, 0.0, 0.0, 0.0, 0.0, 0.0, 13.0, 0.0, 0.0, 2.0, 47.0, 0.0, 0.0, 16.0, 0.0, 0.0, 0.0, 0.0, 0.0, 0.0, 0.0, 0.0, 0.0, 0.0, 0.0, 0.0, 0.0, 0.0, 0.0, 0.0, 0.0, 0.0, 0.0, 0.0, 0.0, 0.0, 0.0, 0.0, 2.0, 0.0, 0.0, 6.0], "bins": [-200.0, -193.75, -187.5, -181.25, -175.0, -168.75, -162.5, -156.25, -150.0, -143.75, -137.5, -131.25, -125.0, -118.75, -112.5, -106.25, -100.0, -93.75, -87.5, -81.25, -75.0, -68.75, -62.5, -56.25, -50.0, -43.75, -37.5, -31.25, -25.0, -18.75, -12.5, -6.25, 0.0, 6.25, 12.5, 18.75, 25.0, 31.25, 37.5, 43.75, 50.0, 56.25, 62.5, 68.75, 75.0, 81.25, 87.5, 93.75, 100.0, 106.25, 112.5, 118.75, 125.0, 131.25, 137.5, 143.75, 150.0, 156.25, 162.5, 168.75, 175.0, 181.25, 187.5, 193.75, 200.0]}, "gradients/graph_33linear.5.weight": {"_type": "histogram", "values": [7.0, 0.0, 7.0, 3.0, 0.0, 3.0, 7.0, 7.0, 0.0, 6.0, 7.0, 7.0, 3.0, 17.0, 7.0, 13.0, 13.0, 17.0, 10.0, 27.0, 9.0, 0.0, 21.0, 23.0, 30.0, 13.0, 3.0, 7.0, 26.0, 85.0, 153.0, 244.0, 4849.0, 184.0, 96.0, 26.0, 6.0, 2.0, 10.0, 24.0, 18.0, 18.0, 0.0, 6.0, 22.0, 8.0, 14.0, 10.0, 10.0, 6.0, 14.0, 2.0, 6.0, 6.0, 4.0, 0.0, 6.0, 6.0, 2.0, 0.0, 2.0, 6.0, 0.0, 6.0], "bins": [-1171.11669921875, -1134.519287109375, -1097.921875, -1061.324462890625, -1024.72705078125, -988.1296997070312, -951.5323486328125, -914.9349365234375, -878.3375244140625, -841.7401123046875, -805.1427001953125, -768.5453491210938, -731.9479370117188, -695.3505249023438, -658.753173828125, -622.15576171875, -585.558349609375, -548.9609375, -512.363525390625, -475.76617431640625, -439.16876220703125, -402.57135009765625, -365.9739990234375, -329.3765869140625, -292.7791748046875, -256.1817626953125, -219.5843505859375, -182.98699951171875, -146.3896484375, -109.792236328125, -73.19482421875, -36.597412109375, 0.0, 36.597412109375, 73.19482421875, 109.792236328125, 146.3896484375, 182.98699951171875, 219.5843505859375, 256.1817626953125, 292.7791748046875, 329.3765869140625, 365.9739990234375, 402.57135009765625, 439.16876220703125, 475.76617431640625, 512.363525390625, 548.9609375, 585.558349609375, 622.15576171875, 658.753173828125, 695.3505249023438, 731.9479370117188, 768.5453491210938, 805.1427001953125, 841.7401123046875, 878.3375244140625, 914.9349365234375, 951.5323486328125, 988.1296997070312, 1024.72705078125, 1061.324462890625, 1097.921875, 1134.519287109375, 1171.11669921875]}, "gradients/graph_33linear.3.bias": {"_type": "histogram", "values": [1.0, 0.0, 0.0, 0.0, 1.0, 0.0, 0.0, 0.0, 0.0, 0.0, 0.0, 1.0, 0.0, 0.0, 0.0, 1.0, 0.0, 1.0, 1.0, 0.0, 0.0, 2.0, 1.0, 1.0, 2.0, 0.0, 0.0, 1.0, 0.0, 1.0, 1.0, 0.0, 1.0, 2.0, 1.0, 2.0, 0.0, 2.0, 0.0, 0.0, 0.0, 34.0, 2.0, 0.0, 2.0, 0.0, 0.0, 0.0, 0.0, 0.0, 0.0, 0.0, 1.0, 1.0, 0.0, 0.0, 0.0, 0.0, 0.0, 0.0, 0.0, 0.0, 0.0, 1.0], "bins": [-169.7727508544922, -165.68031311035156, -161.587890625, -157.49545288085938, -153.40301513671875, -149.3105926513672, -145.21815490722656, -141.125732421875, -137.03329467773438, -132.94085693359375, -128.8484344482422, -124.75599670410156, -120.66356658935547, -116.57113647460938, -112.47869873046875, -108.38626861572266, -104.29383850097656, -100.20140838623047, -96.10897827148438, -92.01654052734375, -87.92411041259766, -83.83168029785156, -79.73924255371094, -75.64681243896484, -71.55438232421875, -67.46195220947266, -63.36952209472656, -59.27708435058594, -55.184654235839844, -51.09222412109375, -46.999786376953125, -42.90735626220703, -38.814918518066406, -34.72248840332031, -30.63005828857422, -26.537620544433594, -22.4451904296875, -18.352760314941406, -14.260322570800781, -10.167892456054688, -6.075462341308594, -1.9830322265625, 2.1093978881835938, 6.201835632324219, 10.294265747070312, 14.386695861816406, 18.47913360595703, 22.571563720703125, 26.66399383544922, 30.756423950195312, 34.84885787963867, 38.94129180908203, 43.033721923828125, 47.12615203857422, 51.21858596801758, 55.31101989746094, 59.40345001220703, 63.495880126953125, 67.58831787109375, 71.68074798583984, 75.77317810058594, 79.86560821533203, 83.95803833007812, 88.05047607421875, 92.14290618896484]}, "gradients/graph_33linear.3.weight": {"_type": "histogram", "values": [1.0, 0.0, 0.0, 0.0, 1.0, 0.0, 1.0, 0.0, 0.0, 1.0, 0.0, 1.0, 0.0, 0.0, 0.0, 1.0, 1.0, 1.0, 1.0, 1.0, 0.0, 4.0, 1.0, 1.0, 5.0, 0.0, 2.0, 2.0, 0.0, 2.0, 1.0, 1.0, 2.0, 2.0, 3.0, 4.0, 2.0, 2.0, 2.0, 0.0, 0.0, 4037.0, 3.0, 0.0, 4.0, 0.0, 0.0, 0.0, 0.0, 0.0, 0.0, 2.0, 1.0, 1.0, 0.0, 0.0, 0.0, 0.0, 0.0, 0.0, 1.0, 0.0, 0.0, 1.0], "bins": [-4104.77294921875, -4005.825927734375, -3906.87890625, -3807.931884765625, -3708.98486328125, -3610.037841796875, -3511.0908203125, -3412.14404296875, -3313.19677734375, -3214.25, -3115.302734375, -3016.35595703125, -2917.408935546875, -2818.4619140625, -2719.514892578125, -2620.56787109375, -2521.620849609375, -2422.673828125, -2323.726806640625, -2224.77978515625, -2125.832763671875, -2026.8857421875, -1927.938720703125, -1828.99169921875, -1730.044921875, -1631.097900390625, -1532.15087890625, -1433.203857421875, -1334.2568359375, -1235.309814453125, -1136.36279296875, -1037.415771484375, -938.468994140625, -839.52197265625, -740.574951171875, -641.6279296875, -542.680908203125, -443.73388671875, -344.786865234375, -245.83984375, -146.892822265625, -47.946044921875, 51.0009765625, 149.947998046875, 248.89501953125, 347.842041015625, 446.7890625, 545.736083984375, 644.68310546875, 743.630126953125, 842.5771484375, 941.524169921875, 1040.47119140625, 1139.4180908203125, 1238.3651123046875, 1337.3121337890625, 1436.2591552734375, 1535.2061767578125, 1634.1531982421875, 1733.10009765625, 1832.047119140625, 1930.994140625, 2029.941162109375, 2128.88818359375, 2227.835205078125]}, "gradients/graph_33linear.0.bias": {"_type": "histogram", "values": [1.0, 0.0, 0.0, 0.0, 0.0, 0.0, 0.0, 0.0, 0.0, 0.0, 0.0, 0.0, 0.0, 0.0, 0.0, 0.0, 0.0, 0.0, 0.0, 0.0, 0.0, 0.0, 0.0, 0.0, 0.0, 0.0, 0.0, 0.0, 0.0, 0.0, 0.0, 0.0, 0.0, 0.0, 0.0, 1.0, 0.0, 0.0, 0.0, 0.0, 0.0, 0.0, 0.0, 0.0, 0.0, 0.0, 0.0, 0.0, 0.0, 0.0, 0.0, 0.0, 0.0, 0.0, 0.0, 0.0, 0.0, 0.0, 0.0, 0.0, 0.0, 0.0, 0.0, 62.0], "bins": [-760.8148193359375, -748.9270629882812, -737.0393676757812, -725.151611328125, -713.263916015625, -701.3761596679688, -689.4884033203125, -677.6007080078125, -665.7129516601562, -653.8252563476562, -641.9375, -630.0498046875, -618.1620483398438, -606.2742919921875, -594.3865966796875, -582.4988403320312, -570.611083984375, -558.723388671875, -546.8356323242188, -534.9479370117188, -523.0601806640625, -511.1724548339844, -499.28472900390625, -487.3970031738281, -475.50927734375, -463.62152099609375, -451.7337951660156, -439.8460693359375, -427.9583435058594, -416.07061767578125, -404.182861328125, -392.2951354980469, -380.40740966796875, -368.5196838378906, -356.6319580078125, -344.74420166015625, -332.8564758300781, -320.96875, -309.0810241699219, -297.19329833984375, -285.3055419921875, -273.4178161621094, -261.53009033203125, -249.64236450195312, -237.754638671875, -225.8668975830078, -213.9791717529297, -202.0914306640625, -190.20370483398438, -178.31597900390625, -166.42823791503906, -154.54051208496094, -142.65277099609375, -130.76504516601562, -118.8773193359375, -106.98958587646484, -95.10185241699219, -83.21411895751953, -71.32638549804688, -59.43865966796875, -47.550926208496094, -35.66319274902344, -23.775463104248047, -11.887731552124023, 0.0]}, "gradients/graph_33linear.0.weight": {"_type": "histogram",