{"gradients/graph_33linear.5.bias": {"_type": "histogram", "values": [2.0, 2.0, 0.0, 0.0, 0.0, 0.0, 0.0, 0.0, 0.0, 0.0, 0.0, 0.0, 0.0, 0.0, 0.0, 0.0, 0.0, 0.0, 2.0, 4.0, 8.0, 6.0, 6.0, 0.0, 2.0, 3.0, 4.0, 14.0, 8.0, 1.0, 0.0, 2.0, 2.0, 2.0, 0.0, 0.0, 0.0, 0.0, 0.0, 0.0, 0.0, 2.0, 10.0, 1.0, 3.0, 1.0, 2.0, 1.0, 0.0, 0.0, 0.0, 0.0, 0.0, 0.0, 0.0, 0.0, 0.0, 0.0, 0.0, 0.0, 1.0, 1.0, 2.0, 4.0], "bins": [-0.8063099384307861, -0.7817047834396362, -0.7570996284484863, -0.7324944734573364, -0.7078893184661865, -0.6832841634750366, -0.6586790084838867, -0.6340739130973816, -0.6094687581062317, -0.5848636031150818, -0.5602584481239319, -0.535653293132782, -0.5110481381416321, -0.4864429831504822, -0.46183785796165466, -0.43723270297050476, -0.41262754797935486, -0.38802239298820496, -0.36341723799705505, -0.33881211280822754, -0.31420695781707764, -0.28960180282592773, -0.26499664783477783, -0.24039149284362793, -0.21578633785247803, -0.19118118286132812, -0.16657602787017822, -0.1419709324836731, -0.1173657774925232, -0.09276062250137329, -0.06815546751022339, -0.043550312519073486, -0.018945157527923584, 0.005659997463226318, 0.03026515245437622, 0.05487030744552612, 0.07947546243667603, 0.10408061742782593, 0.12868571281433105, 0.15329086780548096, 0.17789602279663086, 0.20250117778778076, 0.22710633277893066, 0.25171148777008057, 0.27631664276123047, 0.30092179775238037, 0.3255269229412079, 0.3501320779323578, 0.3747372329235077, 0.3993423879146576, 0.4239475429058075, 0.448552668094635, 0.4731578230857849, 0.4977629780769348, 0.5223681330680847, 0.5469732880592346, 0.5715784430503845, 0.5961835980415344, 0.6207886934280396, 0.6453938484191895, 0.6699990034103394, 0.6946041584014893, 0.7192093133926392, 0.7438144683837891, 0.768419623374939]}, "_timestamp": 1715855869.7430074, "gradients/graph_33linear.5.weight": {"_type": "histogram", "values": [7.0, 9.0, 0.0, 2.0, 8.0, 10.0, 8.0, 1.0, 7.0, 4.0, 13.0, 22.0, 5.0, 13.0, 4.0, 3.0, 0.0, 15.0, 16.0, 21.0, 37.0, 76.0, 109.0, 130.0, 182.0, 197.0, 172.0, 240.0, 389.0, 557.0, 394.0, 482.0, 1439.0, 166.0, 106.0, 132.0, 86.0, 94.0, 130.0, 173.0, 121.0, 115.0, 82.0, 34.0, 25.0, 22.0, 36.0, 19.0, 4.0, 10.0, 20.0, 24.0, 28.0, 34.0, 9.0, 13.0, 11.0, 13.0, 18.0, 13.0, 6.0, 8.0, 10.0, 10.0], "bins": [-4.546634197235107, -4.407890319824219, -4.26914644241333, -4.130402565002441, -3.9916584491729736, -3.852914571762085, -3.714170455932617, -3.5754265785217285, -3.43668270111084, -3.297938823699951, -3.1591949462890625, -3.0204508304595947, -2.881706953048706, -2.7429630756378174, -2.6042189598083496, -2.465475082397461, -2.3267312049865723, -2.1879873275756836, -2.049243450164795, -1.9104993343353271, -1.7717554569244385, -1.6330115795135498, -1.494267463684082, -1.3555235862731934, -1.2167797088623047, -1.078035831451416, -0.9392919540405273, -0.8005478382110596, -0.6618039608001709, -0.5230598449707031, -0.38431596755981445, -0.24557209014892578, -0.10682868957519531, 0.03191518783569336, 0.17065906524658203, 0.3094029426574707, 0.4481470584869385, 0.5868909358978271, 0.7256350517272949, 0.8643789291381836, 1.0031228065490723, 1.141866683959961, 1.2806105613708496, 1.4193546772003174, 1.558098554611206, 1.6968424320220947, 1.8355865478515625, 1.9743304252624512, 2.11307430267334, 2.2518181800842285, 2.390562057495117, 2.529306173324585, 2.6680500507354736, 2.8067939281463623, 2.94553804397583, 3.0842819213867188, 3.2230257987976074, 3.361769676208496, 3.5005135536193848, 3.6392576694488525, 3.778001546859741, 3.91674542427063, 4.055489540100098, 4.194233417510986, 4.332977294921875]}, "gradients/graph_33linear.3.bias": {"_type": "histogram", "values": [2.0, 1.0, 0.0, 0.0, 0.0, 0.0, 1.0, 0.0, 0.0, 0.0, 2.0, 1.0, 1.0, 2.0, 3.0, 2.0, 4.0, 1.0, 3.0, 2.0, 0.0, 5.0, 1.0, 1.0, 1.0, 2.0, 5.0, 1.0, 3.0, 1.0, 1.0, 1.0, 1.0, 1.0, 2.0, 1.0, 0.0, 1.0, 1.0, 0.0, 0.0, 0.0, 0.0, 0.0, 0.0, 1.0, 0.0, 0.0, 0.0, 0.0, 0.0, 0.0, 0.0, 0.0, 0.0, 0.0, 0.0, 0.0, 0.0, 0.0, 0.0, 0.0, 0.0, 9.0], "bins": [-2.567534923553467, -2.5274171829223633, -2.4872994422912598, -2.4471817016601562, -2.4070639610290527, -2.366946220397949, -2.3268284797668457, -2.286710739135742, -2.2465929985046387, -2.206475257873535, -2.1663575172424316, -2.126239776611328, -2.0861220359802246, -2.046004295349121, -2.0058865547180176, -1.9657689332962036, -1.9256511926651, -1.8855334520339966, -1.845415711402893, -1.8052979707717896, -1.765180230140686, -1.725062608718872, -1.6849448680877686, -1.644827127456665, -1.6047093868255615, -1.564591646194458, -1.5244739055633545, -1.484356164932251, -1.4442384243011475, -1.404120683670044, -1.3640029430389404, -1.323885202407837, -1.2837674617767334, -1.2436497211456299, -1.2035319805145264, -1.1634142398834229, -1.1232964992523193, -1.0831787586212158, -1.0430610179901123, -1.0029432773590088, -0.96282559633255, -0.9227078557014465, -0.882590115070343, -0.8424723744392395, -0.8023546934127808, -0.7622369527816772, -0.7221192121505737, -0.6820014715194702, -0.6418837308883667, -0.6017659902572632, -0.5616482496261597, -0.5215305089950562, -0.481412798166275, -0.4412950575351715, -0.4011773467063904, -0.36105960607528687, -0.32094186544418335, -0.28082412481307983, -0.2407063990831375, -0.2005886733531952, -0.16047093272209167, -0.12035319954156876, -0.08023546636104584, -0.04011773318052292, 0.0]}, "gradients/graph_33linear.3.weight": {"_type": "histogram", "values": [2.0, 1.0, 0.0, 0.0, 0.0, 0.0, 1.0, 0.0, 0.0, 0.0, 2.0, 1.0, 1.0, 2.0, 3.0, 2.0, 4.0, 1.0, 3.0, 2.0, 0.0, 5.0, 1.0, 1.0, 1.0, 2.0, 5.0, 1.0, 3.0, 1.0, 1.0, 1.0, 1.0, 1.0, 2.0, 1.0, 0.0, 4.0, 1.0, 0.0, 1.0, 2.0, 3.0, 7.0, 6.0, 4.0, 7.0, 3.0, 6.0, 6.0, 4.0, 7.0, 9.0, 18.0, 23.0, 19.0, 18.0, 11.0, 6.0, 2.0, 1.0, 0.0, 0.0, 3876.0], "bins": [-49.58465576171875, -48.80989456176758, -48.035133361816406, -47.2603759765625, -46.48561477661133, -45.710853576660156, -44.93609619140625, -44.16133499145508, -43.386573791503906, -42.611812591552734, -41.83705139160156, -41.062294006347656, -40.287532806396484, -39.51277160644531, -38.738014221191406, -37.963253021240234, -37.18849182128906, -36.41373062133789, -35.63896942138672, -34.86421203613281, -34.08945083618164, -33.31468963623047, -32.53993225097656, -31.76517105102539, -30.99040985107422, -30.215648651123047, -29.440889358520508, -28.66613006591797, -27.891368865966797, -27.116607666015625, -26.341848373413086, -25.567089080810547, -24.792327880859375, -24.017566680908203, -23.242807388305664, -22.468048095703125, -21.693286895751953, -20.91852569580078, -20.143766403198242, -19.369007110595703, -18.59424591064453, -17.81948471069336, -17.04472541809082, -16.26996612548828, -15.49520492553711, -14.720444679260254, -13.945684432983398, -13.170924186706543, -12.396163940429688, -11.621403694152832, -10.846643447875977, -10.071883201599121, -9.297122955322266, -8.52236270904541, -7.747602462768555, -6.972842216491699, -6.198081970214844, -5.423321723937988, -4.648561477661133, -3.8738012313842773, -3.099040985107422, -2.3242807388305664, -1.549520492553711, -0.7747602462768555, 0.0]}, "gradients/graph_33linear.0.bias": {"_type": "histogram", "values": [1.0, 0.0, 0.0, 0.0, 0.0, 0.0, 0.0, 0.0, 0.0, 0.0, 0.0, 0.0, 0.0, 0.0, 0.0, 0.0, 0.0, 0.0, 0.0, 0.0, 0.0, 0.0, 0.0, 0.0, 1.0, 0.0, 0.0, 0.0, 0.0, 0.0, 0.0, 0.0, 0.0, 0.0, 0.0, 0.0, 0.0, 0.0, 1.0, 0.0, 0.0, 0.0, 0.0, 0.0, 0.0, 0.0, 0.0, 0.0, 0.0, 0.0, 0.0, 0.0, 0.0, 0.0, 0.0, 0.0, 0.0, 0.0, 0.0, 0.0, 0.0, 0.0, 1.0, 60.0],