{"gradients/graph_29linear.5.bias": {"_type": "histogram", "values": [1.0, 0.0, 1.0, 2.0, 1.0, 1.0, 2.0, 3.0, 5.0, 5.0, 7.0, 7.0, 6.0, 5.0, 7.0, 6.0, 11.0, 10.0, 3.0, 1.0, 1.0, 1.0, 1.0, 0.0, 1.0, 0.0, 1.0, 0.0, 0.0, 1.0, 1.0, 1.0, 1.0, 0.0, 0.0, 1.0, 0.0, 0.0, 0.0, 0.0, 0.0, 0.0, 0.0, 0.0, 0.0, 0.0, 0.0, 0.0, 0.0, 0.0, 0.0, 0.0, 0.0, 0.0, 0.0, 0.0, 1.0, 0.0, 0.0, 0.0, 0.0, 0.0, 0.0, 1.0], "bins": [-0.24424314498901367, -0.22494089603424072, -0.20563866198062897, -0.1863364279270172, -0.16703417897224426, -0.1477319300174713, -0.12842969596385956, -0.1091274619102478, -0.08982521295547485, -0.0705229640007019, -0.05122072994709015, -0.031918495893478394, -0.012616246938705444, 0.006686002016067505, 0.025988221168518066, 0.045290470123291016, 0.06459271907806396, 0.08389496803283691, 0.10319721698760986, 0.12249943614006042, 0.14180168509483337, 0.16110393404960632, 0.18040615320205688, 0.19970840215682983, 0.21901065111160278, 0.23831290006637573, 0.2576151490211487, 0.27691739797592163, 0.2962195873260498, 0.31552183628082275, 0.3348240852355957, 0.35412633419036865, 0.3734285831451416, 0.39273083209991455, 0.4120330810546875, 0.43133533000946045, 0.4506375789642334, 0.4699397683143616, 0.4892420172691345, 0.5085442662239075, 0.5278465151786804, 0.5471487641334534, 0.5664510130882263, 0.5857532024383545, 0.6050554513931274, 0.6243577003479004, 0.6436599493026733, 0.6629621982574463, 0.6822644472122192, 0.7015666961669922, 0.7208689451217651, 0.7401711940765381, 0.759473443031311, 0.778775691986084, 0.7980778813362122, 0.8173801302909851, 0.8366823792457581, 0.855984628200531, 0.875286877155304, 0.8945891261100769, 0.9138913154602051, 0.933193564414978, 0.952495813369751, 0.9717980623245239, 0.9911003112792969]}, "_timestamp": 1715854744.1636562, "gradients/graph_29linear.5.weight": {"_type": "histogram", "values": [1.0, 2.0, 5.0, 7.0, 16.0, 26.0, 45.0, 61.0, 115.0, 213.0, 424.0, 776.0, 1174.0, 1163.0, 756.0, 496.0, 241.0, 128.0, 84.0, 66.0, 39.0, 40.0, 30.0, 36.0, 24.0, 26.0, 22.0, 20.0, 13.0, 11.0, 10.0, 4.0, 6.0, 4.0, 3.0, 3.0, 3.0, 6.0, 5.0, 3.0, 3.0, 4.0, 1.0, 4.0, 3.0, 2.0, 5.0, 1.0, 1.0, 1.0, 1.0, 3.0, 2.0, 1.0, 0.0, 1.0, 1.0, 0.0, 2.0, 0.0, 0.0, 0.0, 0.0, 1.0], "bins": [-2.9649012088775635, -2.730588674545288, -2.4962761402130127, -2.261963367462158, -2.027650833129883, -1.7933382987976074, -1.559025764465332, -1.324713110923767, -1.0904005765914917, -0.8560879230499268, -0.6217753887176514, -0.387462854385376, -0.15315032005310059, 0.0811622142791748, 0.3154749870300293, 0.5497875213623047, 0.7841000556945801, 1.0184125900268555, 1.25272536277771, 1.4870378971099854, 1.7213504314422607, 1.9556629657745361, 2.1899755001068115, 2.424288034439087, 2.6586005687713623, 2.8929131031036377, 3.127225637435913, 3.3615386486053467, 3.595851182937622, 3.8301637172698975, 4.064476013183594, 4.298789024353027, 4.533101558685303, 4.767414093017578, 5.0017266273498535, 5.236039161682129, 5.470351696014404, 5.70466423034668, 5.938977241516113, 6.173289775848389, 6.407602310180664, 6.6419148445129395, 6.876227378845215, 7.11053991317749, 7.344852447509766, 7.579164981842041, 7.813477516174316, 8.04779052734375, 8.282102584838867, 8.5164155960083, 8.750727653503418, 8.985040664672852, 9.219352722167969, 9.453665733337402, 9.687978744506836, 9.922290802001953, 10.156603813171387, 10.390915870666504, 10.625228881835938, 10.859540939331055, 11.093853950500488, 11.328166007995605, 11.562479019165039, 11.796791076660156, 12.03110408782959]}, "gradients/graph_29linear.3.bias": {"_type": "histogram", "values": [1.0, 0.0, 1.0, 0.0, 2.0, 0.0, 0.0, 0.0, 1.0, 0.0, 1.0, 0.0, 0.0, 0.0, 1.0, 0.0, 1.0, 1.0, 0.0, 2.0, 1.0, 0.0, 2.0, 2.0, 4.0, 4.0, 1.0, 2.0, 0.0, 6.0, 0.0, 3.0, 2.0, 1.0, 1.0, 1.0, 1.0, 0.0, 5.0, 2.0, 3.0, 1.0, 0.0, 2.0, 1.0, 2.0, 0.0, 0.0, 0.0, 0.0, 0.0, 2.0, 0.0, 1.0, 0.0, 0.0, 0.0, 0.0, 0.0, 0.0, 0.0, 0.0, 2.0, 1.0], "bins": [0.32578301429748535, 0.33937838673591614, 0.35297372937202454, 0.3665691018104553, 0.3801644742488861, 0.3937598466873169, 0.4073551893234253, 0.4209505617618561, 0.43454593420028687, 0.44814127683639526, 0.46173664927482605, 0.47533202171325684, 0.48892736434936523, 0.5025227069854736, 0.5161181092262268, 0.5297134518623352, 0.5433088541030884, 0.5569041967391968, 0.5704995393753052, 0.5840948820114136, 0.5976902842521667, 0.6112856268882751, 0.6248810291290283, 0.6384763717651367, 0.6520717144012451, 0.6656670570373535, 0.6792624592781067, 0.6928578615188599, 0.7064532041549683, 0.7200485467910767, 0.7336438894271851, 0.7472392320632935, 0.7608346343040466, 0.7744300365447998, 0.7880253791809082, 0.8016207218170166, 0.815216064453125, 0.8288114070892334, 0.8424068093299866, 0.8560022115707397, 0.8695975542068481, 0.8831928968429565, 0.8967882394790649, 0.9103836417198181, 0.9239789843559265, 0.9375743865966797, 0.9511697292327881, 0.9647650718688965, 0.9783604145050049, 0.9919558167457581, 1.0055512189865112, 1.0191465616226196, 1.032741904258728, 1.0463372468948364, 1.0599325895309448, 1.0735279321670532, 1.0871233940124512, 1.1007187366485596, 1.114314079284668, 1.1279094219207764, 1.1415047645568848, 1.1551001071929932, 1.1686955690383911, 1.1822909116744995, 1.195886254310608]}, "gradients/graph_29linear.3.weight": {"_type": "histogram", "values": [3451.0, 21.0, 45.0, 14.0, 10.0, 38.0, 29.0, 27.0, 7.0, 5.0, 2.0, 2.0, 3.0, 2.0, 5.0, 6.0, 5.0, 6.0, 6.0, 9.0, 14.0, 5.0, 12.0, 13.0, 10.0, 18.0, 27.0, 16.0, 25.0, 21.0, 12.0, 20.0, 11.0, 24.0, 21.0, 17.0, 22.0, 13.0, 14.0, 5.0, 12.0, 5.0, 8.0, 6.0, 6.0, 7.0, 9.0, 7.0, 3.0, 3.0, 3.0, 3.0, 1.0, 1.0, 0.0, 2.0, 1.0, 0.0, 0.0, 2.0, 1.0, 0.0, 1.0, 2.0], "bins": [0.0, 0.27042004466056824, 0.5408400893211365, 0.8112601041793823, 1.081680178642273, 1.3521002531051636, 1.6225202083587646, 1.8929402828216553, 2.163360357284546, 2.4337804317474365, 2.704200506210327, 2.9746205806732178, 3.2450404167175293, 3.51546049118042, 3.7858805656433105, 4.056300640106201, 4.326720714569092, 4.597140789031982, 4.867560863494873, 5.137980937957764, 5.408401012420654, 5.678821086883545, 5.9492411613464355, 6.219661235809326, 6.490080833435059, 6.760500907897949, 7.03092098236084, 7.3013410568237305, 7.571761131286621, 7.842181205749512, 8.112601280212402, 8.383021354675293, 8.653441429138184, 8.923861503601074, 9.194281578063965, 9.464701652526855, 9.735121726989746, 10.005541801452637, 10.275961875915527, 10.546381950378418, 10.816802024841309, 11.087221145629883, 11.357641220092773, 11.628061294555664, 11.898481369018555, 12.168901443481445, 12.439321517944336, 12.709741592407227, 12.980161666870117, 13.250581741333008, 13.521001815795898, 13.791421890258789, 14.06184196472168, 14.33226203918457, 14.602682113647461, 14.873102188110352, 15.143522262573242, 15.413942337036133, 15.684362411499023, 15.954782485961914, 16.225202560424805, 16.495622634887695, 16.766042709350586, 17.036462783813477, 17.306882858276367]}, "gradients/graph_29linear.0.bias": {"_type": "histogram", "values": [53.0, 0.0, 0.0, 0.0, 0.0, 0.0, 0.0, 0.0, 0.0, 0.0, 0.0, 0.0, 0.0, 0.0, 0.0, 0.0, 0.0, 0.0, 0.0, 0.0, 1.0, 0.0, 0.0, 0.0, 0.0, 0.0, 0.0, 0.0, 0.0, 0.0, 0.0, 0.0, 0.0, 0.0, 0.0, 0.0, 1.0, 1.0, 0.0, 0.0, 0.0, 0.0, 1.0, 0.0, 0.0, 0.0, 1.0, 0.0, 0.0, 0.0, 0.0, 0.0, 1.0, 2.0, 0.0, 1.0, 0.0, 0.0, 1.0, 0.0, 0.0, 0.0, 0.0, 1.0],