{"Linear loss": 14222.791015625, "_timestamp": 1715768488.7859857, "_runtime": 371.1907286643982, "_step": 3619, "gradients/graph_9linear.5.bias": {"_type": "histogram", "values": [7.0, 0.0, 0.0, 3.0, 0.0, 0.0, 0.0, 0.0, 0.0, 0.0, 0.0, 0.0, 0.0, 0.0, 0.0, 0.0, 0.0, 0.0, 0.0, 0.0, 0.0, 0.0, 0.0, 0.0, 0.0, 0.0, 0.0, 0.0, 12.0, 0.0, 0.0, 2.0, 41.0, 0.0, 0.0, 15.0, 0.0, 0.0, 0.0, 0.0, 0.0, 0.0, 0.0, 0.0, 0.0, 0.0, 0.0, 0.0, 0.0, 0.0, 0.0, 0.0, 0.0, 0.0, 0.0, 0.0, 0.0, 2.0, 0.0, 0.0, 2.0, 0.0, 0.0, 12.0], "bins": [-200.0, -193.75, -187.5, -181.25, -175.0, -168.75, -162.5, -156.25, -150.0, -143.75, -137.5, -131.25, -125.0, -118.75, -112.5, -106.25, -100.0, -93.75, -87.5, -81.25, -75.0, -68.75, -62.5, -56.25, -50.0, -43.75, -37.5, -31.25, -25.0, -18.75, -12.5, -6.25, 0.0, 6.25, 12.5, 18.75, 25.0, 31.25, 37.5, 43.75, 50.0, 56.25, 62.5, 68.75, 75.0, 81.25, 87.5, 93.75, 100.0, 106.25, 112.5, 118.75, 125.0, 131.25, 137.5, 143.75, 150.0, 156.25, 162.5, 168.75, 175.0, 181.25, 187.5, 193.75, 200.0]}, "gradients/graph_9linear.5.weight": {"_type": "histogram", "values": [7.0, 7.0, 0.0, 3.0, 3.0, 0.0, 0.0, 0.0, 0.0, 0.0, 0.0, 0.0, 0.0, 7.0, 0.0, 10.0, 14.0, 13.0, 10.0, 20.0, 13.0, 3.0, 7.0, 3.0, 24.0, 13.0, 17.0, 20.0, 40.0, 10.0, 108.0, 176.0, 2027.0, 135.0, 18.0, 52.0, 32.0, 30.0, 20.0, 40.0, 4.0, 14.0, 4.0, 20.0, 32.0, 16.0, 18.0, 24.0, 14.0, 0.0, 12.0, 0.0, 0.0, 0.0, 0.0, 0.0, 2.0, 2.0, 0.0, 2.0, 2.0, 0.0, 12.0, 12.0], "bins": [-1042.392333984375, -1009.8175659179688, -977.2427978515625, -944.6680297851562, -912.09326171875, -879.5185546875, -846.9437866210938, -814.3690185546875, -781.7942504882812, -749.219482421875, -716.6447143554688, -684.0699462890625, -651.4952392578125, -618.92041015625, -586.345703125, -553.7709350585938, -521.1961669921875, -488.62139892578125, -456.046630859375, -423.47186279296875, -390.8970947265625, -358.3223876953125, -325.74761962890625, -293.1728515625, -260.59808349609375, -228.0233154296875, -195.44854736328125, -162.873779296875, -130.299072265625, -97.72430419921875, -65.1495361328125, -32.57476806640625, 0.0, 32.57476806640625, 65.1495361328125, 97.72430419921875, 130.299072265625, 162.873779296875, 195.44854736328125, 228.0233154296875, 260.59808349609375, 293.1728515625, 325.74761962890625, 358.3223876953125, 390.8970947265625, 423.47186279296875, 456.046630859375, 488.62139892578125, 521.1961669921875, 553.7709350585938, 586.345703125, 618.92041015625, 651.4952392578125, 684.0699462890625, 716.6447143554688, 749.219482421875, 781.7942504882812, 814.3690185546875, 846.9437866210938, 879.5185546875, 912.09326171875, 944.6680297851562, 977.2427978515625, 1009.8175659179688, 1042.392333984375]}, "gradients/graph_9linear.3.bias": {"_type": "histogram", "values": [1.0, 0.0, 0.0, 1.0, 0.0, 1.0, 0.0, 0.0, 0.0, 1.0, 0.0, 1.0, 0.0, 0.0, 1.0, 0.0, 0.0, 0.0, 0.0, 0.0, 1.0, 0.0, 0.0, 0.0, 0.0, 1.0, 2.0, 2.0, 0.0, 2.0, 1.0, 1.0, 0.0, 0.0, 1.0, 0.0, 0.0, 1.0, 1.0, 0.0, 10.0, 0.0, 0.0, 0.0, 0.0, 2.0, 0.0, 0.0, 0.0, 0.0, 0.0, 0.0, 0.0, 0.0, 0.0, 0.0, 0.0, 0.0, 0.0, 0.0, 0.0, 0.0, 0.0, 1.0], "bins": [-267.1778869628906, -260.63897705078125, -254.10008239746094, -247.56118774414062, -241.02227783203125, -234.48338317871094, -227.94448852539062, -221.40557861328125, -214.86668395996094, -208.32777404785156, -201.78887939453125, -195.24996948242188, -188.71107482910156, -182.17218017578125, -175.63327026367188, -169.09437561035156, -162.55548095703125, -156.01657104492188, -149.4776611328125, -142.93878173828125, -136.39987182617188, -129.8609619140625, -123.32206726074219, -116.78317260742188, -110.2442626953125, -103.70536804199219, -97.16645812988281, -90.6275634765625, -84.08866882324219, -77.54975891113281, -71.0108642578125, -64.47195434570312, -57.93305969238281, -51.3941650390625, -44.855255126953125, -38.31636047363281, -31.777450561523438, -25.238555908203125, -18.699661254882812, -12.160751342773438, -5.621856689453125, 0.91705322265625, 7.4559478759765625, 13.994842529296875, 20.53375244140625, 27.072654724121094, 33.611549377441406, 40.15045166015625, 46.689353942871094, 53.22825622558594, 59.76715850830078, 66.3060531616211, 72.84495544433594, 79.38385772705078, 85.92276000976562, 92.46165466308594, 99.00056457519531, 105.53945922851562, 112.07836151123047, 118.61726379394531, 125.15616607666016, 131.695068359375, 138.2339630126953, 144.7728729248047, 151.311767578125]}, "gradients/graph_9linear.3.weight": {"_type": "histogram", "values": [1.0, 0.0, 0.0, 1.0, 0.0, 1.0, 0.0, 0.0, 0.0, 1.0, 0.0, 1.0, 0.0, 0.0, 1.0, 0.0, 0.0, 0.0, 0.0, 1.0, 1.0, 1.0, 1.0, 0.0, 1.0, 2.0, 3.0, 2.0, 0.0, 3.0, 1.0, 1.0, 1.0, 4.0, 3.0, 1.0, 1.0, 2.0, 1.0, 2.0, 980.0, 0.0, 0.0, 2.0, 0.0, 2.0, 0.0, 0.0, 0.0, 0.0, 0.0, 0.0, 0.0, 1.0, 0.0, 0.0, 0.0, 0.0, 0.0, 0.0, 0.0, 0.0, 0.0, 1.0], "bins": [-6078.326171875, -5929.5654296875, -5780.8046875, -5632.0439453125, -5483.283203125, -5334.5224609375, -5185.76171875, -5037.0009765625, -4888.240234375, -4739.4794921875, -4590.71875, -4441.95849609375, -4293.19775390625, -4144.43701171875, -3995.67626953125, -3846.91552734375, -3698.15478515625, -3549.39404296875, -3400.63330078125, -3251.87255859375, -3103.11181640625, -2954.351318359375, -2805.590576171875, -2656.829833984375, -2508.069091796875, -2359.308349609375, -2210.547607421875, -2061.786865234375, -1913.0263671875, -1764.265625, -1615.5048828125, -1466.744140625, -1317.983642578125, -1169.222900390625, -1020.462158203125, -871.701416015625, -722.940673828125, -574.18017578125, -425.41943359375, -276.65869140625, -127.89794921875, 20.86279296875, 169.62353515625, 318.38427734375, 467.144775390625, 615.905517578125, 764.666259765625, 913.427001953125, 1062.187744140625, 1210.948486328125, 1359.709228515625, 1508.4698486328125, 1657.2305908203125, 1805.9913330078125, 1954.751953125, 2103.5126953125, 2252.2734375, 2401.0341796875, 2549.794921875, 2698.5556640625, 2847.31640625, 2996.076904296875, 3144.837646484375, 3293.598388671875, 3442.359130859375]}, "gradients/graph_9linear.0.bias": {"_type": "histogram", "values": [1.0, 0.0, 0.0, 0.0, 0.0, 0.0, 0.0, 0.0, 0.0, 0.0, 0.0, 0.0, 0.0, 0.0, 0.0, 0.0, 0.0, 0.0, 0.0, 0.0, 0.0, 0.0, 0.0, 0.0, 0.0, 0.0, 0.0, 0.0, 0.0, 0.0, 0.0, 0.0, 0.0, 0.0, 0.0, 0.0, 0.0, 0.0, 0.0, 0.0, 0.0, 0.0, 0.0, 0.0, 0.0, 0.0, 0.0, 0.0, 0.0, 0.0, 0.0, 0.0, 0.0, 1.0, 0.0, 0.0, 0.0, 0.0, 0.0, 0.0, 0.0, 0.0, 0.0, 30.0], "bins": [-1530.4493408203125, -1506.5360107421875, -1482.622802734375, -1458.70947265625, -1434.7962646484375, -1410.8829345703125, -1386.9697265625, -1363.056396484375, -1339.1431884765625, -1315.2298583984375, -1291.316650390625, -1267.4033203125, -1243.4901123046875, -1219.5767822265625, -1195.66357421875, -1171.750244140625, -1147.8370361328125, -1123.9237060546875, -1100.010498046875, -1076.09716796875, -1052.1839599609375, -1028.2706298828125, -1004.3573608398438, -980.444091796875, -956.5308227539062, -932.6175537109375, -908.7042846679688, -884.791015625, -860.8777465820312, -836.9644775390625, -813.0512084960938, -789.137939453125, -765.2246704101562, -741.3114013671875, -717.3981323242188, -693.48486328125, -669.5715942382812, -645.6583251953125, -621.7450561523438, -597.831787109375, -573.9185180664062, -550.0052490234375, -526.0919799804688, -502.1786804199219, -478.2654113769531, -454.3521423339844, -430.4388732910156, -406.5256042480469, -382.6123352050781, -358.6990661621094, -334.7857971191406, -310.8725280761719, -286.9592590332031, -263.0459899902344, -239.13270568847656, -215.2194366455078, -191.30616760253906, -167.3928985595703, -143.47962951660156, -119.56635284423828, -95.65308380126953, -71.73981475830078, -47.826541900634766, -23.913270950317383, 0.0]}, "gradients/graph_9linear.0.weight": {"_type": "histogram",