{"gradients/graph_13linear.5.bias": {"_type": "histogram", "values": [1.0, 0.0, 2.0, 1.0, 0.0, 1.0, 1.0, 2.0, 0.0, 4.0, 3.0, 11.0, 7.0, 4.0, 4.0, 2.0, 2.0, 4.0, 2.0, 11.0, 7.0, 2.0, 1.0, 0.0, 3.0, 5.0, 4.0, 1.0, 1.0, 1.0, 1.0, 0.0, 0.0, 0.0, 0.0, 0.0, 1.0, 1.0, 0.0, 0.0, 0.0, 1.0, 0.0, 0.0, 0.0, 0.0, 1.0, 0.0, 0.0, 0.0, 0.0, 0.0, 0.0, 0.0, 0.0, 0.0, 0.0, 0.0, 0.0, 0.0, 0.0, 2.0, 1.0, 1.0], "bins": [-0.529542088508606, -0.5039348602294922, -0.47832760214805603, -0.4527203440666199, -0.4271130859851837, -0.40150582790374756, -0.3758985996246338, -0.35029134154319763, -0.3246840834617615, -0.2990768551826477, -0.27346959710121155, -0.2478623390197754, -0.22225511074066162, -0.19664785265922546, -0.1710405945777893, -0.14543336629867554, -0.11982610821723938, -0.09421885013580322, -0.06861162185668945, -0.043004363775253296, -0.01739710569381714, 0.00821012258529663, 0.033817410469055176, 0.059424638748168945, 0.08503186702728271, 0.11063915491104126, 0.13624638319015503, 0.1618536114692688, 0.18746089935302734, 0.2130681276321411, 0.23867535591125488, 0.2642826437950134, 0.2898898720741272, 0.31549710035324097, 0.3411043882369995, 0.3667116165161133, 0.39231884479522705, 0.4179261326789856, 0.44353336095809937, 0.46914058923721313, 0.4947478771209717, 0.5203551054000854, 0.5459623336791992, 0.5715696215629578, 0.5971768498420715, 0.6227841377258301, 0.6483913660049438, 0.6739985942840576, 0.6996058225631714, 0.7252131104469299, 0.7508203387260437, 0.7764276266098022, 0.802034854888916, 0.8276420831680298, 0.8532493114471436, 0.8788565993309021, 0.9044638276100159, 0.9300711154937744, 0.9556783437728882, 0.981285572052002, 1.0068928003311157, 1.0325000286102295, 1.0581073760986328, 1.0837146043777466, 1.1093218326568604]}, "_timestamp": 1715779888.9322023, "gradients/graph_13linear.5.weight": {"_type": "histogram", "values": [2.0, 0.0, 4.0, 4.0, 1.0, 12.0, 6.0, 25.0, 22.0, 50.0, 55.0, 88.0, 129.0, 206.0, 342.0, 509.0, 642.0, 789.0, 1019.0, 1288.0, 4409.0, 643.0, 560.0, 394.0, 230.0, 133.0, 89.0, 60.0, 47.0, 61.0, 47.0, 53.0, 30.0, 36.0, 30.0, 24.0, 29.0, 28.0, 17.0, 14.0, 10.0, 13.0, 16.0, 15.0, 13.0, 15.0, 20.0, 9.0, 8.0, 6.0, 5.0, 8.0, 4.0, 2.0, 1.0, 4.0, 2.0, 2.0, 0.0, 0.0, 1.0, 4.0, 1.0, 2.0], "bins": [-5.3816237449646, -5.121382713317871, -4.861141681671143, -4.600900650024414, -4.3406596183776855, -4.080418586730957, -3.8201775550842285, -3.5599365234375, -3.2996954917907715, -3.039454460144043, -2.7792134284973145, -2.518972396850586, -2.2587313652038574, -1.998490333557129, -1.7382493019104004, -1.4780082702636719, -1.2177672386169434, -0.9575262069702148, -0.6972851753234863, -0.4370441436767578, -0.1768031120300293, 0.08343791961669922, 0.34367895126342773, 0.6039199829101562, 0.8641610145568848, 1.1244020462036133, 1.3846430778503418, 1.6448841094970703, 1.9051251411437988, 2.1653661727905273, 2.425607204437256, 2.6858487129211426, 2.9460887908935547, 3.206329345703125, 3.4665708541870117, 3.7268118858337402, 3.9870529174804688, 4.247293949127197, 4.507534980773926, 4.767776012420654, 5.028017044067383, 5.288258075714111, 5.54849910736084, 5.808740139007568, 6.068981170654297, 6.329222202301025, 6.589463233947754, 6.849704265594482, 7.109945297241211, 7.3701863288879395, 7.630427360534668, 7.8906683921813965, 8.150909423828125, 8.411149978637695, 8.671391487121582, 8.931632995605469, 9.191873550415039, 9.45211410522461, 9.712355613708496, 9.972597122192383, 10.232837677001953, 10.493078231811523, 10.75331974029541, 11.013561248779297, 11.273801803588867]}, "gradients/graph_13linear.3.bias": {"_type": "histogram", "values": [2.0, 2.0, 2.0, 3.0, 6.0, 3.0, 5.0, 5.0, 9.0, 5.0, 6.0, 7.0, 8.0, 12.0, 7.0, 4.0, 6.0, 4.0, 4.0, 2.0, 2.0, 3.0, 1.0, 1.0, 0.0, 1.0, 0.0, 0.0, 0.0, 0.0, 0.0, 0.0, 0.0, 0.0, 0.0, 0.0, 0.0, 0.0, 0.0, 0.0, 0.0, 0.0, 0.0, 0.0, 0.0, 0.0, 0.0, 0.0, 0.0, 0.0, 0.0, 0.0, 0.0, 0.0, 0.0, 0.0, 0.0, 0.0, 0.0, 0.0, 0.0, 0.0, 0.0, 18.0], "bins": [-2.3748226165771484, -2.3377161026000977, -2.3006093502044678, -2.263502836227417, -2.226396083831787, -2.1892895698547363, -2.1521830558776855, -2.1150763034820557, -2.077969789505005, -2.040863275527954, -2.003756523132324, -1.9666500091552734, -1.929543375968933, -1.8924367427825928, -1.855330228805542, -1.8182235956192017, -1.7811169624328613, -1.744010329246521, -1.7069036960601807, -1.6697971820831299, -1.6326905488967896, -1.5955839157104492, -1.5584774017333984, -1.521370768547058, -1.4842641353607178, -1.4471575021743774, -1.410050868988037, -1.3729443550109863, -1.335837721824646, -1.2987310886383057, -1.2616245746612549, -1.2245179414749146, -1.1874113082885742, -1.1503046751022339, -1.1131980419158936, -1.0760915279388428, -1.0389848947525024, -1.001878261566162, -0.9647716879844666, -0.927665114402771, -0.8905584812164307, -0.8534518480300903, -0.8163452744483948, -0.7792387008666992, -0.7421320676803589, -0.7050254344940186, -0.667918860912323, -0.6308122873306274, -0.5937056541442871, -0.5565990209579468, -0.5194924473762512, -0.4823858439922333, -0.44527924060821533, -0.4081726372241974, -0.37106603384017944, -0.3339594304561615, -0.29685282707214355, -0.2597462236881256, -0.22263962030410767, -0.18553301692008972, -0.14842641353607178, -0.11131981015205383, -0.07421320676803589, -0.037106603384017944, 0.0]}, "gradients/graph_13linear.3.weight": {"_type": "histogram", "values": [2.0, 2.0, 2.0, 3.0, 6.0, 3.0, 5.0, 5.0, 9.0, 5.0, 6.0, 7.0, 8.0, 14.0, 10.0, 7.0, 12.0, 8.0, 11.0, 12.0, 15.0, 19.0, 13.0, 21.0, 20.0, 14.0, 17.0, 17.0, 17.0, 10.0, 11.0, 6.0, 4.0, 6.0, 1.0, 1.0, 1.0, 0.0, 0.0, 0.0, 5.0, 10.0, 13.0, 15.0, 20.0, 21.0, 13.0, 7.0, 5.0, 1.0, 0.0, 0.0, 0.0, 0.0, 0.0, 0.0, 0.0, 0.0, 0.0, 0.0, 0.0, 0.0, 0.0, 15944.0], "bins": [-77.3934326171875, -76.18415832519531, -74.97488403320312, -73.76561737060547, -72.55634307861328, -71.3470687866211, -70.13780212402344, -68.92852783203125, -67.71925354003906, -66.50997924804688, -65.30070495605469, -64.09143829345703, -62.882164001464844, -61.672889709472656, -60.463619232177734, -59.25434875488281, -58.045074462890625, -56.83580017089844, -55.626529693603516, -54.417259216308594, -53.207984924316406, -51.99871063232422, -50.7894401550293, -49.580169677734375, -48.37089538574219, -47.16162109375, -45.95235061645508, -44.743080139160156, -43.53380584716797, -42.32453155517578, -41.11526107788086, -39.90599060058594, -38.69671630859375, -37.48744201660156, -36.27817153930664, -35.06890106201172, -33.85962677001953, -32.650352478027344, -31.441082000732422, -30.231809616088867, -29.022537231445312, -27.813264846801758, -26.603992462158203, -25.39472007751465, -24.185447692871094, -22.97617530822754, -21.766902923583984, -20.55763053894043, -19.348358154296875, -18.13908576965332, -16.929813385009766, -15.720541000366211, -14.511268615722656, -13.301996231079102, -12.092723846435547, -10.883451461791992, -9.674179077148438, -8.464906692504883, -7.255634307861328, -6.046361923217773, -4.837089538574219, -3.627817153930664, -2.4185447692871094, -1.2092723846435547, 0.0]}, "gradients/graph_13linear.0.bias": {"_type": "histogram", "values": [1.0, 0.0, 0.0, 0.0, 0.0, 0.0, 0.0, 0.0, 0.0, 0.0, 0.0, 0.0, 0.0, 1.0, 0.0, 0.0, 0.0, 0.0, 1.0, 0.0, 0.0, 1.0, 0.0, 0.0, 0.0, 0.0, 0.0, 0.0, 0.0, 0.0, 0.0, 0.0, 0.0, 0.0, 0.0, 0.0, 0.0, 0.0, 0.0, 0.0, 0.0, 0.0, 0.0, 0.0, 0.0, 0.0, 0.0, 0.0, 0.0, 0.0, 0.0, 0.0, 0.0, 0.0, 0.0, 0.0, 0.0, 0.0, 0.0, 0.0, 0.0, 0.0, 0.0, 124.0],