{"Linear loss": 17186.31640625, "_timestamp": 1715762353.4071722, "_runtime": 5.74894118309021, "_step": 101, "Regret": 0.6914643056494383, "gradients/graph_3linear.5.bias": {"_type": "histogram", "values": [4.0, 0.0, 0.0, 1.0, 2.0, 0.0, 1.0, 0.0, 0.0, 0.0, 0.0, 0.0, 0.0, 0.0, 0.0, 0.0, 0.0, 0.0, 0.0, 0.0, 0.0, 0.0, 0.0, 0.0, 0.0, 0.0, 0.0, 0.0, 11.0, 4.0, 0.0, 3.0, 32.0, 2.0, 1.0, 26.0, 0.0, 0.0, 1.0, 0.0, 0.0, 0.0, 0.0, 0.0, 0.0, 0.0, 0.0, 0.0, 0.0, 0.0, 0.0, 0.0, 0.0, 0.0, 0.0, 0.0, 0.0, 1.0, 0.0, 0.0, 2.0, 20.0, 5.0, 4.0], "bins": [-200.0, -193.75, -187.5, -181.25, -175.0, -168.75, -162.5, -156.25, -150.0, -143.75, -137.5, -131.25, -125.0, -118.75, -112.5, -106.25, -100.0, -93.75, -87.5, -81.25, -75.0, -68.75, -62.5, -56.25, -50.0, -43.75, -37.5, -31.25, -25.0, -18.75, -12.5, -6.25, 0.0, 6.25, 12.5, 18.75, 25.0, 31.25, 37.5, 43.75, 50.0, 56.25, 62.5, 68.75, 75.0, 81.25, 87.5, 93.75, 100.0, 106.25, 112.5, 118.75, 125.0, 131.25, 137.5, 143.75, 150.0, 156.25, 162.5, 168.75, 175.0, 181.25, 187.5, 193.75, 200.0]}, "gradients/graph_3linear.5.weight": {"_type": "histogram", "values": [4.0, 0.0, 0.0, 1.0, 5.0, 1.0, 1.0, 1.0, 6.0, 0.0, 2.0, 10.0, 6.0, 5.0, 21.0, 8.0, 27.0, 6.0, 20.0, 8.0, 6.0, 13.0, 13.0, 14.0, 24.0, 17.0, 25.0, 12.0, 11.0, 76.0, 233.0, 386.0, 4992.0, 449.0, 214.0, 36.0, 53.0, 81.0, 69.0, 90.0, 90.0, 15.0, 58.0, 26.0, 61.0, 15.0, 102.0, 43.0, 86.0, 62.0, 42.0, 31.0, 8.0, 9.0, 19.0, 4.0, 2.0, 23.0, 4.0, 3.0, 2.0, 20.0, 5.0, 4.0], "bins": [-117.5281982421875, -113.85543823242188, -110.18268585205078, -106.50993347167969, -102.83717346191406, -99.16441345214844, -95.49166107177734, -91.81890869140625, -88.14614868164062, -84.473388671875, -80.8006362915039, -77.12788391113281, -73.45512390136719, -69.78236389160156, -66.10961151123047, -62.43685531616211, -58.76409912109375, -55.09134292602539, -51.41858673095703, -47.74583435058594, -44.07307434082031, -40.40031433105469, -36.727561950683594, -33.0548095703125, -29.382049560546875, -25.70928955078125, -22.036537170410156, -18.363784790039062, -14.691024780273438, -11.018264770507812, -7.345512390136719, -3.672760009765625, 0.0, 3.672760009765625, 7.345512390136719, 11.018264770507812, 14.691024780273438, 18.363784790039062, 22.036537170410156, 25.70928955078125, 29.382049560546875, 33.0548095703125, 36.727561950683594, 40.40031433105469, 44.07307434082031, 47.74583435058594, 51.41858673095703, 55.09134292602539, 58.76409912109375, 62.43685531616211, 66.10961151123047, 69.78236389160156, 73.45512390136719, 77.12788391113281, 80.8006362915039, 84.473388671875, 88.14614868164062, 91.81890869140625, 95.49166107177734, 99.16441345214844, 102.83717346191406, 106.50993347167969, 110.18268585205078, 113.85543823242188, 117.5281982421875]}, "gradients/graph_3linear.3.bias": {"_type": "histogram", "values": [1.0, 0.0, 1.0, 1.0, 0.0, 0.0, 0.0, 1.0, 1.0, 1.0, 0.0, 1.0, 0.0, 0.0, 0.0, 1.0, 1.0, 1.0, 0.0, 1.0, 0.0, 0.0, 2.0, 0.0, 1.0, 1.0, 1.0, 0.0, 0.0, 1.0, 1.0, 1.0, 1.0, 3.0, 1.0, 28.0, 0.0, 0.0, 2.0, 0.0, 2.0, 0.0, 0.0, 0.0, 0.0, 2.0, 0.0, 1.0, 2.0, 0.0, 1.0, 0.0, 0.0, 0.0, 0.0, 0.0, 0.0, 0.0, 1.0, 0.0, 0.0, 0.0, 0.0, 1.0], "bins": [-170.31480407714844, -165.50741577148438, -160.70001220703125, -155.8926239013672, -151.08522033691406, -146.27783203125, -141.47042846679688, -136.6630401611328, -131.85565185546875, -127.04824829101562, -122.24085235595703, -117.43345642089844, -112.62606811523438, -107.81866455078125, -103.01127624511719, -98.2038803100586, -93.396484375, -88.5890884399414, -83.78169250488281, -78.97429656982422, -74.16690063476562, -69.35951232910156, -64.55211639404297, -59.744720458984375, -54.93732452392578, -50.12992858886719, -45.322532653808594, -40.51513671875, -35.70774841308594, -30.900344848632812, -26.09295654296875, -21.285552978515625, -16.478179931640625, -11.670791625976562, -6.8633880615234375, -2.055999755859375, 2.75140380859375, 7.5587921142578125, 12.366188049316406, 17.173583984375, 21.980979919433594, 26.788375854492188, 31.59577178955078, 36.403167724609375, 41.21055603027344, 46.01795196533203, 50.825347900390625, 55.63274383544922, 60.44013977050781, 65.2475357055664, 70.054931640625, 74.86231994628906, 79.66972351074219, 84.47711181640625, 89.28450775146484, 94.09190368652344, 98.89929962158203, 103.70669555664062, 108.51409149169922, 113.32148742675781, 118.12887573242188, 122.93627166748047, 127.74366760253906, 132.5510711669922, 137.35845947265625]}, "gradients/graph_3linear.3.weight": {"_type": "histogram", "values": [1.0, 0.0, 1.0, 1.0, 0.0, 0.0, 2.0, 3.0, 1.0, 3.0, 0.0, 3.0, 0.0, 5.0, 1.0, 5.0, 3.0, 5.0, 2.0, 7.0, 8.0, 6.0, 7.0, 4.0, 13.0, 16.0, 19.0, 14.0, 21.0, 24.0, 32.0, 29.0, 35.0, 50.0, 105.0, 3458.0, 50.0, 31.0, 28.0, 24.0, 15.0, 7.0, 11.0, 14.0, 2.0, 6.0, 4.0, 5.0, 3.0, 2.0, 2.0, 1.0, 0.0, 1.0, 2.0, 0.0, 0.0, 0.0, 1.0, 2.0, 0.0, 0.0, 0.0, 1.0], "bins": [-272.1311340332031, -264.4498291015625, -256.76849365234375, -249.08718872070312, -241.40586853027344, -233.72454833984375, -226.04324340820312, -218.36192321777344, -210.68060302734375, -202.99929809570312, -195.31797790527344, -187.63665771484375, -179.95535278320312, -172.27403259277344, -164.59271240234375, -156.91140747070312, -149.23008728027344, -141.54876708984375, -133.86746215820312, -126.18614196777344, -118.50482177734375, -110.82351684570312, -103.14219665527344, -95.46087646484375, -87.77957153320312, -80.09825134277344, -72.41693115234375, -64.73561096191406, -57.05430603027344, -49.37298583984375, -41.69166564941406, -34.01036071777344, -26.329025268554688, -18.647705078125, -10.966400146484375, -3.2850799560546875, 4.396240234375, 12.077545166015625, 19.758865356445312, 27.440185546875, 35.12150573730469, 42.80281066894531, 50.484130859375, 58.16545104980469, 65.84675598144531, 73.528076171875, 81.20939636230469, 88.89070129394531, 96.572021484375, 104.25333404541016, 111.93465423583984, 119.615966796875, 127.29728698730469, 134.97860717773438, 142.659912109375, 150.3412322998047, 158.02255249023438, 165.703857421875, 173.3851776123047, 181.06649780273438, 188.747802734375, 196.4291229248047, 204.11044311523438, 211.791748046875, 219.4730682373047]}, "gradients/graph_3linear.0.bias": {"_type": "histogram", "values": [1.0, 0.0, 1.0, 0.0, 0.0, 1.0, 0.0, 0.0, 0.0, 0.0, 0.0, 0.0, 0.0, 0.0, 0.0, 1.0, 0.0, 1.0, 0.0, 0.0, 0.0, 1.0, 0.0, 0.0, 0.0, 0.0, 0.0, 1.0, 0.0, 1.0, 0.0, 1.0, 0.0, 0.0, 1.0, 1.0, 44.0, 0.0, 2.0, 1.0, 0.0, 1.0, 0.0, 1.0, 1.0, 0.0, 0.0, 0.0, 1.0, 0.0, 0.0, 0.0, 0.0, 0.0, 0.0, 1.0, 0.0, 0.0, 0.0, 0.0, 0.0, 0.0, 0.0, 1.0], "bins": [-117.95084381103516, -114.69159698486328, -111.4323501586914, -108.173095703125, -104.91384887695312, -101.65460205078125, -98.39535522460938, -95.1361083984375, -91.87686157226562, -88.61760711669922, -85.35836029052734, -82.09911346435547, -78.8398666381836, -75.58061218261719, -72.32136535644531, -69.06211853027344, -65.80287170410156, -62.54362487792969, -59.28437423706055, -56.02512741088867, -52.76587677001953, -49.506629943847656, -46.24738311767578, -42.988136291503906, -39.72888946533203, -36.469635009765625, -33.21038818359375, -29.951141357421875, -26.69189453125, -23.432647705078125, -20.17339324951172, -16.914146423339844, -13.654891967773438, -10.395645141601562, -7.1363983154296875, -3.8771438598632812, -0.6178970336914062, 2.6413497924804688, 5.900596618652344, 9.159843444824219, 12.419097900390625, 15.6783447265625, 18.937591552734375, 22.19683837890625, 25.456085205078125, 28.715335845947266, 31.97458267211914, 35.23383331298828, 38.493080139160156, 41.75232696533203, 45.01157760620117, 48.27082443237305, 51.53007507324219, 54.78932189941406, 58.04856872558594, 61.30781555175781, 64.56706237792969, 67.8263168334961, 71.08556365966797, 74.34481048583984, 77.60405731201172, 80.86331176757812, 84.12255859375, 87.38180541992188, 90.64105224609375]}, "gradients/graph_3linear.0.weight": {"_type": "histogram",