{"Linear loss": 10326.189453125, "_timestamp": 1715775883.651157, "_runtime": 443.62847900390625, "_step": 10979, "gradients/graph_1linear.5.bias": {"_type": "histogram", "values": [5.0, 0.0, 0.0, 1.0, 0.0, 0.0, 0.0, 0.0, 0.0, 0.0, 0.0, 0.0, 0.0, 0.0, 0.0, 0.0, 0.0, 0.0, 0.0, 0.0, 0.0, 0.0, 0.0, 0.0, 0.0, 0.0, 0.0, 0.0, 15.0, 0.0, 0.0, 0.0, 43.0, 0.0, 0.0, 20.0, 0.0, 0.0, 0.0, 0.0, 0.0, 0.0, 0.0, 0.0, 0.0, 0.0, 0.0, 0.0, 0.0, 0.0, 0.0, 0.0, 0.0, 0.0, 0.0, 0.0, 0.0, 0.0, 0.0, 0.0, 4.0, 0.0, 0.0, 8.0], "bins": [-200.0, -193.75, -187.5, -181.25, -175.0, -168.75, -162.5, -156.25, -150.0, -143.75, -137.5, -131.25, -125.0, -118.75, -112.5, -106.25, -100.0, -93.75, -87.5, -81.25, -75.0, -68.75, -62.5, -56.25, -50.0, -43.75, -37.5, -31.25, -25.0, -18.75, -12.5, -6.25, 0.0, 6.25, 12.5, 18.75, 25.0, 31.25, 37.5, 43.75, 50.0, 56.25, 62.5, 68.75, 75.0, 81.25, 87.5, 93.75, 100.0, 106.25, 112.5, 118.75, 125.0, 131.25, 137.5, 143.75, 150.0, 156.25, 162.5, 168.75, 175.0, 181.25, 187.5, 193.75, 200.0]}, "gradients/graph_1linear.5.weight": {"_type": "histogram", "values": [5.0, 5.0, 5.0, 1.0, 1.0, 1.0, 5.0, 0.0, 10.0, 6.0, 11.0, 7.0, 7.0, 6.0, 6.0, 11.0, 22.0, 13.0, 8.0, 12.0, 31.0, 12.0, 16.0, 19.0, 17.0, 13.0, 13.0, 17.0, 42.0, 140.0, 333.0, 381.0, 9832.0, 456.0, 204.0, 64.0, 32.0, 28.0, 28.0, 32.0, 40.0, 28.0, 36.0, 52.0, 24.0, 20.0, 28.0, 40.0, 20.0, 12.0, 12.0, 16.0, 16.0, 20.0, 12.0, 16.0, 0.0, 8.0, 4.0, 4.0, 4.0, 8.0, 8.0, 8.0], "bins": [-542.5677490234375, -525.6124877929688, -508.6572570800781, -491.7020263671875, -474.74676513671875, -457.7915344238281, -440.8363037109375, -423.88104248046875, -406.9258117675781, -389.9705810546875, -373.01531982421875, -356.0600891113281, -339.1048583984375, -322.14959716796875, -305.1943664550781, -288.2391357421875, -271.28387451171875, -254.32864379882812, -237.37338256835938, -220.41815185546875, -203.462890625, -186.50765991210938, -169.55242919921875, -152.59716796875, -135.64193725585938, -118.68670654296875, -101.7314453125, -84.77621459960938, -67.82098388671875, -50.86572265625, -33.910491943359375, -16.95526123046875, 0.0, 16.95526123046875, 33.910491943359375, 50.86572265625, 67.82098388671875, 84.77621459960938, 101.7314453125, 118.68670654296875, 135.64193725585938, 152.59716796875, 169.55242919921875, 186.50765991210938, 203.462890625, 220.41815185546875, 237.37338256835938, 254.32864379882812, 271.28387451171875, 288.2391357421875, 305.1943664550781, 322.14959716796875, 339.1048583984375, 356.0600891113281, 373.01531982421875, 389.9705810546875, 406.9258117675781, 423.88104248046875, 440.8363037109375, 457.7915344238281, 474.74676513671875, 491.7020263671875, 508.6572570800781, 525.6124877929688, 542.5677490234375]}, "gradients/graph_1linear.3.bias": {"_type": "histogram", "values": [1.0, 0.0, 0.0, 0.0, 0.0, 0.0, 0.0, 0.0, 0.0, 0.0, 0.0, 0.0, 0.0, 2.0, 1.0, 2.0, 0.0, 0.0, 2.0, 1.0, 2.0, 3.0, 0.0, 2.0, 0.0, 3.0, 3.0, 1.0, 1.0, 2.0, 2.0, 1.0, 1.0, 74.0, 1.0, 2.0, 1.0, 0.0, 3.0, 3.0, 3.0, 1.0, 0.0, 1.0, 2.0, 1.0, 1.0, 0.0, 2.0, 0.0, 1.0, 0.0, 0.0, 0.0, 0.0, 0.0, 0.0, 0.0, 0.0, 0.0, 0.0, 1.0, 0.0, 1.0], "bins": [-186.7511749267578, -181.20120239257812, -175.6512451171875, -170.10128784179688, -164.5513153076172, -159.0013427734375, -153.45138549804688, -147.90142822265625, -142.35145568847656, -136.80148315429688, -131.25152587890625, -125.7015609741211, -120.15159606933594, -114.60163116455078, -109.05166625976562, -103.50170135498047, -97.95173645019531, -92.40177154541016, -86.851806640625, -81.30184173583984, -75.75187683105469, -70.20191192626953, -64.65194702148438, -59.10198211669922, -53.55201721191406, -48.00205993652344, -42.45208740234375, -36.90211486816406, -31.352157592773438, -25.802200317382812, -20.252227783203125, -14.702255249023438, -9.152297973632812, -3.6023406982421875, 1.9476318359375, 7.4976043701171875, 13.047561645507812, 18.597518920898438, 24.147491455078125, 29.697463989257812, 35.24742126464844, 40.797386169433594, 46.34735107421875, 51.897315979003906, 57.44728088378906, 62.99724578857422, 68.54721069335938, 74.09717559814453, 79.64714050292969, 85.19710540771484, 90.7470703125, 96.29703521728516, 101.84700012207031, 107.39696502685547, 112.94692993164062, 118.49689483642578, 124.04685974121094, 129.59683227539062, 135.14678955078125, 140.69674682617188, 146.24671936035156, 151.79669189453125, 157.34664916992188, 162.8966064453125, 168.4465789794922]}, "gradients/graph_1linear.3.weight": {"_type": "histogram", "values": [1.0, 0.0, 0.0, 1.0, 0.0, 0.0, 0.0, 1.0, 0.0, 0.0, 0.0, 0.0, 1.0, 3.0, 1.0, 4.0, 1.0, 4.0, 5.0, 4.0, 6.0, 13.0, 11.0, 6.0, 15.0, 25.0, 23.0, 45.0, 47.0, 59.0, 80.0, 109.0, 157.0, 15232.0, 163.0, 104.0, 68.0, 48.0, 38.0, 22.0, 24.0, 8.0, 11.0, 10.0, 4.0, 8.0, 6.0, 1.0, 4.0, 0.0, 3.0, 0.0, 2.0, 0.0, 1.0, 0.0, 0.0, 1.0, 1.0, 0.0, 1.0, 1.0, 0.0, 1.0], "bins": [-1337.870361328125, -1298.11083984375, -1258.351318359375, -1218.5919189453125, -1178.8323974609375, -1139.0728759765625, -1099.3133544921875, -1059.5538330078125, -1019.7943725585938, -980.034912109375, -940.275390625, -900.515869140625, -860.75634765625, -820.9968872070312, -781.2373657226562, -741.4779052734375, -701.7183837890625, -661.9588623046875, -622.1994018554688, -582.4398803710938, -542.680419921875, -502.9208984375, -463.161376953125, -423.40191650390625, -383.64239501953125, -343.88287353515625, -304.1234130859375, -264.3638916015625, -224.6043701171875, -184.8448486328125, -145.08544921875, -105.325927734375, -65.5662841796875, -25.8067626953125, 13.9527587890625, 53.712158203125, 93.4716796875, 133.231201171875, 172.99072265625, 212.75018310546875, 252.50970458984375, 292.26922607421875, 332.0286865234375, 371.7882080078125, 411.5477294921875, 451.30718994140625, 491.06671142578125, 530.826171875, 570.585693359375, 610.34521484375, 650.1046752929688, 689.8641967773438, 729.6236572265625, 769.3831787109375, 809.1427001953125, 848.9022216796875, 888.6616821289062, 928.421142578125, 968.1806640625, 1007.940185546875, 1047.69970703125, 1087.459228515625, 1127.2186279296875, 1166.9781494140625, 1206.7376708984375]}, "gradients/graph_1linear.0.bias": {"_type": "histogram", "values": [1.0, 0.0, 0.0, 0.0, 0.0, 0.0, 0.0, 0.0, 0.0, 1.0, 0.0, 1.0, 0.0, 0.0, 1.0, 0.0, 0.0, 1.0, 1.0, 0.0, 1.0, 1.0, 0.0, 0.0, 0.0, 0.0, 0.0, 0.0, 0.0, 3.0, 0.0, 1.0, 0.0, 1.0, 0.0, 0.0, 0.0, 103.0, 0.0, 1.0, 0.0, 0.0, 1.0, 0.0, 0.0, 1.0, 1.0, 0.0, 0.0, 0.0, 1.0, 0.0, 1.0, 0.0, 0.0, 2.0, 1.0, 1.0, 0.0, 0.0, 0.0, 1.0, 0.0, 1.0], "bins": [-380.8885498046875, -370.65631103515625, -360.4240417480469, -350.1918029785156, -339.9595642089844, -329.727294921875, -319.49505615234375, -309.2628173828125, -299.03057861328125, -288.7983093261719, -278.5660705566406, -268.33380126953125, -258.1015625, -247.86932373046875, -237.63706970214844, -227.4048309326172, -217.17257690429688, -206.94032287597656, -196.7080841064453, -186.475830078125, -176.24359130859375, -166.01133728027344, -155.77908325195312, -145.54684448242188, -135.31459045410156, -125.08233642578125, -114.85009765625, -104.61785888671875, -94.38558959960938, -84.15335083007812, -73.92111206054688, -63.6888427734375, -53.456634521484375, -43.224395751953125, -32.99212646484375, -22.7598876953125, -12.52764892578125, -2.295379638671875, 7.936859130859375, 18.169097900390625, 28.401351928710938, 38.63360595703125, 48.8658447265625, 59.09809875488281, 69.33035278320312, 79.56259155273438, 89.79484558105469, 100.02708435058594, 110.25933837890625, 120.49159240722656, 130.7238311767578, 140.95608520507812, 151.18832397460938, 161.4205780029297, 171.65283203125, 181.88507080078125, 192.11732482910156, 202.34957885742188, 212.58181762695312, 222.81407165527344, 233.04632568359375, 243.278564453125, 253.5108184814453, 263.7430725097656, 273.9753112792969]}, "gradients/graph_1linear.0.weight": {"_type": "histogram",