{"gradients/graph_3linear.5.bias": {"_type": "histogram", "values": [3.0, 2.0, 0.0, 3.0, 0.0, 2.0, 3.0, 3.0, 2.0, 3.0, 3.0, 5.0, 2.0, 5.0, 6.0, 10.0, 7.0, 5.0, 0.0, 0.0, 0.0, 0.0, 0.0, 0.0, 0.0, 0.0, 0.0, 0.0, 0.0, 0.0, 0.0, 0.0, 0.0, 0.0, 0.0, 0.0, 0.0, 0.0, 0.0, 0.0, 0.0, 0.0, 0.0, 2.0, 5.0, 3.0, 0.0, 2.0, 1.0, 2.0, 2.0, 5.0, 3.0, 1.0, 0.0, 0.0, 2.0, 0.0, 0.0, 0.0, 1.0, 0.0, 1.0, 2.0], "bins": [-0.7746552228927612, -0.7490831017494202, -0.7235109806060791, -0.6979387998580933, -0.6723666787147522, -0.6467945575714111, -0.6212224364280701, -0.595650315284729, -0.5700781345367432, -0.5445060133934021, -0.518933892250061, -0.49336177110671997, -0.4677896499633789, -0.44221749901771545, -0.4166453778743744, -0.39107322692871094, -0.3655011057853699, -0.3399289846420288, -0.31435683369636536, -0.2887847125530243, -0.26321256160736084, -0.23764044046401978, -0.2120683193206787, -0.18649619817733765, -0.16092407703399658, -0.13535189628601074, -0.10977977514266968, -0.08420765399932861, -0.05863553285598755, -0.033063411712646484, -0.0074912309646606445, 0.01808089017868042, 0.043653011322021484, 0.06922513246536255, 0.09479725360870361, 0.12036943435668945, 0.14594155550003052, 0.17151367664337158, 0.19708579778671265, 0.2226579189300537, 0.24823009967803955, 0.2738022208213806, 0.2993743419647217, 0.32494646310806274, 0.3505185842514038, 0.37609073519706726, 0.4016628563404083, 0.4272350072860718, 0.45280712842941284, 0.4783792495727539, 0.5039514303207397, 0.529523491859436, 0.5550956726074219, 0.5806677937507629, 0.606239914894104, 0.6318120360374451, 0.6573841571807861, 0.682956337928772, 0.708528459072113, 0.7341005802154541, 0.7596727013587952, 0.7852448225021362, 0.8108170032501221, 0.8363891243934631, 0.8619612455368042]}, "_timestamp": 1715845392.3882349, "gradients/graph_3linear.5.weight": {"_type": "histogram", "values": [3.0, 2.0, 1.0, 5.0, 2.0, 4.0, 4.0, 4.0, 5.0, 7.0, 5.0, 10.0, 10.0, 16.0, 13.0, 27.0, 30.0, 39.0, 24.0, 37.0, 50.0, 77.0, 78.0, 107.0, 116.0, 146.0, 153.0, 156.0, 152.0, 189.0, 3961.0, 98.0, 65.0, 73.0, 74.0, 65.0, 52.0, 51.0, 40.0, 29.0, 26.0, 20.0, 23.0, 19.0, 10.0, 11.0, 3.0, 6.0, 6.0, 10.0, 9.0, 5.0, 3.0, 3.0, 0.0, 0.0, 2.0, 1.0, 0.0, 1.0, 3.0, 0.0, 1.0, 2.0], "bins": [-18.970306396484375, -18.344078063964844, -17.717849731445312, -17.09162139892578, -16.46539306640625, -15.839163780212402, -15.212935447692871, -14.586706161499023, -13.960477828979492, -13.334249496459961, -12.70802116394043, -12.081792831420898, -11.455564498901367, -10.829336166381836, -10.203106880187988, -9.576878547668457, -8.950650215148926, -8.324421882629395, -7.698193550109863, -7.071964263916016, -6.445735931396484, -5.819507598876953, -5.193279266357422, -4.567050933837891, -3.9408226013183594, -3.3145933151245117, -2.688365936279297, -2.062135696411133, -1.4359073638916016, -0.8096790313720703, -0.18345069885253906, 0.4427776336669922, 1.0690059661865234, 1.6952342987060547, 2.321462631225586, 2.947690963745117, 3.5739192962646484, 4.20014762878418, 4.826377868652344, 5.452605247497559, 6.078834533691406, 6.7050628662109375, 7.331291198730469, 7.95751953125, 8.583747863769531, 9.209976196289062, 9.83620548248291, 10.462433815002441, 11.088662147521973, 11.714890480041504, 12.341118812561035, 12.967348098754883, 13.593576431274414, 14.219804763793945, 14.846033096313477, 15.472261428833008, 16.09848976135254, 16.72471809387207, 17.350948333740234, 17.977176666259766, 18.603404998779297, 19.229633331298828, 19.85586166381836, 20.48208999633789, 21.108318328857422]}, "gradients/graph_3linear.3.bias": {"_type": "histogram", "values": [1.0, 0.0, 0.0, 0.0, 0.0, 0.0, 0.0, 0.0, 0.0, 0.0, 0.0, 0.0, 0.0, 0.0, 1.0, 0.0, 0.0, 0.0, 0.0, 0.0, 0.0, 0.0, 0.0, 1.0, 0.0, 0.0, 0.0, 0.0, 0.0, 0.0, 0.0, 0.0, 0.0, 0.0, 1.0, 0.0, 0.0, 0.0, 0.0, 0.0, 0.0, 0.0, 0.0, 0.0, 0.0, 0.0, 1.0, 0.0, 0.0, 0.0, 0.0, 1.0, 1.0, 1.0, 3.0, 3.0, 2.0, 1.0, 2.0, 43.0, 1.0, 0.0, 0.0, 1.0], "bins": [-7.835560321807861, -7.704166889190674, -7.572773456573486, -7.441380023956299, -7.309986591339111, -7.178593158721924, -7.047199726104736, -6.915806293487549, -6.784412860870361, -6.653019428253174, -6.521625995635986, -6.390232563018799, -6.258839130401611, -6.127445697784424, -5.996052265167236, -5.864658832550049, -5.733265399932861, -5.601871967315674, -5.470478534698486, -5.339085102081299, -5.207691669464111, -5.076298236846924, -4.944904804229736, -4.813511371612549, -4.682117938995361, -4.550724506378174, -4.419331073760986, -4.287937641143799, -4.156544208526611, -4.025150775909424, -3.8937573432922363, -3.762363910675049, -3.630970001220703, -3.4995765686035156, -3.368183135986328, -3.2367897033691406, -3.105396270751953, -2.9740028381347656, -2.842609405517578, -2.7112159729003906, -2.579822540283203, -2.4484291076660156, -2.317035675048828, -2.1856422424316406, -2.054248809814453, -1.9228554964065552, -1.7914620637893677, -1.6600686311721802, -1.5286751985549927, -1.3972817659378052, -1.2658883333206177, -1.1344949007034302, -1.0031014680862427, -0.8717080354690552, -0.7403146028518677, -0.6089211702346802, -0.4775277376174927, -0.3461343050003052, -0.21474087238311768, -0.08334743976593018, 0.048045992851257324, 0.17943942546844482, 0.3108328580856323, 0.4422262907028198, 0.5736197233200073]}, "gradients/graph_3linear.3.weight": {"_type": "histogram", "values": [1.0, 0.0, 0.0, 1.0, 0.0, 0.0, 1.0, 0.0, 0.0, 0.0, 0.0, 0.0, 1.0, 1.0, 1.0, 0.0, 1.0, 0.0, 1.0, 0.0, 0.0, 0.0, 0.0, 2.0, 1.0, 1.0, 1.0, 1.0, 0.0, 1.0, 0.0, 2.0, 0.0, 1.0, 1.0, 1.0, 2.0, 0.0, 0.0, 3.0, 0.0, 1.0, 0.0, 0.0, 0.0, 3.0, 1.0, 3.0, 2.0, 2.0, 0.0, 4.0, 4.0, 10.0, 11.0, 20.0, 20.0, 28.0, 36.0, 3912.0, 7.0, 1.0, 1.0, 5.0], "bins": [-180.2251739501953, -177.2030029296875, -174.1808319091797, -171.15866088867188, -168.13648986816406, -165.11431884765625, -162.09214782714844, -159.06997680664062, -156.0478057861328, -153.025634765625, -150.0034637451172, -146.98129272460938, -143.95912170410156, -140.93695068359375, -137.91477966308594, -134.89260864257812, -131.8704376220703, -128.8482666015625, -125.82609558105469, -122.80392456054688, -119.78175354003906, -116.75958251953125, -113.7374038696289, -110.7152328491211, -107.69306182861328, -104.67089080810547, -101.64871978759766, -98.62654876708984, -95.60437774658203, -92.58220672607422, -89.5600357055664, -86.5378646850586, -83.51569366455078, -80.49352264404297, -77.47135162353516, -74.44918060302734, -71.42700958251953, -68.40483856201172, -65.3826675415039, -62.360496520996094, -59.33832550048828, -56.31615447998047, -53.293983459472656, -50.27180862426758, -47.249637603759766, -44.22746658325195, -41.20529556274414, -38.18312454223633, -35.160953521728516, -32.1387825012207, -29.11661148071289, -26.094440460205078, -23.072269439697266, -20.050098419189453, -17.027923583984375, -14.005753517150879, -10.983582496643066, -7.961411476135254, -4.939240455627441, -1.9170684814453125, 1.1051025390625, 4.1272735595703125, 7.149445056915283, 10.171616554260254, 13.193787574768066]}, "gradients/graph_3linear.0.bias": {"_type": "histogram", "values": [1.0, 0.0, 0.0, 0.0, 0.0, 0.0, 0.0, 0.0, 0.0, 0.0, 1.0, 0.0, 0.0, 0.0, 0.0, 0.0, 0.0, 0.0, 1.0, 0.0, 0.0, 0.0, 0.0, 0.0, 0.0, 0.0, 0.0, 1.0, 0.0, 0.0, 0.0, 0.0, 0.0, 0.0, 0.0, 0.0, 0.0, 1.0, 0.0, 0.0, 1.0, 2.0, 0.0, 0.0, 0.0, 52.0, 0.0, 0.0, 0.0, 1.0, 1.0, 0.0, 0.0, 0.0, 0.0, 1.0, 0.0, 0.0, 0.0, 0.0, 0.0, 0.0, 0.0, 1.0],