{"Linear loss": 9674.564453125, "_timestamp": 1715773283.1757016, "_runtime": 46.91269659996033, "_step": 1809, "gradients/graph_28linear.5.bias": {"_type": "histogram", "values": [7.0, 0.0, 0.0, 3.0, 0.0, 0.0, 0.0, 0.0, 0.0, 0.0, 0.0, 0.0, 0.0, 0.0, 0.0, 0.0, 0.0, 0.0, 0.0, 0.0, 0.0, 0.0, 0.0, 0.0, 0.0, 0.0, 0.0, 0.0, 11.0, 0.0, 0.0, 2.0, 50.0, 0.0, 0.0, 15.0, 0.0, 0.0, 0.0, 0.0, 0.0, 0.0, 0.0, 0.0, 0.0, 0.0, 0.0, 0.0, 0.0, 0.0, 0.0, 0.0, 0.0, 0.0, 0.0, 0.0, 0.0, 0.0, 0.0, 0.0, 3.0, 0.0, 0.0, 5.0], "bins": [-200.0, -193.75, -187.5, -181.25, -175.0, -168.75, -162.5, -156.25, -150.0, -143.75, -137.5, -131.25, -125.0, -118.75, -112.5, -106.25, -100.0, -93.75, -87.5, -81.25, -75.0, -68.75, -62.5, -56.25, -50.0, -43.75, -37.5, -31.25, -25.0, -18.75, -12.5, -6.25, 0.0, 6.25, 12.5, 18.75, 25.0, 31.25, 37.5, 43.75, 50.0, 56.25, 62.5, 68.75, 75.0, 81.25, 87.5, 93.75, 100.0, 106.25, 112.5, 118.75, 125.0, 131.25, 137.5, 143.75, 150.0, 156.25, 162.5, 168.75, 175.0, 181.25, 187.5, 193.75, 200.0]}, "gradients/graph_28linear.5.weight": {"_type": "histogram", "values": [7.0, 0.0, 0.0, 3.0, 0.0, 0.0, 0.0, 7.0, 0.0, 3.0, 0.0, 0.0, 7.0, 14.0, 3.0, 6.0, 0.0, 7.0, 0.0, 10.0, 17.0, 20.0, 6.0, 7.0, 17.0, 13.0, 3.0, 0.0, 21.0, 41.0, 98.0, 127.0, 2319.0, 134.0, 39.0, 23.0, 0.0, 3.0, 11.0, 13.0, 5.0, 6.0, 16.0, 13.0, 8.0, 0.0, 5.0, 0.0, 6.0, 3.0, 10.0, 5.0, 0.0, 0.0, 3.0, 0.0, 5.0, 0.0, 0.0, 0.0, 3.0, 0.0, 0.0, 5.0], "bins": [-1395.844482421875, -1352.224365234375, -1308.604248046875, -1264.984130859375, -1221.3638916015625, -1177.7437744140625, -1134.1236572265625, -1090.5035400390625, -1046.88330078125, -1003.26318359375, -959.64306640625, -916.02294921875, -872.40283203125, -828.7826538085938, -785.1625366210938, -741.5423583984375, -697.9222412109375, -654.3021240234375, -610.6819458007812, -567.0618286132812, -523.441650390625, -479.821533203125, -436.201416015625, -392.58123779296875, -348.961181640625, -305.3409423828125, -261.7208251953125, -218.1007080078125, -174.4805908203125, -130.8604736328125, -87.240234375, -43.6201171875, 0.0, 43.6201171875, 87.240234375, 130.8604736328125, 174.4805908203125, 218.1007080078125, 261.7208251953125, 305.3409423828125, 348.961181640625, 392.58123779296875, 436.201416015625, 479.821533203125, 523.441650390625, 567.0618286132812, 610.6819458007812, 654.3021240234375, 697.9222412109375, 741.5423583984375, 785.1625366210938, 828.7826538085938, 872.40283203125, 916.02294921875, 959.64306640625, 1003.26318359375, 1046.88330078125, 1090.5035400390625, 1134.1236572265625, 1177.7437744140625, 1221.3638916015625, 1264.984130859375, 1308.604248046875, 1352.224365234375, 1395.844482421875]}, "gradients/graph_28linear.3.bias": {"_type": "histogram", "values": [1.0, 1.0, 0.0, 0.0, 1.0, 0.0, 0.0, 0.0, 0.0, 0.0, 1.0, 0.0, 0.0, 0.0, 0.0, 1.0, 0.0, 1.0, 0.0, 0.0, 1.0, 0.0, 0.0, 0.0, 0.0, 0.0, 0.0, 0.0, 1.0, 0.0, 0.0, 0.0, 0.0, 0.0, 0.0, 0.0, 1.0, 0.0, 0.0, 13.0, 0.0, 1.0, 2.0, 1.0, 1.0, 0.0, 0.0, 0.0, 2.0, 0.0, 0.0, 0.0, 0.0, 1.0, 1.0, 0.0, 0.0, 0.0, 0.0, 0.0, 0.0, 0.0, 0.0, 1.0], "bins": [-205.36595153808594, -200.19956970214844, -195.033203125, -189.8668212890625, -184.700439453125, -179.53407287597656, -174.36769104003906, -169.20132446289062, -164.03494262695312, -158.86856079101562, -153.7021942138672, -148.5358123779297, -143.36944580078125, -138.20306396484375, -133.03668212890625, -127.87030792236328, -122.70393371582031, -117.53755950927734, -112.37118530273438, -107.20480346679688, -102.0384292602539, -96.87205505371094, -91.70567321777344, -86.53929901123047, -81.3729248046875, -76.20654296875, -71.04017639160156, -65.87379455566406, -60.70741271972656, -55.541046142578125, -50.374664306640625, -45.20829772949219, -40.041900634765625, -34.875518798828125, -29.709152221679688, -24.542770385742188, -19.37640380859375, -14.21002197265625, -9.04364013671875, -3.8772735595703125, 1.2891082763671875, 6.455482482910156, 11.621856689453125, 16.788238525390625, 21.954612731933594, 27.120986938476562, 32.28736877441406, 37.45374298095703, 42.6201171875, 47.78649139404297, 52.95286560058594, 58.11924743652344, 63.285621643066406, 68.45199584960938, 73.61837768554688, 78.78475189208984, 83.95112609863281, 89.11750030517578, 94.28387451171875, 99.45025634765625, 104.61663055419922, 109.78300476074219, 114.94938659667969, 120.11576080322266, 125.28213500976562]}, "gradients/graph_28linear.3.weight": {"_type": "histogram", "values": [1.0, 1.0, 0.0, 0.0, 1.0, 1.0, 1.0, 0.0, 2.0, 4.0, 2.0, 2.0, 0.0, 1.0, 1.0, 2.0, 4.0, 3.0, 2.0, 1.0, 4.0, 2.0, 3.0, 2.0, 3.0, 3.0, 3.0, 1.0, 3.0, 2.0, 8.0, 4.0, 6.0, 8.0, 7.0, 7.0, 9.0, 13.0, 9.0, 756.0, 39.0, 32.0, 14.0, 15.0, 5.0, 5.0, 4.0, 5.0, 6.0, 0.0, 4.0, 3.0, 1.0, 2.0, 2.0, 0.0, 0.0, 1.0, 2.0, 0.0, 1.0, 0.0, 0.0, 1.0], "bins": [-1038.0576171875, -1011.9432983398438, -985.8289184570312, -959.714599609375, -933.6002807617188, -907.4859008789062, -881.37158203125, -855.2572021484375, -829.1428833007812, -803.028564453125, -776.9141845703125, -750.7998657226562, -724.685546875, -698.5711669921875, -672.4568481445312, -646.342529296875, -620.2281494140625, -594.1138305664062, -567.99951171875, -541.8851318359375, -515.7708129882812, -489.656494140625, -463.5421142578125, -437.42779541015625, -411.3134765625, -385.1990966796875, -359.08477783203125, -332.970458984375, -306.8560791015625, -280.74176025390625, -254.62744140625, -228.5130615234375, -202.39874267578125, -176.284423828125, -150.1700439453125, -124.05572509765625, -97.94140625, -71.8270263671875, -45.71270751953125, -19.598388671875, 6.5159912109375, 32.63031005859375, 58.74462890625, 84.8590087890625, 110.97332763671875, 137.08767700195312, 163.2020263671875, 189.31634521484375, 215.43069458007812, 241.5450439453125, 267.65936279296875, 293.7737121582031, 319.8880615234375, 346.00238037109375, 372.1167297363281, 398.2310791015625, 424.34539794921875, 450.4597473144531, 476.5740966796875, 502.68841552734375, 528.8027954101562, 554.9171142578125, 581.0314331054688, 607.1458129882812, 633.2601318359375]}, "gradients/graph_28linear.0.bias": {"_type": "histogram", "values": [1.0, 0.0, 0.0, 1.0, 0.0, 0.0, 2.0, 0.0, 0.0, 1.0, 0.0, 1.0, 0.0, 0.0, 0.0, 0.0, 0.0, 0.0, 0.0, 0.0, 0.0, 0.0, 1.0, 0.0, 0.0, 0.0, 0.0, 0.0, 0.0, 1.0, 0.0, 0.0, 0.0, 0.0, 0.0, 1.0, 0.0, 0.0, 0.0, 0.0, 0.0, 2.0, 1.0, 17.0, 0.0, 0.0, 1.0, 0.0, 0.0, 0.0, 0.0, 0.0, 0.0, 0.0, 0.0, 0.0, 0.0, 0.0, 1.0, 0.0, 0.0, 0.0, 0.0, 1.0], "bins": [-175.34219360351562, -171.28929138183594, -167.2364044189453, -163.18350219726562, -159.130615234375, -155.0777130126953, -151.0248260498047, -146.971923828125, -142.91903686523438, -138.8661346435547, -134.81324768066406, -130.76034545898438, -126.70745086669922, -122.65455627441406, -118.6016616821289, -114.54876708984375, -110.4958724975586, -106.44297790527344, -102.39008331298828, -98.33718872070312, -94.28429412841797, -90.23139953613281, -86.17850494384766, -82.1256103515625, -78.07270812988281, -74.01981353759766, -69.9669189453125, -65.91402435302734, -61.86112976074219, -57.80823516845703, -53.755340576171875, -49.70244598388672, -45.649559020996094, -41.59666442871094, -37.54376983642578, -33.490875244140625, -29.43798065185547, -25.385086059570312, -21.332191467285156, -17.279296875, -13.226402282714844, -9.173500061035156, -5.12060546875, -1.0677108764648438, 2.9851837158203125, 7.038078308105469, 11.090972900390625, 15.143867492675781, 19.196762084960938, 23.249656677246094, 27.30255126953125, 31.355445861816406, 35.40834045410156, 39.461238861083984, 43.51413345336914, 47.5670280456543, 51.61992263793945, 55.67281723022461, 59.725711822509766, 63.77861022949219, 67.83150482177734, 71.8843994140625, 75.93729400634766, 79.99018859863281, 84.04308319091797]}, "gradients/graph_28linear.0.weight": {"_type": "histogram",