{"Linear loss": 14118.76171875, "_timestamp": 1715770637.5798771, "_runtime": 130.98537302017212, "_step": 3619, "gradients/graph_28linear.5.bias": {"_type": "histogram", "values": [6.0, 0.0, 0.0, 4.0, 0.0, 0.0, 0.0, 0.0, 0.0, 0.0, 0.0, 0.0, 0.0, 0.0, 0.0, 0.0, 0.0, 0.0, 0.0, 0.0, 0.0, 0.0, 0.0, 0.0, 0.0, 0.0, 0.0, 0.0, 12.0, 0.0, 0.0, 2.0, 41.0, 0.0, 0.0, 15.0, 0.0, 0.0, 0.0, 0.0, 0.0, 0.0, 0.0, 0.0, 0.0, 0.0, 0.0, 0.0, 0.0, 0.0, 0.0, 0.0, 0.0, 0.0, 0.0, 0.0, 0.0, 1.0, 0.0, 0.0, 3.0, 0.0, 0.0, 12.0], "bins": [-200.0, -193.75, -187.5, -181.25, -175.0, -168.75, -162.5, -156.25, -150.0, -143.75, -137.5, -131.25, -125.0, -118.75, -112.5, -106.25, -100.0, -93.75, -87.5, -81.25, -75.0, -68.75, -62.5, -56.25, -50.0, -43.75, -37.5, -31.25, -25.0, -18.75, -12.5, -6.25, 0.0, 6.25, 12.5, 18.75, 25.0, 31.25, 37.5, 43.75, 50.0, 56.25, 62.5, 68.75, 75.0, 81.25, 87.5, 93.75, 100.0, 106.25, 112.5, 118.75, 125.0, 131.25, 137.5, 143.75, 150.0, 156.25, 162.5, 168.75, 175.0, 181.25, 187.5, 193.75, 200.0]}, "gradients/graph_28linear.5.weight": {"_type": "histogram", "values": [6.0, 6.0, 0.0, 4.0, 4.0, 0.0, 12.0, 6.0, 10.0, 8.0, 0.0, 10.0, 6.0, 10.0, 4.0, 10.0, 0.0, 16.0, 10.0, 8.0, 6.0, 4.0, 6.0, 4.0, 6.0, 16.0, 8.0, 0.0, 24.0, 60.0, 94.0, 122.0, 2078.0, 121.0, 75.0, 30.0, 2.0, 6.0, 28.0, 13.0, 3.0, 13.0, 4.0, 14.0, 6.0, 16.0, 28.0, 1.0, 16.0, 3.0, 16.0, 13.0, 17.0, 0.0, 6.0, 15.0, 13.0, 25.0, 0.0, 3.0, 3.0, 0.0, 12.0, 12.0], "bins": [-367.6679992675781, -356.1783752441406, -344.6887512207031, -333.1991271972656, -321.7095031738281, -310.2198791503906, -298.7302551269531, -287.2406311035156, -275.7510070800781, -264.2613830566406, -252.77175903320312, -241.28213500976562, -229.79249572753906, -218.30287170410156, -206.81324768066406, -195.32362365722656, -183.83399963378906, -172.34437561035156, -160.85475158691406, -149.36512756347656, -137.87550354003906, -126.38587951660156, -114.89625549316406, -103.4066162109375, -91.9169921875, -80.4273681640625, -68.937744140625, -57.4481201171875, -45.95849609375, -34.4688720703125, -22.979248046875, -11.4896240234375, 0.0, 11.4896240234375, 22.979248046875, 34.4688720703125, 45.95849609375, 57.4481201171875, 68.937744140625, 80.4273681640625, 91.9169921875, 103.4066162109375, 114.89625549316406, 126.38587951660156, 137.87550354003906, 149.36512756347656, 160.85475158691406, 172.34437561035156, 183.83399963378906, 195.32362365722656, 206.81324768066406, 218.30287170410156, 229.79249572753906, 241.28213500976562, 252.77175903320312, 264.2613830566406, 275.7510070800781, 287.2406311035156, 298.7302551269531, 310.2198791503906, 321.7095031738281, 333.1991271972656, 344.6887512207031, 356.1783752441406, 367.6679992675781]}, "gradients/graph_28linear.3.bias": {"_type": "histogram", "values": [1.0, 0.0, 1.0, 0.0, 1.0, 0.0, 0.0, 0.0, 1.0, 0.0, 0.0, 0.0, 0.0, 0.0, 1.0, 0.0, 0.0, 0.0, 1.0, 0.0, 0.0, 1.0, 1.0, 0.0, 0.0, 0.0, 1.0, 0.0, 1.0, 1.0, 0.0, 1.0, 0.0, 1.0, 0.0, 0.0, 0.0, 0.0, 2.0, 0.0, 1.0, 0.0, 0.0, 0.0, 1.0, 0.0, 0.0, 0.0, 1.0, 1.0, 0.0, 0.0, 0.0, 0.0, 12.0, 0.0, 0.0, 0.0, 0.0, 0.0, 0.0, 0.0, 0.0, 1.0], "bins": [-382.0758361816406, -375.0393981933594, -368.0029602050781, -360.966552734375, -353.93011474609375, -346.8936767578125, -339.85723876953125, -332.82080078125, -325.78436279296875, -318.7479248046875, -311.71148681640625, -304.6750793457031, -297.6386413574219, -290.6022033691406, -283.5657653808594, -276.5293273925781, -269.492919921875, -262.45648193359375, -255.4200439453125, -248.38360595703125, -241.34716796875, -234.3107452392578, -227.27430725097656, -220.2378692626953, -213.20144653320312, -206.16500854492188, -199.12857055664062, -192.09213256835938, -185.0557098388672, -178.01927185058594, -170.9828338623047, -163.9464111328125, -156.90997314453125, -149.87353515625, -142.83709716796875, -135.8006591796875, -128.76422119140625, -121.7278060913086, -114.69136810302734, -107.6549301147461, -100.61849212646484, -93.58206939697266, -86.5456314086914, -79.50919342041016, -72.47277069091797, -65.43633270263672, -58.39990234375, -51.36346435546875, -44.32703399658203, -37.29060363769531, -30.254165649414062, -23.217735290527344, -16.181297302246094, -9.144866943359375, -2.1084365844726562, 4.927997589111328, 11.964431762695312, 19.000865936279297, 26.03730010986328, 33.07373046875, 40.110164642333984, 47.14659881591797, 54.18302917480469, 61.21946334838867, 68.25589752197266]}, "gradients/graph_28linear.3.weight": {"_type": "histogram", "values": [1.0, 0.0, 1.0, 0.0, 1.0, 0.0, 0.0, 0.0, 2.0, 0.0, 1.0, 0.0, 1.0, 0.0, 1.0, 1.0, 0.0, 0.0, 1.0, 0.0, 1.0, 1.0, 1.0, 1.0, 0.0, 0.0, 2.0, 1.0, 1.0, 1.0, 1.0, 1.0, 3.0, 3.0, 0.0, 2.0, 1.0, 0.0, 3.0, 1.0, 4.0, 1.0, 2.0, 1.0, 2.0, 2.0, 1.0, 2.0, 2.0, 2.0, 2.0, 0.0, 2.0, 0.0, 964.0, 0.0, 0.0, 0.0, 1.0, 0.0, 0.0, 0.0, 1.0, 1.0], "bins": [-1755.509521484375, -1723.179443359375, -1690.8494873046875, -1658.5194091796875, -1626.1893310546875, -1593.859375, -1561.529296875, -1529.19921875, -1496.8692626953125, -1464.5391845703125, -1432.209228515625, -1399.879150390625, -1367.549072265625, -1335.218994140625, -1302.8890380859375, -1270.5589599609375, -1238.22900390625, -1205.89892578125, -1173.56884765625, -1141.23876953125, -1108.9088134765625, -1076.5787353515625, -1044.248779296875, -1011.918701171875, -979.588623046875, -947.2586059570312, -914.9285888671875, -882.5985717773438, -850.2684936523438, -817.9384765625, -785.6084594726562, -753.2783813476562, -720.9483642578125, -688.6182861328125, -656.2882080078125, -623.958251953125, -591.628173828125, -559.298095703125, -526.9681396484375, -494.6380920410156, -462.3080749511719, -429.9779968261719, -397.6479797363281, -365.3179626464844, -332.9878845214844, -300.6578674316406, -268.3278503417969, -235.99777221679688, -203.66775512695312, -171.33770751953125, -139.0076904296875, -106.67764282226562, -74.34762573242188, -42.017578125, -9.687530517578125, 22.642486572265625, 54.9725341796875, 87.30256652832031, 119.63259887695312, 151.962646484375, 184.2926788330078, 216.62271118164062, 248.9527587890625, 281.28277587890625, 313.6128234863281]}, "gradients/graph_28linear.0.bias": {"_type": "histogram", "values": [1.0, 0.0, 0.0, 1.0, 0.0, 0.0, 0.0, 1.0, 0.0, 0.0, 0.0, 0.0, 0.0, 0.0, 0.0, 0.0, 0.0, 0.0, 0.0, 0.0, 0.0, 0.0, 0.0, 0.0, 0.0, 0.0, 0.0, 0.0, 0.0, 0.0, 0.0, 0.0, 0.0, 0.0, 0.0, 0.0, 0.0, 0.0, 0.0, 0.0, 0.0, 0.0, 0.0, 0.0, 0.0, 0.0, 0.0, 0.0, 0.0, 0.0, 0.0, 0.0, 0.0, 0.0, 0.0, 0.0, 0.0, 0.0, 0.0, 0.0, 0.0, 0.0, 0.0, 29.0], "bins": [-621.5747680664062, -611.8626708984375, -602.1505737304688, -592.4384765625, -582.726318359375, -573.0142211914062, -563.3021240234375, -553.5900268554688, -543.8779296875, -534.1658325195312, -524.4537353515625, -514.7415771484375, -505.02947998046875, -495.3173828125, -485.60528564453125, -475.8931884765625, -466.18109130859375, -456.4689636230469, -446.7568664550781, -437.04473876953125, -427.3326416015625, -417.62054443359375, -407.908447265625, -398.19635009765625, -388.4842224121094, -378.7721252441406, -369.05999755859375, -359.347900390625, -349.63580322265625, -339.9237060546875, -330.21160888671875, -320.4994812011719, -310.7873840332031, -301.0752868652344, -291.3631591796875, -281.65106201171875, -271.93896484375, -262.22686767578125, -252.51475524902344, -242.80264282226562, -233.09054565429688, -223.37843322753906, -213.66632080078125, -203.9542236328125, -194.2421112060547, -184.53001403808594, -174.81790161132812, -165.10580444335938, -155.39369201660156, -145.68157958984375, -135.969482421875, -126.25737762451172, -116.54527282714844, -106.83316040039062, -97.12105560302734, -87.40895080566406, -77.69684600830078, -67.9847412109375, -58.27263641357422, -48.56052780151367, -38.84842300415039, -29.13631820678711, -19.424211502075195, -9.712105751037598, 0.0]}, "gradients/graph_28linear.0.weight": {"_type": "histogram",