{"gradients/graph_28linear.5.bias": {"_type": "histogram", "values": [1.0, 0.0, 2.0, 1.0, 1.0, 0.0, 0.0, 1.0, 3.0, 2.0, 2.0, 1.0, 6.0, 5.0, 9.0, 6.0, 8.0, 8.0, 7.0, 6.0, 8.0, 8.0, 2.0, 1.0, 0.0, 1.0, 0.0, 1.0, 0.0, 0.0, 0.0, 0.0, 0.0, 0.0, 0.0, 0.0, 0.0, 1.0, 0.0, 0.0, 1.0, 0.0, 0.0, 0.0, 0.0, 0.0, 0.0, 0.0, 0.0, 0.0, 0.0, 0.0, 0.0, 0.0, 0.0, 1.0, 0.0, 1.0, 1.0, 0.0, 0.0, 0.0, 0.0, 1.0], "bins": [-0.3828671872615814, -0.36095771193504333, -0.33904823660850525, -0.31713876128196716, -0.2952292859554291, -0.273319810628891, -0.2514103651046753, -0.229500874876976, -0.20759139955043793, -0.18568192422389984, -0.16377244889736176, -0.14186297357082367, -0.11995351314544678, -0.09804403781890869, -0.0761345624923706, -0.05422508716583252, -0.032315611839294434, -0.010406136512756348, 0.011503338813781738, 0.033412814140319824, 0.05532228946685791, 0.077231764793396, 0.09914124011993408, 0.12105068564414978, 0.14296016097068787, 0.16486963629722595, 0.18677911162376404, 0.20868858695030212, 0.2305980622768402, 0.2525075376033783, 0.2744170129299164, 0.29632648825645447, 0.31823593378067017, 0.34014540910720825, 0.36205488443374634, 0.3839643597602844, 0.4058738350868225, 0.4277833104133606, 0.4496927857398987, 0.47160226106643677, 0.49351173639297485, 0.5154212117195129, 0.5373306274414062, 0.5592401027679443, 0.5811495780944824, 0.6030590534210205, 0.6249685287475586, 0.6468780040740967, 0.6687874794006348, 0.6906969547271729, 0.7126064300537109, 0.734515905380249, 0.7564253807067871, 0.7783348560333252, 0.8002443313598633, 0.8221538066864014, 0.8440632820129395, 0.8659727573394775, 0.8878822326660156, 0.9097917079925537, 0.9317011833190918, 0.9536106586456299, 0.975520133972168, 0.997429609298706, 1.0193390846252441]}, "_timestamp": 1715781520.310147, "gradients/graph_28linear.5.weight": {"_type": "histogram", "values": [1.0, 1.0, 6.0, 5.0, 12.0, 15.0, 12.0, 14.0, 9.0, 25.0, 42.0, 36.0, 56.0, 94.0, 128.0, 205.0, 314.0, 1298.0, 284.0, 160.0, 137.0, 49.0, 18.0, 15.0, 13.0, 13.0, 3.0, 4.0, 3.0, 2.0, 4.0, 5.0, 6.0, 5.0, 6.0, 5.0, 0.0, 6.0, 1.0, 1.0, 2.0, 1.0, 1.0, 3.0, 3.0, 3.0, 0.0, 6.0, 3.0, 6.0, 6.0, 2.0, 4.0, 5.0, 4.0, 2.0, 0.0, 5.0, 1.0, 1.0, 0.0, 0.0, 0.0, 1.0], "bins": [-3.8828957080841064, -3.6606979370117188, -3.43850040435791, -3.2163026332855225, -2.994105100631714, -2.771907329559326, -2.5497097969055176, -2.32751202583313, -2.105314254760742, -1.8831167221069336, -1.660918951034546, -1.4387214183807373, -1.2165236473083496, -0.994326114654541, -0.7721283435821533, -0.5499308109283447, -0.32773303985595703, -0.10553526878356934, 0.11666226387023926, 0.33885979652404785, 0.5610578060150146, 0.7832553386688232, 1.0054528713226318, 1.2276504039764404, 1.4498484134674072, 1.6720459461212158, 1.8942434787750244, 2.116441488265991, 2.3386390209198, 2.5608365535736084, 2.783034086227417, 3.005232095718384, 3.2274298667907715, 3.44962739944458, 3.671825408935547, 3.8940229415893555, 4.116220474243164, 4.338418006896973, 4.5606160163879395, 4.782813549041748, 5.005011081695557, 5.227209091186523, 5.449406623840332, 5.671604156494141, 5.893801689147949, 6.115999698638916, 6.338197231292725, 6.560394763946533, 6.7825927734375, 7.004790306091309, 7.226987838745117, 7.449185371398926, 7.671382904052734, 7.893580913543701, 8.115777969360352, 8.337976455688477, 8.560173988342285, 8.782371520996094, 9.004569053649902, 9.226766586303711, 9.44896411895752, 9.671162605285645, 9.893360137939453, 10.115557670593262, 10.33775520324707]}, "gradients/graph_28linear.3.bias": {"_type": "histogram", "values": [1.0, 0.0, 0.0, 0.0, 0.0, 0.0, 0.0, 0.0, 1.0, 0.0, 1.0, 0.0, 0.0, 2.0, 2.0, 0.0, 1.0, 1.0, 2.0, 1.0, 2.0, 3.0, 2.0, 2.0, 2.0, 0.0, 0.0, 0.0, 0.0, 0.0, 0.0, 0.0, 0.0, 0.0, 0.0, 0.0, 0.0, 0.0, 0.0, 0.0, 0.0, 0.0, 0.0, 0.0, 0.0, 0.0, 0.0, 0.0, 0.0, 0.0, 0.0, 0.0, 0.0, 0.0, 0.0, 0.0, 0.0, 0.0, 0.0, 0.0, 0.0, 0.0, 0.0, 9.0], "bins": [-4.079957008361816, -4.016207695007324, -3.952458381652832, -3.88870906829834, -3.8249597549438477, -3.7612104415893555, -3.6974611282348633, -3.633711814880371, -3.569962501525879, -3.5062131881713867, -3.4424638748168945, -3.3787143230438232, -3.314965009689331, -3.251215696334839, -3.1874663829803467, -3.1237170696258545, -3.0599677562713623, -2.99621844291687, -2.932469129562378, -2.8687198162078857, -2.8049705028533936, -2.7412209510803223, -2.67747163772583, -2.613722324371338, -2.5499730110168457, -2.4862236976623535, -2.4224743843078613, -2.358725070953369, -2.294975757598877, -2.2312264442443848, -2.1674771308898926, -2.1037278175354004, -2.039978504180908, -1.976229190826416, -1.9124798774719238, -1.8487305641174316, -1.7849812507629395, -1.7212318181991577, -1.6574825048446655, -1.5937331914901733, -1.5299838781356812, -1.466234564781189, -1.4024852514266968, -1.3387359380722046, -1.2749865055084229, -1.2112371921539307, -1.1474878787994385, -1.0837385654449463, -1.019989252090454, -0.9562399387359619, -0.8924906253814697, -0.8287412524223328, -0.7649919390678406, -0.7012426257133484, -0.6374932527542114, -0.5737439393997192, -0.509994626045227, -0.44624531269073486, -0.3824959695339203, -0.3187466263771057, -0.2549973130226135, -0.19124798476696014, -0.12749865651130676, -0.06374932825565338, 0.0]}, "gradients/graph_28linear.3.weight": {"_type": "histogram", "values": [1.0, 0.0, 0.0, 0.0, 0.0, 0.0, 0.0, 0.0, 1.0, 0.0, 1.0, 0.0, 0.0, 2.0, 2.0, 0.0, 1.0, 1.0, 2.0, 1.0, 2.0, 3.0, 2.0, 2.0, 2.0, 0.0, 0.0, 0.0, 0.0, 0.0, 0.0, 0.0, 0.0, 0.0, 0.0, 0.0, 0.0, 0.0, 0.0, 0.0, 0.0, 0.0, 0.0, 0.0, 0.0, 0.0, 0.0, 0.0, 0.0, 0.0, 0.0, 0.0, 0.0, 0.0, 1.0, 1.0, 7.0, 12.0, 2.0, 0.0, 0.0, 0.0, 0.0, 978.0], "bins": [-157.19740295410156, -154.74119567871094, -152.2849884033203, -149.8287811279297, -147.37255859375, -144.91635131835938, -142.46014404296875, -140.00393676757812, -137.5477294921875, -135.09152221679688, -132.63531494140625, -130.17910766601562, -127.72288513183594, -125.26667785644531, -122.81047058105469, -120.35426330566406, -117.89805603027344, -115.44184112548828, -112.98563385009766, -110.5294189453125, -108.07321166992188, -105.61700439453125, -103.16079711914062, -100.70458984375, -98.24837493896484, -95.79216766357422, -93.33595275878906, -90.87974548339844, -88.42353820800781, -85.96733093261719, -83.51112365722656, -81.0549087524414, -78.59870147705078, -76.14249420166016, -73.686279296875, -71.23007202148438, -68.77386474609375, -66.31765747070312, -63.861446380615234, -61.405235290527344, -58.94902801513672, -56.49281692504883, -54.03660583496094, -51.58039855957031, -49.12418746948242, -46.6679801940918, -44.211769104003906, -41.75556182861328, -39.29935073852539, -36.8431396484375, -34.386932373046875, -31.930723190307617, -29.47451400756836, -27.01830291748047, -24.56209373474121, -22.105884552001953, -19.649675369262695, -17.193466186523438, -14.73725700378418, -12.281046867370605, -9.824837684631348, -7.36862850189209, -4.912418842315674, -2.456209421157837, -0.0]}, "gradients/graph_28linear.0.bias": {"_type": "histogram", "values": [1.0, 0.0, 0.0, 0.0, 0.0, 0.0, 0.0, 0.0, 0.0, 0.0, 0.0, 0.0, 0.0, 0.0, 0.0, 0.0, 0.0, 0.0, 0.0, 0.0, 0.0, 0.0, 0.0, 0.0, 0.0, 0.0, 0.0, 0.0, 0.0, 0.0, 0.0, 0.0, 0.0, 0.0, 0.0, 0.0, 0.0, 0.0, 0.0, 0.0, 0.0, 0.0, 0.0, 0.0, 0.0, 0.0, 0.0, 0.0, 0.0, 0.0, 0.0, 0.0, 0.0, 1.0, 0.0, 0.0, 0.0, 0.0, 0.0, 0.0, 0.0, 0.0, 0.0, 30.0],