{"Linear loss": 222.64764404296875, "_timestamp": 1715778351.1752818, "_runtime": 133.20330667495728, "_step": 5489, "gradients/graph_13linear.5.bias": {"_type": "histogram", "values": [1.0, 0.0, 0.0, 1.0, 1.0, 0.0, 0.0, 0.0, 1.0, 1.0, 1.0, 4.0, 2.0, 0.0, 2.0, 1.0, 1.0, 0.0, 0.0, 1.0, 1.0, 0.0, 0.0, 0.0, 0.0, 0.0, 0.0, 0.0, 0.0, 1.0, 0.0, 0.0, 0.0, 1.0, 0.0, 2.0, 0.0, 0.0, 1.0, 0.0, 0.0, 1.0, 1.0, 24.0, 3.0, 1.0, 1.0, 2.0, 2.0, 2.0, 3.0, 9.0, 6.0, 9.0, 1.0, 4.0, 1.0, 0.0, 1.0, 1.0, 0.0, 0.0, 0.0, 1.0], "bins": [-0.596903920173645, -0.5785564184188843, -0.5602089762687683, -0.5418614745140076, -0.5235139727592468, -0.5051665306091309, -0.4868190288543701, -0.4684715270996094, -0.450124055147171, -0.43177658319473267, -0.4134290814399719, -0.39508160948753357, -0.3767341375350952, -0.3583866357803345, -0.3400391638278961, -0.3216916620731354, -0.303344190120697, -0.28499671816825867, -0.2666492164134979, -0.24830174446105957, -0.22995424270629883, -0.21160677075386047, -0.19325929880142212, -0.17491179704666138, -0.15656432509422302, -0.13821685314178467, -0.11986935138702393, -0.10152187943458557, -0.08317440748214722, -0.06482690572738647, -0.04647940397262573, -0.028131961822509766, -0.009784400463104248, 0.008563101291656494, 0.02691054344177246, 0.0452580451965332, 0.06360554695129395, 0.0819530189037323, 0.10030049085617065, 0.1186479926109314, 0.13699546456336975, 0.1553429365158081, 0.17369043827056885, 0.1920379102230072, 0.21038538217544556, 0.2287328839302063, 0.24708035588264465, 0.2654278576374054, 0.28377532958984375, 0.3021228015422821, 0.32047030329704285, 0.3388177752494812, 0.35716527700424194, 0.3755127489566803, 0.39386022090911865, 0.4122077226638794, 0.43055519461631775, 0.4489026665687561, 0.46725016832351685, 0.4855976402759552, 0.5039451122283936, 0.5222926139831543, 0.540640115737915, 0.558987557888031, 0.5773350596427917]}, "gradients/graph_13linear.5.weight": {"_type": "histogram", "values": [1.0, 0.0, 0.0, 1.0, 1.0, 0.0, 0.0, 0.0, 1.0, 1.0, 1.0, 4.0, 2.0, 0.0, 2.0, 1.0, 1.0, 0.0, 0.0, 1.0, 1.0, 0.0, 0.0, 0.0, 0.0, 0.0, 0.0, 0.0, 0.0, 1.0, 0.0, 0.0, 12192.0, 1.0, 0.0, 2.0, 0.0, 0.0, 1.0, 0.0, 0.0, 1.0, 1.0, 24.0, 3.0, 1.0, 1.0, 2.0, 2.0, 2.0, 3.0, 9.0, 6.0, 9.0, 1.0, 4.0, 1.0, 0.0, 1.0, 1.0, 0.0, 0.0, 0.0, 1.0], "bins": [-90.87897491455078, -88.08555603027344, -85.29214477539062, -82.49872589111328, -79.70531463623047, -76.91189575195312, -74.11848449707031, -71.32506561279297, -68.53165435791016, -65.73823547363281, -62.94482421875, -60.151405334472656, -57.35799026489258, -54.5645751953125, -51.77116012573242, -48.977745056152344, -46.184329986572266, -43.39091491699219, -40.59749984741211, -37.80408477783203, -35.01066970825195, -32.217254638671875, -29.423839569091797, -26.63042449951172, -23.837005615234375, -21.043594360351562, -18.25017547607422, -15.456764221191406, -12.663345336914062, -9.86993408203125, -7.076515197753906, -4.283103942871094, -1.48968505859375, 1.3037338256835938, 4.097145080566406, 6.89056396484375, 9.683975219726562, 12.477394104003906, 15.270805358886719, 18.064224243164062, 20.857635498046875, 23.65105438232422, 26.444469451904297, 29.237884521484375, 32.03129959106445, 34.82471466064453, 37.61812973022461, 40.41154479980469, 43.204959869384766, 45.998374938964844, 48.79179000854492, 51.585205078125, 54.37862014770508, 57.172035217285156, 59.9654541015625, 62.75886535644531, 65.55228424072266, 68.34569549560547, 71.13911437988281, 73.93252563476562, 76.72594451904297, 79.51935577392578, 82.31277465820312, 85.10618591308594, 87.89960479736328]}, "gradients/graph_13linear.3.bias": {"_type": "histogram", "values": [127.0, 0.0, 0.0, 0.0, 0.0, 0.0, 0.0, 0.0, 0.0, 0.0, 0.0, 0.0, 0.0, 0.0, 0.0, 0.0, 0.0, 0.0, 0.0, 0.0, 0.0, 0.0, 0.0, 0.0, 0.0, 0.0, 0.0, 0.0, 0.0, 0.0, 0.0, 0.0, 0.0, 0.0, 0.0, 0.0, 0.0, 0.0, 0.0, 0.0, 0.0, 0.0, 0.0, 0.0, 0.0, 0.0, 0.0, 0.0, 0.0, 0.0, 0.0, 0.0, 0.0, 0.0, 0.0, 0.0, 0.0, 0.0, 0.0, 0.0, 0.0, 0.0, 0.0, 1.0], "bins": [0.0, 0.14322012662887573, 0.28644025325775146, 0.4296603798866272, 0.5728805065155029, 0.7161006331443787, 0.8593207597732544, 1.0025408267974854, 1.1457610130310059, 1.2889811992645264, 1.4322012662887573, 1.5754213333129883, 1.7186415195465088, 1.8618617057800293, 2.0050816535949707, 2.148301839828491, 2.2915220260620117, 2.4347422122955322, 2.5779623985290527, 2.721182346343994, 2.8644025325775146, 3.007622718811035, 3.1508426666259766, 3.294062852859497, 3.4372830390930176, 3.580503225326538, 3.7237234115600586, 3.866943359375, 4.010163307189941, 4.153383731842041, 4.296603679656982, 4.439824104309082, 4.583044052124023, 4.726263999938965, 4.8694844245910645, 5.012704372406006, 5.1559247970581055, 5.299144744873047, 5.442364692687988, 5.58558464050293, 5.728805065155029, 5.872025489807129, 6.01524543762207, 6.158465385437012, 6.301685333251953, 6.444905757904053, 6.588125705718994, 6.731346130371094, 6.874566078186035, 7.017786026000977, 7.161006450653076, 7.304226398468018, 7.447446823120117, 7.590666770935059, 7.73388671875, 7.877106666564941, 8.020326614379883, 8.16354751586914, 8.306767463684082, 8.449987411499023, 8.593207359313965, 8.736427307128906, 8.879648208618164, 9.022868156433105, 9.166088104248047]}, "gradients/graph_13linear.3.weight": {"_type": "histogram", "values": [16364.0, 1.0, 0.0, 0.0, 0.0, 0.0, 0.0, 1.0, 0.0, 0.0, 1.0, 1.0, 0.0, 0.0, 0.0, 3.0, 1.0, 1.0, 1.0, 1.0, 0.0, 0.0, 0.0, 0.0, 0.0, 0.0, 0.0, 0.0, 0.0, 0.0, 0.0, 0.0, 1.0, 0.0, 0.0, 0.0, 0.0, 0.0, 0.0, 1.0, 1.0, 2.0, 1.0, 0.0, 0.0, 0.0, 0.0, 0.0, 1.0, 0.0, 0.0, 1.0, 0.0, 0.0, 0.0, 0.0, 0.0, 0.0, 0.0, 0.0, 0.0, 0.0, 0.0, 1.0], "bins": [0.0, 8.714064598083496, 17.428129196166992, 26.142192840576172, 34.856258392333984, 43.5703239440918, 52.284385681152344, 60.998451232910156, 69.71251678466797, 78.42658233642578, 87.1406478881836, 95.8547134399414, 104.56877136230469, 113.2828369140625, 121.99690246582031, 130.71096801757812, 139.42503356933594, 148.13909912109375, 156.85316467285156, 165.56723022460938, 174.2812957763672, 182.995361328125, 191.7094268798828, 200.42349243164062, 209.13754272460938, 217.8516082763672, 226.565673828125, 235.2797393798828, 243.99380493164062, 252.70787048339844, 261.42193603515625, 270.1360168457031, 278.8500671386719, 287.5641174316406, 296.2781982421875, 304.99224853515625, 313.7063293457031, 322.42041015625, 331.13446044921875, 339.8485107421875, 348.5625915527344, 357.2766418457031, 365.99072265625, 374.70477294921875, 383.4188232421875, 392.1329040527344, 400.84698486328125, 409.56103515625, 418.27508544921875, 426.9891662597656, 435.7032470703125, 444.41729736328125, 453.13134765625, 461.8454284667969, 470.5594787597656, 479.2735595703125, 487.98760986328125, 496.7016906738281, 505.4157409667969, 514.1298217773438, 522.8438720703125, 531.5579223632812, 540.2720336914062, 548.986083984375, 557.7001342773438]}, "gradients/graph_13linear.0.bias": {"_type": "histogram", "values": [1.0, 107.0, 0.0, 0.0, 0.0, 0.0, 0.0, 0.0, 0.0, 0.0, 0.0, 0.0, 1.0, 0.0, 1.0, 0.0, 2.0, 0.0, 1.0, 1.0, 0.0, 0.0, 0.0, 0.0, 2.0, 0.0, 0.0, 0.0, 0.0, 0.0, 0.0, 0.0, 0.0, 0.0, 0.0, 1.0, 0.0, 0.0, 2.0, 0.0, 1.0, 0.0, 1.0, 0.0, 0.0, 0.0, 0.0, 0.0, 0.0, 1.0, 1.0, 0.0, 3.0, 0.0, 0.0, 0.0, 0.0, 0.0, 0.0, 0.0, 0.0, 0.0, 1.0, 1.0],