{"Linear loss": 10042.57421875, "_timestamp": 1715773164.8114078, "_runtime": 46.08949375152588, "_step": 1809, "gradients/graph_26linear.5.bias": {"_type": "histogram", "values": [7.0, 0.0, 0.0, 3.0, 0.0, 0.0, 0.0, 0.0, 0.0, 0.0, 0.0, 0.0, 0.0, 0.0, 0.0, 0.0, 0.0, 0.0, 0.0, 0.0, 0.0, 0.0, 0.0, 0.0, 0.0, 0.0, 0.0, 0.0, 12.0, 0.0, 0.0, 2.0, 51.0, 0.0, 0.0, 17.0, 0.0, 0.0, 0.0, 0.0, 0.0, 0.0, 0.0, 0.0, 0.0, 0.0, 0.0, 0.0, 0.0, 0.0, 0.0, 0.0, 0.0, 0.0, 0.0, 0.0, 0.0, 0.0, 0.0, 0.0, 2.0, 0.0, 0.0, 2.0], "bins": [-200.0, -193.75, -187.5, -181.25, -175.0, -168.75, -162.5, -156.25, -150.0, -143.75, -137.5, -131.25, -125.0, -118.75, -112.5, -106.25, -100.0, -93.75, -87.5, -81.25, -75.0, -68.75, -62.5, -56.25, -50.0, -43.75, -37.5, -31.25, -25.0, -18.75, -12.5, -6.25, 0.0, 6.25, 12.5, 18.75, 25.0, 31.25, 37.5, 43.75, 50.0, 56.25, 62.5, 68.75, 75.0, 81.25, 87.5, 93.75, 100.0, 106.25, 112.5, 118.75, 125.0, 131.25, 137.5, 143.75, 150.0, 156.25, 162.5, 168.75, 175.0, 181.25, 187.5, 193.75, 200.0]}, "gradients/graph_26linear.5.weight": {"_type": "histogram", "values": [7.0, 0.0, 0.0, 3.0, 0.0, 7.0, 7.0, 0.0, 17.0, 10.0, 0.0, 9.0, 0.0, 0.0, 0.0, 0.0, 0.0, 7.0, 17.0, 17.0, 24.0, 12.0, 3.0, 0.0, 7.0, 3.0, 10.0, 20.0, 12.0, 60.0, 116.0, 112.0, 2274.0, 144.0, 85.0, 17.0, 8.0, 4.0, 2.0, 2.0, 0.0, 2.0, 8.0, 8.0, 6.0, 6.0, 2.0, 0.0, 0.0, 0.0, 0.0, 0.0, 6.0, 0.0, 4.0, 6.0, 0.0, 2.0, 2.0, 0.0, 2.0, 0.0, 0.0, 2.0], "bins": [-1260.2550048828125, -1220.8720703125, -1181.489013671875, -1142.1060791015625, -1102.72314453125, -1063.3402099609375, -1023.9571533203125, -984.57421875, -945.1912841796875, -905.8082885742188, -866.42529296875, -827.0423583984375, -787.6593627929688, -748.2763671875, -708.8934326171875, -669.510498046875, -630.1275024414062, -590.7445068359375, -551.361572265625, -511.97857666015625, -472.59564208984375, -433.212646484375, -393.8297119140625, -354.44671630859375, -315.063720703125, -275.6807861328125, -236.29779052734375, -196.914794921875, -157.5318603515625, -118.14892578125, -78.7659912109375, -39.3829345703125, 0.0, 39.3829345703125, 78.7659912109375, 118.14892578125, 157.5318603515625, 196.914794921875, 236.29779052734375, 275.6807861328125, 315.063720703125, 354.44671630859375, 393.8297119140625, 433.212646484375, 472.59564208984375, 511.97857666015625, 551.361572265625, 590.7445068359375, 630.1275024414062, 669.510498046875, 708.8934326171875, 748.2763671875, 787.6593627929688, 827.0423583984375, 866.42529296875, 905.8082885742188, 945.1912841796875, 984.57421875, 1023.9571533203125, 1063.3402099609375, 1102.72314453125, 1142.1060791015625, 1181.489013671875, 1220.8720703125, 1260.2550048828125]}, "gradients/graph_26linear.3.bias": {"_type": "histogram", "values": [1.0, 0.0, 0.0, 0.0, 0.0, 0.0, 0.0, 0.0, 0.0, 1.0, 0.0, 0.0, 0.0, 0.0, 0.0, 0.0, 1.0, 0.0, 0.0, 0.0, 1.0, 0.0, 0.0, 0.0, 2.0, 0.0, 0.0, 1.0, 1.0, 0.0, 0.0, 12.0, 1.0, 0.0, 2.0, 0.0, 1.0, 0.0, 0.0, 0.0, 1.0, 0.0, 0.0, 1.0, 1.0, 0.0, 0.0, 0.0, 0.0, 1.0, 0.0, 0.0, 0.0, 0.0, 0.0, 0.0, 2.0, 0.0, 0.0, 0.0, 0.0, 0.0, 1.0, 1.0], "bins": [-112.12897491455078, -108.55866241455078, -104.98834228515625, -101.41802978515625, -97.84771728515625, -94.27739715576172, -90.70708465576172, -87.13676452636719, -83.56645202636719, -79.99613952636719, -76.42581939697266, -72.85550689697266, -69.28518676757812, -65.71487426757812, -62.144561767578125, -58.57424545288086, -55.003929138183594, -51.43361282348633, -47.86329650878906, -44.29298400878906, -40.72266387939453, -37.15235137939453, -33.58203887939453, -30.01171875, -26.44140625, -22.87109375, -19.30077362060547, -15.730461120605469, -12.160148620605469, -8.589828491210938, -5.0195159912109375, -1.4491958618164062, 2.1211090087890625, 5.6914215087890625, 9.261741638183594, 12.832054138183594, 16.402374267578125, 19.972686767578125, 23.542999267578125, 27.113319396972656, 30.683631896972656, 34.253944396972656, 37.82426452636719, 41.39457702636719, 44.96488952636719, 48.53520965576172, 52.10552215576172, 55.675838470458984, 59.24615478515625, 62.816471099853516, 66.38678741455078, 69.95709991455078, 73.52742004394531, 77.09773254394531, 80.66804504394531, 84.23835754394531, 87.80867767333984, 91.37899780273438, 94.94931030273438, 98.51962280273438, 102.08993530273438, 105.6602554321289, 109.2305679321289, 112.80088806152344, 116.37120056152344]}, "gradients/graph_26linear.3.weight": {"_type": "histogram", "values": [1.0, 0.0, 0.0, 0.0, 0.0, 0.0, 0.0, 0.0, 0.0, 1.0, 0.0, 0.0, 0.0, 0.0, 0.0, 0.0, 1.0, 0.0, 0.0, 0.0, 1.0, 0.0, 0.0, 0.0, 2.0, 1.0, 0.0, 2.0, 2.0, 1.0, 4.0, 987.0, 3.0, 2.0, 3.0, 2.0, 2.0, 1.0, 0.0, 0.0, 1.0, 0.0, 0.0, 1.0, 1.0, 0.0, 0.0, 0.0, 0.0, 1.0, 0.0, 0.0, 0.0, 0.0, 0.0, 0.0, 2.0, 0.0, 0.0, 0.0, 0.0, 0.0, 1.0, 1.0], "bins": [-2851.55419921875, -2760.75732421875, -2669.960693359375, -2579.163818359375, -2488.3671875, -2397.5703125, -2306.773681640625, -2215.976806640625, -2125.18017578125, -2034.38330078125, -1943.586669921875, -1852.789794921875, -1761.9930419921875, -1671.1962890625, -1580.3995361328125, -1489.602783203125, -1398.8060302734375, -1308.00927734375, -1217.2125244140625, -1126.415771484375, -1035.6190185546875, -944.822265625, -854.0255126953125, -763.228759765625, -672.431884765625, -581.63525390625, -490.83837890625, -400.041748046875, -309.244873046875, -218.4482421875, -127.6513671875, -36.854736328125, 53.942138671875, 144.739013671875, 235.53564453125, 326.33251953125, 417.129150390625, 507.926025390625, 598.72265625, 689.51953125, 780.316162109375, 871.113037109375, 961.9097900390625, 1052.70654296875, 1143.5032958984375, 1234.300048828125, 1325.0968017578125, 1415.8935546875, 1506.6903076171875, 1597.487060546875, 1688.2838134765625, 1779.08056640625, 1869.8773193359375, 1960.674072265625, 2051.470947265625, 2142.267578125, 2233.064453125, 2323.861083984375, 2414.657958984375, 2505.45458984375, 2596.25146484375, 2687.048095703125, 2777.844970703125, 2868.6416015625, 2959.4384765625]}, "gradients/graph_26linear.0.bias": {"_type": "histogram", "values": [30.0, 0.0, 0.0, 0.0, 0.0, 0.0, 0.0, 0.0, 0.0, 0.0, 0.0, 0.0, 0.0, 0.0, 0.0, 0.0, 1.0, 0.0, 0.0, 0.0, 0.0, 0.0, 0.0, 0.0, 0.0, 0.0, 0.0, 0.0, 0.0, 0.0, 0.0, 0.0, 0.0, 0.0, 0.0, 0.0, 0.0, 0.0, 0.0, 0.0, 0.0, 0.0, 0.0, 0.0, 0.0, 0.0, 0.0, 0.0, 0.0, 0.0, 0.0, 0.0, 0.0, 0.0, 0.0, 0.0, 0.0, 0.0, 0.0, 0.0, 0.0, 0.0, 0.0, 1.0], "bins": [0.0, 6.043759346008301, 12.087518692016602, 18.13127899169922, 24.175037384033203, 30.218795776367188, 36.26255798339844, 42.30631637573242, 48.350074768066406, 54.39383316040039, 60.437591552734375, 66.48135375976562, 72.52511596679688, 78.5688705444336, 84.61263275146484, 90.65638732910156, 96.70014953613281, 102.74391174316406, 108.78766632080078, 114.83142852783203, 120.87518310546875, 126.9189453125, 132.96270751953125, 139.0064697265625, 145.05023193359375, 151.09397888183594, 157.1377410888672, 163.18150329589844, 169.2252655029297, 175.26902770996094, 181.31277465820312, 187.35653686523438, 193.40029907226562, 199.44406127929688, 205.48782348632812, 211.5315704345703, 217.57533264160156, 223.6190948486328, 229.66285705566406, 235.7066192626953, 241.7503662109375, 247.79412841796875, 253.837890625, 259.88165283203125, 265.9254150390625, 271.96917724609375, 278.012939453125, 284.05670166015625, 290.1004638671875, 296.14422607421875, 302.1879577636719, 308.2317199707031, 314.2754821777344, 320.3192443847656, 326.3630065917969, 332.4067687988281, 338.4505310058594, 344.4942932128906, 350.53802490234375, 356.581787109375, 362.62554931640625, 368.6693115234375, 374.71307373046875, 380.7568359375, 386.80059814453125]}, "gradients/graph_26linear.0.weight": {"_type": "histogram", "values": [4.0, 7.0, 2.0, 6.0, 3.0, 4.0, 3.0, 8.0, 6.0, 16.0, 5.0, 5.0, 3.0, 3.0, 7.0, 5.0, 4.0, 9.0, 7.0, 5.0, 3.0, 2.0, 3.0, 3.0, 6.0, 22.0, 17.0, 32.0, 18.0, 24.0, 14.0, 12.0, 4.0, 4322.0, 2.0, 3.0, 1.0, 0.0, 2.0, 0.0, 1.0, 2.0, 0.0, 1.0, 0.0, 0.0, 0.0, 0.0, 0.0, 0.0, 0.0, 0.0, 1.0, 0.0, 0.0, 0.0, 0.0, 0.0, 0.0, 0.0, 0.0, 0.0, 0.0, 1.0],