{"Linear loss": 9902.08984375, "_timestamp": 1715767539.5698068, "_runtime": 203.2767298221588, "_step": 5429, "gradients/graph_4linear.5.bias": {"_type": "histogram", "values": [7.0, 0.0, 0.0, 3.0, 0.0, 0.0, 0.0, 0.0, 0.0, 0.0, 0.0, 0.0, 0.0, 0.0, 0.0, 0.0, 0.0, 0.0, 0.0, 0.0, 0.0, 0.0, 0.0, 0.0, 0.0, 0.0, 0.0, 0.0, 13.0, 0.0, 0.0, 2.0, 45.0, 0.0, 0.0, 14.0, 0.0, 0.0, 0.0, 0.0, 0.0, 0.0, 0.0, 0.0, 0.0, 0.0, 0.0, 0.0, 0.0, 0.0, 0.0, 0.0, 0.0, 0.0, 0.0, 0.0, 0.0, 1.0, 0.0, 0.0, 4.0, 0.0, 0.0, 7.0], "bins": [-200.0, -193.75, -187.5, -181.25, -175.0, -168.75, -162.5, -156.25, -150.0, -143.75, -137.5, -131.25, -125.0, -118.75, -112.5, -106.25, -100.0, -93.75, -87.5, -81.25, -75.0, -68.75, -62.5, -56.25, -50.0, -43.75, -37.5, -31.25, -25.0, -18.75, -12.5, -6.25, 0.0, 6.25, 12.5, 18.75, 25.0, 31.25, 37.5, 43.75, 50.0, 56.25, 62.5, 68.75, 75.0, 81.25, 87.5, 93.75, 100.0, 106.25, 112.5, 118.75, 125.0, 131.25, 137.5, 143.75, 150.0, 156.25, 162.5, 168.75, 175.0, 181.25, 187.5, 193.75, 200.0]}, "gradients/graph_4linear.5.weight": {"_type": "histogram", "values": [7.0, 0.0, 7.0, 31.0, 28.0, 10.0, 36.0, 23.0, 6.0, 20.0, 34.0, 10.0, 29.0, 38.0, 20.0, 50.0, 40.0, 36.0, 40.0, 19.0, 20.0, 45.0, 42.0, 37.0, 33.0, 16.0, 61.0, 29.0, 16.0, 353.0, 499.0, 715.0, 8070.0, 546.0, 384.0, 20.0, 41.0, 67.0, 25.0, 40.0, 48.0, 49.0, 50.0, 26.0, 29.0, 49.0, 43.0, 49.0, 57.0, 26.0, 40.0, 36.0, 14.0, 39.0, 27.0, 10.0, 26.0, 42.0, 11.0, 28.0, 32.0, 7.0, 0.0, 7.0], "bins": [-721.304443359375, -698.763671875, -676.222900390625, -653.68212890625, -631.141357421875, -608.6006469726562, -586.0598754882812, -563.5191040039062, -540.9783325195312, -518.4375610351562, -495.89678955078125, -473.3560485839844, -450.8152770996094, -428.2745056152344, -405.7337646484375, -383.1929931640625, -360.6522216796875, -338.1114501953125, -315.5706787109375, -293.0299377441406, -270.4891662597656, -247.94839477539062, -225.40765380859375, -202.86688232421875, -180.32611083984375, -157.78533935546875, -135.24456787109375, -112.70379638671875, -90.1630859375, -67.622314453125, -45.08154296875, -22.540771484375, 0.0, 22.540771484375, 45.08154296875, 67.622314453125, 90.1630859375, 112.70379638671875, 135.24456787109375, 157.78533935546875, 180.32611083984375, 202.86688232421875, 225.40765380859375, 247.94839477539062, 270.4891662597656, 293.0299377441406, 315.5706787109375, 338.1114501953125, 360.6522216796875, 383.1929931640625, 405.7337646484375, 428.2745056152344, 450.8152770996094, 473.3560485839844, 495.89678955078125, 518.4375610351562, 540.9783325195312, 563.5191040039062, 586.0598754882812, 608.6006469726562, 631.141357421875, 653.68212890625, 676.222900390625, 698.763671875, 721.304443359375]}, "gradients/graph_4linear.3.bias": {"_type": "histogram", "values": [1.0, 0.0, 1.0, 0.0, 0.0, 1.0, 0.0, 0.0, 0.0, 1.0, 0.0, 2.0, 2.0, 1.0, 0.0, 1.0, 0.0, 4.0, 0.0, 1.0, 6.0, 0.0, 2.0, 2.0, 3.0, 3.0, 2.0, 2.0, 2.0, 2.0, 1.0, 1.0, 2.0, 5.0, 4.0, 3.0, 0.0, 2.0, 3.0, 3.0, 38.0, 4.0, 3.0, 3.0, 0.0, 3.0, 0.0, 2.0, 2.0, 2.0, 3.0, 0.0, 0.0, 1.0, 0.0, 0.0, 1.0, 1.0, 0.0, 0.0, 0.0, 0.0, 1.0, 1.0], "bins": [-160.39134216308594, -156.47129821777344, -152.55126953125, -148.6312255859375, -144.71119689941406, -140.79115295410156, -136.87112426757812, -132.95108032226562, -129.03103637695312, -125.11100769042969, -121.19097137451172, -117.27093505859375, -113.35089111328125, -109.43086242675781, -105.51081848144531, -101.59078216552734, -97.67074584960938, -93.7507095336914, -89.83067321777344, -85.91063690185547, -81.9906005859375, -78.070556640625, -74.15052032470703, -70.23048400878906, -66.3104476928711, -62.390411376953125, -58.470375061035156, -54.55033874511719, -50.63029479980469, -46.71025848388672, -42.79022216796875, -38.87018585205078, -34.950157165527344, -31.030120849609375, -27.110084533691406, -23.190048217773438, -19.27001190185547, -15.349967956542969, -11.429931640625, -7.509895324707031, -3.5898590087890625, 0.33017730712890625, 4.250213623046875, 8.170249938964844, 12.090293884277344, 16.010330200195312, 19.93036651611328, 23.85040283203125, 27.77043914794922, 31.690475463867188, 35.610511779785156, 39.53055191040039, 43.45058822631836, 47.37062454223633, 51.29066467285156, 55.21070098876953, 59.1307373046875, 63.05077362060547, 66.97080993652344, 70.89085388183594, 74.81088256835938, 78.73092651367188, 82.65096282958984, 86.57099914550781, 90.49103546142578]}, "gradients/graph_4linear.3.weight": {"_type": "histogram", "values": [1.0, 0.0, 1.0, 0.0, 1.0, 1.0, 0.0, 2.0, 1.0, 3.0, 3.0, 4.0, 6.0, 4.0, 5.0, 6.0, 8.0, 15.0, 17.0, 18.0, 26.0, 22.0, 22.0, 43.0, 56.0, 53.0, 61.0, 84.0, 85.0, 110.0, 119.0, 131.0, 149.0, 160.0, 160.0, 189.0, 235.0, 281.0, 310.0, 389.0, 12312.0, 450.0, 202.0, 130.0, 123.0, 102.0, 73.0, 38.0, 47.0, 23.0, 30.0, 12.0, 11.0, 19.0, 8.0, 4.0, 4.0, 6.0, 3.0, 2.0, 1.0, 1.0, 1.0, 1.0], "bins": [-580.8195190429688, -566.6240234375, -552.4285278320312, -538.2330322265625, -524.0375366210938, -509.842041015625, -495.6465759277344, -481.4510803222656, -467.2555847167969, -453.0600891113281, -438.8645935058594, -424.66912841796875, -410.4736328125, -396.27813720703125, -382.0826416015625, -367.88714599609375, -353.691650390625, -339.49615478515625, -325.3006591796875, -311.10516357421875, -296.90966796875, -282.7142028808594, -268.5187072753906, -254.32321166992188, -240.12771606445312, -225.93222045898438, -211.73672485351562, -197.54122924804688, -183.34576416015625, -169.1502685546875, -154.95477294921875, -140.75927734375, -126.56375122070312, -112.36825561523438, -98.17276000976562, -83.97726440429688, -69.78176879882812, -55.5863037109375, -41.39080810546875, -27.1953125, -12.99981689453125, 1.1956787109375, 15.39117431640625, 29.586669921875, 43.782135009765625, 57.977630615234375, 72.17312622070312, 86.36862182617188, 100.56411743164062, 114.75961303710938, 128.95510864257812, 143.1505889892578, 157.34608459472656, 171.5415802001953, 185.737060546875, 199.93255615234375, 214.1280517578125, 228.32354736328125, 242.51904296875, 256.71453857421875, 270.9100341796875, 285.1054992675781, 299.3009948730469, 313.4964904785156, 327.6919860839844]}, "gradients/graph_4linear.0.bias": {"_type": "histogram", "values": [1.0, 0.0, 0.0, 1.0, 0.0, 2.0, 1.0, 0.0, 2.0, 0.0, 0.0, 2.0, 1.0, 0.0, 4.0, 1.0, 0.0, 3.0, 3.0, 1.0, 1.0, 2.0, 0.0, 4.0, 2.0, 4.0, 2.0, 0.0, 3.0, 0.0, 1.0, 0.0, 1.0, 2.0, 1.0, 0.0, 1.0, 1.0, 0.0, 1.0, 1.0, 0.0, 74.0, 1.0, 0.0, 1.0, 0.0, 0.0, 1.0, 1.0, 0.0, 0.0, 0.0, 0.0, 0.0, 0.0, 0.0, 0.0, 0.0, 0.0, 0.0, 0.0, 0.0, 1.0], "bins": [-164.6035919189453, -160.7528076171875, -156.9020233154297, -153.05123901367188, -149.20045471191406, -145.34967041015625, -141.49888610839844, -137.64810180664062, -133.7973175048828, -129.946533203125, -126.09575653076172, -122.2449722290039, -118.3941879272461, -114.54340362548828, -110.692626953125, -106.84184265136719, -102.99105834960938, -99.14027404785156, -95.28948974609375, -91.43870544433594, -87.58792114257812, -83.73713684082031, -79.8863525390625, -76.03556823730469, -72.18478393554688, -68.33399963378906, -64.48321533203125, -60.63243865966797, -56.781654357910156, -52.930870056152344, -49.08008575439453, -45.22930145263672, -41.378517150878906, -37.527732849121094, -33.67694854736328, -29.82616424560547, -25.975379943847656, -22.124595642089844, -18.273818969726562, -14.42303466796875, -10.572250366210938, -6.721466064453125, -2.8706817626953125, 0.9801025390625, 4.8308868408203125, 8.681671142578125, 12.532455444335938, 16.38323974609375, 20.234020233154297, 24.08480453491211, 27.935588836669922, 31.78636932373047, 35.63715362548828, 39.487937927246094, 43.338722229003906, 47.18950653076172, 51.04029083251953, 54.891075134277344, 58.74185562133789, 62.5926399230957, 66.44342041015625, 70.29420471191406, 74.14498901367188, 77.99577331542969, 81.8465576171875]}, "gradients/graph_4linear.0.weight": {"_type": "histogram",