{"gradients/graph_31linear.5.bias": {"_type": "histogram", "values": [2.0, 3.0, 5.0, 6.0, 4.0, 11.0, 1.0, 4.0, 2.0, 0.0, 0.0, 2.0, 2.0, 24.0, 0.0, 4.0, 0.0, 0.0, 0.0, 0.0, 0.0, 0.0, 0.0, 0.0, 0.0, 0.0, 0.0, 0.0, 1.0, 0.0, 0.0, 0.0, 1.0, 0.0, 0.0, 0.0, 0.0, 0.0, 0.0, 0.0, 0.0, 0.0, 0.0, 0.0, 0.0, 0.0, 0.0, 0.0, 0.0, 0.0, 0.0, 0.0, 0.0, 1.0, 1.0, 0.0, 2.0, 6.0, 8.0, 3.0, 1.0, 0.0, 0.0, 2.0], "bins": [-1.1916589736938477, -1.153300404548645, -1.114941954612732, -1.0765833854675293, -1.0382249355316162, -0.9998663663864136, -0.9615078568458557, -0.9231493473052979, -0.8847907781600952, -0.8464323282241821, -0.8080737590789795, -0.7697152495384216, -0.7313567399978638, -0.6929981708526611, -0.6546396613121033, -0.6162811517715454, -0.5779226422309875, -0.5395641326904297, -0.5012056231498718, -0.4628470540046692, -0.42448854446411133, -0.38613003492355347, -0.3477715253829956, -0.30941301584243774, -0.2710545063018799, -0.23269593715667725, -0.19433742761611938, -0.15597891807556152, -0.11762034893035889, -0.0792618989944458, -0.040903329849243164, -0.002544879913330078, 0.03581368923187256, 0.0741722583770752, 0.11253070831298828, 0.15088927745819092, 0.189247727394104, 0.22760629653930664, 0.2659648060798645, 0.30432331562042236, 0.342681884765625, 0.38104039430618286, 0.4193989038467407, 0.4577574133872986, 0.49611592292785645, 0.5344744324684143, 0.5728330016136169, 0.6111915111541748, 0.6495500206947327, 0.6879085302352905, 0.7262670397758484, 0.7646255493164062, 0.8029841184616089, 0.8413426280021667, 0.8797011375427246, 0.9180597066879272, 0.9564181566238403, 0.994776725769043, 1.033135175704956, 1.0714937448501587, 1.1098523139953613, 1.1482107639312744, 1.186569333076477, 1.2249277830123901, 1.2632863521575928]}, "_timestamp": 1715783492.7083745, "gradients/graph_31linear.5.weight": {"_type": "histogram", "values": [2.0, 3.0, 7.0, 9.0, 10.0, 22.0, 16.0, 38.0, 45.0, 71.0, 99.0, 106.0, 115.0, 116.0, 97.0, 100.0, 131.0, 231.0, 253.0, 142.0, 189.0, 98.0, 136.0, 102.0, 93.0, 9.0, 0.0, 0.0, 8.0, 23.0, 1.0, 24.0, 8.0, 0.0, 0.0, 0.0, 0.0, 0.0, 1.0, 3.0, 23.0, 43.0, 56.0, 60.0, 49.0, 29.0, 38.0, 47.0, 33.0, 60.0, 76.0, 72.0, 48.0, 39.0, 26.0, 17.0, 16.0, 11.0, 12.0, 4.0, 1.0, 2.0, 0.0, 2.0], "bins": [-0.702548623085022, -0.6799341440200806, -0.6573197245597839, -0.6347052454948425, -0.6120907664299011, -0.5894763469696045, -0.5668618679046631, -0.5442473888397217, -0.5216329097747803, -0.49901849031448364, -0.47640401124954224, -0.4537895619869232, -0.4311751127243042, -0.4085606336593628, -0.3859461843967438, -0.36333170533180237, -0.34071725606918335, -0.31810280680656433, -0.2954883277416229, -0.2728738784790039, -0.2502593994140625, -0.22764495015144348, -0.20503050088882446, -0.18241602182388306, -0.15980160236358643, -0.13718712329864502, -0.11457264423370361, -0.09195816516876221, -0.06934374570846558, -0.04672926664352417, -0.024114787578582764, -0.0015003681182861328, 0.02111417055130005, 0.043728649616241455, 0.06634306907653809, 0.08895754814147949, 0.1115720272064209, 0.13418644666671753, 0.15680092573165894, 0.17941540479660034, 0.20202988386154175, 0.22464430332183838, 0.24725878238677979, 0.2698732316493988, 0.2924876809120178, 0.31510215997695923, 0.33771660923957825, 0.36033108830451965, 0.38294553756713867, 0.4055599868297577, 0.4281744658946991, 0.4507889151573181, 0.4734033942222595, 0.49601784348487854, 0.5186322927474976, 0.541246771812439, 0.5638612508773804, 0.586475670337677, 0.6090901494026184, 0.631704568862915, 0.6543190479278564, 0.6769335269927979, 0.6995480060577393, 0.7221624255180359, 0.7447769045829773]}, "gradients/graph_31linear.3.bias": {"_type": "histogram", "values": [1.0, 0.0, 0.0, 0.0, 0.0, 0.0, 0.0, 0.0, 0.0, 0.0, 1.0, 0.0, 1.0, 0.0, 0.0, 0.0, 0.0, 2.0, 1.0, 2.0, 1.0, 1.0, 0.0, 0.0, 0.0, 1.0, 1.0, 0.0, 1.0, 0.0, 2.0, 0.0, 0.0, 1.0, 1.0, 0.0, 1.0, 0.0, 0.0, 2.0, 0.0, 1.0, 1.0, 1.0, 0.0, 1.0, 1.0, 1.0, 1.0, 0.0, 1.0, 2.0, 1.0, 0.0, 0.0, 0.0, 0.0, 0.0, 0.0, 0.0, 0.0, 0.0, 0.0, 1.0], "bins": [-18.084381103515625, -17.98131561279297, -17.878250122070312, -17.775184631347656, -17.672121047973633, -17.569055557250977, -17.46599006652832, -17.362924575805664, -17.259859085083008, -17.15679359436035, -17.053728103637695, -16.95066261291504, -16.847599029541016, -16.74453353881836, -16.641468048095703, -16.538402557373047, -16.43533706665039, -16.332271575927734, -16.229206085205078, -16.126140594482422, -16.0230770111084, -15.920011520385742, -15.816946029663086, -15.71388053894043, -15.610815048217773, -15.507750511169434, -15.404685020446777, -15.301619529724121, -15.198554992675781, -15.095489501953125, -14.992424011230469, -14.889358520507812, -14.786293029785156, -14.683228492736816, -14.58016300201416, -14.477097511291504, -14.374032974243164, -14.270967483520508, -14.167901992797852, -14.064836502075195, -13.961771011352539, -13.8587064743042, -13.755640983581543, -13.652576446533203, -13.549510955810547, -13.44644546508789, -13.343379974365234, -13.240314483642578, -13.137249946594238, -13.034184455871582, -12.931118965148926, -12.828054428100586, -12.72498893737793, -12.621923446655273, -12.518857955932617, -12.415793418884277, -12.312727928161621, -12.209662437438965, -12.106596946716309, -12.003532409667969, -11.900466918945312, -11.797401428222656, -11.6943359375, -11.59127140045166, -11.488205909729004]}, "gradients/graph_31linear.3.weight": {"_type": "histogram", "values": [1024.0], "bins": [0.0, 0.0]}, "gradients/graph_31linear.0.bias": {"_type": "histogram", "values": [32.0], "bins": [0.0, 0.0]}, "gradients/graph_31linear.0.weight": {"_type": "histogram", "values": [4608.0], "bins": [-0.0, -0.0]}, "Linear loss (training)": 1951.07958984375, "_runtime": 113.02225160598755, "_step": 59, "Linear loss (validation)": 38.98951615261743, "Regret (validation)": 0.8884035580053211, "_wandb": {"runtime": 112}}