{"gradients/linear.5.bias": {"_type": "histogram", "values": [2.0, 10.0, 7.0, 2.0, 1.0, 6.0, 0.0, 3.0, 1.0, 0.0, 19.0, 5.0, 0.0, 0.0, 0.0, 0.0, 0.0, 0.0, 0.0, 0.0, 0.0, 0.0, 0.0, 0.0, 0.0, 0.0, 0.0, 0.0, 0.0, 2.0, 2.0, 14.0, 5.0, 1.0, 0.0, 0.0, 0.0, 0.0, 0.0, 0.0, 0.0, 0.0, 0.0, 0.0, 0.0, 0.0, 0.0, 0.0, 0.0, 0.0, 0.0, 0.0, 0.0, 0.0, 0.0, 2.0, 0.0, 0.0, 0.0, 0.0, 2.0, 7.0, 1.0, 4.0], "bins": [-1.094300389289856, -1.0597304105758667, -1.025160312652588, -0.9905903339385986, -0.9560202956199646, -0.9214502573013306, -0.8868802785873413, -0.8523102402687073, -0.8177402019500732, -0.7831701636314392, -0.7486001253128052, -0.7140301465988159, -0.6794601082801819, -0.6448900699615479, -0.6103200912475586, -0.5757500529289246, -0.5411800146102905, -0.5066099762916565, -0.47203993797302246, -0.4374699592590332, -0.40289992094039917, -0.36832988262176514, -0.3337599039077759, -0.29918986558914185, -0.2646198272705078, -0.23004978895187378, -0.19547975063323975, -0.1609097719192505, -0.12633973360061646, -0.09176969528198242, -0.057199716567993164, -0.022629618644714355, 0.011940479278564453, 0.04651045799255371, 0.08108055591583252, 0.11565053462982178, 0.1502205729484558, 0.18479061126708984, 0.2193605899810791, 0.25393062829971313, 0.28850066661834717, 0.3230707049369812, 0.35764074325561523, 0.3922107219696045, 0.4267807602882385, 0.46135079860687256, 0.4959207773208618, 0.5304908156394958, 0.5650608539581299, 0.5996308922767639, 0.634200930595398, 0.6687709093093872, 0.7033409476280212, 0.7379109859466553, 0.7724809646606445, 0.8070510029792786, 0.8416210412979126, 0.8761910796165466, 0.9107611179351807, 0.9453310966491699, 0.979901134967804, 1.014471173286438, 1.0490411520004272, 1.083611249923706, 1.1181812286376953]}, "_timestamp": 1715845334.0393863, "gradients/linear.5.weight": {"_type": "histogram", "values": [2.0, 10.0, 8.0, 12.0, 8.0, 10.0, 13.0, 21.0, 29.0, 17.0, 27.0, 46.0, 36.0, 22.0, 29.0, 50.0, 4.0, 25.0, 24.0, 19.0, 37.0, 23.0, 23.0, 49.0, 38.0, 10.0, 57.0, 50.0, 142.0, 58.0, 23.0, 1855.0, 34.0, 5.0, 25.0, 27.0, 24.0, 6.0, 3.0, 11.0, 4.0, 2.0, 19.0, 17.0, 6.0, 0.0, 2.0, 2.0, 0.0, 2.0, 11.0, 10.0, 7.0, 7.0, 14.0, 7.0, 16.0, 2.0, 7.0, 6.0, 3.0, 11.0, 1.0, 4.0], "bins": [-2.6980762481689453, -2.6128413677215576, -2.52760648727417, -2.4423716068267822, -2.3571367263793945, -2.271901845932007, -2.186666965484619, -2.1014320850372314, -2.0161972045898438, -1.930962324142456, -1.8457274436950684, -1.7604925632476807, -1.675257682800293, -1.5900228023529053, -1.5047879219055176, -1.4195530414581299, -1.3343181610107422, -1.2490832805633545, -1.1638484001159668, -1.078613519668579, -0.9933786392211914, -0.9081437587738037, -0.822908878326416, -0.7376739978790283, -0.6524391174316406, -0.5672042369842529, -0.48196935653686523, -0.39673447608947754, -0.31149959564208984, -0.22626471519470215, -0.14102983474731445, -0.05579495429992676, 0.029439926147460938, 0.11467480659484863, 0.19990968704223633, 0.285144567489624, 0.3703794479370117, 0.4556143283843994, 0.5408492088317871, 0.6260840892791748, 0.7113189697265625, 0.7965538501739502, 0.8817887306213379, 0.9670236110687256, 1.0522584915161133, 1.137493371963501, 1.2227282524108887, 1.3079631328582764, 1.393198013305664, 1.4784328937530518, 1.5636677742004395, 1.6489026546478271, 1.7341375350952148, 1.8193724155426025, 1.9046072959899902, 1.989842176437378, 2.0750770568847656, 2.1603119373321533, 2.245546817779541, 2.3307816982269287, 2.4160165786743164, 2.501251459121704, 2.586486339569092, 2.6717212200164795, 2.756956100463867]}, "gradients/linear.3.bias": {"_type": "histogram", "values": [1.0, 0.0, 0.0, 0.0, 0.0, 0.0, 0.0, 0.0, 1.0, 0.0, 0.0, 0.0, 0.0, 1.0, 0.0, 0.0, 1.0, 0.0, 0.0, 0.0, 0.0, 1.0, 1.0, 0.0, 0.0, 0.0, 0.0, 0.0, 1.0, 0.0, 1.0, 0.0, 0.0, 1.0, 0.0, 2.0, 0.0, 0.0, 0.0, 0.0, 0.0, 1.0, 0.0, 0.0, 0.0, 1.0, 0.0, 0.0, 0.0, 0.0, 0.0, 0.0, 1.0, 0.0, 0.0, 0.0, 0.0, 0.0, 0.0, 0.0, 0.0, 16.0, 0.0, 2.0], "bins": [-3.2918341159820557, -3.2384860515594482, -3.185137987136841, -3.1317901611328125, -3.078442096710205, -3.0250940322875977, -2.9717459678649902, -2.918397903442383, -2.8650498390197754, -2.811702013015747, -2.7583539485931396, -2.7050058841705322, -2.651657819747925, -2.5983099937438965, -2.544961929321289, -2.4916138648986816, -2.438265800476074, -2.384917736053467, -2.3315696716308594, -2.278221607208252, -2.2248737812042236, -2.171525716781616, -2.118177652359009, -2.0648298263549805, -2.011481761932373, -1.958133578300476, -1.9047856330871582, -1.8514375686645508, -1.7980895042419434, -1.7447415590286255, -1.691393494606018, -1.6380455493927002, -1.5846976041793823, -1.531349539756775, -1.478001594543457, -1.4246535301208496, -1.3713055849075317, -1.3179575204849243, -1.264609456062317, -1.211261510848999, -1.1579134464263916, -1.1045653820037842, -1.0512174367904663, -0.9978693723678589, -0.9445213079452515, -0.8911733627319336, -0.8378252983093262, -0.7844772338867188, -0.7311292886734009, -0.6777812242507935, -0.6244332790374756, -0.5710852146148682, -0.5177371501922607, -0.4643891751766205, -0.41104111075401306, -0.3576931059360504, -0.30434510111808777, -0.2509970963001251, -0.1976490616798401, -0.14430102705955505, -0.09095302224159241, -0.03760500252246857, 0.015743017196655273, 0.06909103691577911, 0.12243905663490295]}, "gradients/linear.3.weight": {"_type": "histogram", "values": [1.0, 0.0, 0.0, 0.0, 0.0, 0.0, 0.0, 0.0, 1.0, 0.0, 0.0, 0.0, 0.0, 1.0, 0.0, 0.0, 1.0, 0.0, 0.0, 0.0, 0.0, 1.0, 1.0, 0.0, 0.0, 0.0, 0.0, 1.0, 1.0, 0.0, 1.0, 0.0, 1.0, 1.0, 0.0, 4.0, 1.0, 0.0, 2.0, 2.0, 1.0, 3.0, 0.0, 2.0, 4.0, 1.0, 2.0, 4.0, 1.0, 2.0, 4.0, 1.0, 4.0, 1.0, 2.0, 1.0, 1.0, 1.0, 1.0, 0.0, 0.0, 960.0, 6.0, 2.0], "bins": [-26.455398559570312, -26.026657104492188, -25.597917556762695, -25.16917610168457, -24.740436553955078, -24.311695098876953, -23.882953643798828, -23.454214096069336, -23.02547264099121, -22.59673309326172, -22.167991638183594, -21.7392520904541, -21.310510635375977, -20.881771087646484, -20.45302963256836, -20.024288177490234, -19.595548629760742, -19.166807174682617, -18.738067626953125, -18.309326171875, -17.880584716796875, -17.451845169067383, -17.02310562133789, -16.594364166259766, -16.16562271118164, -15.736882209777832, -15.308141708374023, -14.879401206970215, -14.450660705566406, -14.021919250488281, -13.593178749084473, -13.164438247680664, -12.735697746276855, -12.306957244873047, -11.878216743469238, -11.44947624206543, -11.020734786987305, -10.591994285583496, -10.163253784179688, -9.734513282775879, -9.30577278137207, -8.877032279968262, -8.448290824890137, -8.019550323486328, -7.5908098220825195, -7.162069320678711, -6.733328819274902, -6.304588317871094, -5.875847816467285, -5.447107315063477, -5.018365859985352, -4.589625358581543, -4.160884857177734, -3.7321441173553467, -3.303403615951538, -2.8746631145477295, -2.445922374725342, -2.017181634902954, -1.5884411334991455, -1.1597003936767578, -0.7309597730636597, -0.3022191524505615, 0.1265215277671814, 0.5552622079849243, 0.9840028285980225]}, "gradients/linear.0.bias": {"_type": "histogram", "values": [1.0, 0.0, 0.0, 0.0, 0.0, 0.0, 0.0, 0.0, 0.0, 0.0, 0.0, 0.0, 0.0, 0.0, 0.0, 0.0, 0.0, 0.0, 0.0, 0.0, 0.0, 0.0, 0.0, 0.0, 1.0, 0.0, 0.0, 0.0, 0.0, 0.0, 0.0, 0.0, 0.0, 0.0, 0.0, 0.0, 0.0, 0.0, 0.0, 1.0, 0.0, 0.0, 0.0, 0.0, 0.0, 0.0, 0.0, 0.0, 0.0, 1.0, 0.0, 0.0, 0.0, 0.0, 0.0, 0.0, 0.0, 0.0, 0.0, 0.0, 0.0, 0.0, 0.0, 28.0],