{"Linear loss": 13329.6103515625, "_timestamp": 1715673541.4377825, "_runtime": 2.7184624671936035, "_step": 40, "Regret": 0.8004923829338554, "_wandb": {"runtime": 1}}