{"Linear loss": 15532.2890625, "_timestamp": 1715762253.7098112, "_runtime": 4.341413259506226, "_step": 50, "Regret": 0.2054624058435439, "_wandb": {"runtime": 2}}