{"Linear loss": 10734.7763671875, "_timestamp": 1715767905.4270306, "_runtime": 172.30092358589172, "_step": 5429, "gradients/graph_6linear.5.bias": {"_type": "histogram", "values": [7.0, 0.0, 0.0, 3.0, 0.0, 0.0, 0.0, 0.0, 0.0, 0.0, 0.0, 0.0, 0.0, 0.0, 0.0, 0.0, 0.0, 0.0, 0.0, 0.0, 0.0, 0.0, 0.0, 0.0, 0.0, 0.0, 0.0, 0.0, 13.0, 0.0, 0.0, 2.0, 46.0, 0.0, 0.0, 15.0, 0.0, 0.0, 0.0, 0.0, 0.0, 0.0, 0.0, 0.0, 0.0, 0.0, 0.0, 0.0, 0.0, 0.0, 0.0, 0.0, 0.0, 0.0, 0.0, 0.0, 0.0, 1.0, 0.0, 0.0, 3.0, 0.0, 0.0, 6.0], "bins": [-200.0, -193.75, -187.5, -181.25, -175.0, -168.75, -162.5, -156.25, -150.0, -143.75, -137.5, -131.25, -125.0, -118.75, -112.5, -106.25, -100.0, -93.75, -87.5, -81.25, -75.0, -68.75, -62.5, -56.25, -50.0, -43.75, -37.5, -31.25, -25.0, -18.75, -12.5, -6.25, 0.0, 6.25, 12.5, 18.75, 25.0, 31.25, 37.5, 43.75, 50.0, 56.25, 62.5, 68.75, 75.0, 81.25, 87.5, 93.75, 100.0, 106.25, 112.5, 118.75, 125.0, 131.25, 137.5, 143.75, 150.0, 156.25, 162.5, 168.75, 175.0, 181.25, 187.5, 193.75, 200.0]}, "gradients/graph_6linear.5.weight": {"_type": "histogram", "values": [14.0, 0.0, 0.0, 13.0, 0.0, 21.0, 24.0, 0.0, 15.0, 31.0, 14.0, 19.0, 20.0, 17.0, 37.0, 41.0, 32.0, 27.0, 51.0, 45.0, 16.0, 38.0, 57.0, 53.0, 46.0, 50.0, 57.0, 96.0, 49.0, 242.0, 462.0, 838.0, 8178.0, 532.0, 268.0, 60.0, 95.0, 56.0, 52.0, 48.0, 53.0, 53.0, 38.0, 21.0, 44.0, 50.0, 28.0, 34.0, 37.0, 36.0, 18.0, 18.0, 22.0, 14.0, 27.0, 16.0, 0.0, 23.0, 18.0, 0.0, 12.0, 0.0, 0.0, 12.0], "bins": [-775.260009765625, -751.0331420898438, -726.8062744140625, -702.5794067382812, -678.3525390625, -654.1256103515625, -629.8987426757812, -605.671875, -581.4450073242188, -557.2181396484375, -532.9912719726562, -508.7643737792969, -484.5375061035156, -460.3106384277344, -436.083740234375, -411.85687255859375, -387.6300048828125, -363.40313720703125, -339.17626953125, -314.9493713378906, -290.7225036621094, -266.4956359863281, -242.26873779296875, -218.0418701171875, -193.81500244140625, -169.588134765625, -145.36126708984375, -121.1343994140625, -96.907470703125, -72.68060302734375, -48.4537353515625, -24.22686767578125, 0.0, 24.22686767578125, 48.4537353515625, 72.68060302734375, 96.907470703125, 121.1343994140625, 145.36126708984375, 169.588134765625, 193.81500244140625, 218.0418701171875, 242.26873779296875, 266.4956359863281, 290.7225036621094, 314.9493713378906, 339.17626953125, 363.40313720703125, 387.6300048828125, 411.85687255859375, 436.083740234375, 460.3106384277344, 484.5375061035156, 508.7643737792969, 532.9912719726562, 557.2181396484375, 581.4450073242188, 605.671875, 629.8987426757812, 654.1256103515625, 678.3525390625, 702.5794067382812, 726.8062744140625, 751.0331420898438, 775.260009765625]}, "gradients/graph_6linear.3.bias": {"_type": "histogram", "values": [2.0, 0.0, 0.0, 1.0, 1.0, 0.0, 0.0, 0.0, 1.0, 1.0, 2.0, 1.0, 2.0, 2.0, 2.0, 1.0, 2.0, 1.0, 4.0, 6.0, 0.0, 3.0, 2.0, 1.0, 2.0, 1.0, 2.0, 2.0, 2.0, 2.0, 3.0, 3.0, 1.0, 6.0, 3.0, 1.0, 2.0, 3.0, 2.0, 3.0, 31.0, 1.0, 1.0, 2.0, 2.0, 2.0, 2.0, 0.0, 1.0, 0.0, 1.0, 0.0, 1.0, 0.0, 1.0, 5.0, 0.0, 0.0, 0.0, 0.0, 2.0, 2.0, 0.0, 1.0], "bins": [-107.41535949707031, -104.75103759765625, -102.08671569824219, -99.42240142822266, -96.7580795288086, -94.09375762939453, -91.429443359375, -88.76512145996094, -86.10079956054688, -83.43647766113281, -80.77215576171875, -78.10784149169922, -75.44351959228516, -72.7791976928711, -70.11488342285156, -67.4505615234375, -64.78623962402344, -62.121917724609375, -59.45759963989258, -56.79328155517578, -54.12895965576172, -51.464637756347656, -48.80031967163086, -46.13600158691406, -43.4716796875, -40.80735778808594, -38.143035888671875, -35.478721618652344, -32.81439971923828, -30.15007781982422, -27.485763549804688, -24.821441650390625, -22.15711212158203, -19.49279022216797, -16.828468322753906, -14.164154052734375, -11.499832153320312, -8.83551025390625, -6.171195983886719, -3.5068740844726562, -0.8425521850585938, 1.8217697143554688, 4.486087799072266, 7.1504058837890625, 9.814727783203125, 12.479049682617188, 15.143367767333984, 17.80768585205078, 20.472007751464844, 23.136329650878906, 25.800647735595703, 28.4649658203125, 31.129287719726562, 33.793609619140625, 36.45792770385742, 39.12224578857422, 41.78656768798828, 44.450889587402344, 47.11520767211914, 49.77952575683594, 52.44384765625, 55.10816955566406, 57.77248764038086, 60.436805725097656, 63.10112762451172]}, "gradients/graph_6linear.3.weight": {"_type": "histogram", "values": [2.0, 0.0, 0.0, 1.0, 1.0, 2.0, 0.0, 1.0, 3.0, 4.0, 5.0, 3.0, 4.0, 5.0, 8.0, 10.0, 14.0, 15.0, 18.0, 19.0, 16.0, 34.0, 33.0, 46.0, 45.0, 40.0, 62.0, 80.0, 66.0, 73.0, 101.0, 91.0, 121.0, 129.0, 172.0, 167.0, 174.0, 197.0, 244.0, 461.0, 13197.0, 154.0, 99.0, 75.0, 68.0, 57.0, 44.0, 34.0, 31.0, 44.0, 19.0, 18.0, 21.0, 18.0, 7.0, 11.0, 6.0, 4.0, 3.0, 1.0, 3.0, 2.0, 0.0, 1.0], "bins": [-563.3933715820312, -549.4190063476562, -535.4446411132812, -521.4703369140625, -507.4959716796875, -493.5216064453125, -479.5472412109375, -465.5728759765625, -451.5985412597656, -437.62420654296875, -423.64984130859375, -409.67547607421875, -395.70111083984375, -381.7267761230469, -367.7524108886719, -353.778076171875, -339.8037109375, -325.829345703125, -311.8550109863281, -297.8806457519531, -283.90631103515625, -269.93194580078125, -255.95758056640625, -241.98324584960938, -228.00888061523438, -214.03451538085938, -200.0601806640625, -186.0858154296875, -172.1114501953125, -158.13711547851562, -144.16275024414062, -130.18841552734375, -116.21401977539062, -102.23965454101562, -88.26531982421875, -74.29095458984375, -60.316619873046875, -46.342254638671875, -32.367889404296875, -18.3935546875, -4.419189453125, 9.55517578125, 23.529510498046875, 37.503875732421875, 51.478240966796875, 65.45257568359375, 79.42694091796875, 93.40129089355469, 107.37564086914062, 121.34999084472656, 135.3243408203125, 149.2987060546875, 163.27305603027344, 177.24740600585938, 191.22177124023438, 205.1961212158203, 219.17047119140625, 233.1448211669922, 247.11917114257812, 261.0935363769531, 275.06787109375, 289.042236328125, 303.0166015625, 316.9909362792969, 330.9653015136719]}, "gradients/graph_6linear.0.bias": {"_type": "histogram", "values": [1.0, 2.0, 0.0, 0.0, 0.0, 2.0, 0.0, 1.0, 0.0, 1.0, 1.0, 0.0, 0.0, 2.0, 1.0, 1.0, 1.0, 1.0, 2.0, 0.0, 0.0, 0.0, 2.0, 1.0, 2.0, 1.0, 0.0, 0.0, 2.0, 0.0, 0.0, 3.0, 1.0, 2.0, 0.0, 1.0, 0.0, 0.0, 0.0, 0.0, 0.0, 0.0, 0.0, 0.0, 2.0, 0.0, 0.0, 0.0, 1.0, 92.0, 0.0, 0.0, 1.0, 0.0, 0.0, 0.0, 0.0, 0.0, 0.0, 0.0, 0.0, 0.0, 0.0, 1.0], "bins": [-169.35470581054688, -165.930908203125, -162.5071258544922, -159.0833282470703, -155.65953063964844, -152.23574829101562, -148.81195068359375, -145.38815307617188, -141.96435546875, -138.5405731201172, -135.1167755126953, -131.69297790527344, -128.26919555664062, -124.84539794921875, -121.42160034179688, -117.99781036376953, -114.57402038574219, -111.15022277832031, -107.72642517089844, -104.3026351928711, -100.87884521484375, -97.45504760742188, -94.03125762939453, -90.60746765136719, -87.18367004394531, -83.75988006591797, -80.3360824584961, -76.91229248046875, -73.4885025024414, -70.06470489501953, -66.64091491699219, -63.21711730957031, -59.7933235168457, -56.36953353881836, -52.945735931396484, -49.52194595336914, -46.098148345947266, -42.67435836791992, -39.25056838989258, -35.8267707824707, -32.40298080444336, -28.979183197021484, -25.55539321899414, -22.131603240966797, -18.707805633544922, -15.284015655517578, -11.860221862792969, -8.43642807006836, -5.01263427734375, -1.5888404846191406, 1.8349533081054688, 5.2587432861328125, 8.682537078857422, 12.106330871582031, 15.53012466430664, 18.953916549682617, 22.377710342407227, 25.801504135131836, 29.225296020507812, 32.64908981323242, 36.07288360595703, 39.496673583984375, 42.920467376708984, 46.344261169433594, 49.7680549621582]}, "gradients/graph_6linear.0.weight": {"_type": "histogram",