{"gradients/graph_6linear.5.bias": {"_type": "histogram", "values": [1.0, 0.0, 0.0, 0.0, 0.0, 2.0, 0.0, 0.0, 1.0, 1.0, 1.0, 1.0, 0.0, 0.0, 0.0, 0.0, 0.0, 0.0, 0.0, 0.0, 2.0, 3.0, 5.0, 6.0, 7.0, 3.0, 2.0, 24.0, 1.0, 0.0, 1.0, 3.0, 4.0, 0.0, 1.0, 2.0, 2.0, 2.0, 0.0, 0.0, 0.0, 1.0, 2.0, 0.0, 0.0, 0.0, 1.0, 5.0, 1.0, 1.0, 2.0, 1.0, 2.0, 2.0, 0.0, 0.0, 0.0, 2.0, 0.0, 0.0, 0.0, 0.0, 0.0, 1.0], "bins": [-0.8321336507797241, -0.805499255657196, -0.7788649201393127, -0.7522305250167847, -0.7255961894989014, -0.6989617943763733, -0.67232745885849, -0.6456930637359619, -0.6190587282180786, -0.5924243330955505, -0.5657899379730225, -0.5391556024551392, -0.5125212669372559, -0.4858868718147278, -0.4592525064945221, -0.4326181411743164, -0.4059837758541107, -0.37934941053390503, -0.35271504521369934, -0.32608067989349365, -0.2994462847709656, -0.2728119492530823, -0.2461775541305542, -0.2195432186126709, -0.19290882349014282, -0.16627448797225952, -0.13964009284973145, -0.11300575733184814, -0.08637136220932007, -0.05973702669143677, -0.03310263156890869, -0.006468296051025391, 0.020166099071502686, 0.04680049419403076, 0.07343482971191406, 0.10006922483444214, 0.12670356035232544, 0.15333795547485352, 0.17997229099273682, 0.2066066861152649, 0.2332410216331482, 0.25987541675567627, 0.28650975227355957, 0.31314414739608765, 0.33977848291397095, 0.366412878036499, 0.3930472433567047, 0.4196816086769104, 0.4463159739971161, 0.4729503393173218, 0.49958470463752747, 0.5262190699577332, 0.5528534650802612, 0.5794878005981445, 0.6061221361160278, 0.6327565312385559, 0.659390926361084, 0.6860252618789673, 0.7126596570014954, 0.7392939925193787, 0.7659283876419067, 0.79256272315979, 0.8191971182823181, 0.8458314538002014, 0.8724658489227295]}, "_timestamp": 1715779212.5770252, "gradients/graph_6linear.5.weight": {"_type": "histogram", "values": [1.0, 1.0, 0.0, 0.0, 0.0, 2.0, 1.0, 1.0, 1.0, 2.0, 1.0, 3.0, 1.0, 0.0, 0.0, 0.0, 0.0, 0.0, 0.0, 0.0, 2.0, 6.0, 9.0, 12.0, 13.0, 10.0, 4.0, 48.0, 2.0, 0.0, 12.0, 12091.0, 9.0, 1.0, 1.0, 5.0, 3.0, 4.0, 0.0, 0.0, 0.0, 3.0, 3.0, 0.0, 0.0, 1.0, 6.0, 6.0, 3.0, 2.0, 4.0, 3.0, 3.0, 2.0, 0.0, 1.0, 1.0, 2.0, 0.0, 0.0, 0.0, 0.0, 1.0, 1.0], "bins": [-60.862342834472656, -58.914302825927734, -56.96626281738281, -55.01822280883789, -53.07018280029297, -51.12213897705078, -49.17409896850586, -47.22605895996094, -45.278018951416016, -43.329978942871094, -41.38193893432617, -39.43389892578125, -37.48585510253906, -35.537818908691406, -33.58977508544922, -31.641735076904297, -29.693695068359375, -27.745655059814453, -25.79761505126953, -23.84957504272461, -21.901535034179688, -19.9534912109375, -18.005451202392578, -16.057411193847656, -14.109371185302734, -12.161331176757812, -10.21329116821289, -8.265251159667969, -6.317207336425781, -4.369167327880859, -2.4211273193359375, -0.4730873107910156, 1.4749488830566406, 3.4229888916015625, 5.371028900146484, 7.319068908691406, 9.267108917236328, 11.215152740478516, 13.163192749023438, 15.11123275756836, 17.05927276611328, 19.007312774658203, 20.955352783203125, 22.903392791748047, 24.851436614990234, 26.799476623535156, 28.747516632080078, 30.695556640625, 32.64359664916992, 34.591636657714844, 36.539676666259766, 38.48771667480469, 40.435760498046875, 42.38379669189453, 44.33184051513672, 46.27988052368164, 48.22792053222656, 50.175960540771484, 52.124000549316406, 54.072044372558594, 56.02008056640625, 57.96812438964844, 59.91616439819336, 61.86420440673828, 63.8122444152832]}, "gradients/graph_6linear.3.bias": {"_type": "histogram", "values": [125.0, 0.0, 0.0, 0.0, 0.0, 0.0, 0.0, 0.0, 0.0, 0.0, 1.0, 0.0, 0.0, 0.0, 0.0, 0.0, 0.0, 0.0, 0.0, 0.0, 0.0, 0.0, 0.0, 0.0, 0.0, 0.0, 0.0, 0.0, 0.0, 0.0, 0.0, 0.0, 0.0, 0.0, 0.0, 0.0, 0.0, 0.0, 0.0, 0.0, 0.0, 0.0, 0.0, 0.0, 0.0, 0.0, 0.0, 0.0, 1.0, 0.0, 0.0, 0.0, 0.0, 0.0, 0.0, 0.0, 0.0, 0.0, 0.0, 0.0, 0.0, 0.0, 0.0, 1.0], "bins": [0.0, 0.02873871847987175, 0.0574774369597435, 0.08621615171432495, 0.114954873919487, 0.14369359612464905, 0.1724323034286499, 0.20117102563381195, 0.229909747838974, 0.25864845514297485, 0.2873871922492981, 0.31612589955329895, 0.3448646068572998, 0.37360334396362305, 0.4023420512676239, 0.43108078837394714, 0.459819495677948, 0.48855820298194885, 0.5172969102859497, 0.546035647392273, 0.5747743844985962, 0.6035130620002747, 0.6322517991065979, 0.6609905362129211, 0.6897292137145996, 0.7184679508209229, 0.7472066879272461, 0.7759454250335693, 0.8046841025352478, 0.833422839641571, 0.8621615767478943, 0.8909002542495728, 0.919638991355896, 0.9483777284622192, 0.9771164059638977, 1.0058550834655762, 1.0345938205718994, 1.0633325576782227, 1.092071294784546, 1.1208100318908691, 1.1495487689971924, 1.1782875061035156, 1.2070262432098389, 1.235764980316162, 1.2645035982131958, 1.293242335319519, 1.3219810724258423, 1.3507198095321655, 1.3794584274291992, 1.4081971645355225, 1.4369359016418457, 1.465674638748169, 1.4944133758544922, 1.5231521129608154, 1.5518908500671387, 1.580629587173462, 1.6093682050704956, 1.6381069421768188, 1.666845679283142, 1.6955844163894653, 1.7243231534957886, 1.7530617713928223, 1.7818005084991455, 1.8105392456054688, 1.839277982711792]}, "gradients/graph_6linear.3.weight": {"_type": "histogram", "values": [16292.0, 11.0, 10.0, 6.0, 2.0, 4.0, 3.0, 3.0, 4.0, 3.0, 5.0, 4.0, 2.0, 3.0, 1.0, 2.0, 1.0, 5.0, 0.0, 1.0, 0.0, 1.0, 3.0, 0.0, 0.0, 0.0, 0.0, 0.0, 2.0, 1.0, 2.0, 0.0, 0.0, 1.0, 0.0, 0.0, 2.0, 0.0, 0.0, 1.0, 1.0, 0.0, 0.0, 1.0, 2.0, 0.0, 0.0, 0.0, 2.0, 0.0, 0.0, 0.0, 0.0, 0.0, 0.0, 0.0, 0.0, 1.0, 1.0, 0.0, 0.0, 0.0, 0.0, 1.0], "bins": [0.0, 0.7327357530593872, 1.4654715061187744, 2.198207378387451, 2.930943012237549, 3.6636786460876465, 4.396414756774902, 5.129150390625, 5.861886024475098, 6.594621658325195, 7.327357292175293, 8.06009292602539, 8.792829513549805, 9.525565147399902, 10.25830078125, 10.991036415100098, 11.723772048950195, 12.456507682800293, 13.18924331665039, 13.921978950500488, 14.654714584350586, 15.387451171875, 16.12018585205078, 16.852922439575195, 17.58565902709961, 18.31839370727539, 19.051130294799805, 19.783864974975586, 20.5166015625, 21.24933624267578, 21.982072830200195, 22.714807510375977, 23.44754409790039, 24.180280685424805, 24.913015365600586, 25.645751953125, 26.37848663330078, 27.111223220825195, 27.843957901000977, 28.57669448852539, 29.309429168701172, 30.042165756225586, 30.77490234375, 31.50763702392578, 32.24037170410156, 32.97311019897461, 33.70584487915039, 34.43857955932617, 35.17131805419922, 35.904052734375, 36.63678741455078, 37.36952209472656, 38.102256774902344, 38.83499526977539, 39.56772994995117, 40.30046844482422, 41.033203125, 41.76593780517578, 42.49867248535156, 43.23141098022461, 43.96414566040039, 44.69688034057617, 45.42961502075195, 46.162353515625, 46.89508819580078]}, "gradients/graph_6linear.0.bias": {"_type": "histogram", "values": [1.0, 1.0, 0.0, 1.0, 0.0, 96.0, 0.0, 0.0, 0.0, 1.0, 0.0, 1.0, 1.0, 1.0, 0.0, 1.0, 0.0, 0.0, 1.0, 0.0, 1.0, 0.0, 1.0, 1.0, 0.0, 0.0, 1.0, 0.0, 1.0, 1.0, 2.0, 2.0, 0.0, 2.0, 0.0, 0.0, 1.0, 0.0, 0.0, 0.0, 0.0, 1.0, 0.0, 0.0, 0.0, 2.0, 0.0, 1.0, 0.0, 0.0, 2.0, 0.0, 0.0, 0.0, 1.0, 0.0, 0.0, 0.0, 1.0, 1.0, 0.0, 0.0, 0.0, 1.0],