{"gradients/graph_11linear.5.bias": {"_type": "histogram", "values": [1.0, 0.0, 2.0, 2.0, 1.0, 2.0, 6.0, 5.0, 1.0, 3.0, 5.0, 4.0, 3.0, 1.0, 1.0, 9.0, 16.0, 12.0, 3.0, 3.0, 4.0, 1.0, 0.0, 1.0, 1.0, 0.0, 2.0, 1.0, 1.0, 0.0, 1.0, 0.0, 1.0, 1.0, 0.0, 0.0, 0.0, 0.0, 0.0, 0.0, 0.0, 0.0, 0.0, 0.0, 0.0, 0.0, 0.0, 0.0, 0.0, 0.0, 0.0, 0.0, 0.0, 0.0, 0.0, 1.0, 0.0, 0.0, 0.0, 0.0, 0.0, 0.0, 0.0, 1.0], "bins": [-0.2611635625362396, -0.24282070994377136, -0.2244778424501419, -0.20613498985767365, -0.1877921223640442, -0.16944926977157593, -0.15110641717910767, -0.1327635496854782, -0.11442069709300995, -0.09607784450054169, -0.07773497700691223, -0.05939212441444397, -0.04104927182197571, -0.022706404328346252, -0.004363536834716797, 0.013979315757751465, 0.03232216835021973, 0.05066502094268799, 0.06900787353515625, 0.0873507559299469, 0.10569360852241516, 0.12403646111488342, 0.14237931370735168, 0.16072216629981995, 0.1790650188922882, 0.19740790128707886, 0.21575075387954712, 0.23409360647201538, 0.25243648886680603, 0.2707793414592743, 0.28912219405174255, 0.3074650466442108, 0.3258078694343567, 0.34415072202682495, 0.3624935746192932, 0.3808364272117615, 0.39917927980422974, 0.4175221621990204, 0.43586501479148865, 0.4542078673839569, 0.47255074977874756, 0.4908936023712158, 0.5092364549636841, 0.5275793075561523, 0.5459221601486206, 0.5642650127410889, 0.5826078653335571, 0.6009507179260254, 0.6192935705184937, 0.6376364231109619, 0.6559792757034302, 0.6743221879005432, 0.6926650404930115, 0.7110078930854797, 0.729350745677948, 0.7476935982704163, 0.7660364508628845, 0.7843793034553528, 0.8027222156524658, 0.8210650682449341, 0.8394079208374023, 0.8577507734298706, 0.8760936260223389, 0.8944364786148071, 0.9127793312072754]}, "_timestamp": 1715849063.875993, "gradients/graph_11linear.5.weight": {"_type": "histogram", "values": [1.0, 2.0, 5.0, 9.0, 8.0, 18.0, 29.0, 56.0, 80.0, 84.0, 126.0, 145.0, 188.0, 349.0, 620.0, 571.0, 315.0, 133.0, 67.0, 48.0, 38.0, 23.0, 23.0, 23.0, 19.0, 10.0, 11.0, 10.0, 5.0, 5.0, 9.0, 2.0, 2.0, 2.0, 1.0, 4.0, 2.0, 2.0, 2.0, 0.0, 3.0, 1.0, 2.0, 2.0, 0.0, 0.0, 4.0, 0.0, 1.0, 1.0, 3.0, 0.0, 0.0, 3.0, 0.0, 1.0, 1.0, 1.0, 1.0, 0.0, 0.0, 0.0, 0.0, 1.0], "bins": [-2.8194215297698975, -2.621399164199829, -2.4233765602111816, -2.2253541946411133, -2.027331829071045, -1.8293092250823975, -1.631286859512329, -1.4332643747329712, -1.2352418899536133, -1.0372194051742554, -0.8391969203948975, -0.6411745548248291, -0.44315218925476074, -0.24512958526611328, -0.04710721969604492, 0.15091538429260254, 0.3489377498626709, 0.5469601154327393, 0.7449827194213867, 0.9430050849914551, 1.1410276889801025, 1.339050054550171, 1.5370724201202393, 1.7350947856903076, 1.933117151260376, 2.1311399936676025, 2.329162359237671, 2.5271847248077393, 2.7252070903778076, 2.923229455947876, 3.1212522983551025, 3.319274663925171, 3.51729679107666, 3.7153191566467285, 3.913341522216797, 4.111364364624023, 4.309386730194092, 4.50740909576416, 4.7054314613342285, 4.903453826904297, 5.101476669311523, 5.299499034881592, 5.49752140045166, 5.6955437660217285, 5.893566131591797, 6.091588973999023, 6.289610862731934, 6.48763370513916, 6.6856560707092285, 6.883678436279297, 7.081701278686523, 7.279723167419434, 7.47774600982666, 7.6757683753967285, 7.873790740966797, 8.071813583374023, 8.269835472106934, 8.46785831451416, 8.66588020324707, 8.863903045654297, 9.061925888061523, 9.259947776794434, 9.45797061920166, 9.65599250793457, 9.854015350341797]}, "gradients/graph_11linear.3.bias": {"_type": "histogram", "values": [1.0, 2.0, 0.0, 0.0, 0.0, 0.0, 0.0, 0.0, 0.0, 0.0, 0.0, 0.0, 0.0, 1.0, 0.0, 0.0, 0.0, 1.0, 0.0, 0.0, 0.0, 0.0, 0.0, 0.0, 0.0, 1.0, 2.0, 0.0, 0.0, 1.0, 0.0, 2.0, 1.0, 1.0, 1.0, 1.0, 1.0, 0.0, 0.0, 1.0, 1.0, 1.0, 0.0, 3.0, 0.0, 1.0, 0.0, 2.0, 1.0, 0.0, 1.0, 0.0, 0.0, 1.0, 0.0, 0.0, 0.0, 0.0, 0.0, 2.0, 0.0, 1.0, 0.0, 1.0], "bins": [-0.7423374056816101, -0.7298193573951721, -0.7173013091087341, -0.7047832608222961, -0.6922652125358582, -0.6797471642494202, -0.6672291159629822, -0.6547110676765442, -0.6421930193901062, -0.6296749711036682, -0.617156982421875, -0.604638934135437, -0.592120885848999, -0.579602837562561, -0.567084789276123, -0.5545667409896851, -0.5420486927032471, -0.5295306444168091, -0.5170125961303711, -0.5044945478439331, -0.4919764995574951, -0.47945845127105713, -0.46694040298461914, -0.45442235469818115, -0.44190430641174316, -0.4293862581253052, -0.4168682098388672, -0.4043501913547516, -0.3918321430683136, -0.3793140947818756, -0.3667960464954376, -0.35427799820899963, -0.34175994992256165, -0.32924190163612366, -0.31672385334968567, -0.3042058050632477, -0.2916877567768097, -0.2791697084903717, -0.2666516900062561, -0.2541336417198181, -0.24161559343338013, -0.22909754514694214, -0.21657949686050415, -0.20406144857406616, -0.19154340028762817, -0.17902535200119019, -0.1665073186159134, -0.1539892703294754, -0.14147122204303741, -0.12895317375659943, -0.11643512547016144, -0.10391709208488464, -0.09139904379844666, -0.07888099551200867, -0.06636294722557068, -0.05384490638971329, -0.0413268581032753, -0.02880880981683731, -0.01629076898097992, -0.003772720694541931, 0.008745323866605759, 0.02126336842775345, 0.03378141671419144, 0.04629946127533913, 0.058817505836486816]}, "gradients/graph_11linear.3.weight": {"_type": "histogram", "values": [1.0, 2.0, 0.0, 0.0, 0.0, 0.0, 0.0, 0.0, 0.0, 0.0, 0.0, 0.0, 0.0, 1.0, 0.0, 0.0, 0.0, 2.0, 2.0, 0.0, 0.0, 0.0, 0.0, 0.0, 0.0, 2.0, 5.0, 3.0, 0.0, 2.0, 0.0, 5.0, 2.0, 1.0, 2.0, 3.0, 5.0, 3.0, 1.0, 4.0, 6.0, 6.0, 4.0, 9.0, 6.0, 7.0, 10.0, 8.0, 14.0, 7.0, 14.0, 11.0, 11.0, 16.0, 16.0, 13.0, 15.0, 24.0, 36.0, 731.0, 7.0, 4.0, 2.0, 1.0], "bins": [-10.775307655334473, -10.593603134155273, -10.41189956665039, -10.230195045471191, -10.048490524291992, -9.86678695678711, -9.68508243560791, -9.503378868103027, -9.321674346923828, -9.139969825744629, -8.958266258239746, -8.776561737060547, -8.594858169555664, -8.413153648376465, -8.231449127197266, -8.049745559692383, -7.868041038513184, -7.686336994171143, -7.504632949829102, -7.322928428649902, -7.141224384307861, -6.95952033996582, -6.777815818786621, -6.59611177444458, -6.414407730102539, -6.232703685760498, -6.050999641418457, -5.869295120239258, -5.687591075897217, -5.505887031555176, -5.324182510375977, -5.1424784660339355, -4.960774898529053, -4.779070854187012, -4.597366809844971, -4.4156622886657715, -4.2339582443237305, -4.0522541999816895, -3.8705496788024902, -3.688845634460449, -3.507141590118408, -3.325437545776367, -3.143733263015747, -2.962028980255127, -2.780324935913086, -2.598620891571045, -2.416916608810425, -2.2352123260498047, -2.0535082817077637, -1.8718042373657227, -1.6900999546051025, -1.5083956718444824, -1.3266916275024414, -1.1449874639511108, -0.9632833003997803, -0.7815791368484497, -0.5998749732971191, -0.4181708097457886, -0.236466646194458, -0.05476248264312744, 0.12694168090820312, 0.3086458444595337, 0.49035000801086426, 0.6720541715621948, 0.8537583351135254]}, "gradients/graph_11linear.0.bias": {"_type": "histogram", "values": [1.0, 0.0, 0.0, 0.0, 0.0, 0.0, 0.0, 0.0, 0.0, 0.0, 0.0, 0.0, 0.0, 0.0, 1.0, 0.0, 0.0, 0.0, 0.0, 0.0, 0.0, 0.0, 0.0, 0.0, 0.0, 1.0, 1.0, 0.0, 0.0, 0.0, 0.0, 0.0, 0.0, 0.0, 2.0, 0.0, 1.0, 0.0, 0.0, 0.0, 0.0, 0.0, 0.0, 1.0, 0.0, 0.0, 0.0, 0.0, 0.0, 0.0, 0.0, 0.0, 0.0, 0.0, 0.0, 0.0, 0.0, 0.0, 22.0, 0.0, 0.0, 0.0, 1.0, 1.0],