qF1,qF2,qF3,qF4,qF5,qF6,qF7,qH1,qH2,qH3,qH4,qH5,qH6,qH7
2.8452275728027616,0.24485212584562427,3.6520338450577876,0.0,0.0,0.0,0.0,0.0,0.0,10.0,0.0,0.0,0.0,0.0
