{"Linear loss": 17979.748046875, "_timestamp": 1715763499.1259923, "_runtime": 24.607088327407837, "_step": 509, "Regret": 0.539431015357409, "gradients/graph_4linear.5.bias": {"_type": "histogram", "values": [4.0, 0.0, 0.0, 1.0, 2.0, 0.0, 1.0, 0.0, 0.0, 0.0, 0.0, 0.0, 0.0, 0.0, 0.0, 0.0, 0.0, 0.0, 0.0, 0.0, 0.0, 0.0, 0.0, 0.0, 0.0, 0.0, 0.0, 1.0, 0.0, 9.0, 0.0, 0.0, 3.0, 78.0, 2.0, 2.0, 10.0, 1.0, 1.0, 1.0, 0.0, 0.0, 0.0, 0.0, 0.0, 0.0, 0.0, 0.0, 0.0, 0.0, 0.0, 0.0, 0.0, 0.0, 0.0, 0.0, 0.0, 0.0, 0.0, 0.0, 0.0, 0.0, 0.0, 4.0], "bins": [-200.0, -193.99203491210938, -187.98406982421875, -181.97610473632812, -175.9681396484375, -169.96017456054688, -163.95220947265625, -157.94424438476562, -151.936279296875, -145.92831420898438, -139.92034912109375, -133.91238403320312, -127.90440368652344, -121.89643859863281, -115.88847351074219, -109.88050842285156, -103.87254333496094, -97.86457824707031, -91.85661315917969, -85.84864807128906, -79.84068298339844, -73.83271026611328, -67.82475280761719, -61.81678771972656, -55.808807373046875, -49.80084228515625, -43.792877197265625, -37.784912109375, -31.776947021484375, -25.76898193359375, -19.761016845703125, -13.7530517578125, -7.7451019287109375, -1.7371368408203125, 4.2708282470703125, 10.278793334960938, 16.286758422851562, 22.294723510742188, 28.302688598632812, 34.31065368652344, 40.31861877441406, 46.32659912109375, 52.334564208984375, 58.34252166748047, 64.35049438476562, 70.35845947265625, 76.36642456054688, 82.3743896484375, 88.38235473632812, 94.39031982421875, 100.39828491210938, 106.40625, 112.41421508789062, 118.42218780517578, 124.4301528930664, 130.4381103515625, 136.44607543945312, 142.45404052734375, 148.46200561523438, 154.46998596191406, 160.4779510498047, 166.4859161376953, 172.49388122558594, 178.50184631347656, 184.5098114013672]}, "gradients/graph_4linear.5.weight": {"_type": "histogram", "values": [4.0, 0.0, 0.0, 1.0, 2.0, 0.0, 1.0, 2.0, 10.0, 8.0, 11.0, 18.0, 8.0, 18.0, 17.0, 17.0, 26.0, 14.0, 16.0, 22.0, 22.0, 31.0, 39.0, 31.0, 37.0, 49.0, 44.0, 37.0, 58.0, 45.0, 84.0, 260.0, 489.0, 12776.0, 550.0, 273.0, 45.0, 34.0, 28.0, 15.0, 26.0, 24.0, 22.0, 8.0, 22.0, 12.0, 12.0, 4.0, 14.0, 14.0, 4.0, 12.0, 4.0, 8.0, 8.0, 8.0, 12.0, 0.0, 0.0, 0.0, 0.0, 0.0, 0.0, 4.0], "bins": [-2230.294189453125, -2163.296630859375, -2096.298828125, -2029.30126953125, -1962.3035888671875, -1895.305908203125, -1828.3082275390625, -1761.310546875, -1694.31298828125, -1627.315185546875, -1560.317626953125, -1493.3199462890625, -1426.322265625, -1359.32470703125, -1292.326904296875, -1225.329345703125, -1158.3316650390625, -1091.333984375, -1024.3363037109375, -957.3387451171875, -890.341064453125, -823.3433837890625, -756.345703125, -689.3480224609375, -622.350341796875, -555.352783203125, -488.3551025390625, -421.357421875, -354.3597412109375, -287.362060546875, -220.364501953125, -153.36669921875, -86.369140625, -19.37158203125, 47.626220703125, 114.623779296875, 181.6214599609375, 248.619140625, 315.6168212890625, 382.614501953125, 449.612060546875, 516.6097412109375, 583.607421875, 650.6051025390625, 717.602783203125, 784.6004638671875, 851.5980224609375, 918.595703125, 985.5933837890625, 1052.591064453125, 1119.588623046875, 1186.58642578125, 1253.583984375, 1320.5816650390625, 1387.579345703125, 1454.576904296875, 1521.57470703125, 1588.572265625, 1655.5699462890625, 1722.567626953125, 1789.5653076171875, 1856.56298828125, 1923.560546875, 1990.5582275390625, 2057.555908203125]}, "gradients/graph_4linear.3.bias": {"_type": "histogram", "values": [3.0, 0.0, 1.0, 0.0, 1.0, 1.0, 2.0, 1.0, 2.0, 1.0, 1.0, 1.0, 2.0, 0.0, 1.0, 1.0, 2.0, 1.0, 1.0, 0.0, 1.0, 3.0, 2.0, 3.0, 4.0, 3.0, 0.0, 2.0, 3.0, 4.0, 0.0, 2.0, 2.0, 45.0, 3.0, 1.0, 1.0, 1.0, 0.0, 2.0, 2.0, 0.0, 1.0, 2.0, 1.0, 1.0, 2.0, 2.0, 0.0, 2.0, 0.0, 3.0, 0.0, 1.0, 0.0, 0.0, 0.0, 1.0, 0.0, 2.0, 0.0, 1.0, 0.0, 3.0], "bins": [-96.87158966064453, -93.95691680908203, -91.04225158691406, -88.12757873535156, -85.21290588378906, -82.29823303222656, -79.3835678100586, -76.4688949584961, -73.55422973632812, -70.63955688476562, -67.72488403320312, -64.81021118164062, -61.895545959472656, -58.980873107910156, -56.06620407104492, -53.15153121948242, -50.23686218261719, -47.32219314575195, -44.40752029418945, -41.49285125732422, -38.57817840576172, -35.663509368896484, -32.74884033203125, -29.83416748046875, -26.91950225830078, -24.00482940673828, -21.09015655517578, -18.17548370361328, -15.260818481445312, -12.346145629882812, -9.431472778320312, -6.516807556152344, -3.6021347045898438, -0.6874618530273438, 2.227203369140625, 5.141876220703125, 8.056549072265625, 10.971214294433594, 13.885887145996094, 16.800559997558594, 19.715232849121094, 22.629898071289062, 25.544570922851562, 28.459239959716797, 31.37390899658203, 34.28858184814453, 37.203250885009766, 40.117923736572266, 43.0325927734375, 45.947261810302734, 48.861934661865234, 51.77660369873047, 54.69127655029297, 57.6059455871582, 60.52061462402344, 63.43528747558594, 66.34996032714844, 69.2646255493164, 72.1792984008789, 75.09396362304688, 78.00863647460938, 80.92330932617188, 83.83798217773438, 86.75264739990234, 89.66732025146484]}, "gradients/graph_4linear.3.weight": {"_type": "histogram", "values": [3.0, 0.0, 1.0, 0.0, 1.0, 1.0, 9.0, 3.0, 10.0, 3.0, 14.0, 12.0, 18.0, 26.0, 24.0, 37.0, 43.0, 38.0, 48.0, 58.0, 51.0, 69.0, 62.0, 78.0, 86.0, 100.0, 142.0, 171.0, 229.0, 264.0, 375.0, 467.0, 643.0, 11615.0, 333.0, 256.0, 176.0, 132.0, 127.0, 87.0, 80.0, 76.0, 60.0, 66.0, 41.0, 32.0, 38.0, 31.0, 21.0, 30.0, 19.0, 17.0, 12.0, 14.0, 10.0, 6.0, 3.0, 9.0, 1.0, 2.0, 0.0, 1.0, 0.0, 3.0], "bins": [-493.26800537109375, -478.42657470703125, -463.58514404296875, -448.7436828613281, -433.9022521972656, -419.0608215332031, -404.2193603515625, -389.3779296875, -374.5364990234375, -359.695068359375, -344.8536376953125, -330.0121765136719, -315.1707458496094, -300.3293151855469, -285.48785400390625, -270.64642333984375, -255.80499267578125, -240.96356201171875, -226.12213134765625, -211.28067016601562, -196.43923950195312, -181.59780883789062, -166.75634765625, -151.9149169921875, -137.073486328125, -122.2320556640625, -107.390625, -92.54916381835938, -77.70773315429688, -62.866302490234375, -48.02484130859375, -33.18341064453125, -18.342010498046875, -3.500579833984375, 11.340850830078125, 26.18231201171875, 41.02374267578125, 55.86517333984375, 70.70663452148438, 85.54806518554688, 100.38949584960938, 115.23092651367188, 130.07235717773438, 144.913818359375, 159.7552490234375, 174.5966796875, 189.43814086914062, 204.27957153320312, 219.12100219726562, 233.96243286132812, 248.8038787841797, 263.64532470703125, 278.48675537109375, 293.32818603515625, 308.16961669921875, 323.0110778808594, 337.8525085449219, 352.6939392089844, 367.535400390625, 382.3768310546875, 397.21826171875, 412.0596923828125, 426.901123046875, 441.7425842285156, 456.5840148925781]}, "gradients/graph_4linear.0.bias": {"_type": "histogram", "values": [1.0, 0.0, 0.0, 0.0, 0.0, 0.0, 0.0, 0.0, 0.0, 0.0, 0.0, 0.0, 0.0, 0.0, 0.0, 0.0, 2.0, 1.0, 0.0, 2.0, 1.0, 0.0, 4.0, 0.0, 1.0, 3.0, 3.0, 2.0, 3.0, 5.0, 2.0, 1.0, 2.0, 0.0, 2.0, 1.0, 65.0, 0.0, 1.0, 0.0, 1.0, 2.0, 2.0, 3.0, 2.0, 4.0, 1.0, 2.0, 3.0, 1.0, 0.0, 0.0, 1.0, 0.0, 1.0, 0.0, 0.0, 1.0, 0.0, 0.0, 1.0, 0.0, 0.0, 1.0],