{"gradients/graph_12linear.5.bias": {"_type": "histogram", "values": [1.0, 0.0, 0.0, 0.0, 1.0, 1.0, 2.0, 0.0, 1.0, 0.0, 1.0, 0.0, 0.0, 0.0, 0.0, 0.0, 0.0, 0.0, 1.0, 1.0, 0.0, 0.0, 0.0, 0.0, 0.0, 3.0, 4.0, 4.0, 3.0, 3.0, 3.0, 4.0, 5.0, 15.0, 18.0, 3.0, 1.0, 1.0, 0.0, 0.0, 0.0, 2.0, 0.0, 0.0, 0.0, 0.0, 0.0, 0.0, 0.0, 2.0, 1.0, 1.0, 3.0, 3.0, 1.0, 1.0, 0.0, 1.0, 1.0, 0.0, 2.0, 0.0, 1.0, 1.0], "bins": [-0.9984733462333679, -0.9677875638008118, -0.9371017813682556, -0.9064160585403442, -0.8757302761077881, -0.8450444936752319, -0.8143587112426758, -0.7836729288101196, -0.7529871463775635, -0.7223013639450073, -0.691615641117096, -0.6609298586845398, -0.6302440762519836, -0.5995583534240723, -0.5688725709915161, -0.53818678855896, -0.5075010061264038, -0.47681522369384766, -0.4461294412612915, -0.4154437184333801, -0.384757936000824, -0.3540721535682678, -0.32338637113571167, -0.2927005887031555, -0.26201480627059937, -0.231329083442688, -0.20064330101013184, -0.16995751857757568, -0.13927173614501953, -0.10858595371246338, -0.077900230884552, -0.04721444845199585, -0.016528725624084473, 0.01415705680847168, 0.04484283924102783, 0.07552856206893921, 0.10621434450149536, 0.1369001269340515, 0.16758590936660767, 0.19827169179916382, 0.2289574146270752, 0.25964319705963135, 0.2903289794921875, 0.32101476192474365, 0.3517005443572998, 0.38238632678985596, 0.41307204961776733, 0.4437578320503235, 0.47444361448287964, 0.5051293969154358, 0.5358151197433472, 0.5665009021759033, 0.5971866846084595, 0.6278724670410156, 0.6585582494735718, 0.6892440319061279, 0.7199298143386841, 0.7506155371665955, 0.7813013195991516, 0.8119871020317078, 0.8426728844642639, 0.8733586072921753, 0.9040443897247314, 0.9347301721572876, 0.9654159545898438]}, "_timestamp": 1715779732.5662544, "gradients/graph_12linear.5.weight": {"_type": "histogram", "values": [1.0, 0.0, 0.0, 0.0, 1.0, 1.0, 2.0, 0.0, 1.0, 0.0, 1.0, 0.0, 0.0, 0.0, 0.0, 0.0, 0.0, 0.0, 1.0, 1.0, 1.0, 1.0, 3.0, 1.0, 1.0, 5.0, 11.0, 16.0, 7.0, 23.0, 31.0, 98.0, 2589.0, 79.0, 71.0, 31.0, 31.0, 16.0, 8.0, 7.0, 6.0, 4.0, 1.0, 3.0, 1.0, 0.0, 0.0, 0.0, 0.0, 2.0, 1.0, 1.0, 3.0, 3.0, 1.0, 1.0, 0.0, 1.0, 1.0, 0.0, 2.0, 0.0, 1.0, 1.0], "bins": [-61.043399810791016, -59.16737365722656, -57.291343688964844, -55.41531753540039, -53.53928756713867, -51.66326141357422, -49.7872314453125, -47.91120529174805, -46.035179138183594, -44.159149169921875, -42.283119201660156, -40.4070930480957, -38.53106689453125, -36.65503692626953, -34.77901077270508, -32.902984619140625, -31.026954650878906, -29.15092658996582, -27.274898529052734, -25.39887237548828, -23.522842407226562, -21.64681625366211, -19.77078628540039, -17.894760131835938, -16.018733978271484, -14.142704010009766, -12.266677856445312, -10.390647888183594, -8.51462173461914, -6.638591766357422, -4.762565612792969, -2.88653564453125, -1.0105133056640625, 0.8655128479003906, 2.7415428161621094, 4.6175689697265625, 6.493598937988281, 8.369625091552734, 10.245655059814453, 12.121681213378906, 13.997711181640625, 15.873737335205078, 17.74976348876953, 19.62579345703125, 21.501819610595703, 23.377849578857422, 25.253875732421875, 27.12990379333496, 29.005931854248047, 30.881959915161133, 32.75798797607422, 34.63401794433594, 36.51004409790039, 38.386070251464844, 40.26210021972656, 42.138126373291016, 44.01415252685547, 45.89018249511719, 47.766212463378906, 49.64223861694336, 51.51826477050781, 53.39429473876953, 55.270320892333984, 57.1463508605957, 59.022377014160156]}, "gradients/graph_12linear.3.bias": {"_type": "histogram", "values": [23.0, 1.0, 0.0, 0.0, 0.0, 0.0, 0.0, 0.0, 0.0, 0.0, 0.0, 0.0, 0.0, 0.0, 0.0, 0.0, 0.0, 0.0, 2.0, 1.0, 1.0, 0.0, 0.0, 0.0, 0.0, 0.0, 3.0, 0.0, 0.0, 0.0, 0.0, 0.0, 0.0, 0.0, 0.0, 0.0, 0.0, 0.0, 0.0, 0.0, 0.0, 0.0, 0.0, 0.0, 0.0, 0.0, 0.0, 0.0, 0.0, 0.0, 0.0, 0.0, 0.0, 0.0, 0.0, 0.0, 0.0, 0.0, 0.0, 0.0, 0.0, 0.0, 0.0, 1.0], "bins": [0.0, 0.17719386518001556, 0.35438773036003113, 0.5315815806388855, 0.7087754607200623, 0.885969340801239, 1.063163161277771, 1.2403570413589478, 1.4175509214401245, 1.5947448015213013, 1.771938681602478, 1.9491325616836548, 2.126326322555542, 2.3035202026367188, 2.4807140827178955, 2.6579079627990723, 2.835101842880249, 3.012295722961426, 3.1894896030426025, 3.3666834831237793, 3.543877363204956, 3.721071243286133, 3.8982651233673096, 4.075459003448486, 4.252652645111084, 4.42984676361084, 4.6070404052734375, 4.784234523773193, 4.961428165435791, 5.138622283935547, 5.3158159255981445, 5.4930100440979, 5.670203685760498, 5.847397327423096, 6.024591445922852, 6.201785087585449, 6.378979206085205, 6.556172847747803, 6.733366966247559, 6.910560607910156, 7.087754726409912, 7.26494836807251, 7.442142486572266, 7.619336128234863, 7.796529769897461, 7.973723888397217, 8.150918006896973, 8.32811164855957, 8.505305290222168, 8.682498931884766, 8.85969352722168, 9.036887168884277, 9.214080810546875, 9.391274452209473, 9.568469047546387, 9.745662689208984, 9.922856330871582, 10.10004997253418, 10.277244567871094, 10.454438209533691, 10.631631851196289, 10.808825492858887, 10.9860200881958, 11.163213729858398, 11.340407371520996]}, "gradients/graph_12linear.3.weight": {"_type": "histogram", "values": [966.0, 2.0, 0.0, 4.0, 4.0, 10.0, 2.0, 5.0, 0.0, 3.0, 0.0, 0.0, 4.0, 1.0, 1.0, 0.0, 1.0, 5.0, 4.0, 1.0, 1.0, 0.0, 0.0, 1.0, 3.0, 0.0, 3.0, 0.0, 0.0, 0.0, 0.0, 0.0, 0.0, 0.0, 0.0, 0.0, 0.0, 0.0, 0.0, 0.0, 0.0, 0.0, 1.0, 0.0, 0.0, 0.0, 0.0, 0.0, 0.0, 0.0, 0.0, 0.0, 0.0, 0.0, 0.0, 0.0, 0.0, 0.0, 0.0, 1.0, 0.0, 0.0, 0.0, 1.0], "bins": [0.0, 10.385200500488281, 20.770401000976562, 31.155601501464844, 41.540802001953125, 51.926002502441406, 62.31120300292969, 72.69640350341797, 83.08160400390625, 93.46680450439453, 103.85200500488281, 114.2372055053711, 124.62240600585938, 135.00759887695312, 145.39280700683594, 155.77801513671875, 166.1632080078125, 176.54840087890625, 186.93360900878906, 197.31881713867188, 207.70401000976562, 218.08920288085938, 228.4744110107422, 238.859619140625, 249.24481201171875, 259.6300048828125, 270.01519775390625, 280.4004211425781, 290.7856140136719, 301.1708068847656, 311.5560302734375, 321.94122314453125, 332.326416015625, 342.71160888671875, 353.0968017578125, 363.4820251464844, 373.8672180175781, 384.2524108886719, 394.63763427734375, 405.0228271484375, 415.40802001953125, 425.793212890625, 436.17840576171875, 446.5636291503906, 456.9488220214844, 467.3340148925781, 477.71923828125, 488.10443115234375, 498.4896240234375, 508.87481689453125, 519.260009765625, 529.645263671875, 540.0303955078125, 550.4156494140625, 560.8008422851562, 571.18603515625, 581.5712280273438, 591.9564208984375, 602.3416137695312, 612.726806640625, 623.112060546875, 633.4972534179688, 643.8824462890625, 654.2676391601562, 664.65283203125]}, "gradients/graph_12linear.0.bias": {"_type": "histogram", "values": [1.0, 0.0, 0.0, 0.0, 0.0, 0.0, 0.0, 0.0, 0.0, 0.0, 0.0, 0.0, 0.0, 0.0, 0.0, 0.0, 0.0, 0.0, 0.0, 0.0, 0.0, 0.0, 0.0, 25.0, 0.0, 0.0, 0.0, 1.0, 0.0, 0.0, 0.0, 0.0, 0.0, 0.0, 0.0, 0.0, 0.0, 0.0, 0.0, 0.0, 1.0, 0.0, 0.0, 0.0, 1.0, 0.0, 0.0, 0.0, 0.0, 0.0, 0.0, 0.0, 0.0, 0.0, 0.0, 0.0, 1.0, 0.0, 0.0, 0.0, 0.0, 0.0, 0.0, 2.0],