{"Linear loss": 12717.2431640625, "_timestamp": 1715769727.9517155, "_runtime": 121.64713954925537, "_step": 3619, "gradients/graph_21linear.5.bias": {"_type": "histogram", "values": [6.0, 0.0, 0.0, 4.0, 0.0, 0.0, 0.0, 0.0, 0.0, 0.0, 0.0, 0.0, 0.0, 0.0, 0.0, 0.0, 0.0, 0.0, 0.0, 0.0, 0.0, 0.0, 0.0, 0.0, 0.0, 0.0, 0.0, 0.0, 14.0, 0.0, 0.0, 2.0, 45.0, 0.0, 0.0, 15.0, 0.0, 0.0, 0.0, 0.0, 0.0, 0.0, 0.0, 0.0, 0.0, 0.0, 0.0, 0.0, 0.0, 0.0, 0.0, 0.0, 0.0, 0.0, 0.0, 0.0, 0.0, 1.0, 0.0, 0.0, 3.0, 0.0, 0.0, 6.0], "bins": [-200.0, -193.75, -187.5, -181.25, -175.0, -168.75, -162.5, -156.25, -150.0, -143.75, -137.5, -131.25, -125.0, -118.75, -112.5, -106.25, -100.0, -93.75, -87.5, -81.25, -75.0, -68.75, -62.5, -56.25, -50.0, -43.75, -37.5, -31.25, -25.0, -18.75, -12.5, -6.25, 0.0, 6.25, 12.5, 18.75, 25.0, 31.25, 37.5, 43.75, 50.0, 56.25, 62.5, 68.75, 75.0, 81.25, 87.5, 93.75, 100.0, 106.25, 112.5, 118.75, 125.0, 131.25, 137.5, 143.75, 150.0, 156.25, 162.5, 168.75, 175.0, 181.25, 187.5, 193.75, 200.0]}, "gradients/graph_21linear.5.weight": {"_type": "histogram", "values": [6.0, 0.0, 6.0, 10.0, 6.0, 4.0, 10.0, 4.0, 4.0, 0.0, 6.0, 0.0, 4.0, 0.0, 6.0, 4.0, 0.0, 0.0, 0.0, 0.0, 0.0, 0.0, 6.0, 10.0, 20.0, 14.0, 30.0, 10.0, 14.0, 80.0, 24.0, 190.0, 2319.0, 26.0, 84.0, 16.0, 12.0, 28.0, 15.0, 19.0, 9.0, 6.0, 0.0, 0.0, 0.0, 0.0, 1.0, 0.0, 4.0, 6.0, 0.0, 3.0, 1.0, 7.0, 1.0, 4.0, 3.0, 10.0, 3.0, 6.0, 9.0, 6.0, 0.0, 6.0], "bins": [-1274.3323974609375, -1234.509521484375, -1194.6866455078125, -1154.86376953125, -1115.0408935546875, -1075.218017578125, -1035.39501953125, -995.5721435546875, -955.749267578125, -915.9263916015625, -876.103515625, -836.2806396484375, -796.457763671875, -756.6348876953125, -716.8119506835938, -676.9890747070312, -637.1661987304688, -597.3433227539062, -557.5204467773438, -517.697509765625, -477.8746337890625, -438.0517578125, -398.2288818359375, -358.406005859375, -318.5831298828125, -278.76019287109375, -238.9373779296875, -199.1143798828125, -159.29150390625, -119.4686279296875, -79.645751953125, -39.8228759765625, 0.0, 39.8228759765625, 79.645751953125, 119.4686279296875, 159.29150390625, 199.1143798828125, 238.9373779296875, 278.76019287109375, 318.5831298828125, 358.406005859375, 398.2288818359375, 438.0517578125, 477.8746337890625, 517.697509765625, 557.5204467773438, 597.3433227539062, 637.1661987304688, 676.9890747070312, 716.8119506835938, 756.6348876953125, 796.457763671875, 836.2806396484375, 876.103515625, 915.9263916015625, 955.749267578125, 995.5721435546875, 1035.39501953125, 1075.218017578125, 1115.0408935546875, 1154.86376953125, 1194.6866455078125, 1234.509521484375, 1274.3323974609375]}, "gradients/graph_21linear.3.bias": {"_type": "histogram", "values": [1.0, 0.0, 0.0, 0.0, 0.0, 0.0, 0.0, 0.0, 0.0, 0.0, 1.0, 1.0, 0.0, 0.0, 0.0, 0.0, 0.0, 3.0, 1.0, 2.0, 2.0, 0.0, 0.0, 0.0, 0.0, 0.0, 0.0, 0.0, 1.0, 0.0, 0.0, 1.0, 0.0, 0.0, 0.0, 14.0, 0.0, 1.0, 1.0, 0.0, 0.0, 0.0, 1.0, 0.0, 0.0, 0.0, 0.0, 0.0, 0.0, 0.0, 0.0, 0.0, 0.0, 0.0, 0.0, 0.0, 0.0, 1.0, 0.0, 0.0, 0.0, 0.0, 0.0, 1.0], "bins": [-159.74700927734375, -155.2699737548828, -150.7929229736328, -146.31588745117188, -141.83885192871094, -137.36181640625, -132.884765625, -128.40773010253906, -123.9306869506836, -119.45364379882812, -114.97660827636719, -110.49956512451172, -106.02252197265625, -101.54548645019531, -97.06844329833984, -92.5914077758789, -88.11436462402344, -83.63732147216797, -79.16028594970703, -74.68324279785156, -70.20620727539062, -65.72916412353516, -61.25212097167969, -56.77508544921875, -52.29804229736328, -47.82099914550781, -43.343963623046875, -38.866920471191406, -34.38987731933594, -29.912841796875, -25.435806274414062, -20.958755493164062, -16.481727600097656, -12.004692077636719, -7.527641296386719, -3.0506057739257812, 1.4264297485351562, 5.903472900390625, 10.380516052246094, 14.857551574707031, 19.3345947265625, 23.81163787841797, 28.288673400878906, 32.765716552734375, 37.242759704589844, 41.71979522705078, 46.19683837890625, 50.67387390136719, 55.150917053222656, 59.627960205078125, 64.10499572753906, 68.58203887939453, 73.05908203125, 77.53611755371094, 82.0131607055664, 86.49020385742188, 90.96723937988281, 95.44427490234375, 99.92131805419922, 104.39836120605469, 108.87539672851562, 113.3524398803711, 117.82948303222656, 122.3065185546875, 126.78356170654297]}, "gradients/graph_21linear.3.weight": {"_type": "histogram", "values": [1.0, 2.0, 0.0, 0.0, 0.0, 0.0, 0.0, 0.0, 0.0, 0.0, 3.0, 2.0, 2.0, 0.0, 0.0, 0.0, 1.0, 6.0, 7.0, 4.0, 7.0, 2.0, 5.0, 2.0, 4.0, 2.0, 4.0, 4.0, 4.0, 5.0, 3.0, 5.0, 3.0, 10.0, 2.0, 900.0, 5.0, 6.0, 5.0, 2.0, 1.0, 0.0, 3.0, 1.0, 0.0, 0.0, 1.0, 1.0, 0.0, 0.0, 1.0, 1.0, 0.0, 0.0, 0.0, 1.0, 2.0, 1.0, 0.0, 0.0, 0.0, 0.0, 1.0, 2.0], "bins": [-1427.5767822265625, -1387.5677490234375, -1347.558837890625, -1307.5498046875, -1267.540771484375, -1227.53173828125, -1187.522705078125, -1147.5137939453125, -1107.5047607421875, -1067.4957275390625, -1027.48681640625, -987.477783203125, -947.46875, -907.459716796875, -867.4507446289062, -827.4417724609375, -787.4327392578125, -747.4237060546875, -707.4147338867188, -667.40576171875, -627.396728515625, -587.3876953125, -547.3787231445312, -507.3697509765625, -467.3607177734375, -427.3516845703125, -387.3426513671875, -347.333740234375, -307.32470703125, -267.315673828125, -227.3067626953125, -187.2977294921875, -147.2886962890625, -107.2796630859375, -67.2706298828125, -27.26171875, 12.747314453125, 52.75634765625, 92.7652587890625, 132.7742919921875, 172.7833251953125, 212.7923583984375, 252.80133056640625, 292.810302734375, 332.8193359375, 372.828369140625, 412.83734130859375, 452.8463134765625, 492.8553466796875, 532.8643798828125, 572.8733520507812, 612.88232421875, 652.891357421875, 692.900390625, 732.9093627929688, 772.9183349609375, 812.9273681640625, 852.9364013671875, 892.9453735351562, 932.954345703125, 972.96337890625, 1012.972412109375, 1052.9814453125, 1092.9903564453125, 1132.9993896484375]}, "gradients/graph_21linear.0.bias": {"_type": "histogram", "values": [1.0, 0.0, 0.0, 1.0, 0.0, 0.0, 0.0, 1.0, 0.0, 0.0, 0.0, 0.0, 0.0, 0.0, 0.0, 0.0, 1.0, 1.0, 0.0, 0.0, 0.0, 0.0, 1.0, 0.0, 0.0, 0.0, 0.0, 0.0, 0.0, 0.0, 0.0, 0.0, 0.0, 0.0, 0.0, 0.0, 0.0, 25.0, 0.0, 0.0, 0.0, 0.0, 0.0, 0.0, 0.0, 0.0, 0.0, 0.0, 0.0, 0.0, 0.0, 0.0, 0.0, 0.0, 0.0, 0.0, 0.0, 0.0, 0.0, 0.0, 0.0, 0.0, 0.0, 1.0], "bins": [-156.69998168945312, -152.51881408691406, -148.337646484375, -144.15647888183594, -139.97531127929688, -135.7941436767578, -131.61297607421875, -127.43180847167969, -123.25064086914062, -119.06947326660156, -114.8883056640625, -110.70713806152344, -106.52596282958984, -102.34479522705078, -98.16362762451172, -93.98246002197266, -89.8012924194336, -85.62012481689453, -81.43895721435547, -77.2577896118164, -73.07662200927734, -68.89545440673828, -64.71428680419922, -60.533119201660156, -56.35194396972656, -52.1707763671875, -47.98960876464844, -43.808441162109375, -39.62727355957031, -35.44610595703125, -31.264938354492188, -27.083770751953125, -22.902603149414062, -18.721435546875, -14.540267944335938, -10.359100341796875, -6.1779327392578125, -1.99676513671875, 2.1844024658203125, 6.365570068359375, 10.546737670898438, 14.727912902832031, 18.909080505371094, 23.090248107910156, 27.27141571044922, 31.45258331298828, 35.633750915527344, 39.814918518066406, 43.99608612060547, 48.17725372314453, 52.358421325683594, 56.539588928222656, 60.72075653076172, 64.90193176269531, 69.08309936523438, 73.26426696777344, 77.4454345703125, 81.62660217285156, 85.80776977539062, 89.98893737792969, 94.17010498046875, 98.35127258300781, 102.53244018554688, 106.71360778808594, 110.894775390625]}, "gradients/graph_21linear.0.weight": {"_type": "histogram",