{"Linear loss": 13861.5791015625, "_timestamp": 1715770881.8065534, "_runtime": 60.138758420944214, "_step": 1809, "gradients/graph_31linear.5.bias": {"_type": "histogram", "values": [7.0, 0.0, 0.0, 3.0, 0.0, 0.0, 0.0, 0.0, 0.0, 0.0, 0.0, 0.0, 0.0, 0.0, 0.0, 0.0, 0.0, 0.0, 0.0, 0.0, 0.0, 0.0, 0.0, 0.0, 0.0, 0.0, 0.0, 0.0, 14.0, 0.0, 0.0, 2.0, 41.0, 0.0, 0.0, 15.0, 0.0, 0.0, 0.0, 0.0, 0.0, 0.0, 0.0, 0.0, 0.0, 0.0, 0.0, 0.0, 0.0, 0.0, 0.0, 0.0, 0.0, 0.0, 0.0, 0.0, 0.0, 0.0, 0.0, 0.0, 4.0, 0.0, 0.0, 10.0], "bins": [-200.0, -193.75, -187.5, -181.25, -175.0, -168.75, -162.5, -156.25, -150.0, -143.75, -137.5, -131.25, -125.0, -118.75, -112.5, -106.25, -100.0, -93.75, -87.5, -81.25, -75.0, -68.75, -62.5, -56.25, -50.0, -43.75, -37.5, -31.25, -25.0, -18.75, -12.5, -6.25, 0.0, 6.25, 12.5, 18.75, 25.0, 31.25, 37.5, 43.75, 50.0, 56.25, 62.5, 68.75, 75.0, 81.25, 87.5, 93.75, 100.0, 106.25, 112.5, 118.75, 125.0, 131.25, 137.5, 143.75, 150.0, 156.25, 162.5, 168.75, 175.0, 181.25, 187.5, 193.75, 200.0]}, "gradients/graph_31linear.5.weight": {"_type": "histogram", "values": [7.0, 0.0, 0.0, 3.0, 0.0, 0.0, 0.0, 0.0, 0.0, 0.0, 0.0, 0.0, 0.0, 0.0, 0.0, 0.0, 0.0, 0.0, 0.0, 0.0, 0.0, 0.0, 0.0, 0.0, 0.0, 0.0, 0.0, 0.0, 21.0, 3.0, 10.0, 34.0, 6009.0, 14.0, 4.0, 25.0, 0.0, 0.0, 0.0, 0.0, 0.0, 0.0, 0.0, 0.0, 0.0, 0.0, 0.0, 0.0, 0.0, 0.0, 0.0, 0.0, 0.0, 0.0, 0.0, 0.0, 0.0, 0.0, 0.0, 0.0, 4.0, 0.0, 0.0, 10.0], "bins": [-1493.80029296875, -1447.1190185546875, -1400.437744140625, -1353.7564697265625, -1307.0751953125, -1260.39404296875, -1213.7127685546875, -1167.031494140625, -1120.3502197265625, -1073.6689453125, -1026.9876708984375, -980.3064575195312, -933.6251831054688, -886.9439086914062, -840.2626953125, -793.5814208984375, -746.900146484375, -700.2188720703125, -653.53759765625, -606.8563842773438, -560.1751098632812, -513.4938354492188, -466.8126220703125, -420.13134765625, -373.4500732421875, -326.768798828125, -280.0875244140625, -233.40625, -186.72509765625, -140.0438232421875, -93.362548828125, -46.6812744140625, 0.0, 46.6812744140625, 93.362548828125, 140.0438232421875, 186.72509765625, 233.40625, 280.0875244140625, 326.768798828125, 373.4500732421875, 420.13134765625, 466.8126220703125, 513.4938354492188, 560.1751098632812, 606.8563842773438, 653.53759765625, 700.2188720703125, 746.900146484375, 793.5814208984375, 840.2626953125, 886.9439086914062, 933.6251831054688, 980.3064575195312, 1026.9876708984375, 1073.6689453125, 1120.3502197265625, 1167.031494140625, 1213.7127685546875, 1260.39404296875, 1307.0751953125, 1353.7564697265625, 1400.437744140625, 1447.1190185546875, 1493.80029296875]}, "gradients/graph_31linear.3.bias": {"_type": "histogram", "values": [1.0, 0.0, 0.0, 0.0, 0.0, 0.0, 0.0, 0.0, 0.0, 0.0, 0.0, 0.0, 0.0, 0.0, 0.0, 0.0, 0.0, 0.0, 0.0, 0.0, 0.0, 0.0, 0.0, 0.0, 0.0, 0.0, 0.0, 0.0, 0.0, 0.0, 0.0, 0.0, 0.0, 0.0, 0.0, 0.0, 0.0, 0.0, 0.0, 0.0, 0.0, 1.0, 0.0, 0.0, 0.0, 1.0, 0.0, 0.0, 0.0, 0.0, 0.0, 0.0, 0.0, 0.0, 0.0, 0.0, 0.0, 0.0, 0.0, 0.0, 0.0, 0.0, 0.0, 61.0], "bins": [-500.0248107910156, -492.2119140625, -484.3990478515625, -476.5861511230469, -468.77325439453125, -460.96038818359375, -453.1474914550781, -445.3345947265625, -437.5216979980469, -429.7088317871094, -421.89593505859375, -414.0830383300781, -406.2701416015625, -398.457275390625, -390.6443786621094, -382.83148193359375, -375.01861572265625, -367.2057189941406, -359.392822265625, -351.5799560546875, -343.7670593261719, -335.95416259765625, -328.14129638671875, -320.3283996582031, -312.5155029296875, -304.70263671875, -296.88970947265625, -289.07684326171875, -281.26397705078125, -273.4510498046875, -265.63818359375, -257.8252868652344, -250.0124053955078, -242.19952392578125, -234.38662719726562, -226.57374572753906, -218.76084899902344, -210.94796752929688, -203.1350860595703, -195.3221893310547, -187.50930786132812, -179.6964111328125, -171.88352966308594, -164.07064819335938, -156.25775146484375, -148.4448699951172, -140.63197326660156, -132.819091796875, -125.0062026977539, -117.19331359863281, -109.38042449951172, -101.56754302978516, -93.75465393066406, -85.94176483154297, -78.12887573242188, -70.31598663330078, -62.50310134887695, -54.69021224975586, -46.87732696533203, -39.06443786621094, -31.251550674438477, -23.438663482666016, -15.625775337219238, -7.812887668609619, 0.0]}, "gradients/graph_31linear.3.weight": {"_type": "histogram", "values": [1.0, 0.0, 0.0, 0.0, 0.0, 0.0, 0.0, 0.0, 0.0, 0.0, 0.0, 0.0, 0.0, 0.0, 0.0, 0.0, 0.0, 0.0, 0.0, 0.0, 0.0, 0.0, 0.0, 0.0, 0.0, 0.0, 0.0, 0.0, 0.0, 0.0, 0.0, 0.0, 0.0, 0.0, 0.0, 0.0, 0.0, 0.0, 0.0, 0.0, 0.0, 1.0, 0.0, 0.0, 0.0, 1.0, 0.0, 0.0, 0.0, 0.0, 0.0, 0.0, 0.0, 0.0, 0.0, 0.0, 0.0, 0.0, 0.0, 0.0, 0.0, 0.0, 0.0, 4093.0], "bins": [-11405.138671875, -11226.93359375, -11048.728515625, -10870.5224609375, -10692.3173828125, -10514.1123046875, -10335.9072265625, -10157.701171875, -9979.49609375, -9801.291015625, -9623.0859375, -9444.880859375, -9266.67578125, -9088.4697265625, -8910.2646484375, -8732.0595703125, -8553.853515625, -8375.6484375, -8197.443359375, -8019.23828125, -7841.03271484375, -7662.82763671875, -7484.6220703125, -7306.4169921875, -7128.2119140625, -6950.00634765625, -6771.80126953125, -6593.595703125, -6415.390625, -6237.18505859375, -6058.97998046875, -5880.7744140625, -5702.5693359375, -5524.3642578125, -5346.15869140625, -5167.95361328125, -4989.748046875, -4811.54296875, -4633.33740234375, -4455.13232421875, -4276.9267578125, -4098.7216796875, -3920.516357421875, -3742.31103515625, -3564.10595703125, -3385.900634765625, -3207.6953125, -3029.489990234375, -2851.28466796875, -2673.079345703125, -2494.8740234375, -2316.668701171875, -2138.46337890625, -1960.2581787109375, -1782.052978515625, -1603.84765625, -1425.642333984375, -1247.43701171875, -1069.231689453125, -891.0264892578125, -712.8211669921875, -534.6158447265625, -356.41058349609375, -178.20529174804688, -0.0]}, "gradients/graph_31linear.0.bias": {"_type": "histogram", "values": [1.0, 0.0, 0.0, 0.0, 0.0, 0.0, 0.0, 0.0, 0.0, 0.0, 0.0, 0.0, 0.0, 0.0, 0.0, 0.0, 0.0, 0.0, 0.0, 0.0, 0.0, 0.0, 0.0, 0.0, 0.0, 0.0, 0.0, 0.0, 0.0, 0.0, 0.0, 0.0, 0.0, 0.0, 0.0, 0.0, 0.0, 0.0, 0.0, 0.0, 0.0, 0.0, 0.0, 0.0, 0.0, 0.0, 0.0, 0.0, 0.0, 0.0, 0.0, 0.0, 0.0, 0.0, 0.0, 0.0, 0.0, 0.0, 0.0, 0.0, 0.0, 0.0, 0.0, 63.0], "bins": [-428.24969482421875, -421.55828857421875, -414.86688232421875, -408.17547607421875, -401.4841003417969, -394.7926940917969, -388.1012878417969, -381.4098815917969, -374.7184753417969, -368.0270690917969, -361.335693359375, -354.644287109375, -347.952880859375, -341.261474609375, -334.570068359375, -327.878662109375, -321.187255859375, -314.4958801269531, -307.8044738769531, -301.1130676269531, -294.4216613769531, -287.73028564453125, -281.03887939453125, -274.34747314453125, -267.65606689453125, -260.96466064453125, -254.27325439453125, -247.58184814453125, -240.8904571533203, -234.1990509033203, -227.5076446533203, -220.81625366210938, -214.12484741210938, -207.43344116210938, -200.74205017089844, -194.05064392089844, -187.35923767089844, -180.6678466796875, -173.9764404296875, -167.2850341796875, -160.5936279296875, -153.90223693847656, -147.21083068847656, -140.51942443847656, -133.82803344726562, -127.13662719726562, -120.44522857666016, -113.75382232666016, -107.06242370605469, -100.37102508544922, -93.67961883544922, -86.98822021484375, -80.29681396484375, -73.60541534423828, -66.91401672363281, -60.22261428833008, -53.531211853027344, -46.83980941772461, -40.148406982421875, -33.457008361816406, -26.765605926513672, -20.074203491210938, -13.382802963256836, -6.691401481628418, 0.0]}, "gradients/graph_31linear.0.weight": {"_type": "histogram",