{"Linear loss": 11446.8115234375, "_timestamp": 1715768805.244043, "_runtime": 67.73130822181702, "_step": 1809, "gradients/graph_12linear.5.bias": {"_type": "histogram", "values": [7.0, 0.0, 0.0, 3.0, 0.0, 0.0, 0.0, 0.0, 0.0, 0.0, 0.0, 0.0, 0.0, 0.0, 0.0, 0.0, 0.0, 0.0, 0.0, 0.0, 0.0, 0.0, 0.0, 0.0, 0.0, 0.0, 0.0, 0.0, 11.0, 0.0, 0.0, 2.0, 43.0, 0.0, 0.0, 16.0, 0.0, 0.0, 0.0, 0.0, 0.0, 0.0, 0.0, 0.0, 0.0, 0.0, 0.0, 0.0, 0.0, 0.0, 0.0, 0.0, 0.0, 0.0, 0.0, 0.0, 0.0, 2.0, 0.0, 0.0, 2.0, 0.0, 0.0, 10.0], "bins": [-200.0, -193.75, -187.5, -181.25, -175.0, -168.75, -162.5, -156.25, -150.0, -143.75, -137.5, -131.25, -125.0, -118.75, -112.5, -106.25, -100.0, -93.75, -87.5, -81.25, -75.0, -68.75, -62.5, -56.25, -50.0, -43.75, -37.5, -31.25, -25.0, -18.75, -12.5, -6.25, 0.0, 6.25, 12.5, 18.75, 25.0, 31.25, 37.5, 43.75, 50.0, 56.25, 62.5, 68.75, 75.0, 81.25, 87.5, 93.75, 100.0, 106.25, 112.5, 118.75, 125.0, 131.25, 137.5, 143.75, 150.0, 156.25, 162.5, 168.75, 175.0, 181.25, 187.5, 193.75, 200.0]}, "gradients/graph_12linear.5.weight": {"_type": "histogram", "values": [7.0, 0.0, 0.0, 3.0, 0.0, 0.0, 0.0, 0.0, 0.0, 0.0, 0.0, 0.0, 0.0, 0.0, 0.0, 0.0, 0.0, 0.0, 0.0, 7.0, 3.0, 0.0, 0.0, 0.0, 0.0, 0.0, 0.0, 0.0, 11.0, 0.0, 11.0, 4.0, 2966.0, 16.0, 0.0, 16.0, 0.0, 0.0, 0.0, 0.0, 0.0, 0.0, 2.0, 2.0, 10.0, 0.0, 0.0, 0.0, 0.0, 0.0, 0.0, 0.0, 0.0, 0.0, 0.0, 0.0, 0.0, 2.0, 0.0, 0.0, 2.0, 0.0, 0.0, 10.0], "bins": [-691.0653076171875, -669.4695434570312, -647.8737182617188, -626.2779541015625, -604.68212890625, -583.0863647460938, -561.4906005859375, -539.894775390625, -518.2989501953125, -496.70318603515625, -475.1073913574219, -453.5115966796875, -431.91583251953125, -410.3200378417969, -388.7242431640625, -367.1284484863281, -345.53265380859375, -323.9368591308594, -302.341064453125, -280.7452697753906, -259.14947509765625, -237.5537109375, -215.95791625976562, -194.36212158203125, -172.766357421875, -151.1705322265625, -129.57476806640625, -107.97894287109375, -86.3831787109375, -64.787353515625, -43.19158935546875, -21.59576416015625, 0.0, 21.59576416015625, 43.19158935546875, 64.787353515625, 86.3831787109375, 107.97894287109375, 129.57476806640625, 151.1705322265625, 172.766357421875, 194.36212158203125, 215.95791625976562, 237.5537109375, 259.14947509765625, 280.7452697753906, 302.341064453125, 323.9368591308594, 345.53265380859375, 367.1284484863281, 388.7242431640625, 410.3200378417969, 431.91583251953125, 453.5115966796875, 475.1073913574219, 496.70318603515625, 518.2989501953125, 539.894775390625, 561.4906005859375, 583.0863647460938, 604.68212890625, 626.2779541015625, 647.8737182617188, 669.4695434570312, 691.0653076171875]}, "gradients/graph_12linear.3.bias": {"_type": "histogram", "values": [1.0, 0.0, 0.0, 0.0, 0.0, 0.0, 0.0, 0.0, 0.0, 0.0, 0.0, 0.0, 0.0, 0.0, 0.0, 0.0, 0.0, 0.0, 0.0, 0.0, 0.0, 0.0, 0.0, 0.0, 0.0, 0.0, 0.0, 0.0, 0.0, 0.0, 0.0, 0.0, 0.0, 0.0, 0.0, 0.0, 0.0, 0.0, 0.0, 0.0, 0.0, 1.0, 0.0, 0.0, 0.0, 0.0, 0.0, 0.0, 0.0, 0.0, 0.0, 0.0, 0.0, 0.0, 0.0, 0.0, 0.0, 0.0, 0.0, 0.0, 0.0, 0.0, 0.0, 30.0], "bins": [-600.2376098632812, -590.85888671875, -581.4801635742188, -572.1014404296875, -562.7227783203125, -553.3440551757812, -543.96533203125, -534.5866088867188, -525.2078857421875, -515.8292236328125, -506.45050048828125, -497.07177734375, -487.69305419921875, -478.3143310546875, -468.9356384277344, -459.5569152832031, -450.17822265625, -440.79949951171875, -431.4207763671875, -422.04205322265625, -412.6633605957031, -403.2846374511719, -393.90594482421875, -384.5272216796875, -375.14849853515625, -365.769775390625, -356.3910827636719, -347.01239013671875, -337.6336669921875, -328.25494384765625, -318.876220703125, -309.4975280761719, -300.1188049316406, -290.7400817871094, -281.36138916015625, -271.982666015625, -262.60394287109375, -253.22523498535156, -243.84652709960938, -234.4678192138672, -225.089111328125, -215.71038818359375, -206.33168029785156, -196.95297241210938, -187.57424926757812, -178.19554138183594, -168.81683349609375, -159.4381103515625, -150.0594024658203, -140.68069458007812, -131.30197143554688, -121.92326354980469, -112.5445556640625, -103.16584014892578, -93.78712463378906, -84.40841674804688, -75.02970123291016, -65.65098571777344, -56.27227783203125, -46.89356231689453, -37.51485061645508, -28.136138916015625, -18.75742530822754, -9.37871265411377, 0.0]}, "gradients/graph_12linear.3.weight": {"_type": "histogram", "values": [1.0, 0.0, 0.0, 0.0, 0.0, 0.0, 0.0, 0.0, 1.0, 1.0, 0.0, 0.0, 0.0, 0.0, 0.0, 0.0, 1.0, 0.0, 0.0, 0.0, 0.0, 0.0, 0.0, 0.0, 1.0, 0.0, 0.0, 0.0, 0.0, 0.0, 0.0, 0.0, 0.0, 0.0, 0.0, 0.0, 1.0, 0.0, 0.0, 0.0, 0.0, 1.0, 0.0, 0.0, 1.0, 1.0, 0.0, 1.0, 0.0, 0.0, 2.0, 0.0, 0.0, 0.0, 1.0, 0.0, 0.0, 0.0, 0.0, 2.0, 0.0, 0.0, 1.0, 1008.0], "bins": [-11754.0224609375, -11570.3662109375, -11386.708984375, -11203.052734375, -11019.396484375, -10835.7392578125, -10652.0830078125, -10468.42578125, -10284.76953125, -10101.11328125, -9917.4560546875, -9733.7998046875, -9550.1435546875, -9366.486328125, -9182.830078125, -8999.173828125, -8815.5166015625, -8631.8603515625, -8448.203125, -8264.546875, -8080.890625, -7897.23388671875, -7713.5771484375, -7529.92041015625, -7346.26416015625, -7162.607421875, -6978.95068359375, -6795.29443359375, -6611.6376953125, -6427.98095703125, -6244.32421875, -6060.66796875, -5877.01123046875, -5693.3544921875, -5509.6982421875, -5326.04150390625, -5142.384765625, -4958.72802734375, -4775.07177734375, -4591.4150390625, -4407.75830078125, -4224.10205078125, -4040.4453125, -3856.78857421875, -3673.132080078125, -3489.475341796875, -3305.81884765625, -3122.162109375, -2938.505615234375, -2754.84912109375, -2571.1923828125, -2387.535888671875, -2203.879150390625, -2020.22265625, -1836.5660400390625, -1652.909423828125, -1469.2528076171875, -1285.59619140625, -1101.9395751953125, -918.2830200195312, -734.6264038085938, -550.9697875976562, -367.3132019042969, -183.65660095214844, -0.0]}, "gradients/graph_12linear.0.bias": {"_type": "histogram", "values": [1.0, 0.0, 0.0, 0.0, 0.0, 0.0, 0.0, 0.0, 1.0, 0.0, 0.0, 1.0, 1.0, 0.0, 0.0, 0.0, 0.0, 0.0, 0.0, 0.0, 0.0, 0.0, 0.0, 0.0, 24.0, 0.0, 0.0, 0.0, 1.0, 0.0, 0.0, 0.0, 0.0, 0.0, 0.0, 0.0, 0.0, 0.0, 1.0, 1.0, 0.0, 0.0, 0.0, 0.0, 0.0, 0.0, 0.0, 0.0, 0.0, 0.0, 0.0, 0.0, 0.0, 0.0, 0.0, 0.0, 0.0, 0.0, 0.0, 0.0, 0.0, 0.0, 0.0, 1.0], "bins": [-314.3218688964844, -301.42132568359375, -288.5207824707031, -275.6202392578125, -262.7196960449219, -249.81915283203125, -236.91860961914062, -224.01806640625, -211.11752319335938, -198.21697998046875, -185.31643676757812, -172.4158935546875, -159.51535034179688, -146.61480712890625, -133.71426391601562, -120.813720703125, -107.91317749023438, -95.01263427734375, -82.11209106445312, -69.2115478515625, -56.311004638671875, -43.41046142578125, -30.509918212890625, -17.609375, -4.708831787109375, 8.19171142578125, 21.092254638671875, 33.9927978515625, 46.893341064453125, 59.79388427734375, 72.69442749023438, 85.594970703125, 98.49554443359375, 111.39608764648438, 124.296630859375, 137.19717407226562, 150.09771728515625, 162.99826049804688, 175.8988037109375, 188.79934692382812, 201.69989013671875, 214.60043334960938, 227.5009765625, 240.40151977539062, 253.30206298828125, 266.2026062011719, 279.1031494140625, 292.0036926269531, 304.90423583984375, 317.8047790527344, 330.705322265625, 343.6058654785156, 356.50640869140625, 369.4069519042969, 382.3074951171875, 395.2080383300781, 408.10858154296875, 421.0091247558594, 433.90966796875, 446.8102111816406, 459.71075439453125, 472.6112976074219, 485.5118408203125, 498.4123840332031, 511.31292724609375]}, "gradients/graph_12linear.0.weight": {"_type": "histogram",