{"gradients/graph_13linear.5.bias": {"_type": "histogram", "values": [2.0, 1.0, 0.0, 3.0, 5.0, 6.0, 4.0, 7.0, 2.0, 2.0, 1.0, 28.0, 1.0, 0.0, 1.0, 1.0, 0.0, 1.0, 0.0, 1.0, 1.0, 1.0, 1.0, 0.0, 0.0, 1.0, 0.0, 0.0, 0.0, 0.0, 0.0, 0.0, 1.0, 1.0, 1.0, 2.0, 2.0, 5.0, 2.0, 4.0, 1.0, 2.0, 1.0, 0.0, 1.0, 1.0, 0.0, 0.0, 0.0, 0.0, 0.0, 0.0, 0.0, 0.0, 0.0, 0.0, 1.0, 0.0, 0.0, 0.0, 0.0, 0.0, 0.0, 1.0], "bins": [-0.43062084913253784, -0.41128432750701904, -0.39194780588150024, -0.37261125445365906, -0.35327473282814026, -0.33393821120262146, -0.3146016597747803, -0.2952651381492615, -0.2759286165237427, -0.2565920948982239, -0.23725555837154388, -0.2179190218448639, -0.1985825002193451, -0.1792459785938263, -0.1599094271659851, -0.1405729055404663, -0.12123638391494751, -0.10189986228942871, -0.08256334066390991, -0.06322678923606873, -0.04389026761054993, -0.024553745985031128, -0.005217194557189941, 0.014119327068328857, 0.033455848693847656, 0.052792370319366455, 0.07212889194488525, 0.09146541357040405, 0.11080199480056763, 0.13013851642608643, 0.14947503805160522, 0.16881155967712402, 0.18814802169799805, 0.20748454332351685, 0.22682106494903564, 0.24615758657455444, 0.26549410820007324, 0.2848306894302368, 0.3041672110557556, 0.3235037326812744, 0.3428402543067932, 0.362176775932312, 0.3815132975578308, 0.400849848985672, 0.4201863706111908, 0.4395228922367096, 0.4588594436645508, 0.4781959652900696, 0.4975324869155884, 0.5168690085411072, 0.536205530166626, 0.5555421113967896, 0.5748785734176636, 0.5942151546478271, 0.613551676273346, 0.6328881978988647, 0.6522247195243835, 0.6715612411499023, 0.6908977627754211, 0.7102342844009399, 0.7295708656311035, 0.7489073872566223, 0.7682439088821411, 0.7875804305076599, 0.8069169521331787]}, "_timestamp": 1715849717.2563045, "gradients/graph_13linear.5.weight": {"_type": "histogram", "values": [2.0, 1.0, 0.0, 3.0, 5.0, 6.0, 4.0, 7.0, 2.0, 2.0, 1.0, 28.0, 5.0, 4.0, 25.0, 42.0, 34.0, 118.0, 99.0, 231.0, 269.0, 130.0, 10874.0, 37.0, 90.0, 89.0, 43.0, 27.0, 31.0, 25.0, 12.0, 5.0, 5.0, 1.0, 2.0, 2.0, 5.0, 5.0, 2.0, 5.0, 3.0, 2.0, 1.0, 0.0, 1.0, 1.0, 0.0, 0.0, 0.0, 0.0, 0.0, 0.0, 0.0, 0.0, 0.0, 0.0, 1.0, 0.0, 0.0, 0.0, 0.0, 0.0, 0.0, 1.0], "bins": [-35.73014831542969, -34.125728607177734, -32.521305084228516, -30.916885375976562, -29.31246566772461, -27.708044052124023, -26.103622436523438, -24.499202728271484, -22.89478302001953, -21.290361404418945, -19.68593978881836, -18.081520080566406, -16.47709846496582, -14.872678756713867, -13.268257141113281, -11.663837432861328, -10.059415817260742, -8.454994201660156, -6.850574493408203, -5.246152877807617, -3.6417312622070312, -2.037311553955078, -0.432891845703125, 1.1715278625488281, 2.775951385498047, 4.38037109375, 5.984790802001953, 7.589214324951172, 9.193634033203125, 10.798053741455078, 12.402473449707031, 14.00689697265625, 15.611316680908203, 17.215736389160156, 18.820159912109375, 20.424579620361328, 22.02899932861328, 23.633419036865234, 25.237842559814453, 26.842262268066406, 28.44668197631836, 30.051105499267578, 31.65552520751953, 33.259944915771484, 34.86436462402344, 36.468788146972656, 38.07320785522461, 39.67762756347656, 41.28205108642578, 42.886470794677734, 44.49089050292969, 46.095314025878906, 47.699729919433594, 49.30415344238281, 50.908573150634766, 52.51299285888672, 54.11741638183594, 55.72183609008789, 57.326255798339844, 58.93067932128906, 60.535099029541016, 62.13951873779297, 63.74393844604492, 65.34835815429688, 66.9527816772461]}, "gradients/graph_13linear.3.bias": {"_type": "histogram", "values": [1.0, 0.0, 0.0, 0.0, 0.0, 0.0, 0.0, 0.0, 0.0, 0.0, 0.0, 0.0, 0.0, 0.0, 0.0, 0.0, 0.0, 0.0, 2.0, 1.0, 0.0, 2.0, 0.0, 0.0, 1.0, 1.0, 1.0, 0.0, 0.0, 1.0, 0.0, 2.0, 0.0, 1.0, 0.0, 1.0, 1.0, 0.0, 0.0, 0.0, 0.0, 0.0, 0.0, 1.0, 111.0, 0.0, 0.0, 0.0, 0.0, 0.0, 0.0, 0.0, 0.0, 0.0, 0.0, 0.0, 0.0, 0.0, 0.0, 0.0, 0.0, 0.0, 0.0, 1.0], "bins": [-2.8290979862213135, -2.766071319580078, -2.7030446529388428, -2.6400182247161865, -2.576991558074951, -2.513964891433716, -2.4509382247924805, -2.387911558151245, -2.3248848915100098, -2.2618584632873535, -2.198831796646118, -2.135805130004883, -2.0727784633636475, -2.009751796722412, -1.9467252492904663, -1.8836987018585205, -1.8206720352172852, -1.7576453685760498, -1.694618821144104, -1.6315921545028687, -1.5685656070709229, -1.5055389404296875, -1.4425122737884521, -1.3794857263565063, -1.316459059715271, -1.2534323930740356, -1.1904058456420898, -1.1273791790008545, -1.0643525123596191, -1.0013259649276733, -0.938299298286438, -0.8752727508544922, -0.8122460842132568, -0.7492194175720215, -0.6861928701400757, -0.6231662034988403, -0.5601396560668945, -0.4971129894256592, -0.43408632278442383, -0.371059775352478, -0.3080331087112427, -0.24500644207000732, -0.18197989463806152, -0.11895322799682617, -0.05592656135559082, 0.0070999860763549805, 0.07012665271759033, 0.13315320014953613, 0.19617986679077148, 0.25920647382736206, 0.32223308086395264, 0.385259747505188, 0.44828635454177856, 0.5113129615783691, 0.5743396282196045, 0.6373662352561951, 0.7003928422927856, 0.7634194493293762, 0.8264460563659668, 0.8894727230072021, 0.9524993300437927, 1.0155259370803833, 1.0785526037216187, 1.1415791511535645, 1.2046058177947998]}, "gradients/graph_13linear.3.weight": {"_type": "histogram", "values": [1.0, 0.0, 0.0, 0.0, 0.0, 0.0, 0.0, 0.0, 0.0, 0.0, 0.0, 0.0, 0.0, 0.0, 0.0, 0.0, 0.0, 0.0, 2.0, 1.0, 1.0, 2.0, 0.0, 0.0, 1.0, 1.0, 1.0, 0.0, 0.0, 1.0, 2.0, 4.0, 1.0, 1.0, 3.0, 1.0, 2.0, 2.0, 1.0, 1.0, 2.0, 0.0, 7.0, 7.0, 16336.0, 0.0, 1.0, 0.0, 0.0, 0.0, 0.0, 0.0, 0.0, 0.0, 0.0, 1.0, 0.0, 0.0, 0.0, 0.0, 0.0, 0.0, 0.0, 1.0], "bins": [-302.56939697265625, -295.8287658691406, -289.088134765625, -282.34747314453125, -275.6068420410156, -268.8662109375, -262.12554931640625, -255.38491821289062, -248.644287109375, -241.90365600585938, -235.1630096435547, -228.42236328125, -221.68173217773438, -214.94110107421875, -208.20045471191406, -201.45980834960938, -194.71917724609375, -187.97854614257812, -181.23789978027344, -174.49725341796875, -167.75662231445312, -161.0159912109375, -154.2753448486328, -147.53469848632812, -140.7940673828125, -134.05343627929688, -127.31278991699219, -120.5721435546875, -113.83151245117188, -107.09088134765625, -100.35023498535156, -93.60958862304688, -86.86895751953125, -80.12832641601562, -73.38768005371094, -66.64703369140625, -59.906402587890625, -53.165771484375, -46.42512512207031, -39.684478759765625, -32.94384765625, -26.203216552734375, -19.462570190429688, -12.721923828125, -5.981292724609375, 0.75933837890625, 7.4999847412109375, 14.240623474121094, 20.98126220703125, 27.721900939941406, 34.46253967285156, 41.20317840576172, 47.943817138671875, 54.68445587158203, 61.42509460449219, 68.16573333740234, 74.9063720703125, 81.64701080322266, 88.38764953613281, 95.12828826904297, 101.86892700195312, 108.60956573486328, 115.35020446777344, 122.0908432006836, 128.83148193359375]}, "gradients/graph_13linear.0.bias": {"_type": "histogram", "values": [1.0, 0.0, 0.0, 0.0, 0.0, 0.0, 0.0, 0.0, 0.0, 0.0, 0.0, 0.0, 0.0, 0.0, 0.0, 1.0, 0.0, 0.0, 0.0, 0.0, 0.0, 0.0, 0.0, 0.0, 0.0, 0.0, 0.0, 0.0, 0.0, 0.0, 0.0, 0.0, 0.0, 0.0, 0.0, 0.0, 0.0, 0.0, 0.0, 0.0, 0.0, 0.0, 0.0, 0.0, 0.0, 0.0, 125.0, 0.0, 0.0, 0.0, 0.0, 0.0, 0.0, 0.0, 0.0, 0.0, 0.0, 0.0, 0.0, 0.0, 0.0, 0.0, 0.0, 1.0],