{"gradients/graph_7linear.5.bias": {"_type": "histogram", "values": [2.0, 0.0, 0.0, 1.0, 0.0, 0.0, 1.0, 0.0, 0.0, 0.0, 0.0, 0.0, 0.0, 0.0, 0.0, 0.0, 0.0, 0.0, 0.0, 0.0, 0.0, 0.0, 0.0, 0.0, 0.0, 8.0, 0.0, 0.0, 28.0, 0.0, 0.0, 1.0, 38.0, 0.0, 0.0, 19.0, 0.0, 0.0, 16.0, 0.0, 0.0, 0.0, 0.0, 0.0, 0.0, 0.0, 0.0, 0.0, 0.0, 0.0, 0.0, 0.0, 0.0, 0.0, 0.0, 0.0, 0.0, 3.0, 0.0, 0.0, 0.0, 0.0, 0.0, 3.0], "bins": [-200.0, -193.75, -187.5, -181.25, -175.0, -168.75, -162.5, -156.25, -150.0, -143.75, -137.5, -131.25, -125.0, -118.75, -112.5, -106.25, -100.0, -93.75, -87.5, -81.25, -75.0, -68.75, -62.5, -56.25, -50.0, -43.75, -37.5, -31.25, -25.0, -18.75, -12.5, -6.25, 0.0, 6.25, 12.5, 18.75, 25.0, 31.25, 37.5, 43.75, 50.0, 56.25, 62.5, 68.75, 75.0, 81.25, 87.5, 93.75, 100.0, 106.25, 112.5, 118.75, 125.0, 131.25, 137.5, 143.75, 150.0, 156.25, 162.5, 168.75, 175.0, 181.25, 187.5, 193.75, 200.0]}, "_timestamp": 1715865376.110324, "gradients/graph_7linear.5.weight": {"_type": "histogram", "values": [7680.0], "bins": [0.0, 0.0]}, "gradients/graph_7linear.3.bias": {"_type": "histogram", "values": [64.0], "bins": [0.0, 0.0]}, "gradients/graph_7linear.3.weight": {"_type": "histogram", "values": [4096.0], "bins": [0.0, 0.0]}, "gradients/graph_7linear.0.bias": {"_type": "histogram", "values": [64.0], "bins": [0.0, 0.0]}, "gradients/graph_7linear.0.weight": {"_type": "histogram", "values": [9216.0], "bins": [-0.0, -0.0]}, "Linear loss": 8288.898202723673, "_runtime": 450.23378682136536, "_step": 59, "Regret": 0.12303792900391441, "_wandb": {"runtime": 449}}