qF1,qF2,qH1,qH2
9.594116836355173,-2.0647306744916665,0.0,2.0833333333333335
