qF1,qF2,qF3,qH1,qH2,qH3
9.552011387839478,-0.011132917797229691,-1.5103220543099223,0.0,0.0,2.0833333333333335
