qF1,qF2,qH1,qH2
9.483137673610361,-2.0343137254901964,0.0,2.0833333333333335
