qF1,qF2,qH1,qH2
9.546126703344806,-2.083333333333333,0.0,2.083333333333333
