qF1,qF2,qF3,qH1,qH2,qH3
9.55527702599143,-0.010931032214514731,-1.516012761400019,0.0,0.0,2.0833333333333335
