{"Linear loss": 182.1133270263672, "_timestamp": 1715778468.2621744, "_runtime": 104.2579653263092, "_step": 5406, "gradients/graph_14linear.5.bias": {"_type": "histogram", "values": [4.0, 3.0, 1.0, 1.0, 0.0, 0.0, 0.0, 0.0, 0.0, 0.0, 0.0, 0.0, 0.0, 0.0, 0.0, 0.0, 0.0, 1.0, 2.0, 2.0, 1.0, 2.0, 8.0, 0.0, 7.0, 3.0, 0.0, 0.0, 0.0, 0.0, 18.0, 8.0, 1.0, 0.0, 0.0, 0.0, 0.0, 0.0, 3.0, 1.0, 3.0, 0.0, 1.0, 1.0, 1.0, 3.0, 1.0, 0.0, 0.0, 0.0, 0.0, 0.0, 0.0, 0.0, 0.0, 0.0, 0.0, 0.0, 2.0, 1.0, 7.0, 5.0, 2.0, 3.0], "bins": [-0.8135069608688354, -0.789190411567688, -0.7648738622665405, -0.7405573129653931, -0.7162407636642456, -0.6919242143630981, -0.6676076650619507, -0.6432911157608032, -0.6189745664596558, -0.5946580171585083, -0.5703414678573608, -0.5460249185562134, -0.5217083692550659, -0.49739184975624084, -0.4730753004550934, -0.4487587511539459, -0.42444220185279846, -0.400125652551651, -0.37580910325050354, -0.3514925539493561, -0.3271760046482086, -0.30285948514938354, -0.2785429358482361, -0.2542263865470886, -0.22990983724594116, -0.2055932879447937, -0.18127673864364624, -0.15696018934249878, -0.13264364004135132, -0.10832709074020386, -0.0840105414390564, -0.059693992137908936, -0.035377442836761475, -0.011060893535614014, 0.013255655765533447, 0.03757220506668091, 0.06188875436782837, 0.08620530366897583, 0.11052185297012329, 0.13483840227127075, 0.1591549515724182, 0.18347150087356567, 0.20778805017471313, 0.2321045994758606, 0.25642111897468567, 0.28073766827583313, 0.3050542175769806, 0.32937076687812805, 0.3536873161792755, 0.378003865480423, 0.40232041478157043, 0.4266369640827179, 0.45095351338386536, 0.4752700626850128, 0.4995865821838379, 0.5239031314849854, 0.5482196807861328, 0.5725362300872803, 0.5968527793884277, 0.6211693286895752, 0.6454858779907227, 0.6698024272918701, 0.6941189765930176, 0.718435525894165, 0.7427520751953125]}, "gradients/graph_14linear.5.weight": {"_type": "histogram", "values": [6.0, 8.0, 8.0, 4.0, 7.0, 1.0, 4.0, 3.0, 21.0, 38.0, 28.0, 17.0, 24.0, 31.0, 24.0, 27.0, 23.0, 29.0, 24.0, 18.0, 18.0, 49.0, 78.0, 51.0, 121.0, 148.0, 180.0, 226.0, 188.0, 155.0, 194.0, 694.0, 738.0, 1132.0, 74.0, 101.0, 179.0, 156.0, 120.0, 72.0, 94.0, 79.0, 77.0, 83.0, 44.0, 40.0, 57.0, 60.0, 65.0, 66.0, 72.0, 65.0, 63.0, 77.0, 55.0, 31.0, 17.0, 13.0, 10.0, 16.0, 18.0, 12.0, 6.0, 5.0], "bins": [-7.256527900695801, -7.039622783660889, -6.822718143463135, -6.605813026428223, -6.3889079093933105, -6.172002792358398, -5.9550981521606445, -5.738193035125732, -5.52128791809082, -5.304383277893066, -5.087478160858154, -4.870573043823242, -4.653668403625488, -4.436763286590576, -4.219858169555664, -4.00295352935791, -3.786048412322998, -3.569143533706665, -3.352238416671753, -3.13533353805542, -2.918428421020508, -2.701523780822754, -2.484618663787842, -2.2677135467529297, -2.050808906555176, -1.8339037895202637, -1.6169986724853516, -1.4000935554504395, -1.1831889152526855, -0.9662837982177734, -0.7493786811828613, -0.5324740409851074, -0.3155684471130371, -0.098663330078125, 0.1182413101196289, 0.335146427154541, 0.5520515441894531, 0.768956184387207, 0.9858613014221191, 1.2027664184570312, 1.4196715354919434, 1.6365761756896973, 1.8534812927246094, 2.0703864097595215, 2.2872910499572754, 2.5041961669921875, 2.7211010456085205, 2.9380061626434326, 3.1549110412597656, 3.3718159198760986, 3.5887210369110107, 3.8056259155273438, 4.022531032562256, 4.239436149597168, 4.456340789794922, 4.673245906829834, 4.890151023864746, 5.1070556640625, 5.323960781097412, 5.540865898132324, 5.757770538330078, 5.97467565536499, 6.191580772399902, 6.408485412597656, 6.625390529632568]}, "gradients/graph_14linear.3.bias": {"_type": "histogram", "values": [1.0, 0.0, 0.0, 1.0, 0.0, 1.0, 10.0, 1.0, 0.0, 5.0, 5.0, 4.0, 0.0, 2.0, 3.0, 0.0, 3.0, 1.0, 2.0, 0.0, 1.0, 3.0, 4.0, 6.0, 1.0, 1.0, 0.0, 1.0, 1.0, 0.0, 1.0, 0.0, 0.0, 0.0, 0.0, 0.0, 2.0, 2.0, 1.0, 0.0, 0.0, 0.0, 0.0, 0.0, 0.0, 0.0, 0.0, 0.0, 0.0, 0.0, 0.0, 0.0, 0.0, 0.0, 0.0, 0.0, 0.0, 0.0, 0.0, 0.0, 0.0, 0.0, 0.0, 1.0], "bins": [-0.7926069498062134, -0.6738696694374084, -0.5551323890686035, -0.43639516830444336, -0.3176578879356384, -0.1989206075668335, -0.08018338680267334, 0.03855389356613159, 0.15729117393493652, 0.2760283946990967, 0.3947657346725464, 0.5135029554367065, 0.6322401762008667, 0.7509775161743164, 0.8697147369384766, 0.9884520769119263, 1.1071892976760864, 1.2259265184402466, 1.3446637392044067, 1.463401198387146, 1.5821384191513062, 1.7008756399154663, 1.8196128606796265, 1.9383500814437866, 2.0570874214172363, 2.1758246421813965, 2.2945618629455566, 2.413299083709717, 2.532036304473877, 2.650773525238037, 2.7695112228393555, 2.8882484436035156, 3.006985664367676, 3.125722885131836, 3.244460105895996, 3.3631975650787354, 3.4819347858428955, 3.6006720066070557, 3.719409227371216, 3.838146448135376, 3.9568839073181152, 4.075621128082275, 4.1943583488464355, 4.313095569610596, 4.431832790374756, 4.550570011138916, 4.669307708740234, 4.7880449295043945, 4.906782150268555, 5.025519371032715, 5.144256591796875, 5.262993812561035, 5.381731033325195, 5.5004682540893555, 5.619205474853516, 5.737942695617676, 5.856679916381836, 5.975417137145996, 6.094154357910156, 6.212891578674316, 6.331629276275635, 6.450366497039795, 6.569103717803955, 6.687840938568115, 6.806578159332275]}, "gradients/graph_14linear.3.weight": {"_type": "histogram", "values": [1.0, 0.0, 3.0, 9.0, 11.0, 33.0, 2374.0, 413.0, 306.0, 187.0, 118.0, 137.0, 80.0, 108.0, 67.0, 57.0, 48.0, 17.0, 20.0, 20.0, 14.0, 12.0, 11.0, 11.0, 12.0, 4.0, 1.0, 1.0, 1.0, 2.0, 3.0, 2.0, 1.0, 1.0, 0.0, 2.0, 2.0, 2.0, 1.0, 2.0, 1.0, 0.0, 0.0, 0.0, 0.0, 0.0, 0.0, 0.0, 0.0, 0.0, 0.0, 0.0, 0.0, 0.0, 0.0, 0.0, 0.0, 0.0, 0.0, 0.0, 0.0, 0.0, 0.0, 1.0], "bins": [-4.452548503875732, -3.7855300903320312, -3.11851167678833, -2.451493263244629, -1.7844748497009277, -1.1174564361572266, -0.4504380226135254, 0.21658039093017578, 0.883598804473877, 1.5506172180175781, 2.2176356315612793, 2.8846540451049805, 3.5516724586486816, 4.218691349029541, 4.885709285736084, 5.552727222442627, 6.219746112823486, 6.886765003204346, 7.553782939910889, 8.220800399780273, 8.887819290161133, 9.554838180541992, 10.221857070922852, 10.888874053955078, 11.555892944335938, 12.222911834716797, 12.889930725097656, 13.556947708129883, 14.223966598510742, 14.890985488891602, 15.558002471923828, 16.225021362304688, 16.892040252685547, 17.559059143066406, 18.226078033447266, 18.893095016479492, 19.56011390686035, 20.22713279724121, 20.894149780273438, 21.561168670654297, 22.228187561035156, 22.895206451416016, 23.562225341796875, 24.2292423248291, 24.89626121520996, 25.56328010559082, 26.230297088623047, 26.897315979003906, 27.564334869384766, 28.231353759765625, 28.898372650146484, 29.56538963317871, 30.23240852355957, 30.89942741394043, 31.566444396972656, 32.233463287353516, 32.900482177734375, 33.567501068115234, 34.234519958496094, 34.90153884887695, 35.56855773925781, 36.235572814941406, 36.902591705322266, 37.569610595703125, 38.236629486083984]}, "gradients/graph_14linear.0.bias": {"_type": "histogram", "values": [1.0, 2.0, 0.0, 0.0, 1.0, 1.0, 2.0, 1.0, 1.0, 0.0, 0.0, 26.0, 0.0, 0.0, 0.0, 1.0, 2.0, 0.0, 0.0, 0.0, 2.0, 2.0, 0.0, 0.0, 1.0, 3.0, 1.0, 0.0, 1.0, 0.0, 0.0, 1.0, 3.0, 1.0, 1.0, 0.0, 0.0, 1.0, 0.0, 0.0, 0.0, 0.0, 0.0, 1.0, 0.0, 0.0, 1.0, 0.0, 1.0, 0.0, 2.0, 0.0, 1.0, 0.0, 0.0, 0.0, 0.0, 0.0, 0.0, 0.0, 0.0, 1.0, 0.0, 2.0],