{"Linear loss": 8712.3857421875, "_timestamp": 1715773389.0480325, "_runtime": 95.4231595993042, "_step": 3619, "gradients/graph_29linear.5.bias": {"_type": "histogram", "values": [6.0, 0.0, 0.0, 4.0, 0.0, 0.0, 0.0, 0.0, 0.0, 0.0, 0.0, 0.0, 0.0, 0.0, 0.0, 0.0, 0.0, 0.0, 0.0, 0.0, 0.0, 0.0, 0.0, 0.0, 0.0, 0.0, 0.0, 0.0, 11.0, 0.0, 0.0, 2.0, 55.0, 0.0, 0.0, 12.0, 0.0, 0.0, 0.0, 0.0, 0.0, 0.0, 0.0, 0.0, 0.0, 0.0, 0.0, 0.0, 0.0, 0.0, 0.0, 0.0, 0.0, 0.0, 0.0, 0.0, 0.0, 0.0, 0.0, 0.0, 3.0, 0.0, 0.0, 3.0], "bins": [-200.0, -193.75, -187.5, -181.25, -175.0, -168.75, -162.5, -156.25, -150.0, -143.75, -137.5, -131.25, -125.0, -118.75, -112.5, -106.25, -100.0, -93.75, -87.5, -81.25, -75.0, -68.75, -62.5, -56.25, -50.0, -43.75, -37.5, -31.25, -25.0, -18.75, -12.5, -6.25, 0.0, 6.25, 12.5, 18.75, 25.0, 31.25, 37.5, 43.75, 50.0, 56.25, 62.5, 68.75, 75.0, 81.25, 87.5, 93.75, 100.0, 106.25, 112.5, 118.75, 125.0, 131.25, 137.5, 143.75, 150.0, 156.25, 162.5, 168.75, 175.0, 181.25, 187.5, 193.75, 200.0]}, "gradients/graph_29linear.5.weight": {"_type": "histogram", "values": [6.0, 0.0, 0.0, 4.0, 0.0, 18.0, 0.0, 14.0, 4.0, 0.0, 4.0, 0.0, 0.0, 6.0, 0.0, 10.0, 0.0, 16.0, 12.0, 18.0, 10.0, 14.0, 10.0, 10.0, 20.0, 4.0, 10.0, 0.0, 21.0, 70.0, 109.0, 162.0, 2211.0, 114.0, 63.0, 18.0, 0.0, 6.0, 3.0, 12.0, 6.0, 6.0, 9.0, 6.0, 12.0, 6.0, 9.0, 0.0, 6.0, 0.0, 3.0, 0.0, 0.0, 3.0, 0.0, 3.0, 9.0, 0.0, 9.0, 0.0, 3.0, 0.0, 0.0, 3.0], "bins": [-1005.9071655273438, -974.4725952148438, -943.0379638671875, -911.6033935546875, -880.1687622070312, -848.7341918945312, -817.299560546875, -785.864990234375, -754.4303588867188, -722.9957885742188, -691.5611572265625, -660.1265869140625, -628.6920166015625, -597.2573852539062, -565.82275390625, -534.38818359375, -502.9535827636719, -471.51898193359375, -440.08441162109375, -408.6497802734375, -377.2152099609375, -345.78057861328125, -314.34600830078125, -282.911376953125, -251.476806640625, -220.04217529296875, -188.60760498046875, -157.1729736328125, -125.7384033203125, -94.30377197265625, -62.86920166015625, -31.4345703125, 0.0, 31.4345703125, 62.86920166015625, 94.30377197265625, 125.7384033203125, 157.1729736328125, 188.60760498046875, 220.04217529296875, 251.476806640625, 282.911376953125, 314.34600830078125, 345.78057861328125, 377.2152099609375, 408.6497802734375, 440.08441162109375, 471.51898193359375, 502.9535827636719, 534.38818359375, 565.82275390625, 597.2573852539062, 628.6920166015625, 660.1265869140625, 691.5611572265625, 722.9957885742188, 754.4303588867188, 785.864990234375, 817.299560546875, 848.7341918945312, 880.1687622070312, 911.6033935546875, 943.0379638671875, 974.4725952148438, 1005.9071655273438]}, "gradients/graph_29linear.3.bias": {"_type": "histogram", "values": [2.0, 0.0, 0.0, 0.0, 1.0, 1.0, 0.0, 0.0, 0.0, 1.0, 0.0, 0.0, 0.0, 1.0, 0.0, 2.0, 0.0, 0.0, 0.0, 1.0, 2.0, 0.0, 0.0, 0.0, 0.0, 0.0, 0.0, 0.0, 2.0, 0.0, 1.0, 0.0, 1.0, 0.0, 8.0, 0.0, 0.0, 0.0, 0.0, 0.0, 0.0, 0.0, 1.0, 1.0, 1.0, 0.0, 0.0, 1.0, 0.0, 1.0, 0.0, 0.0, 0.0, 0.0, 0.0, 0.0, 0.0, 0.0, 0.0, 1.0, 0.0, 2.0, 0.0, 1.0], "bins": [-117.20005798339844, -113.81954193115234, -110.43902587890625, -107.05850982666016, -103.67799377441406, -100.2974853515625, -96.9169692993164, -93.53645324707031, -90.15593719482422, -86.77542114257812, -83.39490509033203, -80.01438903808594, -76.63388061523438, -73.25335693359375, -69.87284851074219, -66.4923324584961, -63.11181640625, -59.731300354003906, -56.35078430175781, -52.97026824951172, -49.589752197265625, -46.20924377441406, -42.82872772216797, -39.448211669921875, -36.06769561767578, -32.68717956542969, -29.306663513183594, -25.9261474609375, -22.545639038085938, -19.165122985839844, -15.78460693359375, -12.404090881347656, -9.023574829101562, -5.643058776855469, -2.262542724609375, 1.1179733276367188, 4.4984893798828125, 7.878997802734375, 11.259513854980469, 14.640029907226562, 18.020545959472656, 21.40106201171875, 24.781578063964844, 28.162094116210938, 31.5426025390625, 34.923118591308594, 38.30363464355469, 41.68415069580078, 45.064666748046875, 48.44518280029297, 51.82569885253906, 55.20621109008789, 58.586727142333984, 61.96724319458008, 65.3477554321289, 68.728271484375, 72.1087875366211, 75.48930358886719, 78.86981964111328, 82.25033569335938, 85.63084411621094, 89.01136016845703, 92.39187622070312, 95.77239227294922, 99.15290832519531]}, "gradients/graph_29linear.3.weight": {"_type": "histogram", "values": [2.0, 2.0, 2.0, 0.0, 3.0, 3.0, 2.0, 3.0, 1.0, 1.0, 3.0, 1.0, 1.0, 1.0, 3.0, 7.0, 0.0, 3.0, 0.0, 3.0, 6.0, 3.0, 3.0, 2.0, 0.0, 2.0, 2.0, 1.0, 5.0, 7.0, 8.0, 1.0, 6.0, 3.0, 880.0, 0.0, 1.0, 2.0, 2.0, 0.0, 1.0, 5.0, 8.0, 2.0, 4.0, 1.0, 3.0, 2.0, 2.0, 1.0, 0.0, 0.0, 0.0, 0.0, 1.0, 1.0, 2.0, 2.0, 3.0, 3.0, 3.0, 2.0, 2.0, 1.0], "bins": [-771.9669189453125, -749.7003173828125, -727.4337158203125, -705.1671142578125, -682.9005737304688, -660.6339721679688, -638.3673706054688, -616.1007690429688, -593.8341674804688, -571.567626953125, -549.301025390625, -527.034423828125, -504.767822265625, -482.501220703125, -460.234619140625, -437.9680480957031, -415.7014465332031, -393.4348449707031, -371.16827392578125, -348.90167236328125, -326.63507080078125, -304.3684997558594, -282.1018981933594, -259.8353271484375, -237.5687255859375, -215.3021240234375, -193.0355224609375, -170.7689208984375, -148.5023193359375, -126.23577880859375, -103.96917724609375, -81.70257568359375, -59.43597412109375, -37.16937255859375, -14.90277099609375, 7.36383056640625, 29.63037109375, 51.89697265625, 74.16357421875, 96.43017578125, 118.69677734375, 140.96337890625, 163.22994995117188, 185.49655151367188, 207.76312255859375, 230.02972412109375, 252.29632568359375, 274.5628967285156, 296.8294982910156, 319.0960998535156, 341.3626708984375, 363.6292724609375, 385.8958740234375, 408.1624755859375, 430.4290466308594, 452.6956481933594, 474.96221923828125, 497.22882080078125, 519.4954223632812, 541.7620239257812, 564.0286254882812, 586.295166015625, 608.561767578125, 630.828369140625, 653.094970703125]}, "gradients/graph_29linear.0.bias": {"_type": "histogram", "values": [1.0, 0.0, 0.0, 0.0, 0.0, 0.0, 0.0, 0.0, 0.0, 0.0, 0.0, 0.0, 0.0, 0.0, 0.0, 0.0, 0.0, 0.0, 0.0, 0.0, 0.0, 0.0, 0.0, 0.0, 0.0, 0.0, 2.0, 0.0, 0.0, 0.0, 0.0, 0.0, 0.0, 0.0, 0.0, 1.0, 0.0, 0.0, 0.0, 0.0, 0.0, 0.0, 0.0, 0.0, 0.0, 26.0, 0.0, 0.0, 0.0, 0.0, 0.0, 0.0, 0.0, 0.0, 0.0, 0.0, 0.0, 0.0, 0.0, 1.0, 0.0, 0.0, 0.0, 1.0], "bins": [-343.1458740234375, -335.55322265625, -327.9605712890625, -320.367919921875, -312.7752685546875, -305.1826171875, -297.5899658203125, -289.997314453125, -282.4046630859375, -274.81201171875, -267.2193603515625, -259.626708984375, -252.03404235839844, -244.44139099121094, -236.84873962402344, -229.25608825683594, -221.66343688964844, -214.07078552246094, -206.47813415527344, -198.88548278808594, -191.29283142089844, -183.70018005371094, -176.10752868652344, -168.51487731933594, -160.92221069335938, -153.32955932617188, -145.73690795898438, -138.14425659179688, -130.55160522460938, -122.95895385742188, -115.36630249023438, -107.77365112304688, -100.18098449707031, -92.58833312988281, -84.99568176269531, -77.40303039550781, -69.81037902832031, -62.21772766113281, -54.62507629394531, -47.03242492675781, -39.43977355957031, -31.84710693359375, -24.25445556640625, -16.66180419921875, -9.06915283203125, -1.47650146484375, 6.11614990234375, 13.70880126953125, 21.30145263671875, 28.89410400390625, 36.48675537109375, 44.07940673828125, 51.67205810546875, 59.26471710205078, 66.85736846923828, 74.45001983642578, 82.04267120361328, 89.63532257080078, 97.22797393798828, 104.82063293457031, 112.41328430175781, 120.00593566894531, 127.59858703613281, 135.1912384033203, 142.7838897705078]}, "gradients/graph_29linear.0.weight": {"_type": "histogram",