{"gradients/graph_4linear.5.bias": {"_type": "histogram", "values": [7.0, 8.0, 3.0, 3.0, 2.0, 4.0, 1.0, 1.0, 3.0, 0.0, 6.0, 17.0, 1.0, 0.0, 0.0, 0.0, 0.0, 0.0, 0.0, 0.0, 0.0, 0.0, 0.0, 0.0, 0.0, 4.0, 2.0, 1.0, 1.0, 0.0, 0.0, 0.0, 2.0, 1.0, 3.0, 9.0, 1.0, 0.0, 0.0, 0.0, 0.0, 0.0, 0.0, 0.0, 0.0, 0.0, 0.0, 0.0, 0.0, 0.0, 0.0, 0.0, 2.0, 0.0, 0.0, 0.0, 0.0, 1.0, 6.0, 2.0, 1.0, 0.0, 2.0, 2.0], "bins": [-0.9278616309165955, -0.8973051905632019, -0.8667486906051636, -0.83619225025177, -0.8056358098983765, -0.7750793695449829, -0.7445228695869446, -0.713966429233551, -0.6834099292755127, -0.6528534889221191, -0.6222970485687256, -0.591740608215332, -0.5611841082572937, -0.5306276679039001, -0.5000711679458618, -0.46951475739479065, -0.4389582872390747, -0.40840184688568115, -0.3778453469276428, -0.34728890657424927, -0.3167324662208557, -0.2861759662628174, -0.25561952590942383, -0.22506308555603027, -0.19450658559799194, -0.1639501452445984, -0.13339370489120483, -0.10283726453781128, -0.07228076457977295, -0.041724324226379395, -0.01116788387298584, 0.01938861608505249, 0.04994511604309082, 0.08050155639648438, 0.1110580563545227, 0.14161449670791626, 0.17217093706130981, 0.20272743701934814, 0.2332838773727417, 0.26384031772613525, 0.2943967580795288, 0.32495325803756714, 0.3555096983909607, 0.38606613874435425, 0.4166226387023926, 0.44717907905578613, 0.4777355194091797, 0.508292019367218, 0.5388484597206116, 0.5694049596786499, 0.5999614000320435, 0.630517840385437, 0.6610742807388306, 0.6916307210922241, 0.7221872210502625, 0.752743661403656, 0.7833001613616943, 0.8138566017150879, 0.8444130420684814, 0.874969482421875, 0.9055259823799133, 0.9360824227333069, 0.9666388630867004, 0.9971953630447388, 1.0277518033981323]}, "_timestamp": 1715845407.8661802, "gradients/graph_4linear.5.weight": {"_type": "histogram", "values": [7.0, 8.0, 3.0, 3.0, 9.0, 12.0, 5.0, 5.0, 10.0, 12.0, 12.0, 24.0, 5.0, 20.0, 13.0, 12.0, 30.0, 5.0, 4.0, 1.0, 36.0, 31.0, 13.0, 16.0, 66.0, 10.0, 55.0, 43.0, 70.0, 26.0, 5320.0, 45.0, 41.0, 26.0, 22.0, 13.0, 11.0, 8.0, 0.0, 20.0, 7.0, 2.0, 1.0, 0.0, 4.0, 6.0, 4.0, 2.0, 0.0, 2.0, 7.0, 2.0, 3.0, 3.0, 6.0, 4.0, 1.0, 2.0, 8.0, 3.0, 1.0, 0.0, 2.0, 2.0], "bins": [-8.786806106567383, -8.497437477111816, -8.208069801330566, -7.918701171875, -7.629333019256592, -7.339964866638184, -7.050596714019775, -6.761228561401367, -6.471859931945801, -6.182492256164551, -5.893123626708984, -5.603755474090576, -5.314387321472168, -5.025018692016602, -4.735650539398193, -4.446282386779785, -4.156914234161377, -3.8675460815429688, -3.5781779289245605, -3.288809299468994, -2.999441146850586, -2.7100729942321777, -2.4207048416137695, -2.1313366889953613, -1.8419685363769531, -1.5525999069213867, -1.2632317543029785, -0.9738636016845703, -0.6844949722290039, -0.3951272964477539, -0.1057586669921875, 0.1836090087890625, 0.4729776382446289, 0.7623462677001953, 1.0517139434814453, 1.3410825729370117, 1.6304502487182617, 1.9198188781738281, 2.2091870307922363, 2.4985551834106445, 2.787923812866211, 3.077291965484619, 3.3666601181030273, 3.6560282707214355, 3.9453964233398438, 4.234764575958252, 4.524133205413818, 4.813501358032227, 5.102869510650635, 5.392237663269043, 5.681605815887451, 5.970973968505859, 6.260342597961426, 6.549710750579834, 6.839078903198242, 7.128447532653809, 7.417815208435059, 7.707183837890625, 7.996551990509033, 8.285920143127441, 8.575288772583008, 8.864656448364258, 9.154025077819824, 9.443392753601074, 9.73276138305664]}, "gradients/graph_4linear.3.bias": {"_type": "histogram", "values": [1.0, 0.0, 0.0, 0.0, 0.0, 0.0, 0.0, 0.0, 0.0, 0.0, 0.0, 0.0, 0.0, 0.0, 0.0, 0.0, 1.0, 0.0, 0.0, 0.0, 0.0, 0.0, 0.0, 0.0, 0.0, 0.0, 0.0, 0.0, 0.0, 1.0, 0.0, 0.0, 0.0, 0.0, 0.0, 0.0, 0.0, 0.0, 0.0, 0.0, 0.0, 0.0, 0.0, 0.0, 0.0, 0.0, 0.0, 0.0, 0.0, 1.0, 0.0, 0.0, 0.0, 1.0, 0.0, 0.0, 0.0, 1.0, 0.0, 55.0, 1.0, 0.0, 0.0, 2.0], "bins": [-17.801048278808594, -17.503236770629883, -17.20542335510254, -16.907611846923828, -16.609800338745117, -16.311986923217773, -16.014175415039062, -15.716362953186035, -15.418550491333008, -15.120738983154297, -14.82292652130127, -14.525114059448242, -14.227302551269531, -13.929490089416504, -13.631677627563477, -13.333866119384766, -13.036053657531738, -12.738241195678711, -12.4404296875, -12.142617225646973, -11.844804763793945, -11.546993255615234, -11.249180793762207, -10.95136833190918, -10.653556823730469, -10.355744361877441, -10.057931900024414, -9.760119438171387, -9.462307929992676, -9.164495468139648, -8.866683006286621, -8.56887149810791, -8.271059036254883, -7.9732465744018555, -7.6754350662231445, -7.377622604370117, -7.07981014251709, -6.781998634338379, -6.484186172485352, -6.186373710632324, -5.888562202453613, -5.590749740600586, -5.292937278747559, -4.995125770568848, -4.69731330871582, -4.399500846862793, -4.101689338684082, -3.8038766384124756, -3.5060646533966064, -3.2082526683807373, -2.91044020652771, -2.612628221511841, -2.3148159980773926, -2.0170037746429443, -1.7191917896270752, -1.421379566192627, -1.1235673427581787, -0.8257551193237305, -0.5279430150985718, -0.23013091087341309, 0.06768131256103516, 0.3654934763908386, 0.6633056402206421, 0.9611178040504456, 1.258929967880249]}, "gradients/graph_4linear.3.weight": {"_type": "histogram", "values": [1.0, 0.0, 0.0, 0.0, 0.0, 0.0, 0.0, 0.0, 0.0, 0.0, 0.0, 0.0, 0.0, 0.0, 0.0, 0.0, 1.0, 0.0, 0.0, 0.0, 0.0, 0.0, 0.0, 0.0, 0.0, 0.0, 0.0, 0.0, 0.0, 1.0, 0.0, 0.0, 0.0, 0.0, 0.0, 0.0, 0.0, 0.0, 0.0, 0.0, 0.0, 0.0, 0.0, 0.0, 0.0, 0.0, 0.0, 0.0, 0.0, 1.0, 0.0, 0.0, 0.0, 1.0, 0.0, 0.0, 0.0, 3.0, 1.0, 4084.0, 1.0, 0.0, 0.0, 2.0], "bins": [-1141.995849609375, -1122.8902587890625, -1103.7845458984375, -1084.678955078125, -1065.5733642578125, -1046.4676513671875, -1027.362060546875, -1008.2564697265625, -989.1508178710938, -970.045166015625, -950.9395751953125, -931.8339233398438, -912.728271484375, -893.6226806640625, -874.5170288085938, -855.411376953125, -836.3057861328125, -817.2001342773438, -798.094482421875, -778.9888916015625, -759.8832397460938, -740.777587890625, -721.6719970703125, -702.5663452148438, -683.460693359375, -664.3551025390625, -645.2494506835938, -626.143798828125, -607.0382080078125, -587.9325561523438, -568.826904296875, -549.7213134765625, -530.61572265625, -511.5100402832031, -492.4044494628906, -473.2987976074219, -454.1931457519531, -435.0875549316406, -415.9819030761719, -396.87628173828125, -377.7706604003906, -358.6650085449219, -339.55938720703125, -320.4537658691406, -301.3481140136719, -282.24249267578125, -263.1368713378906, -244.03121948242188, -224.92559814453125, -205.81997680664062, -186.71432495117188, -167.60870361328125, -148.50308227539062, -129.39744567871094, -110.29180908203125, -91.18618774414062, -72.08055114746094, -52.97491455078125, -33.869293212890625, -14.763656616210938, 4.341972351074219, 23.447601318359375, 42.5532341003418, 61.65886688232422, 80.76449584960938]}, "gradients/graph_4linear.0.bias": {"_type": "histogram", "values": [1.0, 0.0, 0.0, 0.0, 0.0, 0.0, 0.0, 0.0, 0.0, 0.0, 0.0, 0.0, 0.0, 0.0, 0.0, 0.0, 0.0, 0.0, 0.0, 0.0, 0.0, 0.0, 0.0, 0.0, 0.0, 0.0, 0.0, 0.0, 0.0, 0.0, 62.0, 0.0, 0.0, 0.0, 0.0, 0.0, 0.0, 0.0, 0.0, 0.0, 0.0, 0.0, 0.0, 0.0, 0.0, 0.0, 0.0, 0.0, 0.0, 0.0, 0.0, 0.0, 0.0, 0.0, 0.0, 0.0, 0.0, 0.0, 0.0, 0.0, 0.0, 0.0, 0.0, 1.0],