{"Linear loss": 423.9295654296875, "_timestamp": 1715777853.5988765, "_runtime": 72.12691450119019, "_step": 1829, "gradients/graph_9linear.5.bias": {"_type": "histogram", "values": [1.0, 0.0, 0.0, 0.0, 1.0, 0.0, 1.0, 1.0, 0.0, 1.0, 2.0, 0.0, 0.0, 0.0, 0.0, 0.0, 0.0, 0.0, 0.0, 0.0, 0.0, 0.0, 0.0, 2.0, 1.0, 6.0, 27.0, 13.0, 3.0, 1.0, 0.0, 2.0, 4.0, 3.0, 4.0, 1.0, 0.0, 1.0, 1.0, 2.0, 0.0, 0.0, 0.0, 0.0, 0.0, 0.0, 0.0, 1.0, 2.0, 3.0, 2.0, 0.0, 2.0, 1.0, 1.0, 1.0, 1.0, 1.0, 1.0, 1.0, 0.0, 0.0, 0.0, 1.0], "bins": [-0.8214971423149109, -0.7957000136375427, -0.7699029445648193, -0.7441058158874512, -0.718308687210083, -0.6925115585327148, -0.6667144894599915, -0.6409173607826233, -0.6151202321052551, -0.5893231630325317, -0.5635260343551636, -0.5377289056777954, -0.5119317770004272, -0.48613467812538147, -0.4603375792503357, -0.43454045057296753, -0.40874335169792175, -0.382946252822876, -0.3571491241455078, -0.33135202527046204, -0.30555492639541626, -0.2797577977180481, -0.25396066904067993, -0.22816354036331177, -0.20236647129058838, -0.17656934261322021, -0.15077221393585205, -0.12497514486312866, -0.0991780161857605, -0.07338088750839233, -0.04758375883102417, -0.02178668975830078, 0.004010438919067383, 0.029807567596435547, 0.055604636669158936, 0.0814017653465271, 0.10719889402389526, 0.13299602270126343, 0.15879309177398682, 0.18459022045135498, 0.21038734912872314, 0.23618441820144653, 0.2619815468788147, 0.28777867555618286, 0.313575804233551, 0.3393729031085968, 0.3651700019836426, 0.39096713066101074, 0.4167642295360565, 0.4425613284111023, 0.46835845708847046, 0.49415555596351624, 0.519952654838562, 0.5457497835159302, 0.5715469121932983, 0.5973440408706665, 0.6231411099433899, 0.6489382386207581, 0.6747353672981262, 0.7005324363708496, 0.7263295650482178, 0.7521266937255859, 0.7779238224029541, 0.8037208914756775, 0.8295180201530457]}, "gradients/graph_9linear.5.weight": {"_type": "histogram", "values": [2.0, 3.0, 3.0, 1.0, 9.0, 11.0, 11.0, 11.0, 22.0, 29.0, 32.0, 41.0, 48.0, 60.0, 54.0, 54.0, 51.0, 46.0, 51.0, 52.0, 43.0, 43.0, 25.0, 27.0, 66.0, 137.0, 404.0, 1361.0, 1738.0, 1581.0, 872.0, 1348.0, 862.0, 541.0, 218.0, 156.0, 161.0, 174.0, 105.0, 104.0, 124.0, 139.0, 129.0, 150.0, 164.0, 169.0, 155.0, 141.0, 109.0, 93.0, 71.0, 68.0, 55.0, 43.0, 39.0, 24.0, 16.0, 13.0, 11.0, 9.0, 1.0, 3.0, 4.0, 1.0], "bins": [-5.899537086486816, -5.714276313781738, -5.529016017913818, -5.34375524520874, -5.15849494934082, -4.973234176635742, -4.787973403930664, -4.602713108062744, -4.417452812194824, -4.232192039489746, -4.046931266784668, -3.861670970916748, -3.67641019821167, -3.491149663925171, -3.305889129638672, -3.120628595352173, -2.935368061065674, -2.750107526779175, -2.564846992492676, -2.3795864582061768, -2.1943259239196777, -2.0090651512145996, -1.8238048553466797, -1.6385440826416016, -1.4532833099365234, -1.2680230140686035, -1.0827622413635254, -0.8975019454956055, -0.7122411727905273, -0.5269808769226074, -0.3417201042175293, -0.15645980834960938, 0.028800487518310547, 0.21406126022338867, 0.3993215560913086, 0.5845823287963867, 0.7698426246643066, 0.9551033973693848, 1.1403636932373047, 1.3256244659423828, 1.5108847618103027, 1.6961455345153809, 1.881406307220459, 2.066666603088379, 2.251927375793457, 2.437187910079956, 2.622448444366455, 2.807708978652954, 2.992969512939453, 3.178230047225952, 3.363490581512451, 3.54875111579895, 3.734011650085449, 3.9192724227905273, 4.1045331954956055, 4.289793491363525, 4.475053787231445, 4.660314559936523, 4.845575332641602, 5.0308356285095215, 5.2160964012146, 5.4013566970825195, 5.586617469787598, 5.771877765655518, 5.957138538360596]}, "gradients/graph_9linear.3.bias": {"_type": "histogram", "values": [1.0, 0.0, 0.0, 0.0, 0.0, 0.0, 0.0, 0.0, 0.0, 0.0, 1.0, 0.0, 0.0, 0.0, 0.0, 0.0, 0.0, 0.0, 0.0, 0.0, 2.0, 1.0, 1.0, 0.0, 0.0, 0.0, 0.0, 1.0, 0.0, 3.0, 1.0, 7.0, 0.0, 0.0, 1.0, 1.0, 0.0, 2.0, 3.0, 4.0, 1.0, 4.0, 2.0, 2.0, 4.0, 6.0, 7.0, 8.0, 5.0, 5.0, 9.0, 10.0, 4.0, 4.0, 9.0, 3.0, 4.0, 6.0, 1.0, 0.0, 3.0, 0.0, 0.0, 2.0], "bins": [-1.1858118772506714, -1.1480704545974731, -1.1103289127349854, -1.072587490081787, -1.0348459482192993, -0.9971045255661011, -0.9593630433082581, -0.921621561050415, -0.883880078792572, -0.846138596534729, -0.808397114276886, -0.770655632019043, -0.7329142093658447, -0.6951726675033569, -0.6574312448501587, -0.6196897625923157, -0.5819482803344727, -0.5442067980766296, -0.5064653158187866, -0.4687238335609436, -0.4309823513031006, -0.39324092864990234, -0.3554994463920593, -0.3177579641342163, -0.2800164818763733, -0.24227499961853027, -0.20453351736068726, -0.16679203510284424, -0.129050612449646, -0.0913090705871582, -0.05356764793395996, -0.015826106071472168, 0.021915197372436523, 0.059656620025634766, 0.09739816188812256, 0.1351395845413208, 0.1728811264038086, 0.21062254905700684, 0.24836403131484985, 0.28610551357269287, 0.3238469958305359, 0.3615884780883789, 0.3993299603462219, 0.43707144260406494, 0.4748128652572632, 0.5125543475151062, 0.5502958297729492, 0.5880373120307922, 0.6257787942886353, 0.6635202765464783, 0.7012617588043213, 0.7390031814575195, 0.7767447233200073, 0.8144861459732056, 0.8522276282310486, 0.8899691104888916, 0.9277105927467346, 0.9654520750045776, 1.0031934976577759, 1.0409350395202637, 1.078676462173462, 1.1164180040359497, 1.154159426689148, 1.1919009685516357, 1.229642391204834]}, "gradients/graph_9linear.3.weight": {"_type": "histogram", "values": [1.0, 0.0, 0.0, 0.0, 0.0, 0.0, 0.0, 1.0, 0.0, 0.0, 3.0, 1.0, 0.0, 2.0, 0.0, 1.0, 2.0, 2.0, 3.0, 3.0, 5.0, 6.0, 7.0, 10.0, 16.0, 19.0, 20.0, 29.0, 50.0, 75.0, 151.0, 11011.0, 761.0, 607.0, 628.0, 627.0, 517.0, 413.0, 297.0, 240.0, 179.0, 126.0, 116.0, 80.0, 80.0, 59.0, 56.0, 40.0, 35.0, 20.0, 22.0, 18.0, 4.0, 11.0, 9.0, 4.0, 5.0, 6.0, 1.0, 0.0, 3.0, 0.0, 0.0, 2.0], "bins": [-6.209994316101074, -6.012345314025879, -5.814696788787842, -5.6170477867126465, -5.419399261474609, -5.221750259399414, -5.024101257324219, -4.826452255249023, -4.628803730010986, -4.431155204772949, -4.233506202697754, -4.035857200622559, -3.8382084369659424, -3.640559673309326, -3.442910671234131, -3.2452619075775146, -3.0476131439208984, -2.8499643802642822, -2.652315616607666, -2.4546666145324707, -2.2570178508758545, -2.0593690872192383, -1.861720085144043, -1.6640715599060059, -1.4664225578308105, -1.2687735557556152, -1.0711250305175781, -0.8734760284423828, -0.6758270263671875, -0.4781785011291504, -0.2805294990539551, -0.08288097381591797, 0.11476850509643555, 0.31241750717163086, 0.510066032409668, 0.7077150344848633, 0.9053635597229004, 1.1030125617980957, 1.300661563873291, 1.4983100891113281, 1.6959590911865234, 1.8936080932617188, 2.091256618499756, 2.288905620574951, 2.4865543842315674, 2.6842031478881836, 2.881852149963379, 3.079500913619995, 3.2771496772766113, 3.4747984409332275, 3.6724472045898438, 3.870096206665039, 4.067745208740234, 4.2653937339782715, 4.463042736053467, 4.660691261291504, 4.858340263366699, 5.0559892654418945, 5.253637790679932, 5.451286792755127, 5.648935317993164, 5.846584320068359, 6.044233322143555, 6.241881847381592, 6.439530849456787]}, "gradients/graph_9linear.0.bias": {"_type": "histogram", "values": [78.0, 0.0, 0.0, 1.0, 0.0, 2.0, 0.0, 1.0, 0.0, 0.0, 0.0, 0.0, 1.0, 1.0, 1.0, 1.0, 2.0, 2.0, 1.0, 4.0, 2.0, 3.0, 2.0, 1.0, 3.0, 1.0, 2.0, 2.0, 2.0, 2.0, 0.0, 0.0, 1.0, 1.0, 0.0, 1.0, 1.0, 0.0, 2.0, 1.0, 0.0, 1.0, 0.0, 0.0, 3.0, 0.0, 0.0, 0.0, 0.0, 0.0, 0.0, 0.0, 1.0, 0.0, 0.0, 0.0, 0.0, 0.0, 0.0, 0.0, 0.0, 0.0, 0.0, 1.0],