{"gradients/graph_10linear.5.bias": {"_type": "histogram", "values": [3.0, 1.0, 3.0, 1.0, 1.0, 3.0, 0.0, 1.0, 0.0, 1.0, 1.0, 1.0, 4.0, 33.0, 11.0, 12.0, 8.0, 2.0, 1.0, 1.0, 0.0, 0.0, 0.0, 1.0, 1.0, 1.0, 1.0, 0.0, 0.0, 0.0, 1.0, 0.0, 0.0, 0.0, 0.0, 0.0, 0.0, 0.0, 0.0, 0.0, 2.0, 0.0, 0.0, 0.0, 0.0, 0.0, 0.0, 0.0, 0.0, 0.0, 0.0, 0.0, 0.0, 0.0, 0.0, 0.0, 0.0, 0.0, 0.0, 0.0, 0.0, 0.0, 0.0, 1.0], "bins": [-0.5627859830856323, -0.5278903841972351, -0.49299484491348267, -0.45809924602508545, -0.4232036769390106, -0.3883081078529358, -0.3534125089645386, -0.31851693987846375, -0.2836213707923889, -0.2487258017063141, -0.21383023262023926, -0.17893463373184204, -0.1440390646457672, -0.10914349555969238, -0.07424789667129517, -0.039352357387542725, -0.004456758499145508, 0.03043884038925171, 0.06533437967300415, 0.10022997856140137, 0.1351255178451538, 0.17002111673355103, 0.20491671562194824, 0.23981225490570068, 0.2747078537940979, 0.3096034526824951, 0.34449899196624756, 0.3793945908546448, 0.414290189743042, 0.44918572902679443, 0.4840812683105469, 0.5189769268035889, 0.5538723468780518, 0.5887678861618042, 0.6236635446548462, 0.6585590839385986, 0.6934546232223511, 0.7283502221107483, 0.7632458209991455, 0.798141360282898, 0.8330369591712952, 0.8679325580596924, 0.9028280973434448, 0.937723696231842, 0.9726192951202393, 1.0075148344039917, 1.0424103736877441, 1.0773060321807861, 1.1122015714645386, 1.147097110748291, 1.181992769241333, 1.2168883085250854, 1.251783847808838, 1.2866795063018799, 1.3215750455856323, 1.3564705848693848, 1.3913662433624268, 1.4262617826461792, 1.4611573219299316, 1.4960529804229736, 1.530948519706726, 1.5658440589904785, 1.600739598274231, 1.635635256767273, 1.6705307960510254]}, "_timestamp": 1715779557.391583, "gradients/graph_10linear.5.weight": {"_type": "histogram", "values": [3.0, 1.0, 3.0, 1.0, 1.0, 3.0, 0.0, 1.0, 0.0, 1.0, 1.0, 1.0, 7.0, 51.0, 19.0, 127.0, 12040.0, 7.0, 5.0, 2.0, 2.0, 2.0, 0.0, 1.0, 1.0, 2.0, 2.0, 0.0, 0.0, 0.0, 1.0, 0.0, 0.0, 0.0, 0.0, 0.0, 0.0, 0.0, 0.0, 0.0, 2.0, 0.0, 0.0, 0.0, 0.0, 0.0, 0.0, 0.0, 0.0, 0.0, 0.0, 0.0, 0.0, 0.0, 0.0, 0.0, 0.0, 0.0, 0.0, 0.0, 0.0, 0.0, 0.0, 1.0], "bins": [-52.83235168457031, -49.556480407714844, -46.28060531616211, -43.00473403930664, -39.728858947753906, -36.45298767089844, -33.17711639404297, -29.901243209838867, -26.625370025634766, -23.349496841430664, -20.073623657226562, -16.797752380371094, -13.521881103515625, -10.24600601196289, -6.970134735107422, -3.6942596435546875, -0.41838836669921875, 2.85748291015625, 6.133358001708984, 9.409229278564453, 12.685104370117188, 15.960975646972656, 19.236846923828125, 22.512718200683594, 25.788589477539062, 29.064468383789062, 32.34033966064453, 35.6162109375, 38.89208221435547, 42.16795349121094, 45.44383239746094, 48.719703674316406, 51.995574951171875, 55.271446228027344, 58.54731750488281, 61.82319641113281, 65.09906768798828, 68.37493896484375, 71.65081024169922, 74.92668151855469, 78.20256042480469, 81.47843170166016, 84.75430297851562, 88.0301742553711, 91.30604553222656, 94.58192443847656, 97.8577880859375, 101.1336669921875, 104.40953826904297, 107.68540954589844, 110.96128845214844, 114.23715209960938, 117.51303100585938, 120.78890228271484, 124.06477355957031, 127.34064483642578, 130.61651611328125, 133.89239501953125, 137.16827392578125, 140.4441375732422, 143.7200164794922, 146.99588012695312, 150.27175903320312, 153.54762268066406, 156.82350158691406]}, "gradients/graph_10linear.3.bias": {"_type": "histogram", "values": [1.0, 0.0, 0.0, 0.0, 0.0, 0.0, 0.0, 0.0, 0.0, 0.0, 0.0, 0.0, 0.0, 0.0, 0.0, 0.0, 0.0, 0.0, 0.0, 0.0, 0.0, 0.0, 0.0, 0.0, 0.0, 0.0, 0.0, 0.0, 0.0, 0.0, 0.0, 0.0, 0.0, 1.0, 0.0, 0.0, 0.0, 0.0, 0.0, 0.0, 0.0, 0.0, 0.0, 0.0, 0.0, 0.0, 0.0, 0.0, 0.0, 0.0, 0.0, 0.0, 0.0, 0.0, 0.0, 0.0, 0.0, 1.0, 0.0, 0.0, 0.0, 0.0, 0.0, 125.0], "bins": [-6.059921741485596, -5.965235233306885, -5.870549201965332, -5.775862693786621, -5.681176662445068, -5.586490154266357, -5.491804122924805, -5.397117614746094, -5.302431583404541, -5.20774507522583, -5.113059043884277, -5.018372535705566, -4.923686504364014, -4.828999996185303, -4.73431396484375, -4.639627456665039, -4.544941425323486, -4.450254917144775, -4.355568885803223, -4.260882377624512, -4.166196346282959, -4.071509838104248, -3.976823568344116, -3.8821372985839844, -3.7874510288238525, -3.6927647590637207, -3.598078489303589, -3.503392219543457, -3.408705949783325, -3.3140196800231934, -3.2193334102630615, -3.1246471405029297, -3.029960870742798, -2.935274600982666, -2.840588331222534, -2.7459020614624023, -2.6512157917022705, -2.5565295219421387, -2.461843252182007, -2.367156982421875, -2.272470712661743, -2.1777844429016113, -2.0830981731414795, -1.988411784172058, -1.8937255144119263, -1.7990392446517944, -1.7043529748916626, -1.6096667051315308, -1.514980435371399, -1.420294165611267, -1.3256078958511353, -1.2309216260910034, -1.1362353563308716, -1.0415490865707397, -0.9468627572059631, -0.8521764874458313, -0.7574902176856995, -0.6628039479255676, -0.5681176781654358, -0.47343137860298157, -0.37874510884284973, -0.2840588390827179, -0.18937255442142487, -0.09468627721071243, 0.0]}, "gradients/graph_10linear.3.weight": {"_type": "histogram", "values": [1.0, 0.0, 0.0, 0.0, 0.0, 0.0, 0.0, 1.0, 1.0, 0.0, 0.0, 0.0, 0.0, 0.0, 0.0, 0.0, 1.0, 0.0, 1.0, 1.0, 0.0, 0.0, 2.0, 0.0, 0.0, 0.0, 1.0, 0.0, 0.0, 1.0, 0.0, 0.0, 0.0, 1.0, 0.0, 0.0, 1.0, 2.0, 3.0, 0.0, 2.0, 2.0, 4.0, 0.0, 3.0, 0.0, 1.0, 1.0, 0.0, 0.0, 0.0, 3.0, 4.0, 3.0, 2.0, 0.0, 0.0, 1.0, 3.0, 6.0, 4.0, 10.0, 5.0, 16313.0], "bins": [-149.14529418945312, -146.8148956298828, -144.4844970703125, -142.15411376953125, -139.82371520996094, -137.49331665039062, -135.1629180908203, -132.83251953125, -130.50213623046875, -128.17173767089844, -125.84133911132812, -123.51094818115234, -121.18054962158203, -118.85015869140625, -116.51976013183594, -114.18936157226562, -111.85897064208984, -109.52857971191406, -107.19818115234375, -104.86778259277344, -102.53739166259766, -100.20699310302734, -97.87660217285156, -95.54620361328125, -93.21580505371094, -90.88541412353516, -88.55502319335938, -86.22462463378906, -83.89422607421875, -81.56383514404297, -79.23343658447266, -76.90304565429688, -74.57264709472656, -72.24224853515625, -69.91185760498047, -67.58145904541016, -65.25106811523438, -62.92066955566406, -60.590274810791016, -58.25988006591797, -55.92948532104492, -53.599090576171875, -51.26869583129883, -48.93830108642578, -46.60790252685547, -44.27750778198242, -41.947113037109375, -39.61671829223633, -37.28632354736328, -34.955928802490234, -32.62553405761719, -30.295137405395508, -27.96474266052246, -25.634347915649414, -23.303951263427734, -20.973556518554688, -18.64316177368164, -16.312767028808594, -13.98237133026123, -11.651975631713867, -9.32158088684082, -6.991185665130615, -4.66079044342041, -2.330395221710205, -0.0]}, "gradients/graph_10linear.0.bias": {"_type": "histogram", "values": [1.0, 0.0, 0.0, 0.0, 0.0, 0.0, 1.0, 0.0, 1.0, 0.0, 1.0, 0.0, 1.0, 0.0, 0.0, 1.0, 1.0, 1.0, 1.0, 0.0, 0.0, 0.0, 0.0, 0.0, 0.0, 0.0, 1.0, 1.0, 1.0, 0.0, 0.0, 0.0, 0.0, 1.0, 2.0, 0.0, 1.0, 1.0, 0.0, 1.0, 0.0, 0.0, 0.0, 1.0, 1.0, 0.0, 1.0, 0.0, 2.0, 0.0, 0.0, 0.0, 0.0, 0.0, 0.0, 1.0, 0.0, 102.0, 0.0, 0.0, 0.0, 0.0, 1.0, 1.0],