{"Linear loss": 11287.541015625, "_timestamp": 1715770290.693252, "_runtime": 95.57854700088501, "_step": 1809, "gradients/graph_17linear.5.bias": {"_type": "histogram", "values": [7.0, 0.0, 0.0, 3.0, 0.0, 0.0, 0.0, 0.0, 0.0, 0.0, 0.0, 0.0, 0.0, 0.0, 0.0, 0.0, 0.0, 0.0, 0.0, 0.0, 0.0, 0.0, 0.0, 0.0, 0.0, 0.0, 0.0, 0.0, 12.0, 0.0, 0.0, 2.0, 44.0, 0.0, 0.0, 14.0, 0.0, 0.0, 0.0, 0.0, 0.0, 0.0, 0.0, 0.0, 0.0, 0.0, 0.0, 0.0, 0.0, 0.0, 0.0, 0.0, 0.0, 0.0, 0.0, 0.0, 0.0, 2.0, 0.0, 0.0, 3.0, 0.0, 0.0, 9.0], "bins": [-200.0, -193.75, -187.5, -181.25, -175.0, -168.75, -162.5, -156.25, -150.0, -143.75, -137.5, -131.25, -125.0, -118.75, -112.5, -106.25, -100.0, -93.75, -87.5, -81.25, -75.0, -68.75, -62.5, -56.25, -50.0, -43.75, -37.5, -31.25, -25.0, -18.75, -12.5, -6.25, 0.0, 6.25, 12.5, 18.75, 25.0, 31.25, 37.5, 43.75, 50.0, 56.25, 62.5, 68.75, 75.0, 81.25, 87.5, 93.75, 100.0, 106.25, 112.5, 118.75, 125.0, 131.25, 137.5, 143.75, 150.0, 156.25, 162.5, 168.75, 175.0, 181.25, 187.5, 193.75, 200.0]}, "gradients/graph_17linear.5.weight": {"_type": "histogram", "values": [14.0, 0.0, 7.0, 10.0, 3.0, 10.0, 3.0, 24.0, 0.0, 7.0, 9.0, 10.0, 7.0, 24.0, 34.0, 44.0, 43.0, 39.0, 38.0, 53.0, 68.0, 52.0, 42.0, 47.0, 33.0, 72.0, 61.0, 26.0, 54.0, 120.0, 560.0, 670.0, 8132.0, 668.0, 148.0, 68.0, 44.0, 85.0, 100.0, 47.0, 71.0, 64.0, 70.0, 94.0, 75.0, 58.0, 53.0, 55.0, 56.0, 42.0, 32.0, 15.0, 12.0, 11.0, 11.0, 2.0, 32.0, 5.0, 12.0, 3.0, 12.0, 9.0, 0.0, 18.0], "bins": [-764.62353515625, -740.7290649414062, -716.8345947265625, -692.9400634765625, -669.0455932617188, -645.151123046875, -621.256591796875, -597.3621215820312, -573.4676513671875, -549.5731811523438, -525.6787109375, -501.7841796875, -477.88970947265625, -453.9952392578125, -430.1007385253906, -406.20623779296875, -382.311767578125, -358.41729736328125, -334.5227966308594, -310.6282958984375, -286.73382568359375, -262.83935546875, -238.94482421875, -215.05035400390625, -191.1558837890625, -167.26141357421875, -143.366943359375, -119.472412109375, -95.57794189453125, -71.6834716796875, -47.7889404296875, -23.89447021484375, 0.0, 23.89447021484375, 47.7889404296875, 71.6834716796875, 95.57794189453125, 119.472412109375, 143.366943359375, 167.26141357421875, 191.1558837890625, 215.05035400390625, 238.94482421875, 262.83935546875, 286.73382568359375, 310.6282958984375, 334.5227966308594, 358.41729736328125, 382.311767578125, 406.20623779296875, 430.1007385253906, 453.9952392578125, 477.88970947265625, 501.7841796875, 525.6787109375, 549.5731811523438, 573.4676513671875, 597.3621215820312, 621.256591796875, 645.151123046875, 669.0455932617188, 692.9400634765625, 716.8345947265625, 740.7290649414062, 764.62353515625]}, "gradients/graph_17linear.3.bias": {"_type": "histogram", "values": [1.0, 1.0, 0.0, 0.0, 1.0, 0.0, 0.0, 0.0, 0.0, 0.0, 0.0, 0.0, 1.0, 0.0, 1.0, 2.0, 0.0, 1.0, 1.0, 3.0, 0.0, 3.0, 0.0, 0.0, 2.0, 3.0, 2.0, 3.0, 2.0, 4.0, 4.0, 1.0, 3.0, 8.0, 4.0, 2.0, 3.0, 1.0, 2.0, 2.0, 3.0, 2.0, 1.0, 1.0, 3.0, 41.0, 1.0, 2.0, 1.0, 2.0, 2.0, 0.0, 1.0, 1.0, 0.0, 1.0, 1.0, 0.0, 0.0, 1.0, 1.0, 0.0, 1.0, 1.0], "bins": [-154.9828338623047, -151.5699920654297, -148.1571502685547, -144.7443084716797, -141.3314666748047, -137.9186248779297, -134.5057830810547, -131.09295654296875, -127.68010711669922, -124.26726531982422, -120.85442352294922, -117.44158935546875, -114.02874755859375, -110.61590576171875, -107.20306396484375, -103.79022216796875, -100.37738037109375, -96.96453857421875, -93.55169677734375, -90.13885498046875, -86.72601318359375, -83.31317901611328, -79.90033721923828, -76.48749542236328, -73.07465362548828, -69.66181182861328, -66.24897003173828, -62.83612823486328, -59.42329406738281, -56.01045227050781, -52.59761047363281, -49.18476867675781, -45.77192306518555, -42.35908126831055, -38.94623947143555, -35.53339767456055, -32.12055587768555, -28.707721710205078, -25.294879913330078, -21.882038116455078, -18.469196319580078, -15.056354522705078, -11.643512725830078, -8.230670928955078, -4.817836761474609, -1.4049949645996094, 2.0078468322753906, 5.420688629150391, 8.83353042602539, 12.24637222290039, 15.65921401977539, 19.072052001953125, 22.484893798828125, 25.897735595703125, 29.31057357788086, 32.72341537475586, 36.13625717163086, 39.54909896850586, 42.961936950683594, 46.374778747558594, 49.787620544433594, 53.200462341308594, 56.613304138183594, 60.02614212036133, 63.43898391723633]}, "gradients/graph_17linear.3.weight": {"_type": "histogram", "values": [1.0, 2.0, 1.0, 0.0, 1.0, 2.0, 3.0, 0.0, 0.0, 1.0, 1.0, 0.0, 1.0, 1.0, 1.0, 4.0, 5.0, 3.0, 8.0, 7.0, 6.0, 8.0, 5.0, 6.0, 7.0, 11.0, 14.0, 15.0, 18.0, 22.0, 23.0, 25.0, 28.0, 42.0, 44.0, 52.0, 52.0, 66.0, 71.0, 93.0, 110.0, 147.0, 166.0, 198.0, 221.0, 14596.0, 94.0, 55.0, 37.0, 26.0, 22.0, 11.0, 10.0, 5.0, 7.0, 7.0, 5.0, 2.0, 3.0, 3.0, 3.0, 3.0, 1.0, 2.0], "bins": [-1151.974609375, -1126.6072998046875, -1101.2398681640625, -1075.87255859375, -1050.505126953125, -1025.1378173828125, -999.7703857421875, -974.403076171875, -949.0357055664062, -923.6683349609375, -898.3009643554688, -872.93359375, -847.5662231445312, -822.1988525390625, -796.83154296875, -771.464111328125, -746.0968017578125, -720.7293701171875, -695.362060546875, -669.9946899414062, -644.6273193359375, -619.2599487304688, -593.892578125, -568.5252075195312, -543.1578369140625, -517.7904663085938, -492.423095703125, -467.0557861328125, -441.68841552734375, -416.321044921875, -390.95367431640625, -365.5863037109375, -340.21893310546875, -314.8515625, -289.48419189453125, -264.1168212890625, -238.74945068359375, -213.382080078125, -188.0147705078125, -162.64739990234375, -137.280029296875, -111.91265869140625, -86.5452880859375, -61.17791748046875, -35.810546875, -10.44317626953125, 14.924163818359375, 40.291534423828125, 65.65890502929688, 91.02627563476562, 116.39364624023438, 141.760986328125, 167.12835693359375, 192.4957275390625, 217.86309814453125, 243.23045349121094, 268.59783935546875, 293.9652099609375, 319.3325500488281, 344.6999206542969, 370.0672912597656, 395.43463134765625, 420.802001953125, 446.16937255859375, 471.5367431640625]}, "gradients/graph_17linear.0.bias": {"_type": "histogram", "values": [2.0, 1.0, 1.0, 0.0, 0.0, 1.0, 0.0, 0.0, 1.0, 0.0, 1.0, 2.0, 0.0, 1.0, 1.0, 0.0, 1.0, 0.0, 1.0, 1.0, 0.0, 0.0, 2.0, 0.0, 0.0, 0.0, 0.0, 1.0, 0.0, 0.0, 0.0, 0.0, 0.0, 2.0, 0.0, 0.0, 0.0, 0.0, 0.0, 0.0, 0.0, 0.0, 0.0, 0.0, 0.0, 0.0, 105.0, 1.0, 0.0, 0.0, 0.0, 1.0, 0.0, 0.0, 1.0, 0.0, 0.0, 0.0, 0.0, 0.0, 0.0, 0.0, 0.0, 1.0], "bins": [-365.3565673828125, -357.448974609375, -349.5414123535156, -341.6338195800781, -333.7262268066406, -325.81866455078125, -317.91107177734375, -310.00347900390625, -302.09588623046875, -294.1883239746094, -286.2807312011719, -278.3731689453125, -270.465576171875, -262.5579833984375, -254.65040588378906, -246.74282836914062, -238.83523559570312, -230.9276580810547, -223.0200653076172, -215.11248779296875, -207.20489501953125, -199.2973175048828, -191.38973999023438, -183.48214721679688, -175.57456970214844, -167.6669921875, -159.7593994140625, -151.85182189941406, -143.94424438476562, -136.03665161132812, -128.1290740966797, -120.22148132324219, -112.31391906738281, -104.40634155273438, -96.49874877929688, -88.59117126464844, -80.68357849121094, -72.7760009765625, -64.86842346191406, -56.96083068847656, -49.053253173828125, -41.14567565917969, -33.23808288574219, -25.33050537109375, -17.422927856445312, -9.515335083007812, -1.607757568359375, 6.299835205078125, 14.207412719726562, 22.11499786376953, 30.0225830078125, 37.93016052246094, 45.837745666503906, 53.745330810546875, 61.65290832519531, 69.56049346923828, 77.46807861328125, 85.37566375732422, 93.28324890136719, 101.19082641601562, 109.0984115600586, 117.00599670410156, 124.91357421875, 132.8211669921875, 140.72874450683594]}, "gradients/graph_17linear.0.weight": {"_type": "histogram",