{"Linear loss": 13765.037109375, "_timestamp": 1715762534.7372582, "_runtime": 75.67514610290527, "_step": 1019, "Regret": 0.17796677576843098, "gradients/graph_7linear.5.bias": {"_type": "histogram", "values": [6.0, 1.0, 0.0, 3.0, 0.0, 0.0, 0.0, 0.0, 0.0, 0.0, 0.0, 0.0, 0.0, 0.0, 0.0, 0.0, 0.0, 0.0, 0.0, 0.0, 0.0, 0.0, 0.0, 0.0, 0.0, 0.0, 0.0, 0.0, 12.0, 0.0, 0.0, 4.0, 49.0, 3.0, 3.0, 17.0, 0.0, 0.0, 0.0, 0.0, 0.0, 0.0, 0.0, 0.0, 0.0, 0.0, 0.0, 0.0, 0.0, 0.0, 0.0, 0.0, 0.0, 0.0, 0.0, 0.0, 0.0, 0.0, 0.0, 0.0, 0.0, 16.0, 4.0, 2.0], "bins": [-200.0, -193.75, -187.5, -181.25, -175.0, -168.75, -162.5, -156.25, -150.0, -143.75, -137.5, -131.25, -125.0, -118.75, -112.5, -106.25, -100.0, -93.75, -87.5, -81.25, -75.0, -68.75, -62.5, -56.25, -50.0, -43.75, -37.5, -31.25, -25.0, -18.75, -12.5, -6.25, 0.0, 6.25, 12.5, 18.75, 25.0, 31.25, 37.5, 43.75, 50.0, 56.25, 62.5, 68.75, 75.0, 81.25, 87.5, 93.75, 100.0, 106.25, 112.5, 118.75, 125.0, 131.25, 137.5, 143.75, 150.0, 156.25, 162.5, 168.75, 175.0, 181.25, 187.5, 193.75, 200.0]}, "gradients/graph_7linear.5.weight": {"_type": "histogram", "values": [6.0, 1.0, 0.0, 3.0, 0.0, 0.0, 4.0, 7.0, 3.0, 8.0, 15.0, 21.0, 13.0, 9.0, 7.0, 8.0, 19.0, 17.0, 16.0, 7.0, 20.0, 36.0, 20.0, 17.0, 23.0, 22.0, 18.0, 20.0, 19.0, 99.0, 193.0, 415.0, 5348.0, 337.0, 158.0, 23.0, 44.0, 59.0, 43.0, 42.0, 31.0, 75.0, 69.0, 32.0, 19.0, 20.0, 65.0, 28.0, 17.0, 6.0, 30.0, 50.0, 43.0, 8.0, 17.0, 23.0, 4.0, 1.0, 0.0, 0.0, 0.0, 16.0, 4.0, 2.0], "bins": [-458.2913818359375, -443.96978759765625, -429.6481628417969, -415.3265686035156, -401.00494384765625, -386.683349609375, -372.36175537109375, -358.0401611328125, -343.7185363769531, -329.39691162109375, -315.0753173828125, -300.75372314453125, -286.43212890625, -272.1105041503906, -257.7889099121094, -243.46730041503906, -229.14569091796875, -214.82408142089844, -200.50247192382812, -186.18087768554688, -171.8592529296875, -157.53765869140625, -143.216064453125, -128.89443969726562, -114.57284545898438, -100.25125122070312, -85.92962646484375, -71.6080322265625, -57.28643798828125, -42.964813232421875, -28.643218994140625, -14.32159423828125, 0.0, 14.32159423828125, 28.643218994140625, 42.964813232421875, 57.28643798828125, 71.6080322265625, 85.92962646484375, 100.25125122070312, 114.57284545898438, 128.89443969726562, 143.216064453125, 157.53765869140625, 171.8592529296875, 186.18087768554688, 200.50247192382812, 214.82408142089844, 229.14569091796875, 243.46730041503906, 257.7889099121094, 272.1105041503906, 286.43212890625, 300.75372314453125, 315.0753173828125, 329.39691162109375, 343.7185363769531, 358.0401611328125, 372.36175537109375, 386.683349609375, 401.00494384765625, 415.3265686035156, 429.6481628417969, 443.96978759765625, 458.2913818359375]}, "gradients/graph_7linear.3.bias": {"_type": "histogram", "values": [1.0, 0.0, 0.0, 0.0, 1.0, 0.0, 1.0, 0.0, 0.0, 2.0, 0.0, 1.0, 2.0, 0.0, 0.0, 0.0, 0.0, 0.0, 0.0, 0.0, 0.0, 1.0, 2.0, 0.0, 1.0, 0.0, 1.0, 0.0, 0.0, 2.0, 1.0, 0.0, 2.0, 1.0, 4.0, 0.0, 1.0, 1.0, 2.0, 0.0, 0.0, 1.0, 0.0, 0.0, 0.0, 1.0, 23.0, 2.0, 0.0, 0.0, 1.0, 0.0, 2.0, 1.0, 0.0, 2.0, 1.0, 0.0, 1.0, 1.0, 0.0, 0.0, 0.0, 1.0], "bins": [-229.45606994628906, -224.46966552734375, -219.48326110839844, -214.49685668945312, -209.51043701171875, -204.52403259277344, -199.53762817382812, -194.5512237548828, -189.5648193359375, -184.5784149169922, -179.59201049804688, -174.6055908203125, -169.61920166015625, -164.63278198242188, -159.64637756347656, -154.65997314453125, -149.67356872558594, -144.68716430664062, -139.7007598876953, -134.71435546875, -129.72793579101562, -124.74153900146484, -119.755126953125, -114.76872253417969, -109.78231811523438, -104.79591369628906, -99.80950927734375, -94.82310485839844, -89.83668518066406, -84.85028076171875, -79.86387634277344, -74.87747192382812, -69.89106750488281, -64.9046630859375, -59.91825866699219, -54.931854248046875, -49.94544982910156, -44.95903015136719, -39.972625732421875, -34.98622131347656, -29.99981689453125, -25.013412475585938, -20.027008056640625, -15.040596008300781, -10.054191589355469, -5.067787170410156, -0.0813751220703125, 4.905029296875, 9.891433715820312, 14.877838134765625, 19.864242553710938, 24.85065460205078, 29.837059020996094, 34.823463439941406, 39.809871673583984, 44.79627990722656, 49.782684326171875, 54.76908874511719, 59.755496978759766, 64.74190521240234, 69.72830963134766, 74.71471405029297, 79.70112609863281, 84.68753051757812, 89.67393493652344]}, "gradients/graph_7linear.3.weight": {"_type": "histogram", "values": [1.0, 0.0, 0.0, 0.0, 2.0, 0.0, 1.0, 0.0, 1.0, 3.0, 0.0, 1.0, 5.0, 0.0, 1.0, 3.0, 2.0, 0.0, 0.0, 3.0, 1.0, 5.0, 4.0, 2.0, 8.0, 2.0, 6.0, 7.0, 8.0, 7.0, 14.0, 7.0, 7.0, 6.0, 14.0, 22.0, 15.0, 21.0, 20.0, 21.0, 33.0, 24.0, 40.0, 33.0, 51.0, 118.0, 3442.0, 25.0, 21.0, 18.0, 20.0, 14.0, 10.0, 7.0, 6.0, 5.0, 1.0, 2.0, 2.0, 2.0, 0.0, 0.0, 1.0, 1.0], "bins": [-1026.8193359375, -1004.5050659179688, -982.1908569335938, -959.8765869140625, -937.5623779296875, -915.2481079101562, -892.933837890625, -870.61962890625, -848.305419921875, -825.9911499023438, -803.6768798828125, -781.3626708984375, -759.0484008789062, -736.734130859375, -714.419921875, -692.105712890625, -669.7914428710938, -647.4771728515625, -625.1629638671875, -602.8487548828125, -580.5344848632812, -558.22021484375, -535.906005859375, -513.5917358398438, -491.2774658203125, -468.9632568359375, -446.64898681640625, -424.33477783203125, -402.0205078125, -379.706298828125, -357.39202880859375, -335.07781982421875, -312.7635803222656, -290.4493103027344, -268.1351013183594, -245.82083129882812, -223.50662231445312, -201.19235229492188, -178.87814331054688, -156.56387329101562, -134.24966430664062, -111.93539428710938, -89.62115478515625, -67.30691528320312, -44.992645263671875, -22.67840576171875, -0.364166259765625, 21.9500732421875, 44.264312744140625, 66.57855224609375, 88.89279174804688, 111.20703125, 133.52127075195312, 155.8355255126953, 178.1497802734375, 200.46401977539062, 222.77825927734375, 245.09249877929688, 267.40673828125, 289.72100830078125, 312.03521728515625, 334.3494873046875, 356.6637268066406, 378.97796630859375, 401.2922058105469]}, "gradients/graph_7linear.0.bias": {"_type": "histogram", "values": [1.0, 0.0, 0.0, 0.0, 0.0, 0.0, 0.0, 1.0, 1.0, 0.0, 0.0, 0.0, 0.0, 1.0, 0.0, 0.0, 0.0, 0.0, 0.0, 0.0, 1.0, 0.0, 0.0, 0.0, 0.0, 0.0, 0.0, 1.0, 0.0, 1.0, 0.0, 0.0, 1.0, 1.0, 2.0, 1.0, 1.0, 0.0, 1.0, 0.0, 0.0, 0.0, 1.0, 0.0, 0.0, 0.0, 0.0, 0.0, 46.0, 0.0, 0.0, 0.0, 1.0, 0.0, 0.0, 1.0, 0.0, 0.0, 0.0, 0.0, 0.0, 0.0, 0.0, 1.0], "bins": [-180.62440490722656, -176.88938903808594, -173.15435791015625, -169.41934204101562, -165.684326171875, -161.94931030273438, -158.2142791748047, -154.47926330566406, -150.74424743652344, -147.00921630859375, -143.27420043945312, -139.5391845703125, -135.80416870117188, -132.0691375732422, -128.33412170410156, -124.5990982055664, -120.86407470703125, -117.12905883789062, -113.39403533935547, -109.65901947021484, -105.92399597167969, -102.18898010253906, -98.4539566040039, -94.71893310546875, -90.98391723632812, -87.24889373779297, -83.51387786865234, -79.77885437011719, -76.04383087158203, -72.3088150024414, -68.57379150390625, -64.83877563476562, -61.10375213623047, -57.36872863769531, -53.63371276855469, -49.89868927001953, -46.163673400878906, -42.42864990234375, -38.693626403808594, -34.95861053466797, -31.223587036132812, -27.488571166992188, -23.75354766845703, -20.018524169921875, -16.28350830078125, -12.548484802246094, -8.813468933105469, -5.0784454345703125, -1.3434257507324219, 2.3915939331054688, 6.126613616943359, 9.861637115478516, 13.596656799316406, 17.331676483154297, 21.066696166992188, 24.801715850830078, 28.5367374420166, 32.271759033203125, 36.006778717041016, 39.741798400878906, 43.4768180847168, 47.21183776855469, 50.946861267089844, 54.681880950927734, 58.416900634765625]}, "gradients/graph_7linear.0.weight": {"_type": "histogram",