{"Linear loss": 13841.0908203125, "_timestamp": 1715762645.8533826, "_runtime": 104.63416457176208, "_step": 1019, "Regret": 0.20930920264840344, "gradients/graph_8linear.5.bias": {"_type": "histogram", "values": [6.0, 1.0, 0.0, 3.0, 0.0, 0.0, 0.0, 0.0, 0.0, 0.0, 0.0, 0.0, 0.0, 0.0, 0.0, 0.0, 0.0, 0.0, 0.0, 0.0, 0.0, 0.0, 0.0, 0.0, 0.0, 0.0, 0.0, 0.0, 10.0, 0.0, 0.0, 4.0, 55.0, 3.0, 3.0, 17.0, 0.0, 0.0, 0.0, 0.0, 0.0, 0.0, 0.0, 0.0, 0.0, 0.0, 0.0, 0.0, 0.0, 0.0, 0.0, 0.0, 0.0, 0.0, 0.0, 0.0, 0.0, 0.0, 0.0, 0.0, 0.0, 14.0, 2.0, 2.0], "bins": [-200.0, -193.75, -187.5, -181.25, -175.0, -168.75, -162.5, -156.25, -150.0, -143.75, -137.5, -131.25, -125.0, -118.75, -112.5, -106.25, -100.0, -93.75, -87.5, -81.25, -75.0, -68.75, -62.5, -56.25, -50.0, -43.75, -37.5, -31.25, -25.0, -18.75, -12.5, -6.25, 0.0, 6.25, 12.5, 18.75, 25.0, 31.25, 37.5, 43.75, 50.0, 56.25, 62.5, 68.75, 75.0, 81.25, 87.5, 93.75, 100.0, 106.25, 112.5, 118.75, 125.0, 131.25, 137.5, 143.75, 150.0, 156.25, 162.5, 168.75, 175.0, 181.25, 187.5, 193.75, 200.0]}, "gradients/graph_8linear.5.weight": {"_type": "histogram", "values": [6.0, 1.0, 6.0, 9.0, 5.0, 6.0, 8.0, 11.0, 8.0, 11.0, 6.0, 10.0, 4.0, 6.0, 3.0, 11.0, 6.0, 10.0, 10.0, 12.0, 13.0, 13.0, 5.0, 21.0, 16.0, 24.0, 16.0, 20.0, 40.0, 83.0, 110.0, 330.0, 5881.0, 234.0, 166.0, 69.0, 32.0, 22.0, 44.0, 34.0, 34.0, 16.0, 19.0, 34.0, 19.0, 18.0, 16.0, 17.0, 5.0, 14.0, 3.0, 17.0, 16.0, 11.0, 23.0, 21.0, 14.0, 5.0, 15.0, 17.0, 4.0, 16.0, 2.0, 2.0], "bins": [-705.5739135742188, -683.5247192382812, -661.4755249023438, -639.4263916015625, -617.377197265625, -595.3280029296875, -573.27880859375, -551.2296142578125, -529.180419921875, -507.1312561035156, -485.0820617675781, -463.03289794921875, -440.98370361328125, -418.93450927734375, -396.88531494140625, -374.8361511230469, -352.7869567871094, -330.7377624511719, -308.6885986328125, -286.639404296875, -264.5902099609375, -242.54104614257812, -220.49185180664062, -198.44265747070312, -176.39349365234375, -154.34429931640625, -132.29510498046875, -110.24591064453125, -88.19671630859375, -66.1475830078125, -44.098388671875, -22.0491943359375, 0.0, 22.0491943359375, 44.098388671875, 66.1475830078125, 88.19671630859375, 110.24591064453125, 132.29510498046875, 154.34429931640625, 176.39349365234375, 198.44265747070312, 220.49185180664062, 242.54104614257812, 264.5902099609375, 286.639404296875, 308.6885986328125, 330.7377624511719, 352.7869567871094, 374.8361511230469, 396.88531494140625, 418.93450927734375, 440.98370361328125, 463.03289794921875, 485.0820617675781, 507.1312561035156, 529.180419921875, 551.2296142578125, 573.27880859375, 595.3280029296875, 617.377197265625, 639.4263916015625, 661.4755249023438, 683.5247192382812, 705.5739135742188]}, "gradients/graph_8linear.3.bias": {"_type": "histogram", "values": [1.0, 0.0, 0.0, 0.0, 0.0, 0.0, 0.0, 0.0, 0.0, 1.0, 0.0, 1.0, 2.0, 1.0, 0.0, 0.0, 0.0, 0.0, 0.0, 1.0, 0.0, 0.0, 1.0, 1.0, 2.0, 0.0, 1.0, 1.0, 1.0, 1.0, 2.0, 29.0, 1.0, 2.0, 2.0, 0.0, 1.0, 1.0, 2.0, 3.0, 0.0, 2.0, 1.0, 0.0, 1.0, 0.0, 0.0, 0.0, 0.0, 0.0, 0.0, 1.0, 0.0, 0.0, 0.0, 0.0, 0.0, 0.0, 0.0, 0.0, 0.0, 0.0, 0.0, 1.0], "bins": [-165.65821838378906, -160.47006225585938, -155.28189086914062, -150.09373474121094, -144.90557861328125, -139.7174072265625, -134.5292510986328, -129.34109497070312, -124.15292358398438, -118.96476745605469, -113.77660369873047, -108.58843994140625, -103.40028381347656, -98.21212005615234, -93.02395629882812, -87.83580017089844, -82.64763641357422, -77.45947265625, -72.27131652832031, -67.0831527709961, -61.894989013671875, -56.70683288574219, -51.51866912841797, -46.33050537109375, -41.14234924316406, -35.95417785644531, -30.766021728515625, -25.577865600585938, -20.389694213867188, -15.2015380859375, -10.013381958007812, -4.8252105712890625, 0.362945556640625, 5.5511016845703125, 10.739273071289062, 15.92742919921875, 21.115585327148438, 26.303756713867188, 31.491912841796875, 36.68006896972656, 41.86824035644531, 47.056396484375, 52.24456024169922, 57.43272399902344, 62.620880126953125, 67.80904388427734, 72.99720764160156, 78.18536376953125, 83.37352752685547, 88.56169128417969, 93.74984741210938, 98.9380111694336, 104.12617492675781, 109.3143310546875, 114.50249481201172, 119.69065856933594, 124.87881469726562, 130.06698608398438, 135.25514221191406, 140.44329833984375, 145.6314697265625, 150.8196258544922, 156.00778198242188, 161.19595336914062, 166.3841094970703]}, "gradients/graph_8linear.3.weight": {"_type": "histogram", "values": [1.0, 0.0, 1.0, 0.0, 0.0, 0.0, 1.0, 0.0, 1.0, 2.0, 2.0, 2.0, 3.0, 4.0, 5.0, 3.0, 4.0, 6.0, 8.0, 12.0, 10.0, 11.0, 5.0, 7.0, 14.0, 19.0, 19.0, 24.0, 19.0, 31.0, 49.0, 3492.0, 91.0, 48.0, 32.0, 34.0, 37.0, 25.0, 21.0, 12.0, 6.0, 4.0, 6.0, 3.0, 3.0, 3.0, 1.0, 1.0, 0.0, 3.0, 2.0, 2.0, 0.0, 2.0, 1.0, 1.0, 0.0, 1.0, 0.0, 0.0, 0.0, 1.0, 0.0, 1.0], "bins": [-708.0770263671875, -685.901123046875, -663.7252197265625, -641.5493774414062, -619.3734741210938, -597.1975708007812, -575.021728515625, -552.8458251953125, -530.669921875, -508.4940185546875, -486.3181457519531, -464.14227294921875, -441.96636962890625, -419.79046630859375, -397.6145935058594, -375.438720703125, -353.2628173828125, -331.0869140625, -308.9110412597656, -286.73516845703125, -264.55926513671875, -242.38336181640625, -220.20748901367188, -198.0316162109375, -175.855712890625, -153.6798095703125, -131.50390625, -109.32806396484375, -87.15216064453125, -64.97625732421875, -42.8004150390625, -20.62451171875, 1.55133056640625, 23.72723388671875, 45.90313720703125, 68.0789794921875, 90.2548828125, 112.4307861328125, 134.60662841796875, 156.78253173828125, 178.95843505859375, 201.13433837890625, 223.31021118164062, 245.486083984375, 267.6619873046875, 289.837890625, 312.0137634277344, 334.18963623046875, 356.36553955078125, 378.54144287109375, 400.7173156738281, 422.8931884765625, 445.069091796875, 467.2449951171875, 489.4208679199219, 511.59674072265625, 533.7726440429688, 555.9485473632812, 578.1243896484375, 600.30029296875, 622.4761962890625, 644.652099609375, 666.8280029296875, 689.0038452148438, 711.1797485351562]}, "gradients/graph_8linear.0.bias": {"_type": "histogram", "values": [1.0, 0.0, 0.0, 0.0, 0.0, 0.0, 1.0, 0.0, 0.0, 0.0, 0.0, 0.0, 0.0, 0.0, 1.0, 0.0, 0.0, 0.0, 0.0, 0.0, 1.0, 0.0, 0.0, 1.0, 0.0, 0.0, 0.0, 0.0, 2.0, 0.0, 0.0, 1.0, 2.0, 1.0, 1.0, 1.0, 0.0, 1.0, 0.0, 0.0, 0.0, 2.0, 44.0, 1.0, 1.0, 0.0, 0.0, 0.0, 0.0, 0.0, 0.0, 0.0, 1.0, 0.0, 0.0, 0.0, 0.0, 0.0, 0.0, 0.0, 0.0, 0.0, 0.0, 1.0], "bins": [-79.49543762207031, -77.61058044433594, -75.72572326660156, -73.84086608886719, -71.95600891113281, -70.07115173339844, -68.18629455566406, -66.30143737792969, -64.41658020019531, -62.53172302246094, -60.64686584472656, -58.76200866699219, -56.87715148925781, -54.99229431152344, -53.10743713378906, -51.22257995605469, -49.33772277832031, -47.45286178588867, -45.5680046081543, -43.68314743041992, -41.79829025268555, -39.91343307495117, -38.0285758972168, -36.14371871948242, -34.25886154174805, -32.37400436401367, -30.489147186279297, -28.604290008544922, -26.719432830810547, -24.834575653076172, -22.949718475341797, -21.064861297607422, -19.180004119873047, -17.295146942138672, -15.410289764404297, -13.525432586669922, -11.640575408935547, -9.755718231201172, -7.870861053466797, -5.986003875732422, -4.101146697998047, -2.216289520263672, -0.3314323425292969, 1.5534248352050781, 3.438282012939453, 5.323139190673828, 7.207996368408203, 9.092853546142578, 10.977712631225586, 12.862569808959961, 14.747426986694336, 16.63228416442871, 18.517141342163086, 20.40199851989746, 22.286855697631836, 24.17171287536621, 26.05657196044922, 27.941429138183594, 29.82628631591797, 31.711143493652344, 33.59600067138672, 35.480857849121094, 37.36571502685547, 39.250572204589844, 41.13542938232422]}, "gradients/graph_8linear.0.weight": {"_type": "histogram",