{"gradients/graph_31linear.5.bias": {"_type": "histogram", "values": [2.0, 2.0, 3.0, 4.0, 3.0, 5.0, 4.0, 4.0, 5.0, 2.0, 2.0, 1.0, 0.0, 0.0, 2.0, 3.0, 6.0, 7.0, 3.0, 3.0, 5.0, 1.0, 2.0, 1.0, 0.0, 0.0, 0.0, 0.0, 0.0, 0.0, 0.0, 0.0, 0.0, 0.0, 0.0, 0.0, 0.0, 0.0, 0.0, 0.0, 0.0, 0.0, 1.0, 0.0, 0.0, 0.0, 1.0, 0.0, 0.0, 1.0, 2.0, 2.0, 3.0, 1.0, 4.0, 4.0, 3.0, 2.0, 0.0, 0.0, 1.0, 0.0, 0.0, 1.0], "bins": [-0.781983494758606, -0.7560796141624451, -0.7301756739616394, -0.7042717933654785, -0.6783678531646729, -0.652463972568512, -0.6265600919723511, -0.6006561517715454, -0.5747522711753845, -0.5488483905792236, -0.522944450378418, -0.4970405697822571, -0.4711366593837738, -0.4452327489852905, -0.41932886838912964, -0.39342495799064636, -0.3675210475921631, -0.3416171371936798, -0.31571322679519653, -0.28980934619903564, -0.26390540599823, -0.2380015254020691, -0.2120976448059082, -0.18619370460510254, -0.16028982400894165, -0.13438594341278076, -0.1084820032119751, -0.08257812261581421, -0.05667424201965332, -0.030770301818847656, -0.004866421222686768, 0.021037518978118896, 0.046941399574279785, 0.07284528017044067, 0.09874922037124634, 0.12465310096740723, 0.1505570411682129, 0.17646092176437378, 0.20236480236053467, 0.22826874256134033, 0.2541726231575012, 0.2800765037536621, 0.3059804439544678, 0.33188432455062866, 0.35778820514678955, 0.3836921453475952, 0.4095960259437561, 0.4354999363422394, 0.46140384674072266, 0.48730775713920593, 0.5132116675376892, 0.5391155481338501, 0.5650194883346558, 0.5909233689308167, 0.6168272495269775, 0.6427311897277832, 0.6686350703239441, 0.694538950920105, 0.7204428911209106, 0.7463467717170715, 0.7722506523132324, 0.7981545925140381, 0.824058473110199, 0.8499624133110046, 0.8758662939071655]}, "_timestamp": 1715855298.5829093, "gradients/graph_31linear.5.weight": {"_type": "histogram", "values": [4.0, 4.0, 6.0, 13.0, 14.0, 16.0, 16.0, 18.0, 18.0, 18.0, 16.0, 21.0, 24.0, 43.0, 53.0, 65.0, 81.0, 88.0, 63.0, 50.0, 77.0, 99.0, 113.0, 97.0, 98.0, 112.0, 83.0, 53.0, 36.0, 1.0, 1152.0, 0.0, 3.0, 12.0, 29.0, 16.0, 19.0, 19.0, 25.0, 27.0, 22.0, 29.0, 41.0, 39.0, 36.0, 43.0, 30.0, 14.0, 12.0, 10.0, 14.0, 13.0, 12.0, 13.0, 14.0, 10.0, 7.0, 4.0, 0.0, 1.0, 3.0, 0.0, 1.0, 2.0], "bins": [-8.19650936126709, -7.924992561340332, -7.653475761413574, -7.381958961486816, -7.110442638397217, -6.838925838470459, -6.567409038543701, -6.295892238616943, -6.024375915527344, -5.752859115600586, -5.481342315673828, -5.20982551574707, -4.9383087158203125, -4.666791915893555, -4.395275115966797, -4.123758792877197, -3.8522419929504395, -3.5807251930236816, -3.309208393096924, -3.037692070007324, -2.7661752700805664, -2.4946584701538086, -2.223141670227051, -1.951624870300293, -1.6801080703735352, -1.4085917472839355, -1.1370749473571777, -0.8655581474304199, -0.5940413475036621, -0.3225245475769043, -0.05100822448730469, 0.22050857543945312, 0.49202537536621094, 0.7635421752929688, 1.0350589752197266, 1.3065752983093262, 1.578092098236084, 1.8496088981628418, 2.1211256980895996, 2.3926424980163574, 2.664158821105957, 2.935675621032715, 3.2071924209594727, 3.4787092208862305, 3.7502260208129883, 4.021742820739746, 4.293259143829346, 4.5647759437561035, 4.836292743682861, 5.107809543609619, 5.379325866699219, 5.650842666625977, 5.922359466552734, 6.193876266479492, 6.46539306640625, 6.736909866333008, 7.008426666259766, 7.279942989349365, 7.551459789276123, 7.822976589202881, 8.09449291229248, 8.366009712219238, 8.637526512145996, 8.909043312072754, 9.180560111999512]}, "gradients/graph_31linear.3.bias": {"_type": "histogram", "values": [2.0, 1.0, 1.0, 0.0, 0.0, 2.0, 2.0, 0.0, 1.0, 4.0, 2.0, 1.0, 0.0, 1.0, 2.0, 0.0, 0.0, 0.0, 0.0, 0.0, 0.0, 0.0, 0.0, 0.0, 0.0, 0.0, 0.0, 0.0, 0.0, 0.0, 1.0, 0.0, 0.0, 0.0, 0.0, 0.0, 0.0, 0.0, 0.0, 0.0, 0.0, 0.0, 0.0, 0.0, 0.0, 0.0, 0.0, 0.0, 0.0, 0.0, 0.0, 0.0, 0.0, 0.0, 0.0, 0.0, 0.0, 0.0, 0.0, 0.0, 0.0, 0.0, 0.0, 12.0], "bins": [-9.860991477966309, -9.706913948059082, -9.552835464477539, -9.398757934570312, -9.24467945098877, -9.090601921081543, -8.9365234375, -8.782445907592773, -8.62836742401123, -8.474289894104004, -8.320211410522461, -8.166133880615234, -8.012055397033691, -7.857977867126465, -7.703899383544922, -7.549821853637695, -7.395743370056152, -7.241665840148926, -7.087587356567383, -6.933509826660156, -6.779431343078613, -6.625353813171387, -6.471275329589844, -6.317197799682617, -6.163119792938232, -6.009041786193848, -5.854963779449463, -5.700885772705078, -5.546807765960693, -5.392729759216309, -5.238651752471924, -5.084573745727539, -4.930495738983154, -4.7764177322387695, -4.622339725494385, -4.46826171875, -4.314183712005615, -4.1601057052612305, -4.006027698516846, -3.851949691772461, -3.697871685028076, -3.5437939167022705, -3.3897159099578857, -3.235637903213501, -3.081559896469116, -2.9274818897247314, -2.7734038829803467, -2.619325876235962, -2.465247869491577, -2.3111698627471924, -2.1570918560028076, -2.003013849258423, -1.848935842514038, -1.6948579549789429, -1.540779948234558, -1.3867019414901733, -1.2326239347457886, -1.0785459280014038, -0.924467921257019, -0.770389974117279, -0.6163119673728943, -0.4622339606285095, -0.30815598368644714, -0.15407799184322357, 0.0]}, "gradients/graph_31linear.3.weight": {"_type": "histogram", "values": [2.0, 1.0, 1.0, 0.0, 0.0, 2.0, 2.0, 0.0, 1.0, 4.0, 2.0, 1.0, 0.0, 1.0, 2.0, 0.0, 0.0, 0.0, 0.0, 0.0, 0.0, 0.0, 0.0, 0.0, 0.0, 0.0, 0.0, 0.0, 0.0, 0.0, 1.0, 0.0, 0.0, 0.0, 0.0, 0.0, 0.0, 0.0, 0.0, 0.0, 0.0, 0.0, 0.0, 0.0, 0.0, 0.0, 0.0, 0.0, 0.0, 0.0, 0.0, 0.0, 0.0, 0.0, 0.0, 0.0, 0.0, 0.0, 0.0, 0.0, 0.0, 0.0, 0.0, 1004.0], "bins": [-447.2900390625, -440.3011474609375, -433.3122253417969, -426.32330322265625, -419.33441162109375, -412.34552001953125, -405.3565979003906, -398.36767578125, -391.3787841796875, -384.389892578125, -377.4009704589844, -370.41204833984375, -363.42315673828125, -356.43426513671875, -349.4453430175781, -342.4564208984375, -335.467529296875, -328.4786376953125, -321.4897155761719, -314.50079345703125, -307.51190185546875, -300.52301025390625, -293.5340881347656, -286.545166015625, -279.5562744140625, -272.5673828125, -265.5784606933594, -258.58953857421875, -251.60064697265625, -244.6117401123047, -237.62283325195312, -230.63392639160156, -223.64501953125, -216.65611267089844, -209.66720581054688, -202.6782989501953, -195.68939208984375, -188.7004852294922, -181.71157836914062, -174.72267150878906, -167.7337646484375, -160.74485778808594, -153.75595092773438, -146.7670440673828, -139.77813720703125, -132.7892303466797, -125.80032348632812, -118.81141662597656, -111.822509765625, -104.83360290527344, -97.84469604492188, -90.85578918457031, -83.86688232421875, -76.87797546386719, -69.88906860351562, -62.90016174316406, -55.9112548828125, -48.92234802246094, -41.933441162109375, -34.94453430175781, -27.95562744140625, -20.966720581054688, -13.977813720703125, -6.9889068603515625, -0.0]}, "gradients/graph_31linear.0.bias": {"_type": "histogram", "values": [1.0, 0.0, 0.0, 0.0, 0.0, 0.0, 0.0, 0.0, 0.0, 0.0, 0.0, 0.0, 0.0, 0.0, 0.0, 0.0, 0.0, 0.0, 0.0, 0.0, 0.0, 0.0, 0.0, 0.0, 0.0, 0.0, 0.0, 0.0, 0.0, 0.0, 0.0, 0.0, 0.0, 0.0, 0.0, 0.0, 0.0, 0.0, 0.0, 0.0, 0.0, 0.0, 0.0, 0.0, 0.0, 0.0, 0.0, 0.0, 0.0, 0.0, 0.0, 0.0, 0.0, 0.0, 0.0, 0.0, 0.0, 0.0, 0.0, 0.0, 0.0, 0.0, 0.0, 31.0],