{"gradients/graph_8linear.5.bias": {"_type": "histogram", "values": [4.0, 1.0, 2.0, 1.0, 0.0, 0.0, 0.0, 0.0, 0.0, 0.0, 0.0, 0.0, 0.0, 0.0, 0.0, 0.0, 0.0, 0.0, 0.0, 0.0, 0.0, 0.0, 0.0, 0.0, 0.0, 0.0, 3.0, 1.0, 4.0, 5.0, 7.0, 9.0, 12.0, 14.0, 6.0, 4.0, 3.0, 0.0, 2.0, 2.0, 0.0, 0.0, 0.0, 0.0, 0.0, 0.0, 0.0, 0.0, 0.0, 0.0, 0.0, 0.0, 0.0, 0.0, 0.0, 0.0, 0.0, 0.0, 1.0, 1.0, 4.0, 6.0, 0.0, 4.0], "bins": [-1.0771234035491943, -1.0438672304153442, -1.0106110572814941, -0.9773549437522888, -0.9440987706184387, -0.9108426570892334, -0.8775864839553833, -0.8443303108215332, -0.8110741376876831, -0.7778180241584778, -0.7445618510246277, -0.7113057374954224, -0.6780495643615723, -0.6447933912277222, -0.6115372180938721, -0.578281044960022, -0.5450249314308167, -0.5117687582969666, -0.47851264476776123, -0.44525647163391113, -0.41200029850006104, -0.3787441849708557, -0.3454880118370056, -0.3122318387031555, -0.2789757251739502, -0.2457195520401001, -0.21246337890625, -0.1792072057723999, -0.14595109224319458, -0.11269491910934448, -0.07943874597549438, -0.04618263244628906, -0.012926459312438965, 0.020329713821411133, 0.053585827350616455, 0.08684200048446655, 0.12009817361831665, 0.15335428714752197, 0.18661046028137207, 0.21986663341522217, 0.25312280654907227, 0.2863789200782776, 0.3196350932121277, 0.3528912663459778, 0.3861473798751831, 0.4194035530090332, 0.4526597261428833, 0.4859158396720886, 0.5191720128059387, 0.552428126335144, 0.5856842994689941, 0.6189404726028442, 0.6521966457366943, 0.6854528188705444, 0.7187089323997498, 0.7519651055335999, 0.7852212190628052, 0.8184773921966553, 0.8517335653305054, 0.8849897384643555, 0.9182458519935608, 0.9515020251274109, 0.984758198261261, 1.0180143117904663, 1.0512704849243164]}, "_timestamp": 1715866050.1842153, "gradients/graph_8linear.5.weight": {"_type": "histogram", "values": [4.0, 1.0, 2.0, 10.0, 6.0, 9.0, 9.0, 8.0, 6.0, 9.0, 12.0, 24.0, 23.0, 25.0, 9.0, 18.0, 17.0, 19.0, 25.0, 26.0, 26.0, 28.0, 35.0, 32.0, 14.0, 4.0, 22.0, 22.0, 67.0, 121.0, 314.0, 826.0, 2374.0, 719.0, 231.0, 100.0, 63.0, 53.0, 31.0, 23.0, 65.0, 67.0, 64.0, 56.0, 55.0, 51.0, 44.0, 36.0, 25.0, 40.0, 48.0, 54.0, 32.0, 23.0, 14.0, 17.0, 16.0, 20.0, 23.0, 7.0, 10.0, 6.0, 0.0, 4.0], "bins": [-17.40258026123047, -16.865276336669922, -16.327972412109375, -15.790667533874512, -15.253363609313965, -14.716059684753418, -14.178754806518555, -13.641450881958008, -13.104146957397461, -12.566843032836914, -12.029539108276367, -11.492234230041504, -10.954930305480957, -10.41762638092041, -9.880321502685547, -9.343017578125, -8.805713653564453, -8.268409729003906, -7.731105804443359, -7.193800926208496, -6.656497001647949, -6.119193077087402, -5.581888198852539, -5.044584274291992, -4.507280349731445, -3.9699764251708984, -3.4326725006103516, -2.8953676223754883, -2.3580636978149414, -1.8207597732543945, -1.2834548950195312, -0.7461509704589844, -0.2088451385498047, 0.3284587860107422, 0.8657627105712891, 1.4030675888061523, 1.9403715133666992, 2.477675437927246, 3.0149803161621094, 3.5522842407226562, 4.089588165283203, 4.62689208984375, 5.164196014404297, 5.70150089263916, 6.238804817199707, 6.776108741760254, 7.313413619995117, 7.850717544555664, 8.388021469116211, 8.925325393676758, 9.462629318237305, 9.999934196472168, 10.537238121032715, 11.074542045593262, 11.611846923828125, 12.149150848388672, 12.686454772949219, 13.223758697509766, 13.761062622070312, 14.298367500305176, 14.835671424865723, 15.37297534942627, 15.910280227661133, 16.44758415222168, 16.984888076782227]}, "gradients/graph_8linear.3.bias": {"_type": "histogram", "values": [7.0, 0.0, 0.0, 0.0, 0.0, 0.0, 0.0, 0.0, 0.0, 0.0, 0.0, 0.0, 0.0, 0.0, 0.0, 0.0, 0.0, 0.0, 0.0, 0.0, 0.0, 0.0, 0.0, 0.0, 0.0, 1.0, 1.0, 1.0, 1.0, 1.0, 1.0, 1.0, 1.0, 1.0, 1.0, 0.0, 0.0, 3.0, 3.0, 0.0, 1.0, 0.0, 2.0, 1.0, 0.0, 1.0, 3.0, 3.0, 7.0, 2.0, 2.0, 4.0, 1.0, 1.0, 2.0, 3.0, 1.0, 2.0, 1.0, 1.0, 0.0, 2.0, 0.0, 1.0], "bins": [0.0, 0.055654142051935196, 0.11130828410387039, 0.1669624298810959, 0.22261656820774078, 0.2782707214355469, 0.3339248597621918, 0.38957899808883667, 0.44523313641548157, 0.5008872747421265, 0.5565414428710938, 0.6121955513954163, 0.6678497195243835, 0.723503828048706, 0.7791579961776733, 0.8348121047019958, 0.8904662728309631, 0.9461204409599304, 1.001774549484253, 1.0574287176132202, 1.1130828857421875, 1.1687369346618652, 1.2243911027908325, 1.2800452709197998, 1.335699439048767, 1.3913536071777344, 1.447007656097412, 1.5026618242263794, 1.5583159923553467, 1.613970160484314, 1.6696242094039917, 1.725278377532959, 1.7809325456619263, 1.8365867137908936, 1.8922408819198608, 1.9478949308395386, 2.003549098968506, 2.0592031478881836, 2.1148574352264404, 2.170511484146118, 2.226165771484375, 2.2818198204040527, 2.3374738693237305, 2.3931281566619873, 2.448782205581665, 2.504436492919922, 2.5600905418395996, 2.6157445907592773, 2.671398878097534, 2.727052927017212, 2.7827072143554688, 2.8383612632751465, 2.894015312194824, 2.949669599533081, 3.005323648452759, 3.0609779357910156, 3.1166319847106934, 3.172286033630371, 3.227940320968628, 3.2835943698883057, 3.3392484188079834, 3.3949027061462402, 3.450556755065918, 3.506211042404175, 3.5618650913238525]}, "gradients/graph_8linear.3.weight": {"_type": "histogram", "values": [3699.0, 44.0, 11.0, 0.0, 0.0, 0.0, 0.0, 0.0, 1.0, 5.0, 5.0, 6.0, 5.0, 10.0, 9.0, 6.0, 17.0, 22.0, 15.0, 16.0, 9.0, 11.0, 6.0, 7.0, 9.0, 13.0, 6.0, 7.0, 7.0, 6.0, 4.0, 6.0, 8.0, 8.0, 6.0, 4.0, 3.0, 9.0, 7.0, 3.0, 3.0, 1.0, 6.0, 2.0, 0.0, 2.0, 6.0, 8.0, 12.0, 4.0, 5.0, 8.0, 2.0, 2.0, 3.0, 7.0, 1.0, 4.0, 3.0, 1.0, 1.0, 3.0, 0.0, 2.0], "bins": [0.0, 1.8145171403884888, 3.6290342807769775, 5.443551540374756, 7.258068561553955, 9.072586059570312, 10.887103080749512, 12.701620101928711, 14.51613712310791, 16.33065414428711, 18.145172119140625, 19.959688186645508, 21.774206161499023, 23.588722229003906, 25.403240203857422, 27.217756271362305, 29.03227424621582, 30.846792221069336, 32.66130828857422, 34.475826263427734, 36.29034423828125, 38.1048583984375, 39.919376373291016, 41.73389434814453, 43.54841232299805, 45.36293029785156, 47.17744445800781, 48.99196243286133, 50.806480407714844, 52.62099838256836, 54.43551254272461, 56.250030517578125, 58.06454849243164, 59.879066467285156, 61.69358444213867, 63.50809860229492, 65.32261657714844, 67.13713073730469, 68.95165252685547, 70.76616668701172, 72.5806884765625, 74.39520263671875, 76.209716796875, 78.02423858642578, 79.83875274658203, 81.65327453613281, 83.46778869628906, 85.28230285644531, 87.0968246459961, 88.91133880615234, 90.72586059570312, 92.54037475585938, 94.35488891601562, 96.1694107055664, 97.98392486572266, 99.79844665527344, 101.61296081542969, 103.42747497558594, 105.24199676513672, 107.05651092529297, 108.87102508544922, 110.685546875, 112.50006103515625, 114.31458282470703, 116.12909698486328]}, "gradients/graph_8linear.0.bias": {"_type": "histogram", "values": [57.0, 0.0, 0.0, 0.0, 0.0, 0.0, 0.0, 0.0, 0.0, 0.0, 0.0, 0.0, 0.0, 0.0, 0.0, 0.0, 0.0, 0.0, 0.0, 1.0, 0.0, 0.0, 0.0, 0.0, 0.0, 0.0, 0.0, 0.0, 0.0, 0.0, 0.0, 0.0, 0.0, 1.0, 1.0, 0.0, 1.0, 0.0, 0.0, 0.0, 0.0, 0.0, 0.0, 0.0, 0.0, 0.0, 0.0, 0.0, 0.0, 0.0, 0.0, 0.0, 0.0, 0.0, 2.0, 0.0, 0.0, 0.0, 0.0, 0.0, 0.0, 0.0, 0.0, 1.0],