{"gradients/graph_4linear.5.bias": {"_type": "histogram", "values": [3.0, 1.0, 0.0, 0.0, 0.0, 0.0, 0.0, 0.0, 0.0, 0.0, 0.0, 0.0, 0.0, 0.0, 0.0, 0.0, 0.0, 0.0, 3.0, 7.0, 10.0, 4.0, 2.0, 2.0, 3.0, 1.0, 1.0, 1.0, 1.0, 1.0, 2.0, 26.0, 0.0, 0.0, 0.0, 0.0, 0.0, 0.0, 0.0, 0.0, 0.0, 0.0, 2.0, 11.0, 1.0, 4.0, 2.0, 0.0, 0.0, 0.0, 0.0, 0.0, 0.0, 0.0, 0.0, 0.0, 0.0, 0.0, 0.0, 0.0, 1.0, 0.0, 4.0, 3.0], "bins": [-0.8258580565452576, -0.8003397583961487, -0.774821400642395, -0.7493031024932861, -0.7237847447395325, -0.6982664465904236, -0.6727480888366699, -0.647229790687561, -0.6217114925384521, -0.5961931347846985, -0.5706747770309448, -0.5451564788818359, -0.519638180732727, -0.4941198527812958, -0.4686015248298645, -0.4430831968784332, -0.41756486892700195, -0.3920465409755707, -0.3665282130241394, -0.34100988507270813, -0.31549155712127686, -0.28997325897216797, -0.2644549012184143, -0.23893660306930542, -0.21341830492019653, -0.18789994716644287, -0.16238164901733398, -0.13686329126358032, -0.11134499311447144, -0.08582663536071777, -0.06030833721160889, -0.034789979457855225, -0.009271621704101562, 0.016246676445007324, 0.041765034198760986, 0.06728333234786987, 0.09280169010162354, 0.11831998825073242, 0.14383834600448608, 0.16935664415359497, 0.19487500190734863, 0.22039330005645752, 0.2459115982055664, 0.27142995595932007, 0.29694825410842896, 0.32246658205986023, 0.3479849100112915, 0.3735032379627228, 0.39902156591415405, 0.4245398938655853, 0.4500582218170166, 0.4755765497684479, 0.5010948777198792, 0.526613175868988, 0.5521315336227417, 0.5776498317718506, 0.6031681299209595, 0.6286864876747131, 0.6542048454284668, 0.6797231435775757, 0.7052414417266846, 0.7307597994804382, 0.7562780976295471, 0.7817964553833008, 0.8073147535324097]}, "_timestamp": 1715864471.8193269, "gradients/graph_4linear.5.weight": {"_type": "histogram", "values": [3.0, 1.0, 0.0, 0.0, 0.0, 0.0, 0.0, 0.0, 0.0, 0.0, 0.0, 0.0, 0.0, 0.0, 0.0, 0.0, 0.0, 0.0, 3.0, 7.0, 10.0, 4.0, 2.0, 2.0, 3.0, 1.0, 1.0, 1.0, 1.0, 1.0, 2.0, 26.0, 6048.0, 0.0, 0.0, 0.0, 0.0, 0.0, 0.0, 0.0, 0.0, 0.0, 2.0, 11.0, 1.0, 4.0, 2.0, 0.0, 0.0, 0.0, 0.0, 0.0, 0.0, 0.0, 0.0, 0.0, 0.0, 0.0, 0.0, 0.0, 1.0, 0.0, 4.0, 3.0], "bins": [-38.431949615478516, -37.24443435668945, -36.05691909790039, -34.86940383911133, -33.681888580322266, -32.4943733215332, -31.30685806274414, -30.119342803955078, -28.931827545166016, -27.744312286376953, -26.55679702758789, -25.369281768798828, -24.181766510009766, -22.994251251220703, -21.80673599243164, -20.619220733642578, -19.431705474853516, -18.244190216064453, -17.05667495727539, -15.869159698486328, -14.681644439697266, -13.494129180908203, -12.30661392211914, -11.119098663330078, -9.931583404541016, -8.744068145751953, -7.556552886962891, -6.369037628173828, -5.181522369384766, -3.994007110595703, -2.8064918518066406, -1.6189765930175781, -0.43146514892578125, 0.7560501098632812, 1.9435653686523438, 3.1310806274414062, 4.318595886230469, 5.506111145019531, 6.693626403808594, 7.881141662597656, 9.068656921386719, 10.256172180175781, 11.443687438964844, 12.631202697753906, 13.818717956542969, 15.006233215332031, 16.193748474121094, 17.381263732910156, 18.56877899169922, 19.75629425048828, 20.943809509277344, 22.131324768066406, 23.31884002685547, 24.50635528564453, 25.693870544433594, 26.881385803222656, 28.06890106201172, 29.25641632080078, 30.443931579589844, 31.631446838378906, 32.81896209716797, 34.00647735595703, 35.193992614746094, 36.381507873535156, 37.56902313232422]}, "gradients/graph_4linear.3.bias": {"_type": "histogram", "values": [1.0, 0.0, 0.0, 0.0, 0.0, 0.0, 0.0, 0.0, 0.0, 0.0, 0.0, 0.0, 0.0, 0.0, 0.0, 0.0, 0.0, 0.0, 0.0, 0.0, 0.0, 0.0, 0.0, 0.0, 0.0, 0.0, 0.0, 0.0, 0.0, 0.0, 0.0, 0.0, 0.0, 0.0, 0.0, 0.0, 0.0, 0.0, 0.0, 0.0, 0.0, 0.0, 0.0, 0.0, 0.0, 0.0, 0.0, 0.0, 0.0, 0.0, 0.0, 0.0, 0.0, 0.0, 0.0, 0.0, 0.0, 0.0, 0.0, 0.0, 0.0, 0.0, 0.0, 63.0], "bins": [-1.4420006275177002, -1.4194693565368652, -1.3969380855560303, -1.3744068145751953, -1.3518755435943604, -1.3293442726135254, -1.3068130016326904, -1.284281849861145, -1.26175057888031, -1.239219307899475, -1.2166880369186401, -1.1941567659378052, -1.1716254949569702, -1.1490942239761353, -1.1265629529953003, -1.1040318012237549, -1.08150053024292, -1.058969259262085, -1.03643798828125, -1.013906717300415, -0.9913754463195801, -0.9688441753387451, -0.9463129043579102, -0.9237816333770752, -0.9012503623962402, -0.87871915102005, -0.8561878800392151, -0.8336566090583801, -0.8111253380775452, -0.7885940670967102, -0.76606285572052, -0.7435315847396851, -0.7210003137588501, -0.6984690427780151, -0.6759377717971802, -0.65340656042099, -0.630875289440155, -0.6083440184593201, -0.5858127474784851, -0.5632814764976501, -0.54075026512146, -0.518218994140625, -0.49568772315979004, -0.4731564521789551, -0.4506251811981201, -0.42809394001960754, -0.4055626690387726, -0.38303142786026, -0.36050015687942505, -0.3379688858985901, -0.3154376447200775, -0.29290637373924255, -0.27037513256073, -0.24784386157989502, -0.22531259059906006, -0.2027813345193863, -0.18025007843971252, -0.15771882236003876, -0.135187566280365, -0.11265629529953003, -0.09012503921985626, -0.0675937831401825, -0.04506251960992813, -0.022531259804964066, 0.0]}, "gradients/graph_4linear.3.weight": {"_type": "histogram", "values": [1.0, 0.0, 0.0, 0.0, 0.0, 0.0, 0.0, 0.0, 0.0, 0.0, 0.0, 0.0, 0.0, 0.0, 0.0, 0.0, 0.0, 0.0, 0.0, 0.0, 0.0, 0.0, 0.0, 2.0, 0.0, 0.0, 0.0, 0.0, 1.0, 1.0, 0.0, 0.0, 0.0, 0.0, 1.0, 1.0, 0.0, 0.0, 0.0, 0.0, 0.0, 0.0, 0.0, 0.0, 0.0, 0.0, 0.0, 1.0, 0.0, 0.0, 1.0, 0.0, 0.0, 1.0, 1.0, 0.0, 0.0, 0.0, 0.0, 2.0, 0.0, 0.0, 0.0, 4083.0], "bins": [-94.99649810791016, -93.51217651367188, -92.0278549194336, -90.54353332519531, -89.05921936035156, -87.57489776611328, -86.090576171875, -84.60625457763672, -83.12193298339844, -81.63761901855469, -80.1532974243164, -78.66897583007812, -77.18465423583984, -75.70033264160156, -74.21601867675781, -72.731689453125, -71.24737548828125, -69.76305389404297, -68.27873229980469, -66.7944107055664, -65.31008911132812, -63.82577133178711, -62.341453552246094, -60.85713195800781, -59.37281036376953, -57.888492584228516, -56.404170989990234, -54.91984939575195, -53.43553161621094, -51.951210021972656, -50.466888427734375, -48.98257064819336, -47.49824905395508, -46.0139274597168, -44.52960968017578, -43.0452880859375, -41.56096649169922, -40.0766487121582, -38.59232711791992, -37.10800552368164, -35.623687744140625, -34.139366149902344, -32.65504455566406, -31.170726776123047, -29.686405181884766, -28.202085494995117, -26.71776580810547, -25.233444213867188, -23.74912452697754, -22.26480484008789, -20.78048324584961, -19.29616355895996, -17.811843872070312, -16.32752227783203, -14.843202590942383, -13.358882904052734, -11.87456226348877, -10.390241622924805, -8.905921936035156, -7.421601295471191, -5.937281131744385, -4.452960968017578, -2.9686405658721924, -1.4843202829360962, 0.0]}, "gradients/graph_4linear.0.bias": {"_type": "histogram", "values": [1.0, 0.0, 0.0, 0.0, 0.0, 0.0, 0.0, 0.0, 0.0, 0.0, 0.0, 2.0, 0.0, 1.0, 0.0, 0.0, 0.0, 0.0, 0.0, 0.0, 0.0, 0.0, 0.0, 1.0, 1.0, 2.0, 1.0, 0.0, 0.0, 1.0, 0.0, 0.0, 0.0, 0.0, 0.0, 0.0, 0.0, 0.0, 0.0, 1.0, 0.0, 0.0, 0.0, 0.0, 51.0, 0.0, 0.0, 0.0, 0.0, 0.0, 0.0, 0.0, 0.0, 0.0, 0.0, 0.0, 0.0, 0.0, 0.0, 0.0, 1.0, 0.0, 0.0, 1.0],