{"gradients/graph_11linear.5.bias": {"_type": "histogram", "values": [1.0, 0.0, 0.0, 1.0, 0.0, 1.0, 1.0, 0.0, 0.0, 1.0, 5.0, 2.0, 4.0, 6.0, 17.0, 33.0, 10.0, 5.0, 2.0, 0.0, 1.0, 1.0, 1.0, 1.0, 1.0, 1.0, 2.0, 1.0, 3.0, 1.0, 3.0, 2.0, 3.0, 2.0, 1.0, 1.0, 1.0, 1.0, 1.0, 0.0, 0.0, 0.0, 1.0, 0.0, 1.0, 0.0, 0.0, 0.0, 0.0, 0.0, 0.0, 0.0, 0.0, 0.0, 0.0, 0.0, 0.0, 0.0, 0.0, 0.0, 0.0, 0.0, 0.0, 1.0], "bins": [-0.3557189702987671, -0.3400941789150238, -0.3244693875312805, -0.30884459614753723, -0.29321980476379395, -0.27759501338005066, -0.2619702219963074, -0.2463454306125641, -0.2307206392288208, -0.21509583294391632, -0.19947104156017303, -0.18384625017642975, -0.16822145879268646, -0.15259666740894318, -0.1369718760251999, -0.1213470846414566, -0.10572229325771332, -0.09009748697280884, -0.07447269558906555, -0.058847904205322266, -0.04322311282157898, -0.027598321437835693, -0.011973530054092407, 0.003651261329650879, 0.019276052713394165, 0.03490084409713745, 0.05052563548088074, 0.06615042686462402, 0.08177521824836731, 0.0974000096321106, 0.11302480101585388, 0.12864959239959717, 0.14427438378334045, 0.15989917516708374, 0.17552396655082703, 0.1911487579345703, 0.2067735493183136, 0.22239834070205688, 0.23802313208580017, 0.25364792346954346, 0.26927271485328674, 0.28489750623703003, 0.3005222976207733, 0.3161470890045166, 0.3317718803882599, 0.3473966717720032, 0.36302146315574646, 0.37864625453948975, 0.3942710757255554, 0.4098958373069763, 0.425520658493042, 0.4411454200744629, 0.45677024126052856, 0.47239500284194946, 0.48801982402801514, 0.503644585609436, 0.5192694067955017, 0.5348941683769226, 0.5505189895629883, 0.5661437511444092, 0.5817685723304749, 0.5973933339118958, 0.6130181550979614, 0.6286429166793823, 0.644267737865448]}, "_timestamp": 1715866989.0297966, "gradients/graph_11linear.5.weight": {"_type": "histogram", "values": [1.0, 1.0, 1.0, 4.0, 3.0, 2.0, 5.0, 9.0, 12.0, 12.0, 19.0, 32.0, 56.0, 52.0, 132.0, 241.0, 439.0, 660.0, 1043.0, 1219.0, 916.0, 697.0, 370.0, 232.0, 251.0, 251.0, 214.0, 207.0, 144.0, 116.0, 77.0, 63.0, 42.0, 31.0, 24.0, 16.0, 15.0, 9.0, 6.0, 5.0, 9.0, 3.0, 8.0, 2.0, 8.0, 0.0, 1.0, 2.0, 5.0, 0.0, 2.0, 2.0, 1.0, 0.0, 1.0, 1.0, 0.0, 3.0, 0.0, 1.0, 1.0, 0.0, 0.0, 1.0], "bins": [-3.652540683746338, -3.4921045303344727, -3.3316683769226074, -3.171232223510742, -3.010796070098877, -2.8503599166870117, -2.6899237632751465, -2.5294876098632812, -2.369051456451416, -2.208615303039551, -2.0481791496276855, -1.8877428770065308, -1.727306604385376, -1.5668704509735107, -1.4064342975616455, -1.2459981441497803, -1.085561990737915, -0.9251258373260498, -0.7646896839141846, -0.6042535305023193, -0.4438173770904541, -0.28338122367858887, -0.12294507026672363, 0.0374910831451416, 0.19792747497558594, 0.35836362838745117, 0.5187997817993164, 0.6792359352111816, 0.8396720886230469, 1.000108242034912, 1.1605443954467773, 1.3209805488586426, 1.4814167022705078, 1.641852855682373, 1.8022890090942383, 1.9627251625061035, 2.1231613159179688, 2.283597469329834, 2.444033622741699, 2.6044697761535645, 2.7649059295654297, 2.925342321395874, 3.0857784748077393, 3.2462146282196045, 3.4066507816314697, 3.567086935043335, 3.7275230884552, 3.8879592418670654, 4.048395156860352, 4.208831787109375, 4.369267463684082, 4.5297040939331055, 4.6901397705078125, 4.850576400756836, 5.011012554168701, 5.171448707580566, 5.331884860992432, 5.492321014404297, 5.652757167816162, 5.813193321228027, 5.973629474639893, 6.134065628051758, 6.294501781463623, 6.454937934875488, 6.6153740882873535]}, "gradients/graph_11linear.3.bias": {"_type": "histogram", "values": [1.0, 1.0, 0.0, 0.0, 0.0, 0.0, 0.0, 0.0, 2.0, 3.0, 3.0, 2.0, 1.0, 2.0, 7.0, 3.0, 2.0, 5.0, 4.0, 2.0, 0.0, 3.0, 5.0, 3.0, 1.0, 5.0, 0.0, 2.0, 1.0, 1.0, 1.0, 1.0, 1.0, 0.0, 0.0, 0.0, 0.0, 0.0, 1.0, 0.0, 0.0, 0.0, 0.0, 0.0, 0.0, 0.0, 0.0, 0.0, 0.0, 0.0, 0.0, 0.0, 0.0, 0.0, 0.0, 0.0, 0.0, 0.0, 0.0, 0.0, 0.0, 0.0, 0.0, 1.0], "bins": [-1.259701132774353, -1.2400182485580444, -1.2203354835510254, -1.2006525993347168, -1.1809698343276978, -1.1612869501113892, -1.1416041851043701, -1.1219213008880615, -1.1022385358810425, -1.0825556516647339, -1.0628728866577148, -1.0431900024414062, -1.0235071182250977, -1.0038243532180786, -0.98414146900177, -0.964458703994751, -0.9447758197784424, -0.9250930547714233, -0.9054101705551147, -0.8857273459434509, -0.8660445213317871, -0.8463616967201233, -0.8266788721084595, -0.8069960474967957, -0.7873132228851318, -0.7676303386688232, -0.7479475736618042, -0.7282646894454956, -0.7085818648338318, -0.688899040222168, -0.6692162156105042, -0.6495333909988403, -0.6298505663871765, -0.6101677417755127, -0.5904849171638489, -0.5708020925521851, -0.5511192679405212, -0.5314364433288574, -0.5117535591125488, -0.4920707643032074, -0.4723879098892212, -0.4527050852775574, -0.43302226066589355, -0.41333943605422974, -0.3936566114425659, -0.3739737868309021, -0.3542909324169159, -0.3346081078052521, -0.31492528319358826, -0.29524245858192444, -0.2755596339702606, -0.2558767795562744, -0.2361939549446106, -0.21651113033294678, -0.19682830572128296, -0.17714546620845795, -0.15746264159679413, -0.1377798169851303, -0.1180969774723053, -0.09841415286064148, -0.07873132079839706, -0.05904848873615265, -0.03936566039919853, -0.019682830199599266, 0.0]}, "gradients/graph_11linear.3.weight": {"_type": "histogram", "values": [1.0, 1.0, 0.0, 0.0, 0.0, 0.0, 0.0, 0.0, 2.0, 3.0, 3.0, 2.0, 1.0, 2.0, 8.0, 4.0, 2.0, 5.0, 4.0, 2.0, 2.0, 8.0, 10.0, 5.0, 4.0, 14.0, 8.0, 14.0, 15.0, 10.0, 23.0, 26.0, 23.0, 28.0, 22.0, 25.0, 28.0, 24.0, 32.0, 31.0, 23.0, 19.0, 19.0, 16.0, 13.0, 8.0, 12.0, 12.0, 18.0, 16.0, 27.0, 38.0, 26.0, 29.0, 12.0, 10.0, 3.0, 15.0, 26.0, 19.0, 5.0, 50.0, 11.0, 3277.0], "bins": [-17.14883804321289, -16.880887985229492, -16.61293601989746, -16.344985961914062, -16.077035903930664, -15.80908489227295, -15.54113483428955, -15.273183822631836, -15.005233764648438, -14.737282752990723, -14.469331741333008, -14.20138168334961, -13.933430671691895, -13.665480613708496, -13.397529602050781, -13.129579544067383, -12.861628532409668, -12.593677520751953, -12.325727462768555, -12.057777404785156, -11.789826393127441, -11.521875381469727, -11.253925323486328, -10.985974311828613, -10.718023300170898, -10.4500732421875, -10.182123184204102, -9.914172172546387, -9.646221160888672, -9.378271102905273, -9.110320091247559, -8.84237003326416, -8.574419021606445, -8.30646800994873, -8.038517951965332, -7.770567417144775, -7.502616882324219, -7.234665870666504, -6.966715335845947, -6.698764801025391, -6.430814266204834, -6.162863731384277, -5.894913196563721, -5.626962661743164, -5.359011650085449, -5.091061115264893, -4.823110580444336, -4.555160045623779, -4.287209510803223, -4.019258975982666, -3.7513084411621094, -3.4833576679229736, -3.215407133102417, -2.9474565982818604, -2.6795058250427246, -2.411555290222168, -2.1436047554016113, -1.8756542205810547, -1.6077035665512085, -1.3397529125213623, -1.0718023777008057, -0.8038517832756042, -0.5359011888504028, -0.2679505944252014, -0.0]}, "gradients/graph_11linear.0.bias": {"_type": "histogram", "values": [1.0, 0.0, 0.0, 1.0, 1.0, 0.0, 0.0, 1.0, 0.0, 0.0, 0.0, 0.0, 0.0, 2.0, 0.0, 0.0, 0.0, 0.0, 0.0, 0.0, 0.0, 0.0, 0.0, 0.0, 2.0, 0.0, 1.0, 0.0, 0.0, 0.0, 0.0, 0.0, 0.0, 0.0, 0.0, 0.0, 0.0, 0.0, 1.0, 0.0, 0.0, 0.0, 0.0, 1.0, 0.0, 1.0, 1.0, 0.0, 0.0, 0.0, 0.0, 0.0, 0.0, 0.0, 0.0, 0.0, 0.0, 0.0, 0.0, 0.0, 0.0, 0.0, 0.0, 51.0],