{"gradients/graph_26linear.5.bias": {"_type": "histogram", "values": [2.0, 2.0, 2.0, 4.0, 4.0, 3.0, 6.0, 1.0, 0.0, 0.0, 4.0, 3.0, 2.0, 7.0, 7.0, 10.0, 1.0, 1.0, 0.0, 1.0, 0.0, 0.0, 0.0, 1.0, 0.0, 0.0, 0.0, 0.0, 0.0, 0.0, 0.0, 0.0, 0.0, 1.0, 0.0, 1.0, 0.0, 1.0, 0.0, 2.0, 0.0, 0.0, 0.0, 3.0, 5.0, 2.0, 1.0, 2.0, 2.0, 1.0, 3.0, 1.0, 1.0, 0.0, 1.0, 2.0, 0.0, 1.0, 0.0, 0.0, 1.0, 1.0, 0.0, 3.0], "bins": [-0.5575766563415527, -0.5390922427177429, -0.5206077694892883, -0.5021233558654785, -0.4836389422416687, -0.4651544988155365, -0.4466700553894043, -0.4281856417655945, -0.4097011983394623, -0.3912167549133301, -0.37273234128952026, -0.35424789786338806, -0.33576345443725586, -0.31727904081344604, -0.29879459738731384, -0.28031018376350403, -0.2618257403373718, -0.24334129691123962, -0.2248568832874298, -0.2063724398612976, -0.1878880262374878, -0.1694035828113556, -0.1509191393852234, -0.13243472576141357, -0.11395028233528137, -0.09546583890914917, -0.07698142528533936, -0.05849698185920715, -0.04001253843307495, -0.021528124809265137, -0.0030437111854553223, 0.015440762042999268, 0.03392517566680908, 0.052409589290618896, 0.07089406251907349, 0.0893784761428833, 0.10786288976669312, 0.12634733319282532, 0.14483177661895752, 0.16331619024276733, 0.18180063366889954, 0.20028507709503174, 0.21876949071884155, 0.23725393414497375, 0.25573837757110596, 0.27422279119491577, 0.292707234621048, 0.3111916482448578, 0.32967609167099, 0.3481605350971222, 0.366644948720932, 0.3851293921470642, 0.403613805770874, 0.4220982491970062, 0.4405826926231384, 0.45906710624694824, 0.47755154967308044, 0.49603599309921265, 0.5145204067230225, 0.533004879951477, 0.5514892935752869, 0.5699737071990967, 0.5884581208229065, 0.6069425940513611, 0.6254270076751709]}, "_timestamp": 1715781279.715877, "gradients/graph_26linear.5.weight": {"_type": "histogram", "values": [2.0, 2.0, 2.0, 4.0, 4.0, 3.0, 6.0, 1.0, 0.0, 0.0, 4.0, 3.0, 2.0, 10.0, 12.0, 16.0, 8.0, 4.0, 1.0, 7.0, 7.0, 18.0, 3.0, 2.0, 0.0, 0.0, 1.0, 11.0, 47.0, 122.0, 11886.0, 21.0, 10.0, 2.0, 1.0, 3.0, 0.0, 4.0, 7.0, 5.0, 2.0, 5.0, 1.0, 4.0, 7.0, 3.0, 1.0, 4.0, 3.0, 3.0, 3.0, 1.0, 1.0, 0.0, 1.0, 2.0, 0.0, 1.0, 0.0, 0.0, 1.0, 1.0, 0.0, 3.0], "bins": [-43.17300796508789, -41.741764068603516, -40.31052017211914, -38.8792724609375, -37.448028564453125, -36.01678466796875, -34.585540771484375, -33.154296875, -31.723051071166992, -30.291805267333984, -28.86056137084961, -27.429317474365234, -25.99807357788086, -24.56682777404785, -23.135583877563477, -21.70433807373047, -20.273094177246094, -18.84185028076172, -17.41060447692871, -15.979360580444336, -14.548114776611328, -13.116870880126953, -11.685626983642578, -10.254383087158203, -8.823139190673828, -7.3918914794921875, -5.9606475830078125, -4.5294036865234375, -3.0981597900390625, -1.6669158935546875, -0.23566818237304688, 1.1955757141113281, 2.6268157958984375, 4.0580596923828125, 5.4893035888671875, 6.920551300048828, 8.351795196533203, 9.783039093017578, 11.214282989501953, 12.645526885986328, 14.076774597167969, 15.508018493652344, 16.93926239013672, 18.370506286621094, 19.80175018310547, 21.232995986938477, 22.66423988342285, 24.09548568725586, 25.526729583740234, 26.95797348022461, 28.389219284057617, 29.820463180541992, 31.251708984375, 32.682952880859375, 34.11419677734375, 35.545440673828125, 36.9766845703125, 38.40793228149414, 39.839176177978516, 41.27042007446289, 42.701663970947266, 44.132911682128906, 45.56415557861328, 46.995399475097656, 48.42664337158203]}, "gradients/graph_26linear.3.bias": {"_type": "histogram", "values": [1.0, 0.0, 0.0, 0.0, 0.0, 0.0, 0.0, 0.0, 0.0, 0.0, 0.0, 0.0, 0.0, 0.0, 0.0, 0.0, 0.0, 0.0, 0.0, 0.0, 0.0, 0.0, 0.0, 0.0, 0.0, 0.0, 0.0, 0.0, 0.0, 0.0, 0.0, 0.0, 0.0, 0.0, 0.0, 0.0, 1.0, 0.0, 0.0, 0.0, 0.0, 0.0, 0.0, 0.0, 0.0, 0.0, 1.0, 0.0, 0.0, 0.0, 0.0, 0.0, 0.0, 0.0, 0.0, 0.0, 0.0, 1.0, 0.0, 0.0, 123.0, 0.0, 0.0, 1.0], "bins": [-4.1404266357421875, -4.072103500366211, -4.003779888153076, -3.9354565143585205, -3.867133140563965, -3.798809766769409, -3.7304863929748535, -3.662163019180298, -3.593839645385742, -3.5255162715911865, -3.457192897796631, -3.388869524002075, -3.3205461502075195, -3.252223014831543, -3.183899402618408, -3.1155762672424316, -3.047252655029297, -2.9789295196533203, -2.9106059074401855, -2.842282772064209, -2.773959159851074, -2.7056360244750977, -2.637312412261963, -2.5689892768859863, -2.5006659030914307, -2.432342529296875, -2.3640191555023193, -2.2956957817077637, -2.227372407913208, -2.1590490341186523, -2.0907256603240967, -2.022402286529541, -1.954079031944275, -1.8857556581497192, -1.8174322843551636, -1.749108910560608, -1.6807855367660522, -1.6124621629714966, -1.544138789176941, -1.4758154153823853, -1.4074920415878296, -1.3391687870025635, -1.2708454132080078, -1.2025220394134521, -1.1341986656188965, -1.0658752918243408, -0.9975519776344299, -0.9292286038398743, -0.8609052300453186, -0.7925818562507629, -0.7242584824562073, -0.6559351086616516, -0.587611734867096, -0.5192884206771851, -0.4509650468826294, -0.38264167308807373, -0.31431829929351807, -0.2459949105978012, -0.17767153680324554, -0.10934819281101227, -0.041024819016456604, 0.02729855477809906, 0.09562191367149353, 0.1639452874660492, 0.23226864635944366]}, "gradients/graph_26linear.3.weight": {"_type": "histogram", "values": [1.0, 0.0, 0.0, 0.0, 0.0, 0.0, 0.0, 0.0, 0.0, 0.0, 0.0, 0.0, 0.0, 0.0, 0.0, 0.0, 0.0, 0.0, 0.0, 1.0, 0.0, 1.0, 0.0, 0.0, 0.0, 0.0, 0.0, 1.0, 0.0, 0.0, 0.0, 0.0, 0.0, 1.0, 0.0, 0.0, 3.0, 0.0, 0.0, 0.0, 1.0, 0.0, 1.0, 0.0, 1.0, 2.0, 2.0, 1.0, 0.0, 1.0, 1.0, 3.0, 1.0, 2.0, 3.0, 4.0, 2.0, 3.0, 5.0, 9.0, 16323.0, 6.0, 4.0, 1.0], "bins": [-243.7185516357422, -239.6968231201172, -235.6750946044922, -231.6533660888672, -227.6316375732422, -223.6099090576172, -219.5881805419922, -215.5664520263672, -211.5447235107422, -207.5229949951172, -203.5012664794922, -199.4795379638672, -195.4578094482422, -191.4360809326172, -187.4143524169922, -183.3926239013672, -179.3708953857422, -175.3491668701172, -171.3274383544922, -167.3057098388672, -163.2839813232422, -159.2622528076172, -155.2405242919922, -151.2187957763672, -147.1970672607422, -143.1753387451172, -139.1536102294922, -135.1318817138672, -131.1101531982422, -127.08842468261719, -123.06669616699219, -119.04496765136719, -115.02324676513672, -111.00151824951172, -106.97978973388672, -102.95806121826172, -98.93633270263672, -94.91460418701172, -90.89287567138672, -86.87114715576172, -82.84941864013672, -78.82769012451172, -74.80596160888672, -70.78423309326172, -66.76250457763672, -62.74077606201172, -58.71904754638672, -54.69731903076172, -50.67559051513672, -46.65386199951172, -42.63213348388672, -38.61040496826172, -34.58867645263672, -30.56694984436035, -26.54522132873535, -22.52349281311035, -18.50176429748535, -14.480035781860352, -10.458307266235352, -6.436578750610352, -2.4148502349853516, 1.6068782806396484, 5.628606796264648, 9.650335311889648, 13.672063827514648]}, "gradients/graph_26linear.0.bias": {"_type": "histogram", "values": [1.0, 0.0, 0.0, 0.0, 1.0, 1.0, 0.0, 0.0, 0.0, 0.0, 0.0, 0.0, 0.0, 0.0, 0.0, 0.0, 0.0, 0.0, 0.0, 0.0, 0.0, 0.0, 0.0, 0.0, 0.0, 1.0, 0.0, 0.0, 0.0, 1.0, 0.0, 0.0, 0.0, 0.0, 0.0, 0.0, 0.0, 1.0, 0.0, 0.0, 0.0, 1.0, 0.0, 0.0, 1.0, 0.0, 1.0, 0.0, 2.0, 0.0, 0.0, 0.0, 115.0, 0.0, 0.0, 1.0, 0.0, 0.0, 0.0, 0.0, 0.0, 0.0, 0.0, 1.0],