{"Linear loss": 196.5843963623047, "_timestamp": 1715778208.689143, "_runtime": 47.44272184371948, "_step": 1829, "gradients/graph_12linear.5.bias": {"_type": "histogram", "values": [1.0, 0.0, 1.0, 0.0, 1.0, 1.0, 1.0, 0.0, 2.0, 0.0, 0.0, 0.0, 0.0, 0.0, 0.0, 0.0, 0.0, 0.0, 0.0, 0.0, 0.0, 0.0, 0.0, 1.0, 1.0, 1.0, 5.0, 11.0, 28.0, 10.0, 1.0, 4.0, 1.0, 4.0, 0.0, 1.0, 3.0, 0.0, 0.0, 0.0, 0.0, 0.0, 0.0, 0.0, 0.0, 0.0, 1.0, 1.0, 0.0, 2.0, 3.0, 1.0, 1.0, 2.0, 2.0, 1.0, 1.0, 1.0, 0.0, 1.0, 0.0, 0.0, 0.0, 1.0], "bins": [-0.881203293800354, -0.852857232093811, -0.8245111107826233, -0.7961650490760803, -0.7678189873695374, -0.7394728660583496, -0.7111268043518066, -0.6827807426452637, -0.6544346809387207, -0.6260886192321777, -0.59774249792099, -0.569396436214447, -0.5410503149032593, -0.5127042531967163, -0.48435819149017334, -0.45601212978363037, -0.427666038274765, -0.39931994676589966, -0.3709738850593567, -0.3426278233528137, -0.314281702041626, -0.285935640335083, -0.25758957862854004, -0.22924351692199707, -0.20089739561080933, -0.17255133390426636, -0.1442052721977234, -0.11585915088653564, -0.08751308917999268, -0.05916702747344971, -0.03082096576690674, -0.002474844455718994, 0.025871217250823975, 0.05421727895736694, 0.08256340026855469, 0.11090946197509766, 0.13925552368164062, 0.1676015853881836, 0.19594770669937134, 0.2242937684059143, 0.2526398301124573, 0.280985951423645, 0.309332013130188, 0.33767807483673096, 0.3660241365432739, 0.39437025785446167, 0.42271631956100464, 0.4510623812675476, 0.47940847277641296, 0.5077545642852783, 0.5361006259918213, 0.5644466876983643, 0.5927927494049072, 0.621138870716095, 0.6494849324226379, 0.6778310537338257, 0.7061771154403687, 0.7345231771469116, 0.7628692388534546, 0.7912153005599976, 0.8195614218711853, 0.8479074835777283, 0.8762535452842712, 0.904599666595459, 0.932945728302002]}, "gradients/graph_12linear.5.weight": {"_type": "histogram", "values": [1.0, 0.0, 1.0, 1.0, 2.0, 3.0, 3.0, 2.0, 7.0, 5.0, 3.0, 9.0, 7.0, 6.0, 11.0, 8.0, 9.0, 7.0, 10.0, 5.0, 7.0, 11.0, 8.0, 10.0, 12.0, 13.0, 37.0, 67.0, 217.0, 527.0, 558.0, 920.0, 75.0, 44.0, 57.0, 37.0, 26.0, 32.0, 25.0, 25.0, 26.0, 21.0, 28.0, 24.0, 26.0, 22.0, 20.0, 22.0, 13.0, 12.0, 14.0, 9.0, 6.0, 6.0, 3.0, 4.0, 2.0, 1.0, 1.0, 3.0, 0.0, 0.0, 0.0, 1.0], "bins": [-13.985160827636719, -13.535293579101562, -13.085426330566406, -12.63555908203125, -12.185691833496094, -11.735824584960938, -11.285957336425781, -10.836090087890625, -10.386222839355469, -9.936355590820312, -9.486488342285156, -9.03662109375, -8.58675479888916, -8.136887550354004, -7.687020301818848, -7.237153053283691, -6.787285804748535, -6.337418556213379, -5.887551307678223, -5.437684059143066, -4.98781681060791, -4.537949562072754, -4.088082313537598, -3.6382150650024414, -3.1883487701416016, -2.7384815216064453, -2.288614273071289, -1.8387470245361328, -1.3888797760009766, -0.9390125274658203, -0.48914527893066406, -0.03927803039550781, 0.41059017181396484, 0.8604574203491211, 1.3103246688842773, 1.7601919174194336, 2.21005916595459, 2.659926414489746, 3.1097936630249023, 3.5596609115600586, 4.009528160095215, 4.459394454956055, 4.909261703491211, 5.359128952026367, 5.808996200561523, 6.25886344909668, 6.708730697631836, 7.158597946166992, 7.608465194702148, 8.058332443237305, 8.508199691772461, 8.958066940307617, 9.407934188842773, 9.85780143737793, 10.307668685913086, 10.757535934448242, 11.207403182983398, 11.657270431518555, 12.107137680053711, 12.55700397491455, 13.006871223449707, 13.456738471984863, 13.90660572052002, 14.356472969055176, 14.806340217590332]}, "gradients/graph_12linear.3.bias": {"_type": "histogram", "values": [7.0, 0.0, 1.0, 0.0, 0.0, 0.0, 0.0, 0.0, 1.0, 0.0, 0.0, 0.0, 0.0, 0.0, 1.0, 2.0, 0.0, 0.0, 1.0, 0.0, 0.0, 3.0, 0.0, 2.0, 1.0, 0.0, 1.0, 1.0, 0.0, 0.0, 2.0, 0.0, 0.0, 0.0, 0.0, 1.0, 1.0, 0.0, 2.0, 0.0, 0.0, 0.0, 1.0, 1.0, 0.0, 0.0, 0.0, 0.0, 0.0, 0.0, 1.0, 0.0, 0.0, 0.0, 0.0, 0.0, 0.0, 1.0, 0.0, 0.0, 0.0, 0.0, 0.0, 1.0], "bins": [0.0, 0.08953572809696198, 0.17907145619392395, 0.2686071991920471, 0.3581429123878479, 0.4476786255836487, 0.5372143983840942, 0.626750111579895, 0.7162858247756958, 0.8058215379714966, 0.8953572511672974, 0.9848930239677429, 1.0744287967681885, 1.1639645099639893, 1.25350022315979, 1.3430359363555908, 1.4325716495513916, 1.5221073627471924, 1.6116430759429932, 1.701178789138794, 1.7907145023345947, 1.880250334739685, 1.9697860479354858, 2.059321641921997, 2.148857593536377, 2.2383933067321777, 2.3279290199279785, 2.4174647331237793, 2.50700044631958, 2.596536159515381, 2.6860718727111816, 2.7756075859069824, 2.865143299102783, 2.954679012298584, 3.0442147254943848, 3.1337504386901855, 3.2232861518859863, 3.312821865081787, 3.402357578277588, 3.4918932914733887, 3.5814290046691895, 3.6709649562835693, 3.760500431060791, 3.850036144256592, 3.9395720958709717, 4.029108047485352, 4.118643760681152, 4.208179473876953, 4.297715187072754, 4.387250900268555, 4.4767866134643555, 4.566322326660156, 4.655858039855957, 4.745393753051758, 4.834929466247559, 4.924465179443359, 5.01400089263916, 5.103536605834961, 5.193072319030762, 5.2826080322265625, 5.372143745422363, 5.461679458618164, 5.551215171813965, 5.640750885009766, 5.730286598205566]}, "gradients/graph_12linear.3.weight": {"_type": "histogram", "values": [827.0, 10.0, 10.0, 8.0, 3.0, 9.0, 5.0, 7.0, 11.0, 11.0, 8.0, 6.0, 8.0, 8.0, 6.0, 13.0, 3.0, 6.0, 5.0, 6.0, 3.0, 5.0, 5.0, 4.0, 6.0, 0.0, 4.0, 2.0, 1.0, 2.0, 2.0, 3.0, 0.0, 1.0, 1.0, 2.0, 2.0, 0.0, 2.0, 0.0, 2.0, 0.0, 1.0, 1.0, 0.0, 0.0, 1.0, 0.0, 0.0, 0.0, 1.0, 1.0, 0.0, 0.0, 0.0, 0.0, 0.0, 1.0, 0.0, 0.0, 0.0, 0.0, 0.0, 1.0], "bins": [0.0, 1.5022754669189453, 3.0045509338378906, 4.506826400756836, 6.009101867675781, 7.511377334594727, 9.013652801513672, 10.515928268432617, 12.018203735351562, 13.520479202270508, 15.022754669189453, 16.5250301361084, 18.027305603027344, 19.52958106994629, 21.031856536865234, 22.53413200378418, 24.036407470703125, 25.53868293762207, 27.040958404541016, 28.54323387145996, 30.045509338378906, 31.54778480529785, 33.0500602722168, 34.552337646484375, 36.05461120605469, 37.556884765625, 39.05916213989258, 40.561439514160156, 42.06371307373047, 43.56598663330078, 45.06826400756836, 46.57054138183594, 48.07281494140625, 49.57508850097656, 51.07736587524414, 52.57964324951172, 54.08191680908203, 55.584190368652344, 57.08646774291992, 58.5887451171875, 60.09101867675781, 61.593292236328125, 63.0955696105957, 64.59784698486328, 66.1001205444336, 67.6023941040039, 69.10467529296875, 70.60694885253906, 72.10922241210938, 73.61149597167969, 75.11376953125, 76.61605072021484, 78.11832427978516, 79.62059783935547, 81.12287902832031, 82.62515258789062, 84.12742614746094, 85.62969970703125, 87.13197326660156, 88.6342544555664, 90.13652801513672, 91.63880157470703, 93.14108276367188, 94.64335632324219, 96.1456298828125]}, "gradients/graph_12linear.0.bias": {"_type": "histogram", "values": [23.0, 0.0, 0.0, 0.0, 0.0, 0.0, 0.0, 0.0, 0.0, 0.0, 0.0, 0.0, 0.0, 0.0, 0.0, 0.0, 0.0, 1.0, 0.0, 0.0, 0.0, 0.0, 0.0, 0.0, 1.0, 1.0, 0.0, 0.0, 0.0, 1.0, 0.0, 0.0, 0.0, 0.0, 0.0, 0.0, 0.0, 0.0, 0.0, 0.0, 0.0, 1.0, 0.0, 0.0, 0.0, 0.0, 1.0, 1.0, 0.0, 0.0, 0.0, 0.0, 0.0, 1.0, 0.0, 0.0, 0.0, 0.0, 0.0, 0.0, 0.0, 0.0, 0.0, 1.0],