{"gradients/graph_16linear.5.bias": {"_type": "histogram", "values": [2.0, 1.0, 2.0, 1.0, 1.0, 0.0, 1.0, 0.0, 3.0, 1.0, 0.0, 1.0, 0.0, 3.0, 0.0, 1.0, 1.0, 0.0, 0.0, 0.0, 1.0, 0.0, 0.0, 0.0, 0.0, 0.0, 1.0, 0.0, 0.0, 0.0, 2.0, 0.0, 2.0, 2.0, 1.0, 0.0, 3.0, 0.0, 1.0, 6.0, 4.0, 5.0, 5.0, 6.0, 5.0, 5.0, 4.0, 2.0, 4.0, 2.0, 4.0, 5.0, 2.0, 1.0, 1.0, 0.0, 2.0, 1.0, 0.0, 0.0, 0.0, 0.0, 0.0, 1.0], "bins": [-0.7511939406394958, -0.7231007814407349, -0.6950076222419739, -0.6669144630432129, -0.6388212442398071, -0.6107281446456909, -0.5826349258422852, -0.5545417666435242, -0.5264486074447632, -0.4983554482460022, -0.4702622890472412, -0.44216910004615784, -0.41407594084739685, -0.38598278164863586, -0.3578895926475525, -0.3297964334487915, -0.3017032742500305, -0.27361011505126953, -0.24551695585250854, -0.21742379665374756, -0.18933063745498657, -0.1612374186515808, -0.13314425945281982, -0.10505110025405884, -0.07695794105529785, -0.048864781856536865, -0.02077162265777588, 0.007321536540985107, 0.03541475534439087, 0.06350791454315186, 0.09160107374191284, 0.11969423294067383, 0.14778733253479004, 0.17588049173355103, 0.203973650932312, 0.232066810131073, 0.260159969329834, 0.28825318813323975, 0.31634634733200073, 0.3444395065307617, 0.3725326657295227, 0.4006258249282837, 0.4287189841270447, 0.45681214332580566, 0.4849053621292114, 0.5129985213279724, 0.5410916805267334, 0.5691848397254944, 0.5972779989242554, 0.6253711581230164, 0.6534643173217773, 0.6815575361251831, 0.7096506357192993, 0.7377438545227051, 0.7658370137214661, 0.793930172920227, 0.822023332118988, 0.850116491317749, 0.87820965051651, 0.906302809715271, 0.9343960285186768, 0.9624891877174377, 0.9905823469161987, 1.018675446510315, 1.0467686653137207]}, "_timestamp": 1715780124.480318, "gradients/graph_16linear.5.weight": {"_type": "histogram", "values": [2.0, 3.0, 5.0, 7.0, 8.0, 6.0, 6.0, 3.0, 12.0, 16.0, 22.0, 12.0, 12.0, 16.0, 20.0, 22.0, 27.0, 31.0, 32.0, 30.0, 36.0, 38.0, 43.0, 24.0, 23.0, 34.0, 608.0, 99.0, 115.0, 109.0, 147.0, 158.0, 157.0, 134.0, 108.0, 118.0, 109.0, 93.0, 84.0, 81.0, 65.0, 64.0, 64.0, 53.0, 46.0, 25.0, 29.0, 20.0, 27.0, 17.0, 11.0, 12.0, 6.0, 7.0, 7.0, 1.0, 2.0, 1.0, 0.0, 0.0, 3.0, 0.0, 1.0, 1.0], "bins": [-26.7807674407959, -25.779220581054688, -24.777671813964844, -23.776124954223633, -22.77457618713379, -21.773029327392578, -20.771480560302734, -19.769933700561523, -18.768386840820312, -17.76683807373047, -16.765289306640625, -15.763742446899414, -14.762195587158203, -13.760647773742676, -12.759099960327148, -11.757552146911621, -10.756004333496094, -9.754457473754883, -8.752908706665039, -7.751361846923828, -6.749813079833984, -5.748266220092773, -4.74671745300293, -3.7451705932617188, -2.743623733520508, -1.742074966430664, -0.7405281066894531, 0.2610206604003906, 1.2625675201416016, 2.2641162872314453, 3.2656631469726562, 4.2672119140625, 5.268756866455078, 6.270303726196289, 7.271852493286133, 8.273399353027344, 9.274948120117188, 10.276494979858398, 11.278043746948242, 12.279590606689453, 13.281139373779297, 14.282686233520508, 15.284233093261719, 16.285781860351562, 17.287328720092773, 18.288877487182617, 19.290424346923828, 20.291973114013672, 21.293519973754883, 22.295066833496094, 23.296615600585938, 24.29816436767578, 25.299711227416992, 26.301258087158203, 27.302806854248047, 28.304353713989258, 29.30590057373047, 30.307449340820312, 31.308998107910156, 32.310543060302734, 33.31209182739258, 34.31364059448242, 35.315189361572266, 36.316734313964844, 37.31828308105469]}, "gradients/graph_16linear.3.bias": {"_type": "histogram", "values": [6.0, 0.0, 0.0, 0.0, 0.0, 0.0, 0.0, 0.0, 0.0, 0.0, 0.0, 0.0, 0.0, 0.0, 0.0, 0.0, 0.0, 0.0, 0.0, 0.0, 0.0, 0.0, 0.0, 0.0, 0.0, 0.0, 0.0, 0.0, 0.0, 0.0, 0.0, 0.0, 0.0, 0.0, 0.0, 0.0, 0.0, 2.0, 0.0, 1.0, 0.0, 0.0, 2.0, 1.0, 1.0, 0.0, 1.0, 2.0, 0.0, 1.0, 5.0, 1.0, 1.0, 1.0, 2.0, 0.0, 2.0, 1.0, 0.0, 0.0, 0.0, 1.0, 0.0, 1.0], "bins": [0.0, 0.13350015878677368, 0.26700031757354736, 0.40050047636032104, 0.5340006351470947, 0.6675007939338684, 0.8010009527206421, 0.9345011115074158, 1.0680012702941895, 1.2015013694763184, 1.3350015878677368, 1.4685018062591553, 1.6020019054412842, 1.735502004623413, 1.8690022230148315, 2.00250244140625, 2.136002540588379, 2.269502639770508, 2.4030027389526367, 2.5365030765533447, 2.6700031757354736, 2.8035032749176025, 2.9370036125183105, 3.0705037117004395, 3.2040038108825684, 3.3375039100646973, 3.471004009246826, 3.604504346847534, 3.738004446029663, 3.871504545211792, 4.0050048828125, 4.138504981994629, 4.272005081176758, 4.405505180358887, 4.539005279541016, 4.6725053787231445, 4.806005477905273, 4.939505577087402, 5.0730061531066895, 5.206506252288818, 5.340006351470947, 5.473506450653076, 5.607006549835205, 5.740507125854492, 5.874007225036621, 6.00750732421875, 6.141007423400879, 6.274507522583008, 6.408007621765137, 6.541507720947266, 6.6750078201293945, 6.808507919311523, 6.942008018493652, 7.075508117675781, 7.209008693695068, 7.342508792877197, 7.476008892059326, 7.609508991241455, 7.743009090423584, 7.876509189605713, 8.010009765625, 8.143509864807129, 8.277009963989258, 8.410510063171387, 8.544010162353516]}, "gradients/graph_16linear.3.weight": {"_type": "histogram", "values": [894.0, 0.0, 0.0, 0.0, 0.0, 0.0, 0.0, 0.0, 0.0, 0.0, 0.0, 0.0, 0.0, 0.0, 0.0, 0.0, 0.0, 0.0, 0.0, 0.0, 0.0, 0.0, 0.0, 0.0, 0.0, 0.0, 0.0, 0.0, 0.0, 0.0, 2.0, 1.0, 4.0, 0.0, 5.0, 2.0, 4.0, 7.0, 4.0, 5.0, 4.0, 8.0, 5.0, 11.0, 9.0, 4.0, 13.0, 5.0, 4.0, 6.0, 7.0, 2.0, 4.0, 2.0, 3.0, 1.0, 4.0, 1.0, 1.0, 0.0, 0.0, 1.0, 0.0, 1.0], "bins": [0.0, 5.755398750305176, 11.510797500610352, 17.266197204589844, 23.021595001220703, 28.776992797851562, 34.53239440917969, 40.28779220581055, 46.043190002441406, 51.798587799072266, 57.553985595703125, 63.30938720703125, 69.06478881835938, 74.82018280029297, 80.5755844116211, 86.33097839355469, 92.08638000488281, 97.84178161621094, 103.59717559814453, 109.35257720947266, 115.10797119140625, 120.86337280273438, 126.6187744140625, 132.37417602539062, 138.12957763671875, 143.8849639892578, 149.64036560058594, 155.39576721191406, 161.1511688232422, 166.9065704345703, 172.66195678710938, 178.4173583984375, 184.17276000976562, 189.92816162109375, 195.68356323242188, 201.43894958496094, 207.19435119628906, 212.9497528076172, 218.7051544189453, 224.46055603027344, 230.2159423828125, 235.97134399414062, 241.72674560546875, 247.48214721679688, 253.237548828125, 258.9929504394531, 264.74835205078125, 270.50372314453125, 276.2591552734375, 282.0145263671875, 287.7699279785156, 293.52532958984375, 299.2807312011719, 305.0361328125, 310.7915344238281, 316.54693603515625, 322.3023376464844, 328.0577392578125, 333.8131103515625, 339.56854248046875, 345.32391357421875, 351.0793151855469, 356.834716796875, 362.5901184082031, 368.34552001953125]}, "gradients/graph_16linear.0.bias": {"_type": "histogram", "values": [27.0, 0.0, 0.0, 0.0, 0.0, 0.0, 0.0, 0.0, 0.0, 0.0, 0.0, 0.0, 0.0, 0.0, 0.0, 0.0, 0.0, 0.0, 0.0, 0.0, 0.0, 0.0, 0.0, 0.0, 0.0, 0.0, 0.0, 1.0, 0.0, 0.0, 0.0, 0.0, 0.0, 0.0, 0.0, 0.0, 0.0, 0.0, 0.0, 0.0, 0.0, 0.0, 0.0, 0.0, 0.0, 0.0, 2.0, 0.0, 0.0, 0.0, 1.0, 0.0, 0.0, 0.0, 0.0, 0.0, 0.0, 0.0, 0.0, 0.0, 0.0, 0.0, 0.0, 1.0],