{"Linear loss": 2805.94482421875, "_timestamp": 1715673514.5218613, "_runtime": 3.5553932189941406, "_step": 40, "Regret": 0.11754455817602535, "_wandb": {"runtime": 3}}