{"Linear loss": 757.7623901367188, "_timestamp": 1715778150.6680937, "_runtime": 111.52946972846985, "_step": 3659, "gradients/graph_11linear.5.bias": {"_type": "histogram", "values": [2.0, 3.0, 3.0, 4.0, 1.0, 1.0, 0.0, 1.0, 11.0, 11.0, 8.0, 2.0, 2.0, 3.0, 11.0, 8.0, 1.0, 0.0, 0.0, 0.0, 0.0, 0.0, 0.0, 0.0, 0.0, 0.0, 0.0, 0.0, 0.0, 0.0, 0.0, 0.0, 1.0, 6.0, 6.0, 1.0, 1.0, 0.0, 2.0, 1.0, 2.0, 1.0, 0.0, 0.0, 0.0, 0.0, 0.0, 0.0, 0.0, 2.0, 0.0, 0.0, 0.0, 0.0, 0.0, 0.0, 0.0, 0.0, 0.0, 0.0, 0.0, 0.0, 0.0, 1.0], "bins": [-1.264508605003357, -1.2065625190734863, -1.1486163139343262, -1.0906702280044556, -1.0327240228652954, -0.9747779369354248, -0.9168317914009094, -0.858885645866394, -0.8009395003318787, -0.7429933547973633, -0.6850472092628479, -0.6271010637283325, -0.5691549777984619, -0.5112088322639465, -0.45326268672943115, -0.39531654119491577, -0.3373703956604004, -0.279424250125885, -0.22147810459136963, -0.16353201866149902, -0.10558581352233887, -0.04763972759246826, 0.010306477546691895, 0.0682525634765625, 0.1261986494064331, 0.18414485454559326, 0.24209094047546387, 0.300037145614624, 0.35798323154449463, 0.4159294366836548, 0.4738755226135254, 0.5318217277526855, 0.5897676944732666, 0.6477137804031372, 0.7056599855422974, 0.763606071472168, 0.8215522766113281, 0.8794983625411987, 0.9374445676803589, 0.9953906536102295, 1.0533368587493896, 1.1112829446792603, 1.1692290306091309, 1.227175235748291, 1.2851213216781616, 1.3430675268173218, 1.4010136127471924, 1.4589598178863525, 1.5169059038162231, 1.5748519897460938, 1.632798194885254, 1.690744400024414, 1.7486904859542847, 1.8066365718841553, 1.8645827770233154, 1.922528862953186, 1.9804749488830566, 2.038421154022217, 2.096367359161377, 2.154313325881958, 2.212259531021118, 2.2702057361602783, 2.3281519412994385, 2.3860979080200195, 2.4440441131591797]}, "gradients/graph_11linear.5.weight": {"_type": "histogram", "values": [2.0, 4.0, 7.0, 9.0, 9.0, 15.0, 11.0, 16.0, 22.0, 36.0, 44.0, 58.0, 59.0, 56.0, 70.0, 97.0, 104.0, 92.0, 154.0, 253.0, 390.0, 990.0, 78.0, 107.0, 68.0, 45.0, 29.0, 22.0, 23.0, 22.0, 28.0, 28.0, 27.0, 22.0, 15.0, 10.0, 9.0, 5.0, 7.0, 5.0, 2.0, 3.0, 1.0, 3.0, 2.0, 1.0, 1.0, 2.0, 1.0, 2.0, 0.0, 1.0, 0.0, 0.0, 1.0, 1.0, 0.0, 0.0, 1.0, 0.0, 0.0, 1.0, 0.0, 1.0], "bins": [-13.408235549926758, -12.793803215026855, -12.179369926452637, -11.564937591552734, -10.950504302978516, -10.336071968078613, -9.721639633178711, -9.107206344604492, -8.49277400970459, -7.878341197967529, -7.263908386230469, -6.649476051330566, -6.035043239593506, -5.420610427856445, -4.806178092956543, -4.191744804382324, -3.577312469482422, -2.9628801345825195, -2.348446846008301, -1.7340145111083984, -1.1195812225341797, -0.5051488876342773, 0.109283447265625, 0.7237167358398438, 1.338149070739746, 1.9525814056396484, 2.567014694213867, 3.181447982788086, 3.795879364013672, 4.410312652587891, 5.024745941162109, 5.639177322387695, 6.253610610961914, 6.868043899536133, 7.482475280761719, 8.096908569335938, 8.711341857910156, 9.325773239135742, 9.940206527709961, 10.55463981628418, 11.169072151184082, 11.783504486083984, 12.397937774658203, 13.012370109558105, 13.626802444458008, 14.241235733032227, 14.855668067932129, 15.470101356506348, 16.08453369140625, 16.69896697998047, 17.313400268554688, 17.927831649780273, 18.542264938354492, 19.156696319580078, 19.771129608154297, 20.385562896728516, 20.999996185302734, 21.61442756652832, 22.22886085510254, 22.843292236328125, 23.457725524902344, 24.072158813476562, 24.68659210205078, 25.301023483276367, 25.915456771850586]}, "gradients/graph_11linear.3.bias": {"_type": "histogram", "values": [1.0, 0.0, 0.0, 0.0, 1.0, 2.0, 2.0, 0.0, 1.0, 2.0, 0.0, 2.0, 2.0, 2.0, 0.0, 2.0, 1.0, 2.0, 1.0, 1.0, 2.0, 0.0, 0.0, 0.0, 1.0, 0.0, 0.0, 0.0, 0.0, 0.0, 0.0, 0.0, 0.0, 0.0, 0.0, 0.0, 0.0, 0.0, 0.0, 0.0, 0.0, 0.0, 0.0, 0.0, 0.0, 0.0, 0.0, 0.0, 0.0, 0.0, 0.0, 0.0, 0.0, 0.0, 0.0, 0.0, 0.0, 0.0, 0.0, 0.0, 0.0, 0.0, 0.0, 7.0], "bins": [-14.210785865783691, -13.988741874694824, -13.766698837280273, -13.544654846191406, -13.322611808776855, -13.100567817687988, -12.878524780273438, -12.65648078918457, -12.43443775177002, -12.212393760681152, -11.990350723266602, -11.768306732177734, -11.546263694763184, -11.324219703674316, -11.102176666259766, -10.880132675170898, -10.658089637756348, -10.43604564666748, -10.21400260925293, -9.991958618164062, -9.769914627075195, -9.547871589660645, -9.325828552246094, -9.103784561157227, -8.88174057006836, -8.659697532653809, -8.437654495239258, -8.21561050415039, -7.993566989898682, -7.771523475646973, -7.549479961395264, -7.327436447143555, -7.105392932891846, -6.883349418640137, -6.661305904388428, -6.439262390136719, -6.21721887588501, -5.995175361633301, -5.773131847381592, -5.551088333129883, -5.329044818878174, -5.107001304626465, -4.884957790374756, -4.662914276123047, -4.440870761871338, -4.218827247619629, -3.996783494949341, -3.774739980697632, -3.552696466445923, -3.330652952194214, -3.108609437942505, -2.886565923690796, -2.664522409439087, -2.442478895187378, -2.220435380935669, -1.9983917474746704, -1.7763482332229614, -1.5543047189712524, -1.3322612047195435, -1.1102176904678345, -0.8881741166114807, -0.6661306023597717, -0.44408705830574036, -0.22204352915287018, 0.0]}, "gradients/graph_11linear.3.weight": {"_type": "histogram", "values": [1.0, 0.0, 1.0, 0.0, 1.0, 2.0, 3.0, 1.0, 2.0, 4.0, 0.0, 5.0, 2.0, 4.0, 2.0, 4.0, 1.0, 4.0, 2.0, 3.0, 3.0, 1.0, 2.0, 0.0, 1.0, 0.0, 1.0, 0.0, 0.0, 0.0, 0.0, 0.0, 0.0, 0.0, 0.0, 0.0, 0.0, 0.0, 0.0, 0.0, 0.0, 0.0, 0.0, 0.0, 0.0, 0.0, 0.0, 0.0, 0.0, 0.0, 0.0, 0.0, 0.0, 0.0, 0.0, 0.0, 0.0, 0.0, 0.0, 0.0, 0.0, 0.0, 0.0, 974.0], "bins": [-336.9541015625, -331.689208984375, -326.4242858886719, -321.15936279296875, -315.89447021484375, -310.62957763671875, -305.3646545410156, -300.0997314453125, -294.8348388671875, -289.5699462890625, -284.3050231933594, -279.04010009765625, -273.77520751953125, -268.51031494140625, -263.2453918457031, -257.98046875, -252.715576171875, -247.45066833496094, -242.18576049804688, -236.9208526611328, -231.65594482421875, -226.3910369873047, -221.12612915039062, -215.86122131347656, -210.5963134765625, -205.33140563964844, -200.06649780273438, -194.8015899658203, -189.53668212890625, -184.2717742919922, -179.00686645507812, -173.74195861816406, -168.47705078125, -163.21214294433594, -157.94723510742188, -152.6823272705078, -147.41741943359375, -142.1525115966797, -136.88760375976562, -131.62269592285156, -126.3577880859375, -121.09288024902344, -115.82797241210938, -110.56306457519531, -105.29815673828125, -100.03324890136719, -94.76834106445312, -89.50343322753906, -84.238525390625, -78.97361755371094, -73.70870971679688, -68.44380187988281, -63.17889404296875, -57.91398620605469, -52.649078369140625, -47.38417053222656, -42.1192626953125, -36.85435485839844, -31.589447021484375, -26.324539184570312, -21.05963134765625, -15.794723510742188, -10.529815673828125, -5.2649078369140625, 0.0]}, "gradients/graph_11linear.0.bias": {"_type": "histogram", "values": [1.0, 0.0, 1.0, 0.0, 0.0, 0.0, 0.0, 0.0, 0.0, 0.0, 0.0, 0.0, 0.0, 0.0, 0.0, 0.0, 0.0, 0.0, 0.0, 0.0, 0.0, 0.0, 0.0, 0.0, 0.0, 0.0, 0.0, 0.0, 0.0, 0.0, 0.0, 0.0, 0.0, 0.0, 0.0, 0.0, 0.0, 0.0, 0.0, 0.0, 0.0, 0.0, 0.0, 0.0, 0.0, 0.0, 0.0, 0.0, 0.0, 0.0, 0.0, 0.0, 0.0, 0.0, 0.0, 0.0, 0.0, 0.0, 0.0, 0.0, 0.0, 0.0, 0.0, 30.0],