{"gradients/graph_2linear.5.bias": {"_type": "histogram", "values": [9.0, 8.0, 5.0, 1.0, 4.0, 1.0, 2.0, 2.0, 0.0, 20.0, 4.0, 0.0, 0.0, 0.0, 0.0, 0.0, 0.0, 0.0, 0.0, 0.0, 0.0, 0.0, 0.0, 0.0, 0.0, 0.0, 0.0, 0.0, 1.0, 2.0, 16.0, 4.0, 1.0, 0.0, 0.0, 0.0, 0.0, 0.0, 0.0, 0.0, 0.0, 0.0, 0.0, 0.0, 0.0, 0.0, 0.0, 0.0, 0.0, 0.0, 0.0, 0.0, 0.0, 0.0, 2.0, 0.0, 0.0, 0.0, 0.0, 2.0, 7.0, 1.0, 1.0, 3.0], "bins": [-1.068137526512146, -1.0333768129348755, -0.998616099357605, -0.9638553857803345, -0.929094672203064, -0.8943339586257935, -0.859573245048523, -0.8248125314712524, -0.7900518178939819, -0.7552911043167114, -0.7205303907394409, -0.6857696771621704, -0.6510089635848999, -0.6162482500076294, -0.5814875364303589, -0.5467268228530884, -0.5119661092758179, -0.47720539569854736, -0.44244468212127686, -0.40768396854400635, -0.37292325496673584, -0.33816254138946533, -0.3034018278121948, -0.2686411142349243, -0.2338804006576538, -0.1991196870803833, -0.1643589735031128, -0.12959825992584229, -0.09483754634857178, -0.06007683277130127, -0.02531611919403076, 0.009444594383239746, 0.044205307960510254, 0.07896602153778076, 0.11372673511505127, 0.14848744869232178, 0.18324816226959229, 0.2180088758468628, 0.2527695894241333, 0.2875303030014038, 0.3222910165786743, 0.3570517301559448, 0.39181244373321533, 0.42657315731048584, 0.46133387088775635, 0.49609458446502686, 0.5308552980422974, 0.5656160116195679, 0.6003767251968384, 0.6351374387741089, 0.6698981523513794, 0.7046588659286499, 0.7394195795059204, 0.7741802930831909, 0.8089410066604614, 0.8437017202377319, 0.8784624338150024, 0.913223147392273, 0.9479838609695435, 0.982744574546814, 1.0175052881240845, 1.052266001701355, 1.0870267152786255, 1.121787428855896, 1.1565481424331665]}, "_timestamp": 1715845364.0364122, "gradients/graph_2linear.5.weight": {"_type": "histogram", "values": [14.0, 15.0, 11.0, 10.0, 16.0, 9.0, 5.0, 10.0, 2.0, 22.0, 32.0, 13.0, 38.0, 16.0, 6.0, 18.0, 17.0, 29.0, 66.0, 70.0, 76.0, 27.0, 102.0, 48.0, 34.0, 45.0, 88.0, 57.0, 62.0, 65.0, 1724.0, 34.0, 21.0, 14.0, 13.0, 19.0, 18.0, 14.0, 0.0, 8.0, 4.0, 22.0, 46.0, 15.0, 5.0, 11.0, 3.0, 3.0, 8.0, 11.0, 4.0, 5.0, 1.0, 2.0, 2.0, 0.0, 9.0, 0.0, 2.0, 14.0, 7.0, 3.0, 3.0, 4.0], "bins": [-1.5312198400497437, -1.4813889265060425, -1.4315580129623413, -1.3817269802093506, -1.3318960666656494, -1.2820651531219482, -1.232234239578247, -1.182403326034546, -1.1325724124908447, -1.082741379737854, -1.0329104661941528, -0.9830795526504517, -0.9332486391067505, -0.8834176659584045, -0.8335867524147034, -0.7837557792663574, -0.7339248657226562, -0.6840939521789551, -0.6342629790306091, -0.584432065486908, -0.534601092338562, -0.48477017879486084, -0.43493926525115967, -0.3851083517074585, -0.3352774381637573, -0.2854464054107666, -0.23561549186706543, -0.18578457832336426, -0.13595366477966309, -0.08612275123596191, -0.03629171848297119, 0.01353919506072998, 0.0633702278137207, 0.11320114135742188, 0.16303205490112305, 0.21286308765411377, 0.26269400119781494, 0.3125249147415161, 0.3623558282852173, 0.41218674182891846, 0.4620177745819092, 0.5118486881256104, 0.5616796016693115, 0.6115105152130127, 0.6613414287567139, 0.7111724019050598, 0.761003315448761, 0.8108342885971069, 0.8606652021408081, 0.9104961156845093, 0.9603270888328552, 1.0101580619812012, 1.0599889755249023, 1.1098198890686035, 1.1596508026123047, 1.2094817161560059, 1.259312629699707, 1.3091436624526978, 1.358974575996399, 1.4088054895401, 1.4586364030838013, 1.508467435836792, 1.5582983493804932, 1.6081292629241943, 1.6579601764678955]}, "gradients/graph_2linear.3.bias": {"_type": "histogram", "values": [1.0, 0.0, 0.0, 0.0, 0.0, 0.0, 0.0, 0.0, 1.0, 0.0, 0.0, 0.0, 0.0, 0.0, 0.0, 0.0, 1.0, 0.0, 0.0, 0.0, 0.0, 0.0, 0.0, 0.0, 1.0, 0.0, 0.0, 0.0, 0.0, 0.0, 0.0, 0.0, 0.0, 0.0, 0.0, 0.0, 0.0, 0.0, 1.0, 0.0, 0.0, 0.0, 1.0, 1.0, 2.0, 0.0, 2.0, 0.0, 1.0, 2.0, 1.0, 1.0, 0.0, 0.0, 0.0, 0.0, 0.0, 0.0, 0.0, 1.0, 1.0, 0.0, 0.0, 14.0], "bins": [-4.263073921203613, -4.196463584899902, -4.129852771759033, -4.063242435455322, -3.9966318607330322, -3.930021286010742, -3.863410711288452, -3.796800136566162, -3.730189800262451, -3.663579225540161, -3.596968650817871, -3.530358076095581, -3.463747501373291, -3.39713716506958, -3.330526351928711, -3.263916015625, -3.19730544090271, -3.13069486618042, -3.064084529876709, -2.99747371673584, -2.930863380432129, -2.864252805709839, -2.797642230987549, -2.731031894683838, -2.6644210815429688, -2.597810745239258, -2.5312001705169678, -2.4645895957946777, -2.3979790210723877, -2.3313684463500977, -2.2647581100463867, -2.1981475353240967, -2.1315369606018066, -2.0649263858795166, -1.9983159303665161, -1.931705355644226, -1.8650949001312256, -1.7984843254089355, -1.7318737506866455, -1.665263295173645, -1.598652720451355, -1.532042145729065, -1.4654316902160645, -1.3988211154937744, -1.3322105407714844, -1.2656000852584839, -1.1989895105361938, -1.1323790550231934, -1.0657684803009033, -0.9991579651832581, -0.9325474500656128, -0.8659368753433228, -0.7993263602256775, -0.7327158451080322, -0.6661052703857422, -0.5994947552680969, -0.5328842401504517, -0.4662737250328064, -0.39966318011283875, -0.3330526351928711, -0.26644212007522583, -0.19983159005641937, -0.13322106003761292, -0.06661053001880646, 0.0]}, "gradients/graph_2linear.3.weight": {"_type": "histogram", "values": [1.0, 0.0, 0.0, 0.0, 0.0, 0.0, 0.0, 0.0, 1.0, 0.0, 0.0, 0.0, 0.0, 0.0, 0.0, 0.0, 1.0, 0.0, 0.0, 0.0, 0.0, 0.0, 0.0, 0.0, 1.0, 0.0, 0.0, 0.0, 0.0, 0.0, 0.0, 0.0, 0.0, 0.0, 0.0, 0.0, 0.0, 0.0, 1.0, 0.0, 0.0, 0.0, 1.0, 1.0, 2.0, 0.0, 2.0, 0.0, 1.0, 3.0, 2.0, 2.0, 1.0, 1.0, 1.0, 2.0, 0.0, 0.0, 2.0, 9.0, 9.0, 6.0, 1.0, 973.0], "bins": [-28.613550186157227, -28.16646385192871, -27.719377517700195, -27.272289276123047, -26.82520294189453, -26.378116607666016, -25.9310302734375, -25.483943939208984, -25.036855697631836, -24.58976936340332, -24.142683029174805, -23.69559669494629, -23.24850845336914, -22.801422119140625, -22.35433578491211, -21.907249450683594, -21.460163116455078, -21.013076782226562, -20.565990447998047, -20.1189022064209, -19.671815872192383, -19.224727630615234, -18.77764129638672, -18.330554962158203, -17.883468627929688, -17.436382293701172, -16.989295959472656, -16.54220962524414, -16.095123291015625, -15.648035049438477, -15.200948715209961, -14.753861427307129, -14.306775093078613, -13.859688758850098, -13.412601470947266, -12.96551513671875, -12.518427848815918, -12.071341514587402, -11.624255180358887, -11.177167892456055, -10.730081558227539, -10.282994270324707, -9.835907936096191, -9.388821601867676, -8.941734313964844, -8.494647979736328, -8.047560691833496, -7.6004743576049805, -7.153387546539307, -6.706300735473633, -6.259213924407959, -5.812127590179443, -5.3650407791137695, -4.917953968048096, -4.470867156982422, -4.023780345916748, -3.5766937732696533, -3.1296069622039795, -2.6825203895568848, -2.235433578491211, -1.7883468866348267, -1.3412601947784424, -0.8941734433174133, -0.44708672165870667, -0.0]}, "gradients/graph_2linear.0.bias": {"_type": "histogram", "values": [1.0, 0.0, 0.0, 0.0, 0.0, 0.0, 0.0, 0.0, 0.0, 0.0, 0.0, 0.0, 0.0, 0.0, 0.0, 0.0, 0.0, 0.0, 0.0, 0.0, 0.0, 0.0, 0.0, 0.0, 1.0, 0.0, 0.0, 0.0, 0.0, 0.0, 0.0, 0.0, 0.0, 0.0, 0.0, 0.0, 0.0, 0.0, 0.0, 0.0, 28.0, 0.0, 0.0, 0.0, 0.0, 0.0, 0.0, 0.0, 0.0, 0.0, 0.0, 0.0, 0.0, 0.0, 1.0, 0.0, 0.0, 0.0, 0.0, 0.0, 0.0, 0.0, 0.0, 1.0],