{"Linear loss": 10577.845703125, "_timestamp": 1715770142.8297987, "_runtime": 86.02830481529236, "_step": 1809, "gradients/graph_25linear.5.bias": {"_type": "histogram", "values": [6.0, 0.0, 0.0, 4.0, 0.0, 0.0, 0.0, 0.0, 0.0, 0.0, 0.0, 0.0, 0.0, 0.0, 0.0, 0.0, 0.0, 0.0, 0.0, 0.0, 0.0, 0.0, 0.0, 0.0, 0.0, 0.0, 0.0, 0.0, 11.0, 0.0, 0.0, 2.0, 48.0, 0.0, 0.0, 15.0, 0.0, 0.0, 0.0, 0.0, 0.0, 0.0, 0.0, 0.0, 0.0, 0.0, 0.0, 0.0, 0.0, 0.0, 0.0, 0.0, 0.0, 0.0, 0.0, 0.0, 0.0, 1.0, 0.0, 0.0, 2.0, 0.0, 0.0, 7.0], "bins": [-200.0, -193.75, -187.5, -181.25, -175.0, -168.75, -162.5, -156.25, -150.0, -143.75, -137.5, -131.25, -125.0, -118.75, -112.5, -106.25, -100.0, -93.75, -87.5, -81.25, -75.0, -68.75, -62.5, -56.25, -50.0, -43.75, -37.5, -31.25, -25.0, -18.75, -12.5, -6.25, 0.0, 6.25, 12.5, 18.75, 25.0, 31.25, 37.5, 43.75, 50.0, 56.25, 62.5, 68.75, 75.0, 81.25, 87.5, 93.75, 100.0, 106.25, 112.5, 118.75, 125.0, 131.25, 137.5, 143.75, 150.0, 156.25, 162.5, 168.75, 175.0, 181.25, 187.5, 193.75, 200.0]}, "gradients/graph_25linear.5.weight": {"_type": "histogram", "values": [6.0, 0.0, 0.0, 4.0, 6.0, 0.0, 0.0, 4.0, 6.0, 12.0, 18.0, 8.0, 28.0, 12.0, 8.0, 32.0, 28.0, 50.0, 32.0, 28.0, 26.0, 38.0, 54.0, 68.0, 64.0, 46.0, 60.0, 66.0, 33.0, 111.0, 339.0, 745.0, 9022.0, 455.0, 137.0, 37.0, 67.0, 61.0, 51.0, 55.0, 72.0, 51.0, 40.0, 31.0, 27.0, 27.0, 47.0, 32.0, 32.0, 8.0, 16.0, 22.0, 4.0, 22.0, 14.0, 7.0, 2.0, 1.0, 0.0, 7.0, 2.0, 0.0, 0.0, 7.0], "bins": [-753.7337036132812, -730.1795043945312, -706.6253662109375, -683.0711669921875, -659.5169677734375, -635.9628295898438, -612.4086303710938, -588.8544921875, -565.30029296875, -541.74609375, -518.19189453125, -494.63775634765625, -471.08355712890625, -447.5293884277344, -423.9752197265625, -400.4210205078125, -376.8668518066406, -353.31268310546875, -329.75848388671875, -306.2043151855469, -282.650146484375, -259.095947265625, -235.54180908203125, -211.98760986328125, -188.43341064453125, -164.8792724609375, -141.3250732421875, -117.7708740234375, -94.21673583984375, -70.66253662109375, -47.10833740234375, -23.55419921875, 0.0, 23.55419921875, 47.10833740234375, 70.66253662109375, 94.21673583984375, 117.7708740234375, 141.3250732421875, 164.8792724609375, 188.43341064453125, 211.98760986328125, 235.54180908203125, 259.095947265625, 282.650146484375, 306.2043151855469, 329.75848388671875, 353.31268310546875, 376.8668518066406, 400.4210205078125, 423.9752197265625, 447.5293884277344, 471.08355712890625, 494.63775634765625, 518.19189453125, 541.74609375, 565.30029296875, 588.8544921875, 612.4086303710938, 635.9628295898438, 659.5169677734375, 683.0711669921875, 706.6253662109375, 730.1795043945312, 753.7337036132812]}, "gradients/graph_25linear.3.bias": {"_type": "histogram", "values": [1.0, 1.0, 3.0, 1.0, 2.0, 1.0, 0.0, 0.0, 0.0, 0.0, 2.0, 3.0, 0.0, 2.0, 2.0, 0.0, 4.0, 3.0, 0.0, 3.0, 3.0, 2.0, 2.0, 1.0, 1.0, 1.0, 3.0, 3.0, 1.0, 0.0, 1.0, 46.0, 4.0, 0.0, 1.0, 3.0, 1.0, 0.0, 0.0, 2.0, 1.0, 2.0, 3.0, 2.0, 1.0, 2.0, 3.0, 1.0, 4.0, 0.0, 0.0, 1.0, 0.0, 0.0, 0.0, 0.0, 0.0, 2.0, 0.0, 1.0, 0.0, 1.0, 0.0, 1.0], "bins": [-135.52772521972656, -131.24612426757812, -126.96451568603516, -122.68290710449219, -118.40130615234375, -114.11969757080078, -109.83808898925781, -105.55648803710938, -101.2748794555664, -96.99327087402344, -92.711669921875, -88.43006134033203, -84.14845275878906, -79.86685180664062, -75.58524322509766, -71.30364227294922, -67.02203369140625, -62.74042510986328, -58.458824157714844, -54.177215576171875, -49.89561462402344, -45.61400604248047, -41.3323974609375, -37.05079650878906, -32.769187927246094, -28.487579345703125, -24.205978393554688, -19.92436981201172, -15.64276123046875, -11.361160278320312, -7.079559326171875, -2.797943115234375, 1.483642578125, 5.7652435302734375, 10.046859741210938, 14.328460693359375, 18.610061645507812, 22.89167022705078, 27.17327880859375, 31.454879760742188, 35.736488342285156, 40.018096923828125, 44.29969787597656, 48.58130645751953, 52.8629150390625, 57.14451599121094, 61.426124572753906, 65.70772552490234, 69.98933410644531, 74.27094268798828, 78.55254364013672, 82.83415222167969, 87.11575317382812, 91.3973617553711, 95.67897033691406, 99.9605712890625, 104.24217987060547, 108.52378845214844, 112.80538940429688, 117.08699798583984, 121.36860656738281, 125.65020751953125, 129.9318084716797, 134.2134246826172, 138.49502563476562]}, "gradients/graph_25linear.3.weight": {"_type": "histogram", "values": [1.0, 1.0, 3.0, 1.0, 2.0, 1.0, 0.0, 0.0, 0.0, 1.0, 3.0, 8.0, 2.0, 10.0, 15.0, 13.0, 23.0, 26.0, 17.0, 32.0, 26.0, 37.0, 56.0, 73.0, 70.0, 90.0, 113.0, 123.0, 166.0, 207.0, 193.0, 14055.0, 196.0, 164.0, 122.0, 102.0, 89.0, 62.0, 55.0, 64.0, 36.0, 30.0, 13.0, 15.0, 6.0, 13.0, 16.0, 5.0, 11.0, 4.0, 4.0, 2.0, 1.0, 0.0, 1.0, 0.0, 0.0, 2.0, 0.0, 1.0, 0.0, 1.0, 0.0, 1.0], "bins": [-697.3192749023438, -675.2894897460938, -653.2597045898438, -631.2299194335938, -609.2001342773438, -587.1703491210938, -565.140625, -543.11083984375, -521.0810546875, -499.0512390136719, -477.0214538574219, -454.99169921875, -432.9619140625, -410.93212890625, -388.90234375, -366.87255859375, -344.8427734375, -322.81298828125, -300.783203125, -278.75341796875, -256.7236328125, -234.69387817382812, -212.66409301757812, -190.63430786132812, -168.60455322265625, -146.57476806640625, -124.54498291015625, -102.51519775390625, -80.48541259765625, -58.45562744140625, -36.42584228515625, -14.39605712890625, 7.6336669921875, 29.6634521484375, 51.6932373046875, 73.7230224609375, 95.7528076171875, 117.7825927734375, 139.8123779296875, 161.8421630859375, 183.8719482421875, 205.90170288085938, 227.93148803710938, 249.96127319335938, 271.99102783203125, 294.02081298828125, 316.05059814453125, 338.08038330078125, 360.11016845703125, 382.13995361328125, 404.16973876953125, 426.19952392578125, 448.22930908203125, 470.25909423828125, 492.2888488769531, 514.318603515625, 536.348388671875, 558.378173828125, 580.407958984375, 602.437744140625, 624.467529296875, 646.497314453125, 668.527099609375, 690.556884765625, 712.586669921875]}, "gradients/graph_25linear.0.bias": {"_type": "histogram", "values": [1.0, 0.0, 0.0, 0.0, 0.0, 1.0, 0.0, 0.0, 1.0, 0.0, 2.0, 1.0, 1.0, 1.0, 0.0, 1.0, 0.0, 1.0, 1.0, 0.0, 0.0, 2.0, 1.0, 0.0, 1.0, 1.0, 1.0, 1.0, 0.0, 1.0, 2.0, 0.0, 1.0, 95.0, 1.0, 2.0, 0.0, 0.0, 0.0, 0.0, 0.0, 2.0, 0.0, 0.0, 1.0, 1.0, 0.0, 1.0, 0.0, 0.0, 1.0, 0.0, 0.0, 0.0, 1.0, 0.0, 0.0, 0.0, 0.0, 0.0, 0.0, 0.0, 0.0, 1.0], "bins": [-344.434814453125, -334.00274658203125, -323.5706787109375, -313.13861083984375, -302.70654296875, -292.27447509765625, -281.8424072265625, -271.41033935546875, -260.978271484375, -250.5462188720703, -240.11415100097656, -229.68209838867188, -219.25003051757812, -208.81796264648438, -198.38589477539062, -187.95382690429688, -177.52175903320312, -167.08969116210938, -156.65762329101562, -146.22555541992188, -135.79348754882812, -125.36143493652344, -114.92936706542969, -104.49729919433594, -94.06523132324219, -83.6331787109375, -73.20111083984375, -62.76904296875, -52.33697509765625, -41.9049072265625, -31.47283935546875, -21.040771484375, -10.60870361328125, -0.1766357421875, 10.25543212890625, 20.6875, 31.11956787109375, 41.5516357421875, 51.98370361328125, 62.415771484375, 72.84782409667969, 83.27989196777344, 93.71195983886719, 104.14402770996094, 114.57608032226562, 125.00814819335938, 135.44021606445312, 145.87228393554688, 156.30435180664062, 166.73641967773438, 177.16848754882812, 187.60055541992188, 198.03262329101562, 208.46469116210938, 218.89674377441406, 229.3288116455078, 239.76087951660156, 250.1929473876953, 260.625, 271.05706787109375, 281.4891357421875, 291.92120361328125, 302.353271484375, 312.78533935546875, 323.2174072265625]}, "gradients/graph_25linear.0.weight": {"_type": "histogram",