{"Linear loss": 220.23486328125, "_timestamp": 1715777771.913959, "_runtime": 67.98555207252502, "_step": 3659, "gradients/graph_8linear.5.bias": {"_type": "histogram", "values": [5.0, 2.0, 3.0, 2.0, 1.0, 1.0, 0.0, 1.0, 5.0, 10.0, 13.0, 5.0, 0.0, 6.0, 18.0, 0.0, 0.0, 0.0, 0.0, 0.0, 0.0, 0.0, 0.0, 0.0, 0.0, 0.0, 0.0, 0.0, 2.0, 6.0, 4.0, 3.0, 0.0, 1.0, 0.0, 0.0, 3.0, 0.0, 1.0, 1.0, 0.0, 0.0, 0.0, 0.0, 0.0, 0.0, 0.0, 2.0, 0.0, 0.0, 0.0, 0.0, 0.0, 0.0, 0.0, 0.0, 0.0, 0.0, 0.0, 0.0, 0.0, 0.0, 0.0, 1.0], "bins": [-1.0352927446365356, -0.9846826791763306, -0.9340726733207703, -0.88346266746521, -0.8328526020050049, -0.7822425365447998, -0.7316325306892395, -0.6810225248336792, -0.6304124593734741, -0.579802393913269, -0.5291923880577087, -0.47858238220214844, -0.42797231674194336, -0.3773622512817383, -0.326752245426178, -0.2761422395706177, -0.2255321741104126, -0.17492210865020752, -0.12431210279464722, -0.07370209693908691, -0.023092031478881836, 0.027518033981323242, 0.07812798023223877, 0.12873804569244385, 0.17934811115264893, 0.229958176612854, 0.2805682420730591, 0.3311781883239746, 0.3817882537841797, 0.43239831924438477, 0.4830082654953003, 0.5336183309555054, 0.584228515625, 0.6348385810852051, 0.6854486465454102, 0.7360585927963257, 0.7866686582565308, 0.8372787237167358, 0.8878886699676514, 0.9384987354278564, 0.9891088008880615, 1.0397188663482666, 1.0903289318084717, 1.1409388780593872, 1.1915489435195923, 1.2421590089797974, 1.292768955230713, 1.343379020690918, 1.393989086151123, 1.4445991516113281, 1.4952092170715332, 1.5458191633224487, 1.5964292287826538, 1.6470392942428589, 1.6976492404937744, 1.7482593059539795, 1.7988693714141846, 1.8494794368743896, 1.9000895023345947, 1.9506994485855103, 2.001309394836426, 2.051919460296631, 2.102529525756836, 2.153139591217041, 2.203749656677246]}, "gradients/graph_8linear.5.weight": {"_type": "histogram", "values": [8.0, 9.0, 11.0, 11.0, 18.0, 11.0, 19.0, 27.0, 62.0, 88.0, 115.0, 124.0, 141.0, 225.0, 400.0, 356.0, 572.0, 486.0, 399.0, 316.0, 1613.0, 73.0, 92.0, 124.0, 134.0, 157.0, 138.0, 75.0, 68.0, 62.0, 45.0, 29.0, 17.0, 17.0, 10.0, 11.0, 22.0, 9.0, 6.0, 6.0, 2.0, 2.0, 5.0, 1.0, 4.0, 6.0, 3.0, 6.0, 1.0, 0.0, 1.0, 1.0, 0.0, 0.0, 0.0, 2.0, 0.0, 0.0, 1.0, 0.0, 1.0, 0.0, 0.0, 2.0], "bins": [-6.252620220184326, -5.946962356567383, -5.6413044929504395, -5.335646629333496, -5.029988765716553, -4.724330902099609, -4.418673515319824, -4.113015174865723, -3.8073575496673584, -3.501699686050415, -3.1960418224334717, -2.8903839588165283, -2.584726333618164, -2.2790684700012207, -1.9734106063842773, -1.667752742767334, -1.3620948791503906, -1.0564370155334473, -0.7507791519165039, -0.44512128829956055, -0.1394634246826172, 0.16619443893432617, 0.47185230255126953, 0.7775101661682129, 1.083167552947998, 1.3888254165649414, 1.6944832801818848, 2.0001416206359863, 2.3057990074157715, 2.611457347869873, 2.917114734649658, 3.2227730751037598, 3.528430938720703, 3.8340883255004883, 4.13974666595459, 4.445404052734375, 4.751062393188477, 5.056719779968262, 5.362378120422363, 5.668035984039307, 5.97369384765625, 6.279351234436035, 6.5850090980529785, 6.890666961669922, 7.196324825286865, 7.501982688903809, 7.807640552520752, 8.113298416137695, 8.418956756591797, 8.724614143371582, 9.030271530151367, 9.335929870605469, 9.64158821105957, 9.947245597839355, 10.25290298461914, 10.558561325073242, 10.864218711853027, 11.169877052307129, 11.475534439086914, 11.781192779541016, 12.0868501663208, 12.392508506774902, 12.698165893554688, 13.003824234008789, 13.309481620788574]}, "gradients/graph_8linear.3.bias": {"_type": "histogram", "values": [1.0, 0.0, 0.0, 0.0, 0.0, 0.0, 0.0, 1.0, 1.0, 0.0, 0.0, 0.0, 0.0, 1.0, 0.0, 3.0, 2.0, 2.0, 4.0, 5.0, 1.0, 1.0, 3.0, 4.0, 2.0, 3.0, 3.0, 2.0, 1.0, 5.0, 0.0, 2.0, 0.0, 0.0, 1.0, 0.0, 0.0, 0.0, 0.0, 0.0, 0.0, 0.0, 0.0, 0.0, 0.0, 0.0, 0.0, 0.0, 0.0, 0.0, 0.0, 0.0, 0.0, 0.0, 0.0, 0.0, 0.0, 0.0, 0.0, 0.0, 0.0, 0.0, 0.0, 16.0], "bins": [-14.971611976623535, -14.737680435180664, -14.503748893737793, -14.269817352294922, -14.03588581085205, -13.80195426940918, -13.568023681640625, -13.334092140197754, -13.100160598754883, -12.866229057312012, -12.63229751586914, -12.39836597442627, -12.164434432983398, -11.930503845214844, -11.696571350097656, -11.462640762329102, -11.22870922088623, -10.99477767944336, -10.760846138000488, -10.526914596557617, -10.292983055114746, -10.059051513671875, -9.82512092590332, -9.591188430786133, -9.357257843017578, -9.12332534790039, -8.889394760131836, -8.655463218688965, -8.421531677246094, -8.187600135803223, -7.95366907119751, -7.719737529754639, -7.485805988311768, -7.2518744468688965, -7.017942905426025, -6.7840118408203125, -6.550080299377441, -6.31614875793457, -6.082217216491699, -5.848286151885986, -5.614354610443115, -5.380423069000244, -5.146491527557373, -4.912559986114502, -4.678628921508789, -4.444697380065918, -4.210765838623047, -3.976834535598755, -3.742902994155884, -3.5089714527130127, -3.2750401496887207, -3.0411086082458496, -2.8071773052215576, -2.5732457637786865, -2.3393144607543945, -2.1053829193115234, -1.871451497077942, -1.6375200748443604, -1.4035886526107788, -1.1696572303771973, -0.935725748538971, -0.7017943263053894, -0.4678628742694855, -0.23393143713474274, 0.0]}, "gradients/graph_8linear.3.weight": {"_type": "histogram", "values": [1.0, 0.0, 0.0, 0.0, 0.0, 0.0, 0.0, 1.0, 1.0, 0.0, 0.0, 0.0, 0.0, 1.0, 0.0, 3.0, 2.0, 2.0, 4.0, 5.0, 1.0, 1.0, 3.0, 4.0, 2.0, 3.0, 3.0, 2.0, 1.0, 5.0, 0.0, 2.0, 0.0, 0.0, 2.0, 0.0, 0.0, 1.0, 1.0, 0.0, 1.0, 5.0, 6.0, 6.0, 7.0, 5.0, 5.0, 6.0, 3.0, 0.0, 1.0, 0.0, 0.0, 0.0, 0.0, 0.0, 0.0, 2.0, 7.0, 25.0, 14.0, 0.0, 0.0, 3952.0], "bins": [-337.2024841308594, -331.9336853027344, -326.6649169921875, -321.3961181640625, -316.1273193359375, -310.8585510253906, -305.5897521972656, -300.3209533691406, -295.05218505859375, -289.78338623046875, -284.51458740234375, -279.2458190917969, -273.9770202636719, -268.7082214355469, -263.439453125, -258.170654296875, -252.90185546875, -247.63307189941406, -242.36428833007812, -237.09548950195312, -231.8267059326172, -226.55792236328125, -221.28912353515625, -216.0203399658203, -210.75155639648438, -205.48275756835938, -200.21397399902344, -194.9451904296875, -189.6763916015625, -184.40760803222656, -179.13882446289062, -173.87002563476562, -168.6012420654297, -163.33245849609375, -158.06365966796875, -152.7948760986328, -147.52609252929688, -142.25729370117188, -136.98851013183594, -131.7197265625, -126.450927734375, -121.18214416503906, -115.9133529663086, -110.64456176757812, -105.37577819824219, -100.10698699951172, -94.83819580078125, -89.56941223144531, -84.30062103271484, -79.03182983398438, -73.76304626464844, -68.49425506591797, -63.2254638671875, -57.9566764831543, -52.687889099121094, -47.419097900390625, -42.15031051635742, -36.88152313232422, -31.61273193359375, -26.343944549560547, -21.07515525817871, -15.806365966796875, -10.537577629089355, -5.268788814544678, -0.0]}, "gradients/graph_8linear.0.bias": {"_type": "histogram", "values": [1.0, 0.0, 0.0, 0.0, 0.0, 0.0, 0.0, 0.0, 0.0, 0.0, 0.0, 0.0, 0.0, 0.0, 0.0, 0.0, 0.0, 0.0, 0.0, 0.0, 0.0, 0.0, 0.0, 0.0, 0.0, 0.0, 0.0, 0.0, 0.0, 0.0, 0.0, 0.0, 0.0, 0.0, 0.0, 0.0, 0.0, 0.0, 0.0, 0.0, 0.0, 0.0, 1.0, 0.0, 0.0, 0.0, 0.0, 0.0, 0.0, 0.0, 0.0, 0.0, 1.0, 0.0, 0.0, 0.0, 0.0, 0.0, 0.0, 0.0, 0.0, 0.0, 0.0, 61.0],