{"Linear loss": 8875.11328125, "_timestamp": 1715766301.0114157, "_runtime": 206.17378568649292, "_step": 3619, "gradients/graph_3linear.5.bias": {"_type": "histogram", "values": [6.0, 0.0, 0.0, 4.0, 0.0, 0.0, 0.0, 0.0, 0.0, 0.0, 0.0, 0.0, 0.0, 0.0, 0.0, 0.0, 0.0, 0.0, 0.0, 0.0, 0.0, 0.0, 0.0, 0.0, 0.0, 0.0, 0.0, 0.0, 15.0, 0.0, 0.0, 2.0, 50.0, 0.0, 0.0, 13.0, 0.0, 0.0, 0.0, 0.0, 0.0, 0.0, 0.0, 0.0, 0.0, 0.0, 0.0, 0.0, 0.0, 0.0, 0.0, 0.0, 0.0, 0.0, 0.0, 0.0, 0.0, 0.0, 0.0, 0.0, 2.0, 0.0, 0.0, 4.0], "bins": [-200.0, -193.75, -187.5, -181.25, -175.0, -168.75, -162.5, -156.25, -150.0, -143.75, -137.5, -131.25, -125.0, -118.75, -112.5, -106.25, -100.0, -93.75, -87.5, -81.25, -75.0, -68.75, -62.5, -56.25, -50.0, -43.75, -37.5, -31.25, -25.0, -18.75, -12.5, -6.25, 0.0, 6.25, 12.5, 18.75, 25.0, 31.25, 37.5, 43.75, 50.0, 56.25, 62.5, 68.75, 75.0, 81.25, 87.5, 93.75, 100.0, 106.25, 112.5, 118.75, 125.0, 131.25, 137.5, 143.75, 150.0, 156.25, 162.5, 168.75, 175.0, 181.25, 187.5, 193.75, 200.0]}, "gradients/graph_3linear.5.weight": {"_type": "histogram", "values": [12.0, 0.0, 0.0, 14.0, 0.0, 0.0, 4.0, 0.0, 0.0, 0.0, 6.0, 0.0, 10.0, 12.0, 4.0, 32.0, 14.0, 8.0, 16.0, 16.0, 14.0, 26.0, 18.0, 28.0, 26.0, 16.0, 4.0, 20.0, 70.0, 30.0, 250.0, 295.0, 4729.0, 214.0, 26.0, 50.0, 12.0, 2.0, 10.0, 14.0, 18.0, 10.0, 16.0, 8.0, 10.0, 10.0, 4.0, 8.0, 20.0, 2.0, 8.0, 6.0, 0.0, 4.0, 0.0, 0.0, 0.0, 2.0, 0.0, 0.0, 8.0, 0.0, 0.0, 8.0], "bins": [-1059.2457275390625, -1026.144287109375, -993.0428466796875, -959.94140625, -926.8400268554688, -893.7385864257812, -860.6371459960938, -827.5357055664062, -794.434326171875, -761.3328857421875, -728.2314453125, -695.1300048828125, -662.028564453125, -628.9271240234375, -595.82568359375, -562.7243041992188, -529.6228637695312, -496.52142333984375, -463.41998291015625, -430.318603515625, -397.2171630859375, -364.11572265625, -331.0142822265625, -297.912841796875, -264.8114013671875, -231.71002197265625, -198.60858154296875, -165.50714111328125, -132.40570068359375, -99.30426025390625, -66.202880859375, -33.1014404296875, 0.0, 33.1014404296875, 66.202880859375, 99.30426025390625, 132.40570068359375, 165.50714111328125, 198.60858154296875, 231.71002197265625, 264.8114013671875, 297.912841796875, 331.0142822265625, 364.11572265625, 397.2171630859375, 430.318603515625, 463.41998291015625, 496.52142333984375, 529.6228637695312, 562.7243041992188, 595.82568359375, 628.9271240234375, 662.028564453125, 695.1300048828125, 728.2314453125, 761.3328857421875, 794.434326171875, 827.5357055664062, 860.6371459960938, 893.7385864257812, 926.8400268554688, 959.94140625, 993.0428466796875, 1026.144287109375, 1059.2457275390625]}, "gradients/graph_3linear.3.bias": {"_type": "histogram", "values": [1.0, 1.0, 0.0, 0.0, 0.0, 1.0, 0.0, 0.0, 1.0, 0.0, 0.0, 0.0, 2.0, 0.0, 3.0, 0.0, 0.0, 0.0, 1.0, 0.0, 0.0, 1.0, 2.0, 1.0, 2.0, 1.0, 2.0, 0.0, 1.0, 31.0, 4.0, 0.0, 2.0, 0.0, 0.0, 0.0, 2.0, 1.0, 0.0, 2.0, 0.0, 0.0, 0.0, 0.0, 0.0, 1.0, 0.0, 0.0, 0.0, 0.0, 0.0, 0.0, 0.0, 0.0, 0.0, 0.0, 0.0, 0.0, 0.0, 0.0, 0.0, 0.0, 0.0, 1.0], "bins": [-272.90155029296875, -263.55712890625, -254.2127227783203, -244.86830139160156, -235.52389526367188, -226.17947387695312, -216.83505249023438, -207.49063110351562, -198.14622497558594, -188.80181884765625, -179.4573974609375, -170.11297607421875, -160.7685546875, -151.4241485595703, -142.07972717285156, -132.73532104492188, -123.39089965820312, -114.04647827148438, -104.70207214355469, -95.35765075683594, -86.01324462890625, -76.6688232421875, -67.32440185546875, -57.97999572753906, -48.63557434082031, -39.29115295410156, -29.946746826171875, -20.602325439453125, -11.257904052734375, -1.913482666015625, 7.430908203125, 16.77532958984375, 26.119781494140625, 35.464202880859375, 44.808624267578125, 54.15301513671875, 63.4974365234375, 72.84185791015625, 82.186279296875, 91.53068542480469, 100.87510681152344, 110.21952819824219, 119.56393432617188, 128.90835571289062, 138.25277709960938, 147.59718322753906, 156.9416046142578, 166.2860107421875, 175.63043212890625, 184.974853515625, 194.3192596435547, 203.66368103027344, 213.00808715820312, 222.35250854492188, 231.69692993164062, 241.04135131835938, 250.38575744628906, 259.73016357421875, 269.0745849609375, 278.41900634765625, 287.763427734375, 297.10784912109375, 306.4522399902344, 315.7966613769531, 325.1410827636719]}, "gradients/graph_3linear.3.weight": {"_type": "histogram", "values": [1.0, 1.0, 0.0, 1.0, 2.0, 2.0, 0.0, 1.0, 1.0, 1.0, 1.0, 1.0, 2.0, 1.0, 9.0, 6.0, 6.0, 4.0, 5.0, 5.0, 12.0, 16.0, 16.0, 24.0, 37.0, 38.0, 70.0, 100.0, 166.0, 3362.0, 78.0, 35.0, 29.0, 10.0, 12.0, 9.0, 6.0, 7.0, 3.0, 3.0, 2.0, 0.0, 1.0, 2.0, 1.0, 1.0, 2.0, 1.0, 0.0, 0.0, 0.0, 0.0, 0.0, 0.0, 0.0, 0.0, 0.0, 0.0, 1.0, 0.0, 1.0, 0.0, 0.0, 1.0], "bins": [-1665.9671630859375, -1608.9228515625, -1551.87841796875, -1494.8341064453125, -1437.789794921875, -1380.745361328125, -1323.7010498046875, -1266.65673828125, -1209.6124267578125, -1152.568115234375, -1095.523681640625, -1038.4793701171875, -981.4349975585938, -924.3906860351562, -867.3463134765625, -810.302001953125, -753.2576293945312, -696.2132568359375, -639.1689453125, -582.1246337890625, -525.0802001953125, -468.035888671875, -410.9915771484375, -353.947265625, -296.90283203125, -239.8585205078125, -182.814208984375, -125.769775390625, -68.7254638671875, -11.68115234375, 45.3631591796875, 102.4075927734375, 159.451904296875, 216.4962158203125, 273.5406494140625, 330.5849609375, 387.6292724609375, 444.673583984375, 501.718017578125, 558.7623291015625, 615.806640625, 672.85107421875, 729.8953857421875, 786.939697265625, 843.9840087890625, 901.0284423828125, 958.07275390625, 1015.1170654296875, 1072.161376953125, 1129.205810546875, 1186.2501220703125, 1243.29443359375, 1300.3388671875, 1357.3831787109375, 1414.427490234375, 1471.471923828125, 1528.5162353515625, 1585.560546875, 1642.6048583984375, 1699.649169921875, 1756.693603515625, 1813.7379150390625, 1870.7822265625, 1927.82666015625, 1984.8709716796875]}, "gradients/graph_3linear.0.bias": {"_type": "histogram", "values": [1.0, 0.0, 0.0, 0.0, 0.0, 0.0, 0.0, 0.0, 0.0, 0.0, 0.0, 0.0, 0.0, 0.0, 0.0, 1.0, 0.0, 0.0, 0.0, 0.0, 0.0, 0.0, 0.0, 0.0, 0.0, 0.0, 1.0, 0.0, 0.0, 0.0, 2.0, 1.0, 0.0, 2.0, 1.0, 0.0, 0.0, 0.0, 2.0, 1.0, 1.0, 3.0, 0.0, 39.0, 0.0, 0.0, 1.0, 2.0, 1.0, 0.0, 1.0, 0.0, 0.0, 0.0, 0.0, 1.0, 0.0, 1.0, 0.0, 0.0, 1.0, 0.0, 0.0, 1.0], "bins": [-685.70751953125, -670.0546875, -654.4017944335938, -638.7489624023438, -623.0960693359375, -607.4432373046875, -591.7904052734375, -576.1375122070312, -560.4846801757812, -544.831787109375, -529.178955078125, -513.526123046875, -497.87322998046875, -482.22039794921875, -466.5675048828125, -450.9146728515625, -435.2618103027344, -419.60894775390625, -403.9560852050781, -388.3032531738281, -372.650390625, -356.9975280761719, -341.34466552734375, -325.6918029785156, -310.0389404296875, -294.3861083984375, -278.7332458496094, -263.08038330078125, -247.42752075195312, -231.774658203125, -216.121826171875, -200.46896362304688, -184.81613159179688, -169.16326904296875, -153.51040649414062, -137.85757446289062, -122.2047119140625, -106.55184936523438, -90.89898681640625, -75.24612426757812, -59.593292236328125, -43.9404296875, -28.287567138671875, -12.63470458984375, 3.018157958984375, 18.6710205078125, 34.3238525390625, 49.976715087890625, 65.62957763671875, 81.28244018554688, 96.93528747558594, 112.58815002441406, 128.24099731445312, 143.89385986328125, 159.54672241210938, 175.19956970214844, 190.85243225097656, 206.50527954101562, 222.15814208984375, 237.81100463867188, 253.4638671875, 269.11669921875, 284.7695617675781, 300.42242431640625, 316.0752868652344]}, "gradients/graph_3linear.0.weight": {"_type": "histogram",