{"gradients/graph_18linear.5.bias": {"_type": "histogram", "values": [2.0, 5.0, 3.0, 0.0, 1.0, 2.0, 5.0, 7.0, 2.0, 0.0, 0.0, 0.0, 3.0, 21.0, 3.0, 0.0, 0.0, 0.0, 0.0, 0.0, 0.0, 0.0, 0.0, 2.0, 1.0, 2.0, 4.0, 1.0, 2.0, 1.0, 1.0, 0.0, 0.0, 1.0, 4.0, 0.0, 2.0, 1.0, 0.0, 2.0, 1.0, 0.0, 0.0, 0.0, 0.0, 0.0, 0.0, 0.0, 0.0, 2.0, 0.0, 0.0, 0.0, 0.0, 0.0, 3.0, 1.0, 1.0, 1.0, 0.0, 1.0, 2.0, 4.0, 2.0], "bins": [-0.9055147171020508, -0.8772013187408447, -0.8488879203796387, -0.8205745220184326, -0.7922611236572266, -0.7639477252960205, -0.7356343269348145, -0.7073209285736084, -0.6790075302124023, -0.6506941318511963, -0.6223807334899902, -0.5940673351287842, -0.5657538771629333, -0.5374404788017273, -0.5091270804405212, -0.4808136820793152, -0.45250028371810913, -0.4241868853569031, -0.395873486995697, -0.36756008863449097, -0.3392466902732849, -0.31093329191207886, -0.2826198935508728, -0.25430649518966675, -0.22599303722381592, -0.19767963886260986, -0.1693662405014038, -0.14105284214019775, -0.1127394437789917, -0.08442604541778564, -0.05611264705657959, -0.027799248695373535, 0.0005140900611877441, 0.0288274884223938, 0.057140886783599854, 0.08545428514480591, 0.11376768350601196, 0.14208108186721802, 0.17039448022842407, 0.19870787858963013, 0.22702127695083618, 0.255334734916687, 0.28364813327789307, 0.3119615316390991, 0.3402749300003052, 0.36858832836151123, 0.3969017267227173, 0.42521512508392334, 0.4535285234451294, 0.48184192180633545, 0.5101553201675415, 0.5384687185287476, 0.5667821168899536, 0.5950955152511597, 0.6234089136123657, 0.6517223119735718, 0.6800357103347778, 0.7083491086959839, 0.7366625070571899, 0.7649759650230408, 0.7932893633842468, 0.8216027617454529, 0.8499161601066589, 0.878229558467865, 0.906542956829071]}, "_timestamp": 1715780306.7530184, "gradients/graph_18linear.5.weight": {"_type": "histogram", "values": [6.0, 17.0, 20.0, 20.0, 24.0, 21.0, 43.0, 59.0, 85.0, 75.0, 57.0, 77.0, 103.0, 176.0, 163.0, 166.0, 173.0, 256.0, 192.0, 166.0, 196.0, 201.0, 137.0, 179.0, 96.0, 159.0, 171.0, 192.0, 210.0, 252.0, 243.0, 501.0, 149.0, 231.0, 128.0, 100.0, 91.0, 61.0, 48.0, 40.0, 30.0, 34.0, 45.0, 39.0, 37.0, 54.0, 58.0, 46.0, 49.0, 54.0, 54.0, 47.0, 39.0, 34.0, 44.0, 52.0, 30.0, 23.0, 19.0, 18.0, 18.0, 19.0, 11.0, 6.0], "bins": [-2.8559064865112305, -2.766608715057373, -2.6773109436035156, -2.588013172149658, -2.498715400695801, -2.4094176292419434, -2.320119857788086, -2.2308223247528076, -2.14152455329895, -2.0522267818450928, -1.9629290103912354, -1.873631238937378, -1.7843334674835205, -1.695035696029663, -1.6057380437850952, -1.5164402723312378, -1.4271425008773804, -1.337844729423523, -1.2485469579696655, -1.1592493057250977, -1.0699515342712402, -0.9806537628173828, -0.8913559913635254, -0.802058219909668, -0.7127604484558105, -0.6234626770019531, -0.5341649055480957, -0.4448673725128174, -0.35556960105895996, -0.26627182960510254, -0.17697405815124512, -0.0876762866973877, 0.0016214847564697266, 0.09091925621032715, 0.18021702766418457, 0.269514799118042, 0.3588125705718994, 0.44811034202575684, 0.5374078750610352, 0.6267056465148926, 0.71600341796875, 0.8053011894226074, 0.8945989608764648, 0.9838967323303223, 1.0731945037841797, 1.162492275238037, 1.251789927482605, 1.3410876989364624, 1.4303854703903198, 1.5196832418441772, 1.6089810132980347, 1.6982786655426025, 1.78757643699646, 1.8768742084503174, 1.9661719799041748, 2.0554697513580322, 2.1447675228118896, 2.234065294265747, 2.3233628273010254, 2.412660598754883, 2.5019583702087402, 2.5912561416625977, 2.680553913116455, 2.7698516845703125, 2.85914945602417]}, "gradients/graph_18linear.3.bias": {"_type": "histogram", "values": [3.0, 1.0, 0.0, 1.0, 0.0, 2.0, 4.0, 8.0, 4.0, 2.0, 1.0, 1.0, 2.0, 7.0, 1.0, 2.0, 2.0, 3.0, 1.0, 2.0, 1.0, 4.0, 1.0, 0.0, 0.0, 0.0, 2.0, 1.0, 0.0, 1.0, 1.0, 0.0, 1.0, 0.0, 0.0, 1.0, 0.0, 0.0, 0.0, 0.0, 0.0, 0.0, 0.0, 0.0, 0.0, 0.0, 0.0, 0.0, 0.0, 0.0, 0.0, 0.0, 0.0, 0.0, 0.0, 0.0, 0.0, 0.0, 0.0, 0.0, 0.0, 0.0, 3.0, 1.0], "bins": [-5.701903820037842, -5.611297607421875, -5.52069091796875, -5.430084705352783, -5.339478492736816, -5.24887228012085, -5.158265590667725, -5.067659378051758, -4.977053165435791, -4.886446952819824, -4.795840263366699, -4.705234050750732, -4.614627838134766, -4.524021148681641, -4.433414936065674, -4.342808723449707, -4.252202033996582, -4.161595821380615, -4.070989608764648, -3.9803833961486816, -3.8897769451141357, -3.79917049407959, -3.708564281463623, -3.617957830429077, -3.5273513793945312, -3.4367451667785645, -3.3461387157440186, -3.2555325031280518, -3.164926052093506, -3.074319839477539, -2.983713388442993, -2.8931071758270264, -2.8025007247924805, -2.7118942737579346, -2.6212880611419678, -2.530681610107422, -2.440075397491455, -2.349468946456909, -2.2588627338409424, -2.1682562828063965, -2.0776500701904297, -1.9870436191558838, -1.8964372873306274, -1.805830955505371, -1.7152245044708252, -1.6246181726455688, -1.5340118408203125, -1.4434055089950562, -1.3527991771697998, -1.2621928453445435, -1.171586513519287, -1.0809801816940308, -0.9903738498687744, -0.8997674584388733, -0.8091610670089722, -0.7185547351837158, -0.6279484033584595, -0.5373420715332031, -0.4467357397079468, -0.35612934827804565, -0.2655230164527893, -0.17491668462753296, -0.08431032299995422, 0.006296023726463318, 0.09690237045288086]}, "gradients/graph_18linear.3.weight": {"_type": "histogram", "values": [8.0, 4.0, 0.0, 3.0, 0.0, 6.0, 12.0, 20.0, 16.0, 4.0, 5.0, 3.0, 5.0, 20.0, 5.0, 8.0, 6.0, 10.0, 4.0, 8.0, 11.0, 23.0, 6.0, 4.0, 5.0, 14.0, 20.0, 10.0, 17.0, 18.0, 17.0, 14.0, 25.0, 11.0, 6.0, 25.0, 10.0, 18.0, 19.0, 19.0, 28.0, 17.0, 48.0, 25.0, 37.0, 31.0, 26.0, 25.0, 33.0, 24.0, 27.0, 54.0, 44.0, 59.0, 49.0, 55.0, 31.0, 19.0, 12.0, 41.0, 15.0, 1.0, 2937.0, 19.0], "bins": [-22.619232177734375, -22.25979995727539, -21.900367736816406, -21.540937423706055, -21.18150520324707, -20.822072982788086, -20.4626407623291, -20.103208541870117, -19.743778228759766, -19.38434600830078, -19.024913787841797, -18.665481567382812, -18.306049346923828, -17.946617126464844, -17.58718490600586, -17.227754592895508, -16.868322372436523, -16.50889015197754, -16.149459838867188, -15.790026664733887, -15.430595397949219, -15.071163177490234, -14.71173095703125, -14.352299690246582, -13.992867469787598, -13.633435249328613, -13.274003982543945, -12.914571762084961, -12.555139541625977, -12.195708274841309, -11.836276054382324, -11.476844787597656, -11.117411613464355, -10.757979393005371, -10.398548126220703, -10.039115905761719, -9.67968463897705, -9.320252418518066, -8.960820198059082, -8.601388931274414, -8.24195671081543, -7.882524490356445, -7.523093223571777, -7.163661003112793, -6.804229259490967, -6.444797515869141, -6.085365295410156, -5.72593355178833, -5.366501808166504, -5.007070064544678, -4.647638320922852, -4.288206100463867, -3.928774356842041, -3.569342613220215, -3.2099106311798096, -2.8504786491394043, -2.491046905517578, -2.131615161895752, -1.7721831798553467, -1.412751317024231, -1.0533194541931152, -0.6938875913619995, -0.3344557583332062, 0.024976104497909546, 0.38440796732902527]}, "gradients/graph_18linear.0.bias": {"_type": "histogram", "values": [2.0, 1.0, 0.0, 0.0, 0.0, 1.0, 1.0, 0.0, 0.0, 1.0, 0.0, 0.0, 0.0, 0.0, 0.0, 1.0, 3.0, 1.0, 1.0, 1.0, 1.0, 0.0, 0.0, 0.0, 0.0, 0.0, 0.0, 1.0, 1.0, 0.0, 0.0, 1.0, 0.0, 0.0, 0.0, 0.0, 0.0, 0.0, 0.0, 0.0, 0.0, 1.0, 0.0, 0.0, 0.0, 0.0, 0.0, 1.0, 0.0, 0.0, 0.0, 0.0, 0.0, 0.0, 0.0, 0.0, 0.0, 0.0, 0.0, 0.0, 0.0, 0.0, 0.0, 45.0],