{"Linear loss": 8237.5478515625, "_timestamp": 1715766410.6399848, "_runtime": 80.94550681114197, "_step": 3619, "gradients/linear.5.bias": {"_type": "histogram", "values": [6.0, 0.0, 0.0, 4.0, 0.0, 0.0, 0.0, 0.0, 0.0, 0.0, 0.0, 0.0, 0.0, 0.0, 0.0, 0.0, 0.0, 0.0, 0.0, 0.0, 0.0, 0.0, 0.0, 0.0, 0.0, 0.0, 0.0, 0.0, 13.0, 0.0, 0.0, 3.0, 53.0, 0.0, 0.0, 11.0, 0.0, 0.0, 0.0, 0.0, 0.0, 0.0, 0.0, 0.0, 0.0, 0.0, 0.0, 0.0, 0.0, 0.0, 0.0, 0.0, 0.0, 0.0, 0.0, 0.0, 0.0, 0.0, 0.0, 0.0, 2.0, 0.0, 0.0, 4.0], "bins": [-200.0, -193.75, -187.5, -181.25, -175.0, -168.75, -162.5, -156.25, -150.0, -143.75, -137.5, -131.25, -125.0, -118.75, -112.5, -106.25, -100.0, -93.75, -87.5, -81.25, -75.0, -68.75, -62.5, -56.25, -50.0, -43.75, -37.5, -31.25, -25.0, -18.75, -12.5, -6.25, 0.0, 6.25, 12.5, 18.75, 25.0, 31.25, 37.5, 43.75, 50.0, 56.25, 62.5, 68.75, 75.0, 81.25, 87.5, 93.75, 100.0, 106.25, 112.5, 118.75, 125.0, 131.25, 137.5, 143.75, 150.0, 156.25, 162.5, 168.75, 175.0, 181.25, 187.5, 193.75, 200.0]}, "gradients/linear.5.weight": {"_type": "histogram", "values": [6.0, 0.0, 0.0, 4.0, 12.0, 6.0, 4.0, 4.0, 4.0, 0.0, 0.0, 6.0, 0.0, 4.0, 6.0, 10.0, 12.0, 14.0, 8.0, 0.0, 12.0, 14.0, 4.0, 16.0, 4.0, 26.0, 14.0, 0.0, 13.0, 78.0, 108.0, 261.0, 2147.0, 90.0, 60.0, 11.0, 0.0, 8.0, 16.0, 2.0, 10.0, 2.0, 8.0, 8.0, 0.0, 4.0, 8.0, 8.0, 6.0, 4.0, 2.0, 0.0, 4.0, 0.0, 0.0, 2.0, 2.0, 2.0, 4.0, 8.0, 2.0, 0.0, 0.0, 4.0], "bins": [-1344.3323974609375, -1302.322021484375, -1260.3116455078125, -1218.30126953125, -1176.2908935546875, -1134.280517578125, -1092.27001953125, -1050.2596435546875, -1008.249267578125, -966.2388916015625, -924.228515625, -882.2181396484375, -840.207763671875, -798.1973876953125, -756.1869506835938, -714.1765747070312, -672.1661987304688, -630.1558227539062, -588.1454467773438, -546.135009765625, -504.1246337890625, -462.1142578125, -420.1038818359375, -378.093505859375, -336.0831298828125, -294.07275390625, -252.0623779296875, -210.0518798828125, -168.04150390625, -126.0311279296875, -84.020751953125, -42.0103759765625, 0.0, 42.0103759765625, 84.020751953125, 126.0311279296875, 168.04150390625, 210.0518798828125, 252.0623779296875, 294.07275390625, 336.0831298828125, 378.093505859375, 420.1038818359375, 462.1142578125, 504.1246337890625, 546.135009765625, 588.1454467773438, 630.1558227539062, 672.1661987304688, 714.1765747070312, 756.1869506835938, 798.1973876953125, 840.207763671875, 882.2181396484375, 924.228515625, 966.2388916015625, 1008.249267578125, 1050.2596435546875, 1092.27001953125, 1134.280517578125, 1176.2908935546875, 1218.30126953125, 1260.3116455078125, 1302.322021484375, 1344.3323974609375]}, "gradients/linear.3.bias": {"_type": "histogram", "values": [1.0, 0.0, 0.0, 1.0, 0.0, 0.0, 0.0, 0.0, 0.0, 2.0, 1.0, 0.0, 1.0, 0.0, 0.0, 1.0, 2.0, 0.0, 1.0, 1.0, 0.0, 2.0, 1.0, 8.0, 3.0, 1.0, 0.0, 0.0, 1.0, 0.0, 0.0, 0.0, 0.0, 1.0, 0.0, 0.0, 0.0, 1.0, 0.0, 0.0, 1.0, 0.0, 0.0, 0.0, 0.0, 0.0, 0.0, 0.0, 0.0, 1.0, 0.0, 0.0, 0.0, 0.0, 0.0, 0.0, 0.0, 0.0, 0.0, 0.0, 0.0, 0.0, 0.0, 1.0], "bins": [-153.7364959716797, -147.1741943359375, -140.61187744140625, -134.049560546875, -127.48725891113281, -120.9249496459961, -114.36264038085938, -107.80033111572266, -101.23802185058594, -94.67571258544922, -88.1134033203125, -81.55109405517578, -74.98878479003906, -68.42647552490234, -61.864166259765625, -55.301856994628906, -48.73954772949219, -42.17723846435547, -35.61492919921875, -29.05261993408203, -22.490310668945312, -15.927993774414062, -9.365692138671875, -2.8033905029296875, 3.7589263916015625, 10.321243286132812, 16.883544921875, 23.445846557617188, 30.008163452148438, 36.57048034667969, 43.132781982421875, 49.69508361816406, 56.25738525390625, 62.8197021484375, 69.38200378417969, 75.94430541992188, 82.50662231445312, 89.06893920898438, 95.63124084472656, 102.19354248046875, 108.755859375, 115.31817626953125, 121.88047790527344, 128.44277954101562, 135.00509643554688, 141.56741333007812, 148.1297149658203, 154.6920166015625, 161.25433349609375, 167.816650390625, 174.3789520263672, 180.94125366210938, 187.50357055664062, 194.06588745117188, 200.62818908691406, 207.19049072265625, 213.7528076171875, 220.31512451171875, 226.87742614746094, 233.43972778320312, 240.00204467773438, 246.56436157226562, 253.1266632080078, 259.68896484375, 266.25128173828125]}, "gradients/linear.3.weight": {"_type": "histogram", "values": [1.0, 0.0, 0.0, 1.0, 1.0, 2.0, 1.0, 1.0, 1.0, 2.0, 1.0, 1.0, 7.0, 5.0, 4.0, 6.0, 9.0, 11.0, 16.0, 16.0, 25.0, 30.0, 36.0, 750.0, 22.0, 9.0, 6.0, 10.0, 6.0, 5.0, 4.0, 4.0, 3.0, 6.0, 1.0, 1.0, 4.0, 3.0, 1.0, 1.0, 1.0, 1.0, 1.0, 1.0, 2.0, 0.0, 0.0, 0.0, 0.0, 1.0, 0.0, 0.0, 0.0, 0.0, 2.0, 0.0, 1.0, 0.0, 0.0, 0.0, 0.0, 0.0, 0.0, 1.0], "bins": [-1076.2259521484375, -1030.2867431640625, -984.3475952148438, -938.408447265625, -892.46923828125, -846.5300903320312, -800.5909423828125, -754.6517333984375, -708.7125854492188, -662.7734375, -616.834228515625, -570.8950805664062, -524.9559326171875, -479.0167236328125, -433.07757568359375, -387.13836669921875, -341.19921875, -295.26007080078125, -249.32086181640625, -203.3817138671875, -157.4425048828125, -111.50335693359375, -65.564208984375, -19.625, 26.3140869140625, 72.2532958984375, 118.1925048828125, 164.1317138671875, 210.07080078125, 256.010009765625, 301.94921875, 347.8883056640625, 393.82763671875, 439.766845703125, 485.7059326171875, 531.6451416015625, 577.5843505859375, 623.5234375, 669.462646484375, 715.40185546875, 761.341064453125, 807.2801513671875, 853.2193603515625, 899.1585083007812, 945.09765625, 991.036865234375, 1036.97607421875, 1082.915283203125, 1128.8543701171875, 1174.79345703125, 1220.732666015625, 1266.671875, 1312.611083984375, 1358.55029296875, 1404.4893798828125, 1450.4285888671875, 1496.36767578125, 1542.306884765625, 1588.24609375, 1634.185302734375, 1680.1243896484375, 1726.0635986328125, 1772.0028076171875, 1817.94189453125, 1863.881103515625]}, "gradients/linear.0.bias": {"_type": "histogram", "values": [1.0, 0.0, 0.0, 0.0, 0.0, 0.0, 1.0, 0.0, 1.0, 0.0, 0.0, 0.0, 0.0, 0.0, 0.0, 0.0, 0.0, 1.0, 0.0, 0.0, 0.0, 0.0, 0.0, 0.0, 1.0, 0.0, 1.0, 0.0, 1.0, 1.0, 0.0, 0.0, 0.0, 0.0, 2.0, 0.0, 0.0, 0.0, 1.0, 0.0, 0.0, 0.0, 0.0, 0.0, 19.0, 0.0, 0.0, 0.0, 0.0, 0.0, 1.0, 0.0, 0.0, 0.0, 0.0, 0.0, 0.0, 0.0, 0.0, 0.0, 0.0, 0.0, 0.0, 1.0], "bins": [-258.1026306152344, -252.26309204101562, -246.42356872558594, -240.5840301513672, -234.74449157714844, -228.9049530029297, -223.0654296875, -217.22589111328125, -211.3863525390625, -205.54681396484375, -199.70729064941406, -193.8677520751953, -188.02822875976562, -182.18869018554688, -176.34915161132812, -170.50961303710938, -164.67007446289062, -158.83055114746094, -152.9910125732422, -147.1514892578125, -141.31195068359375, -135.472412109375, -129.63287353515625, -123.7933349609375, -117.95381164550781, -112.11427307128906, -106.27473449707031, -100.43521118164062, -94.59567260742188, -88.75613403320312, -82.91659545898438, -77.07707214355469, -71.23753356933594, -65.39799499511719, -59.5584716796875, -53.71893310546875, -47.87939453125, -42.03985595703125, -36.20033264160156, -30.360794067382812, -24.521255493164062, -18.681732177734375, -12.842193603515625, -7.002655029296875, -1.1631240844726562, 4.676414489746094, 10.515945434570312, 16.355484008789062, 22.19501495361328, 28.0345458984375, 33.87408447265625, 39.71361541748047, 45.55315399169922, 51.39268493652344, 57.23221969604492, 63.071754455566406, 68.91128540039062, 74.75082397460938, 80.59036254882812, 86.42989349365234, 92.26942443847656, 98.10896301269531, 103.94849395751953, 109.78803253173828, 115.6275634765625]}, "gradients/linear.0.weight": {"_type": "histogram",