{"Linear loss": 12154.123046875, "_timestamp": 1715767719.344352, "_runtime": 85.56087899208069, "_step": 3619, "gradients/graph_5linear.5.bias": {"_type": "histogram", "values": [6.0, 0.0, 0.0, 4.0, 0.0, 0.0, 0.0, 0.0, 0.0, 0.0, 0.0, 0.0, 0.0, 0.0, 0.0, 0.0, 0.0, 0.0, 0.0, 0.0, 0.0, 0.0, 0.0, 0.0, 0.0, 0.0, 0.0, 0.0, 12.0, 0.0, 0.0, 2.0, 44.0, 0.0, 0.0, 16.0, 0.0, 0.0, 0.0, 0.0, 0.0, 0.0, 0.0, 0.0, 0.0, 0.0, 0.0, 0.0, 0.0, 0.0, 0.0, 0.0, 0.0, 0.0, 0.0, 0.0, 0.0, 1.0, 0.0, 0.0, 4.0, 0.0, 0.0, 7.0], "bins": [-200.0, -193.75, -187.5, -181.25, -175.0, -168.75, -162.5, -156.25, -150.0, -143.75, -137.5, -131.25, -125.0, -118.75, -112.5, -106.25, -100.0, -93.75, -87.5, -81.25, -75.0, -68.75, -62.5, -56.25, -50.0, -43.75, -37.5, -31.25, -25.0, -18.75, -12.5, -6.25, 0.0, 6.25, 12.5, 18.75, 25.0, 31.25, 37.5, 43.75, 50.0, 56.25, 62.5, 68.75, 75.0, 81.25, 87.5, 93.75, 100.0, 106.25, 112.5, 118.75, 125.0, 131.25, 137.5, 143.75, 150.0, 156.25, 162.5, 168.75, 175.0, 181.25, 187.5, 193.75, 200.0]}, "gradients/graph_5linear.5.weight": {"_type": "histogram", "values": [6.0, 0.0, 0.0, 4.0, 0.0, 0.0, 0.0, 0.0, 0.0, 0.0, 0.0, 6.0, 0.0, 4.0, 0.0, 0.0, 0.0, 0.0, 0.0, 0.0, 6.0, 10.0, 4.0, 16.0, 4.0, 0.0, 0.0, 0.0, 22.0, 12.0, 24.0, 98.0, 5780.0, 32.0, 17.0, 27.0, 0.0, 0.0, 0.0, 6.0, 19.0, 5.0, 11.0, 7.0, 0.0, 0.0, 0.0, 0.0, 1.0, 0.0, 4.0, 0.0, 7.0, 0.0, 0.0, 0.0, 0.0, 1.0, 0.0, 0.0, 4.0, 0.0, 0.0, 7.0], "bins": [-1031.3287353515625, -999.0997314453125, -966.8706665039062, -934.6416625976562, -902.4126586914062, -870.18359375, -837.95458984375, -805.7255859375, -773.49658203125, -741.2675170898438, -709.0385131835938, -676.8094482421875, -644.5804443359375, -612.3514404296875, -580.1224365234375, -547.8934326171875, -515.6643676757812, -483.43536376953125, -451.206298828125, -418.977294921875, -386.748291015625, -354.51922607421875, -322.29022216796875, -290.06121826171875, -257.8321533203125, -225.6031494140625, -193.3741455078125, -161.1451416015625, -128.91607666015625, -96.68707275390625, -64.45806884765625, -32.22900390625, 0.0, 32.22900390625, 64.45806884765625, 96.68707275390625, 128.91607666015625, 161.1451416015625, 193.3741455078125, 225.6031494140625, 257.8321533203125, 290.06121826171875, 322.29022216796875, 354.51922607421875, 386.748291015625, 418.977294921875, 451.206298828125, 483.43536376953125, 515.6643676757812, 547.8934326171875, 580.1224365234375, 612.3514404296875, 644.5804443359375, 676.8094482421875, 709.0385131835938, 741.2675170898438, 773.49658203125, 805.7255859375, 837.95458984375, 870.18359375, 902.4126586914062, 934.6416625976562, 966.8706665039062, 999.0997314453125, 1031.3287353515625]}, "gradients/graph_5linear.3.bias": {"_type": "histogram", "values": [1.0, 0.0, 0.0, 0.0, 0.0, 0.0, 0.0, 0.0, 0.0, 0.0, 0.0, 0.0, 0.0, 0.0, 0.0, 0.0, 0.0, 0.0, 0.0, 0.0, 0.0, 1.0, 0.0, 0.0, 0.0, 1.0, 0.0, 1.0, 0.0, 0.0, 0.0, 0.0, 0.0, 0.0, 0.0, 0.0, 0.0, 0.0, 0.0, 0.0, 0.0, 0.0, 0.0, 1.0, 1.0, 0.0, 1.0, 0.0, 0.0, 0.0, 56.0, 0.0, 0.0, 0.0, 0.0, 0.0, 0.0, 0.0, 0.0, 0.0, 0.0, 0.0, 0.0, 1.0], "bins": [-372.4886169433594, -365.0820617675781, -357.675537109375, -350.26898193359375, -342.8624267578125, -335.4559020996094, -328.0493469238281, -320.642822265625, -313.23626708984375, -305.8297119140625, -298.4231872558594, -291.0166320800781, -283.610107421875, -276.20355224609375, -268.7969970703125, -261.39044189453125, -253.98391723632812, -246.57737731933594, -239.17083740234375, -231.7642822265625, -224.3577423095703, -216.95120239257812, -209.54464721679688, -202.1381072998047, -194.7315673828125, -187.3250274658203, -179.91848754882812, -172.51193237304688, -165.1053924560547, -157.6988525390625, -150.29229736328125, -142.88575744628906, -135.4792022705078, -128.07266235351562, -120.66612243652344, -113.25956726074219, -105.85302734375, -98.44648742675781, -91.03993225097656, -83.63339233398438, -76.22685241699219, -68.8203125, -61.41377258300781, -54.00721740722656, -46.600677490234375, -39.19413757324219, -31.787582397460938, -24.38104248046875, -16.974502563476562, -9.567962646484375, -2.1614151000976562, 5.2451324462890625, 12.65167236328125, 20.058212280273438, 27.464759826660156, 34.871307373046875, 42.27784729003906, 49.684391021728516, 57.09093475341797, 64.49748229980469, 71.90402221679688, 79.31056213378906, 86.71710968017578, 94.1236572265625, 101.53019714355469]}, "gradients/graph_5linear.3.weight": {"_type": "histogram", "values": [1.0, 0.0, 0.0, 0.0, 0.0, 0.0, 0.0, 0.0, 0.0, 0.0, 0.0, 0.0, 0.0, 0.0, 0.0, 0.0, 0.0, 0.0, 0.0, 0.0, 0.0, 1.0, 0.0, 0.0, 0.0, 1.0, 0.0, 1.0, 0.0, 0.0, 0.0, 0.0, 0.0, 0.0, 0.0, 0.0, 0.0, 0.0, 0.0, 0.0, 0.0, 0.0, 0.0, 1.0, 1.0, 0.0, 1.0, 0.0, 0.0, 0.0, 4088.0, 0.0, 0.0, 0.0, 0.0, 0.0, 0.0, 0.0, 0.0, 0.0, 0.0, 0.0, 0.0, 1.0], "bins": [-5519.95263671875, -5410.1943359375, -5300.435546875, -5190.67724609375, -5080.9189453125, -4971.16015625, -4861.40185546875, -4751.6435546875, -4641.88525390625, -4532.12646484375, -4422.3681640625, -4312.60986328125, -4202.8515625, -4093.0927734375, -3983.33447265625, -3873.575927734375, -3763.8173828125, -3654.05908203125, -3544.30078125, -3434.542236328125, -3324.78369140625, -3215.025390625, -3105.266845703125, -2995.50830078125, -2885.75, -2775.991455078125, -2666.233154296875, -2556.474609375, -2446.716064453125, -2336.957763671875, -2227.19921875, -2117.44091796875, -2007.682373046875, -1897.923828125, -1788.16552734375, -1678.406982421875, -1568.648681640625, -1458.89013671875, -1349.131591796875, -1239.373291015625, -1129.61474609375, -1019.8564453125, -910.097900390625, -800.33935546875, -690.5810546875, -580.822509765625, -471.0640869140625, -361.3056640625, -251.5472412109375, -141.788818359375, -32.0303955078125, 77.7281494140625, 187.486572265625, 297.2449951171875, 407.00341796875, 516.7619018554688, 626.5203247070312, 736.2787475585938, 846.0372314453125, 955.795654296875, 1065.5540771484375, 1175.3125, 1285.071044921875, 1394.8294677734375, 1504.587890625]}, "gradients/graph_5linear.0.bias": {"_type": "histogram", "values": [1.0, 0.0, 0.0, 0.0, 0.0, 0.0, 0.0, 0.0, 0.0, 0.0, 0.0, 0.0, 0.0, 0.0, 0.0, 0.0, 0.0, 0.0, 0.0, 0.0, 0.0, 0.0, 0.0, 0.0, 0.0, 0.0, 0.0, 0.0, 0.0, 0.0, 0.0, 0.0, 0.0, 0.0, 0.0, 0.0, 0.0, 0.0, 0.0, 0.0, 0.0, 0.0, 0.0, 0.0, 0.0, 0.0, 0.0, 0.0, 0.0, 0.0, 0.0, 0.0, 0.0, 0.0, 0.0, 0.0, 0.0, 0.0, 0.0, 0.0, 0.0, 0.0, 0.0, 63.0], "bins": [-187.923095703125, -184.98680114746094, -182.05050659179688, -179.11419677734375, -176.1779022216797, -173.24160766601562, -170.3052978515625, -167.36900329589844, -164.43270874023438, -161.4964141845703, -158.56011962890625, -155.62380981445312, -152.68751525878906, -149.751220703125, -146.81491088867188, -143.8786163330078, -140.94232177734375, -138.0060272216797, -135.06973266601562, -132.1334228515625, -129.19712829589844, -126.26083374023438, -123.32453155517578, -120.38822937011719, -117.45193481445312, -114.51564025878906, -111.57933807373047, -108.64303588867188, -105.70674133300781, -102.77044677734375, -99.83414459228516, -96.89784240722656, -93.9615478515625, -91.02525329589844, -88.08895111083984, -85.15264892578125, -82.21635437011719, -79.28005981445312, -76.34375762939453, -73.40745544433594, -70.47116088867188, -67.53486633300781, -64.59856414794922, -61.66226577758789, -58.72596740722656, -55.789669036865234, -52.853370666503906, -49.91707229614258, -46.98077392578125, -44.04447555541992, -41.108177185058594, -38.171878814697266, -35.23558044433594, -32.29928207397461, -29.36298370361328, -26.426685333251953, -23.490386962890625, -20.554088592529297, -17.61779022216797, -14.68149185180664, -11.745193481445312, -8.808895111083984, -5.872596740722656, -2.936298370361328, 0.0]}, "gradients/graph_5linear.0.weight": {"_type": "histogram",