{"gradients/graph_35linear.5.bias": {"_type": "histogram", "values": [4.0, 0.0, 0.0, 0.0, 0.0, 0.0, 0.0, 0.0, 0.0, 0.0, 0.0, 0.0, 0.0, 0.0, 0.0, 0.0, 0.0, 0.0, 0.0, 0.0, 0.0, 0.0, 1.0, 3.0, 5.0, 10.0, 6.0, 2.0, 3.0, 4.0, 15.0, 8.0, 0.0, 0.0, 2.0, 4.0, 3.0, 4.0, 8.0, 1.0, 1.0, 3.0, 1.0, 0.0, 0.0, 0.0, 0.0, 0.0, 0.0, 0.0, 0.0, 0.0, 0.0, 0.0, 0.0, 0.0, 0.0, 0.0, 0.0, 0.0, 1.0, 2.0, 3.0, 2.0], "bins": [-0.8992120623588562, -0.8717387318611145, -0.844265341758728, -0.8167920112609863, -0.7893186807632446, -0.7618452906608582, -0.7343719601631165, -0.70689857006073, -0.6794252395629883, -0.6519519090652466, -0.6244785189628601, -0.5970051884651184, -0.5695317983627319, -0.5420584678649902, -0.5145851373672485, -0.48711177706718445, -0.45963841676712036, -0.4321650564670563, -0.4046916961669922, -0.3772183656692505, -0.349744975566864, -0.3222716450691223, -0.2947983145713806, -0.26732492446899414, -0.23985159397125244, -0.21237826347351074, -0.18490487337112427, -0.15743154287338257, -0.12995821237564087, -0.1024848222732544, -0.0750114917755127, -0.04753810167312622, -0.020064830780029297, 0.007408499717712402, 0.03488188982009888, 0.062355220317840576, 0.08982861042022705, 0.11730194091796875, 0.14477527141571045, 0.17224866151809692, 0.19972199201583862, 0.22719532251358032, 0.2546687126159668, 0.2821420431137085, 0.3096153736114502, 0.33708876371383667, 0.36456209421157837, 0.39203545451164246, 0.41950881481170654, 0.44698217511177063, 0.4744555354118347, 0.5019288659095764, 0.5294022560119629, 0.5568755865097046, 0.5843489170074463, 0.611822247505188, 0.6392956376075745, 0.6667690277099609, 0.6942423582077026, 0.7217156887054443, 0.749189019203186, 0.7766624093055725, 0.8041357398033142, 0.8316091299057007, 0.8590824604034424]}, "_timestamp": 1715856237.9912443, "gradients/graph_35linear.5.weight": {"_type": "histogram", "values": [4.0, 0.0, 8.0, 2.0, 10.0, 13.0, 9.0, 3.0, 31.0, 22.0, 48.0, 35.0, 35.0, 50.0, 40.0, 38.0, 35.0, 25.0, 23.0, 21.0, 14.0, 7.0, 4.0, 14.0, 40.0, 117.0, 332.0, 749.0, 1050.0, 865.0, 979.0, 2724.0, 498.0, 429.0, 803.0, 903.0, 640.0, 346.0, 202.0, 104.0, 48.0, 16.0, 15.0, 24.0, 40.0, 56.0, 50.0, 75.0, 82.0, 97.0, 94.0, 86.0, 78.0, 71.0, 59.0, 33.0, 18.0, 21.0, 21.0, 12.0, 9.0, 6.0, 3.0, 2.0], "bins": [-7.249316692352295, -7.027830600738525, -6.806344509124756, -6.584858417510986, -6.363371849060059, -6.141885757446289, -5.9203996658325195, -5.69891357421875, -5.4774274826049805, -5.255941390991211, -5.034455299377441, -4.812969207763672, -4.591483116149902, -4.369997024536133, -4.148510456085205, -3.9270243644714355, -3.705538272857666, -3.4840521812438965, -3.262566089630127, -3.0410799980163574, -2.819593906402588, -2.59810733795166, -2.3766212463378906, -2.155135154724121, -1.9336490631103516, -1.712162971496582, -1.4906768798828125, -1.269190788269043, -1.0477042198181152, -0.8262181282043457, -0.6047320365905762, -0.38324594497680664, -0.1617593765258789, 0.059726715087890625, 0.28121280670166016, 0.5026988983154297, 0.7241849899291992, 0.945671558380127, 1.1671576499938965, 1.388643741607666, 1.6101298332214355, 1.831615924835205, 2.0531020164489746, 2.274588108062744, 2.496074676513672, 2.7175607681274414, 2.939046859741211, 3.1605329513549805, 3.38201904296875, 3.6035051345825195, 3.824991226196289, 4.046477317810059, 4.267963409423828, 4.489449501037598, 4.710936069488525, 4.932422161102295, 5.1539082527160645, 5.375394344329834, 5.5968804359436035, 5.818367004394531, 6.039853096008301, 6.26133918762207, 6.48282527923584, 6.704311370849609, 6.925797462463379]}, "gradients/graph_35linear.3.bias": {"_type": "histogram", "values": [1.0, 0.0, 0.0, 0.0, 0.0, 1.0, 0.0, 0.0, 0.0, 1.0, 1.0, 0.0, 0.0, 1.0, 0.0, 1.0, 0.0, 1.0, 0.0, 4.0, 1.0, 3.0, 3.0, 1.0, 5.0, 3.0, 4.0, 5.0, 4.0, 4.0, 4.0, 7.0, 4.0, 0.0, 0.0, 5.0, 3.0, 2.0, 6.0, 3.0, 2.0, 3.0, 3.0, 1.0, 1.0, 4.0, 2.0, 3.0, 4.0, 8.0, 2.0, 2.0, 2.0, 3.0, 2.0, 4.0, 1.0, 0.0, 1.0, 0.0, 0.0, 0.0, 0.0, 2.0], "bins": [-0.5179202556610107, -0.5038109421730042, -0.48970162868499756, -0.47559234499931335, -0.46148303151130676, -0.44737371802330017, -0.43326443433761597, -0.4191551208496094, -0.4050458073616028, -0.3909364938735962, -0.3768271803855896, -0.3627178966999054, -0.3486085832118988, -0.3344992697238922, -0.320389986038208, -0.3062806725502014, -0.2921713590621948, -0.27806204557418823, -0.26395273208618164, -0.24984344840049744, -0.23573413491249084, -0.22162482142448425, -0.20751553773880005, -0.19340622425079346, -0.17929691076278687, -0.16518759727478027, -0.15107828378677368, -0.13696900010108948, -0.12285968661308289, -0.1087503731250763, -0.09464108943939209, -0.0805317759513855, -0.06642243266105652, -0.05231311917304993, -0.038203805685043335, -0.02409452199935913, -0.009985208511352539, 0.004124104976654053, 0.018233388662338257, 0.03234270215034485, 0.04645201563835144, 0.06056132912635803, 0.07467064261436462, 0.08877992630004883, 0.10288923978805542, 0.11699855327606201, 0.13110783696174622, 0.1452171504497528, 0.1593264639377594, 0.173435777425766, 0.1875450760126114, 0.2016543745994568, 0.21576368808746338, 0.22987300157546997, 0.24398230016231537, 0.25809159874916077, 0.27220091223716736, 0.28631022572517395, 0.30041950941085815, 0.31452882289886475, 0.32863813638687134, 0.34274744987487793, 0.3568567633628845, 0.3709660470485687, 0.3850753605365753]}, "gradients/graph_35linear.3.weight": {"_type": "histogram", "values": [1.0, 1.0, 0.0, 0.0, 0.0, 2.0, 2.0, 0.0, 0.0, 1.0, 5.0, 2.0, 0.0, 5.0, 5.0, 6.0, 3.0, 7.0, 9.0, 8.0, 17.0, 17.0, 26.0, 23.0, 33.0, 31.0, 62.0, 81.0, 88.0, 111.0, 145.0, 189.0, 238.0, 290.0, 314.0, 310.0, 12309.0, 364.0, 295.0, 219.0, 190.0, 182.0, 138.0, 155.0, 111.0, 80.0, 78.0, 65.0, 37.0, 33.0, 22.0, 14.0, 22.0, 9.0, 7.0, 9.0, 3.0, 0.0, 3.0, 3.0, 0.0, 0.0, 1.0, 3.0], "bins": [-3.600242853164673, -3.502164125442505, -3.404085636138916, -3.306006908416748, -3.20792818069458, -3.109849452972412, -3.011770725250244, -2.9136922359466553, -2.8156135082244873, -2.7175347805023193, -2.6194562911987305, -2.5213775634765625, -2.4232988357543945, -2.3252201080322266, -2.2271413803100586, -2.1290628910064697, -2.0309841632843018, -1.9329054355621338, -1.8348268270492554, -1.736748218536377, -1.638669490814209, -1.540590763092041, -1.4425122737884521, -1.3444335460662842, -1.2463548183441162, -1.1482760906219482, -1.0501973628997803, -0.9521188735961914, -0.8540401458740234, -0.7559614181518555, -0.6578829288482666, -0.5598042011260986, -0.46172523498535156, -0.3636465072631836, -0.2655677795410156, -0.16748929023742676, -0.06941056251525879, 0.02866816520690918, 0.12674665451049805, 0.22482538223266602, 0.322904109954834, 0.42098283767700195, 0.5190615653991699, 0.6171400547027588, 0.7152187824249268, 0.8132975101470947, 0.9113761186599731, 1.0094547271728516, 1.1075334548950195, 1.2056121826171875, 1.303690791130066, 1.4017693996429443, 1.4998481273651123, 1.5979268550872803, 1.6960054636001587, 1.794084072113037, 1.892162799835205, 1.990241527557373, 2.088320255279541, 2.18639874458313, 2.284477472305298, 2.382556200027466, 2.4806346893310547, 2.5787134170532227, 2.6767921447753906]}, "gradients/graph_35linear.0.bias": {"_type": "histogram", "values": [1.0, 2.0, 0.0, 0.0, 0.0, 0.0, 0.0, 3.0, 0.0, 1.0, 3.0, 1.0, 1.0, 0.0, 0.0, 1.0, 0.0, 1.0, 0.0, 0.0, 0.0, 0.0, 1.0, 2.0, 94.0, 0.0, 1.0, 0.0, 2.0, 0.0, 1.0, 0.0, 2.0, 0.0, 1.0, 0.0, 0.0, 1.0, 1.0, 0.0, 0.0, 2.0, 1.0, 0.0, 1.0, 0.0, 0.0, 0.0, 0.0, 0.0, 0.0, 0.0, 0.0, 1.0, 0.0, 0.0, 0.0, 0.0, 0.0, 0.0, 1.0, 0.0, 1.0, 1.0],