{"gradients/graph_30linear.5.bias": {"_type": "histogram", "values": [4.0, 1.0, 7.0, 1.0, 0.0, 0.0, 1.0, 7.0, 6.0, 17.0, 4.0, 0.0, 0.0, 7.0, 11.0, 6.0, 0.0, 0.0, 0.0, 0.0, 0.0, 0.0, 0.0, 0.0, 0.0, 0.0, 0.0, 0.0, 0.0, 0.0, 0.0, 0.0, 1.0, 3.0, 3.0, 5.0, 3.0, 0.0, 1.0, 1.0, 2.0, 0.0, 0.0, 2.0, 0.0, 0.0, 0.0, 0.0, 0.0, 1.0, 0.0, 1.0, 0.0, 0.0, 0.0, 0.0, 0.0, 0.0, 0.0, 0.0, 0.0, 0.0, 0.0, 1.0], "bins": [-1.2791037559509277, -1.2209289073944092, -1.1627540588378906, -1.104579210281372, -1.0464043617248535, -0.9882294535636902, -0.9300545454025269, -0.8718796968460083, -0.8137048482894897, -0.7555299997329712, -0.6973551511764526, -0.6391802430152893, -0.5810053944587708, -0.5228305459022522, -0.46465563774108887, -0.4064807891845703, -0.34830594062805176, -0.2901310920715332, -0.23195624351501465, -0.1737813949584961, -0.11560654640197754, -0.057431578636169434, 0.0007432699203491211, 0.058918118476867676, 0.11709296703338623, 0.17526781558990479, 0.23344266414642334, 0.2916175127029419, 0.34979248046875, 0.40796732902526855, 0.4661421775817871, 0.5243170261383057, 0.5824918746948242, 0.6406667232513428, 0.6988415718078613, 0.7570164203643799, 0.8151912689208984, 0.8733662366867065, 0.9315410852432251, 0.9897159337997437, 1.0478907823562622, 1.1060656309127808, 1.1642404794692993, 1.2224153280258179, 1.280590295791626, 1.3387651443481445, 1.396939992904663, 1.4551148414611816, 1.5132896900177002, 1.5714645385742188, 1.6296393871307373, 1.6878142356872559, 1.7459890842437744, 1.804163932800293, 1.862338900566101, 1.9205137491226196, 1.9786885976791382, 2.036863327026367, 2.095038414001465, 2.1532132625579834, 2.211388111114502, 2.2695629596710205, 2.327737808227539, 2.3859126567840576, 2.444087505340576]}, "_timestamp": 1715783301.7950962, "gradients/graph_30linear.5.weight": {"_type": "histogram", "values": [5.0, 4.0, 9.0, 11.0, 6.0, 16.0, 13.0, 20.0, 29.0, 53.0, 62.0, 66.0, 51.0, 74.0, 131.0, 103.0, 113.0, 190.0, 176.0, 234.0, 289.0, 841.0, 8.0, 58.0, 71.0, 66.0, 46.0, 27.0, 30.0, 45.0, 37.0, 24.0, 34.0, 31.0, 13.0, 20.0, 8.0, 11.0, 6.0, 8.0, 6.0, 1.0, 2.0, 4.0, 3.0, 2.0, 2.0, 2.0, 2.0, 1.0, 1.0, 1.0, 1.0, 0.0, 1.0, 0.0, 1.0, 1.0, 0.0, 0.0, 0.0, 0.0, 1.0, 1.0], "bins": [-11.551398277282715, -11.026029586791992, -10.50066089630127, -9.975292205810547, -9.449923515319824, -8.924554824829102, -8.399187088012695, -7.8738179206848145, -7.348449230194092, -6.823080539703369, -6.2977118492126465, -5.772343158721924, -5.246974945068359, -4.721606254577637, -4.196237564086914, -3.6708688735961914, -3.1455001831054688, -2.620131492614746, -2.0947628021240234, -1.5693941116333008, -1.0440254211425781, -0.5186567306518555, 0.0067119598388671875, 0.5320806503295898, 1.057448387145996, 1.5828170776367188, 2.1081857681274414, 2.633554458618164, 3.1589231491088867, 3.6842918395996094, 4.209660530090332, 4.735030174255371, 5.260398864746094, 5.7857666015625, 6.311136245727539, 6.836504936218262, 7.361873626708984, 7.887242317199707, 8.41261100769043, 8.937979698181152, 9.463348388671875, 9.988716125488281, 10.514084815979004, 11.039453506469727, 11.56482219696045, 12.090190887451172, 12.615559577941895, 13.140928268432617, 13.66629695892334, 14.191665649414062, 14.717034339904785, 15.242403030395508, 15.76777172088623, 16.293140411376953, 16.81850814819336, 17.3438777923584, 17.869245529174805, 18.394615173339844, 18.91998291015625, 19.44535255432129, 19.970720291137695, 20.496089935302734, 21.02145767211914, 21.54682731628418, 22.072195053100586]}, "gradients/graph_30linear.3.bias": {"_type": "histogram", "values": [1.0, 0.0, 0.0, 1.0, 0.0, 0.0, 1.0, 1.0, 1.0, 3.0, 0.0, 2.0, 2.0, 1.0, 0.0, 2.0, 1.0, 0.0, 2.0, 1.0, 1.0, 1.0, 1.0, 1.0, 1.0, 0.0, 0.0, 0.0, 0.0, 0.0, 0.0, 0.0, 0.0, 0.0, 0.0, 0.0, 0.0, 0.0, 0.0, 0.0, 0.0, 0.0, 0.0, 0.0, 0.0, 0.0, 0.0, 0.0, 0.0, 0.0, 0.0, 0.0, 0.0, 0.0, 0.0, 0.0, 0.0, 0.0, 0.0, 0.0, 0.0, 0.0, 0.0, 8.0], "bins": [-13.092203140258789, -12.8876371383667, -12.683072090148926, -12.478506088256836, -12.273940086364746, -12.069375038146973, -11.864809036254883, -11.660243034362793, -11.45567798614502, -11.25111198425293, -11.046546936035156, -10.841980934143066, -10.637414932250977, -10.432849884033203, -10.228283882141113, -10.023717880249023, -9.81915283203125, -9.61458683013916, -9.41002082824707, -9.205455780029297, -9.000889778137207, -8.796323776245117, -8.591758728027344, -8.387192726135254, -8.182626724243164, -7.978061199188232, -7.773495674133301, -7.568930149078369, -7.364364147186279, -7.159798622131348, -6.955233097076416, -6.750667095184326, -6.5461015701293945, -6.341536045074463, -6.136970043182373, -5.932404518127441, -5.72783899307251, -5.52327299118042, -5.318707466125488, -5.114141941070557, -4.909576416015625, -4.705010414123535, -4.5004448890686035, -4.295879364013672, -4.091313362121582, -3.8867478370666504, -3.6821820735931396, -3.477616548538208, -3.2730507850646973, -3.0684850215911865, -2.863919496536255, -2.659353733062744, -2.4547882080078125, -2.2502224445343018, -2.045656681060791, -1.8410910367965698, -1.6365253925323486, -1.4319597482681274, -1.2273941040039062, -1.0228283405303955, -0.8182626962661743, -0.6136970520019531, -0.40913134813308716, -0.20456567406654358, 0.0]}, "gradients/graph_30linear.3.weight": {"_type": "histogram", "values": [1.0, 0.0, 0.0, 1.0, 0.0, 0.0, 1.0, 1.0, 1.0, 3.0, 0.0, 2.0, 2.0, 1.0, 0.0, 2.0, 1.0, 0.0, 3.0, 1.0, 1.0, 2.0, 1.0, 3.0, 2.0, 3.0, 2.0, 2.0, 1.0, 2.0, 1.0, 2.0, 1.0, 1.0, 2.0, 2.0, 0.0, 0.0, 0.0, 0.0, 0.0, 0.0, 0.0, 0.0, 0.0, 0.0, 0.0, 0.0, 0.0, 1.0, 1.0, 5.0, 6.0, 5.0, 4.0, 2.0, 0.0, 0.0, 0.0, 0.0, 0.0, 0.0, 0.0, 952.0], "bins": [-340.2001647949219, -334.8845520019531, -329.56890869140625, -324.2532958984375, -318.9376525878906, -313.6220397949219, -308.306396484375, -302.99078369140625, -297.6751403808594, -292.3595275878906, -287.04388427734375, -281.728271484375, -276.4126281738281, -271.0970153808594, -265.7813720703125, -260.46575927734375, -255.15011596679688, -249.83450317382812, -244.51885986328125, -239.2032470703125, -233.88760375976562, -228.57199096679688, -223.25634765625, -217.94073486328125, -212.62510681152344, -207.30947875976562, -201.9938507080078, -196.67822265625, -191.3625946044922, -186.04696655273438, -180.73133850097656, -175.41571044921875, -170.10008239746094, -164.78445434570312, -159.4688262939453, -154.1531982421875, -148.8375701904297, -143.52194213867188, -138.20631408691406, -132.89068603515625, -127.57505798339844, -122.25943756103516, -116.94380950927734, -111.62818145751953, -106.31255340576172, -100.9969253540039, -95.6812973022461, -90.36566925048828, -85.05004119873047, -79.73441314697266, -74.41878509521484, -69.10315704345703, -63.78752899169922, -58.47190475463867, -53.15627670288086, -47.84064865112305, -42.525020599365234, -37.20939254760742, -31.89376449584961, -26.57813835144043, -21.262510299682617, -15.946882247924805, -10.631255149841309, -5.315627574920654, -0.0]}, "gradients/graph_30linear.0.bias": {"_type": "histogram", "values": [1.0, 0.0, 0.0, 0.0, 0.0, 0.0, 0.0, 0.0, 0.0, 0.0, 0.0, 0.0, 0.0, 0.0, 0.0, 0.0, 1.0, 0.0, 0.0, 0.0, 0.0, 0.0, 1.0, 0.0, 0.0, 0.0, 0.0, 0.0, 0.0, 0.0, 0.0, 0.0, 0.0, 0.0, 0.0, 0.0, 0.0, 0.0, 0.0, 0.0, 0.0, 0.0, 0.0, 0.0, 0.0, 0.0, 0.0, 0.0, 0.0, 0.0, 0.0, 0.0, 0.0, 0.0, 0.0, 0.0, 0.0, 0.0, 0.0, 0.0, 0.0, 0.0, 0.0, 29.0],