{"Linear loss": 591.8311767578125, "_timestamp": 1715777693.071741, "_runtime": 153.56535410881042, "_step": 5489, "gradients/graph_7linear.5.bias": {"_type": "histogram", "values": [2.0, 1.0, 0.0, 1.0, 1.0, 1.0, 0.0, 0.0, 3.0, 0.0, 4.0, 4.0, 6.0, 4.0, 9.0, 9.0, 4.0, 4.0, 2.0, 3.0, 3.0, 7.0, 9.0, 8.0, 4.0, 0.0, 0.0, 0.0, 1.0, 0.0, 0.0, 0.0, 0.0, 0.0, 1.0, 0.0, 0.0, 0.0, 0.0, 1.0, 0.0, 0.0, 0.0, 0.0, 0.0, 0.0, 0.0, 0.0, 0.0, 0.0, 0.0, 0.0, 0.0, 0.0, 0.0, 0.0, 0.0, 1.0, 2.0, 0.0, 0.0, 0.0, 0.0, 1.0], "bins": [-0.3306662440299988, -0.31102243065834045, -0.29137861728668213, -0.2717348039150238, -0.2520909905433655, -0.23244716227054596, -0.21280333399772644, -0.19315952062606812, -0.1735157072544098, -0.15387189388275146, -0.13422808051109314, -0.11458425223827362, -0.0949404388666153, -0.07529661059379578, -0.05565279722213745, -0.036008983850479126, -0.0163651704788208, 0.0032786428928375244, 0.02292245626449585, 0.042566269636154175, 0.0622100830078125, 0.08185392618179321, 0.10149773955345154, 0.12114155292510986, 0.1407853662967682, 0.1604291796684265, 0.18007302284240723, 0.19971680641174316, 0.21936064958572388, 0.23900443315505981, 0.2586482763290405, 0.27829205989837646, 0.2979358434677124, 0.3175796866416931, 0.33722347021102905, 0.35686731338500977, 0.3765110969543457, 0.3961549401283264, 0.41579872369766235, 0.43544256687164307, 0.4550863802433014, 0.4747301936149597, 0.49437400698661804, 0.5140178203582764, 0.5336616635322571, 0.5533055067062378, 0.5729492902755737, 0.5925930738449097, 0.6122369170188904, 0.6318807601928711, 0.651524543762207, 0.671168327331543, 0.6908121705055237, 0.7104560136795044, 0.7300997972488403, 0.749743640422821, 0.7693874835968018, 0.7890312671661377, 0.8086751103401184, 0.8283188939094543, 0.8479627370834351, 0.867606520652771, 0.8872503638267517, 0.9068941473960876, 0.9265379905700684]}, "gradients/graph_7linear.5.weight": {"_type": "histogram", "values": [2.0, 1.0, 1.0, 7.0, 16.0, 28.0, 43.0, 51.0, 82.0, 83.0, 122.0, 173.0, 283.0, 518.0, 881.0, 1498.0, 2945.0, 1400.0, 1123.0, 1091.0, 752.0, 364.0, 147.0, 69.0, 50.0, 36.0, 33.0, 34.0, 42.0, 25.0, 31.0, 28.0, 19.0, 21.0, 22.0, 19.0, 26.0, 21.0, 16.0, 22.0, 18.0, 16.0, 17.0, 16.0, 19.0, 12.0, 9.0, 12.0, 14.0, 9.0, 5.0, 4.0, 3.0, 2.0, 2.0, 0.0, 1.0, 1.0, 2.0, 0.0, 0.0, 0.0, 0.0, 1.0], "bins": [-4.180315017700195, -3.931976079940796, -3.6836369037628174, -3.435297966003418, -3.1869587898254395, -2.93861985206604, -2.6902809143066406, -2.441941738128662, -2.1936025619506836, -1.9452636241912842, -1.6969246864318848, -1.4485855102539062, -1.2002465724945068, -0.9519073963165283, -0.7035684585571289, -0.4552292823791504, -0.20689034461975098, 0.04144859313964844, 0.28978776931762695, 0.5381269454956055, 0.7864656448364258, 1.0348048210144043, 1.2831439971923828, 1.5314831733703613, 1.7798218727111816, 2.02816104888916, 2.2765002250671387, 2.524838924407959, 2.7731781005859375, 3.021517276763916, 3.2698564529418945, 3.518195152282715, 3.7665343284606934, 4.014873504638672, 4.263212203979492, 4.511551380157471, 4.759890556335449, 5.008229732513428, 5.256568431854248, 5.504907608032227, 5.753246784210205, 6.001585483551025, 6.249924659729004, 6.498263835906982, 6.746603012084961, 6.994941711425781, 7.24328088760376, 7.491620063781738, 7.739958763122559, 7.988297939300537, 8.236637115478516, 8.484975814819336, 8.733315467834473, 8.981654167175293, 9.22999382019043, 9.47833251953125, 9.72667121887207, 9.97500991821289, 10.223349571228027, 10.471688270568848, 10.720027923583984, 10.968366622924805, 11.216705322265625, 11.465044975280762, 11.713383674621582]}, "gradients/graph_7linear.3.bias": {"_type": "histogram", "values": [1.0, 0.0, 0.0, 0.0, 0.0, 1.0, 1.0, 1.0, 2.0, 0.0, 3.0, 1.0, 2.0, 1.0, 2.0, 1.0, 6.0, 1.0, 4.0, 5.0, 2.0, 4.0, 4.0, 3.0, 4.0, 7.0, 4.0, 4.0, 3.0, 4.0, 7.0, 3.0, 4.0, 4.0, 4.0, 2.0, 1.0, 1.0, 2.0, 3.0, 2.0, 4.0, 0.0, 2.0, 4.0, 0.0, 3.0, 2.0, 0.0, 1.0, 0.0, 0.0, 0.0, 1.0, 0.0, 1.0, 0.0, 0.0, 0.0, 0.0, 5.0, 0.0, 0.0, 1.0], "bins": [-0.6003015637397766, -0.5904081463813782, -0.5805147886276245, -0.5706213712692261, -0.5607280135154724, -0.550834596157074, -0.5409412384033203, -0.5310478210449219, -0.5211544036865234, -0.5112610459327698, -0.5013676285743713, -0.4914742410182953, -0.48158085346221924, -0.4716874659061432, -0.46179407835006714, -0.4519006609916687, -0.44200730323791504, -0.4321138858795166, -0.42222049832344055, -0.4123271107673645, -0.40243372321128845, -0.3925403356552124, -0.38264691829681396, -0.3727535605430603, -0.36286014318466187, -0.3529667556285858, -0.34307336807250977, -0.3331799805164337, -0.32328659296035767, -0.31339317560195923, -0.3034997880458832, -0.29360640048980713, -0.2837130129337311, -0.27381962537765503, -0.263926237821579, -0.25403285026550293, -0.2441394329071045, -0.23424604535102844, -0.2243526577949524, -0.21445927023887634, -0.2045658826828003, -0.19467249512672424, -0.1847791075706482, -0.17488572001457214, -0.1649923026561737, -0.15509891510009766, -0.1452055275440216, -0.13531213998794556, -0.1254187524318695, -0.11552535742521286, -0.10563195496797562, -0.09573856741189957, -0.08584517985582352, -0.07595178484916687, -0.06605838984251022, -0.056165002286434174, -0.04627160727977753, -0.03637821227312088, -0.02648482471704483, -0.016591429710388184, -0.006698038429021835, 0.003195352852344513, 0.01308874599635601, 0.022982139140367508, 0.032875530421733856]}, "gradients/graph_7linear.3.weight": {"_type": "histogram", "values": [1.0, 0.0, 0.0, 0.0, 0.0, 1.0, 2.0, 1.0, 3.0, 2.0, 3.0, 2.0, 5.0, 7.0, 6.0, 7.0, 15.0, 11.0, 19.0, 17.0, 16.0, 25.0, 26.0, 32.0, 32.0, 46.0, 45.0, 45.0, 55.0, 56.0, 66.0, 68.0, 72.0, 75.0, 76.0, 73.0, 87.0, 73.0, 82.0, 75.0, 63.0, 72.0, 60.0, 68.0, 74.0, 63.0, 73.0, 83.0, 87.0, 79.0, 83.0, 67.0, 54.0, 45.0, 43.0, 48.0, 67.0, 48.0, 26.0, 105.0, 13829.0, 5.0, 6.0, 9.0], "bins": [-7.834558010101318, -7.70543909072876, -7.576320171356201, -7.447200775146484, -7.318081855773926, -7.188962936401367, -7.059844017028809, -6.93072509765625, -6.801605701446533, -6.672486782073975, -6.543367862701416, -6.414248466491699, -6.285129547119141, -6.156010627746582, -6.026891708374023, -5.897772789001465, -5.768653869628906, -5.639534950256348, -5.510415554046631, -5.381296634674072, -5.2521772384643555, -5.123058319091797, -4.993939399719238, -4.86482048034668, -4.735701560974121, -4.6065826416015625, -4.477463722229004, -4.348344326019287, -4.2192254066467285, -4.090106010437012, -3.9609873294830322, -3.8318681716918945, -3.702749013900757, -3.5736300945281982, -3.4445109367370605, -3.315392017364502, -3.1862728595733643, -3.0571539402008057, -2.928034782409668, -2.7989158630371094, -2.6697967052459717, -2.540677785873413, -2.4115588665008545, -2.282439708709717, -2.153320789337158, -2.0242016315460205, -1.895082712173462, -1.7659635543823242, -1.6368446350097656, -1.5077255964279175, -1.3786065578460693, -1.2494875192642212, -1.120368480682373, -0.9912495613098145, -0.8621305227279663, -0.7330114841461182, -0.60389244556427, -0.4747734069824219, -0.34565436840057373, -0.21653538942337036, -0.08741635084152222, 0.04170268774032593, 0.17082169651985168, 0.29994070529937744, 0.4290597438812256]}, "gradients/graph_7linear.0.bias": {"_type": "histogram", "values": [1.0, 0.0, 0.0, 0.0, 0.0, 0.0, 1.0, 0.0, 0.0, 0.0, 0.0, 1.0, 0.0, 0.0, 0.0, 0.0, 0.0, 0.0, 0.0, 0.0, 0.0, 0.0, 0.0, 1.0, 0.0, 1.0, 0.0, 0.0, 0.0, 0.0, 2.0, 0.0, 2.0, 2.0, 4.0, 1.0, 1.0, 0.0, 0.0, 1.0, 2.0, 0.0, 0.0, 1.0, 0.0, 1.0, 0.0, 0.0, 0.0, 0.0, 0.0, 0.0, 0.0, 0.0, 0.0, 0.0, 0.0, 0.0, 0.0, 0.0, 0.0, 0.0, 0.0, 106.0],