{"Linear loss": 13277.7177734375, "_timestamp": 1715769036.5129116, "_runtime": 39.820194482803345, "_step": 1809, "gradients/graph_15linear.5.bias": {"_type": "histogram", "values": [7.0, 0.0, 0.0, 3.0, 0.0, 0.0, 0.0, 0.0, 0.0, 0.0, 0.0, 0.0, 0.0, 0.0, 0.0, 0.0, 0.0, 0.0, 0.0, 0.0, 0.0, 0.0, 0.0, 0.0, 0.0, 0.0, 0.0, 0.0, 13.0, 0.0, 0.0, 2.0, 44.0, 0.0, 0.0, 17.0, 0.0, 0.0, 0.0, 0.0, 0.0, 0.0, 0.0, 0.0, 0.0, 0.0, 0.0, 0.0, 0.0, 0.0, 0.0, 0.0, 0.0, 0.0, 0.0, 0.0, 0.0, 1.0, 0.0, 0.0, 3.0, 0.0, 0.0, 6.0], "bins": [-200.0, -193.75, -187.5, -181.25, -175.0, -168.75, -162.5, -156.25, -150.0, -143.75, -137.5, -131.25, -125.0, -118.75, -112.5, -106.25, -100.0, -93.75, -87.5, -81.25, -75.0, -68.75, -62.5, -56.25, -50.0, -43.75, -37.5, -31.25, -25.0, -18.75, -12.5, -6.25, 0.0, 6.25, 12.5, 18.75, 25.0, 31.25, 37.5, 43.75, 50.0, 56.25, 62.5, 68.75, 75.0, 81.25, 87.5, 93.75, 100.0, 106.25, 112.5, 118.75, 125.0, 131.25, 137.5, 143.75, 150.0, 156.25, 162.5, 168.75, 175.0, 181.25, 187.5, 193.75, 200.0]}, "gradients/graph_15linear.5.weight": {"_type": "histogram", "values": [7.0, 0.0, 0.0, 3.0, 21.0, 7.0, 0.0, 16.0, 3.0, 24.0, 7.0, 16.0, 17.0, 10.0, 27.0, 17.0, 19.0, 20.0, 31.0, 33.0, 19.0, 10.0, 24.0, 40.0, 23.0, 16.0, 20.0, 20.0, 13.0, 150.0, 260.0, 352.0, 3922.0, 341.0, 189.0, 19.0, 20.0, 19.0, 20.0, 25.0, 37.0, 24.0, 13.0, 21.0, 31.0, 31.0, 20.0, 20.0, 16.0, 26.0, 11.0, 16.0, 15.0, 9.0, 22.0, 3.0, 15.0, 1.0, 6.0, 18.0, 3.0, 0.0, 0.0, 6.0], "bins": [-760.18603515625, -736.4302368164062, -712.6744384765625, -688.9185791015625, -665.1627807617188, -641.406982421875, -617.651123046875, -593.8953247070312, -570.1395263671875, -546.3837280273438, -522.6279296875, -498.8720703125, -475.11627197265625, -451.3604736328125, -427.6046447753906, -403.84881591796875, -380.093017578125, -356.33721923828125, -332.5813903808594, -308.8255615234375, -285.06976318359375, -261.31396484375, -237.55810546875, -213.80230712890625, -190.0465087890625, -166.29071044921875, -142.534912109375, -118.779052734375, -95.02325439453125, -71.2674560546875, -47.5115966796875, -23.75579833984375, 0.0, 23.75579833984375, 47.5115966796875, 71.2674560546875, 95.02325439453125, 118.779052734375, 142.534912109375, 166.29071044921875, 190.0465087890625, 213.80230712890625, 237.55810546875, 261.31396484375, 285.06976318359375, 308.8255615234375, 332.5813903808594, 356.33721923828125, 380.093017578125, 403.84881591796875, 427.6046447753906, 451.3604736328125, 475.11627197265625, 498.8720703125, 522.6279296875, 546.3837280273438, 570.1395263671875, 593.8953247070312, 617.651123046875, 641.406982421875, 665.1627807617188, 688.9185791015625, 712.6744384765625, 736.4302368164062, 760.18603515625]}, "gradients/graph_15linear.3.bias": {"_type": "histogram", "values": [1.0, 0.0, 0.0, 0.0, 0.0, 0.0, 0.0, 1.0, 0.0, 0.0, 0.0, 0.0, 0.0, 1.0, 1.0, 2.0, 0.0, 0.0, 0.0, 1.0, 1.0, 3.0, 1.0, 4.0, 0.0, 1.0, 3.0, 1.0, 2.0, 2.0, 2.0, 0.0, 1.0, 2.0, 1.0, 21.0, 0.0, 2.0, 1.0, 1.0, 1.0, 0.0, 0.0, 1.0, 0.0, 1.0, 0.0, 0.0, 0.0, 0.0, 0.0, 0.0, 1.0, 0.0, 1.0, 0.0, 0.0, 0.0, 0.0, 1.0, 0.0, 0.0, 1.0, 1.0], "bins": [-167.42471313476562, -162.69369506835938, -157.96267700195312, -153.23167419433594, -148.5006561279297, -143.76963806152344, -139.0386199951172, -134.3076171875, -129.57659912109375, -124.8455810546875, -120.11456298828125, -115.38355255126953, -110.65253448486328, -105.92152404785156, -101.19050598144531, -96.4594955444336, -91.72847747802734, -86.9974594116211, -82.26644897460938, -77.53543090820312, -72.8044204711914, -68.07340240478516, -63.34239196777344, -58.61137390136719, -53.88035583496094, -49.14934539794922, -44.41832733154297, -39.68731689453125, -34.956298828125, -30.22528076171875, -25.494277954101562, -20.763259887695312, -16.032241821289062, -11.301223754882812, -6.5702056884765625, -1.839202880859375, 2.891815185546875, 7.622833251953125, 12.353843688964844, 17.084861755371094, 21.815872192382812, 26.546890258789062, 31.277908325195312, 36.00891876220703, 40.73993682861328, 45.470947265625, 50.20196533203125, 54.93297576904297, 59.66399383544922, 64.39501190185547, 69.12602233886719, 73.85704040527344, 78.58805084228516, 83.3190689086914, 88.05007934570312, 92.78109741210938, 97.51211547851562, 102.24312591552734, 106.97413635253906, 111.70515441894531, 116.43617248535156, 121.16718292236328, 125.89820098876953, 130.62921142578125, 135.3602294921875]}, "gradients/graph_15linear.3.weight": {"_type": "histogram", "values": [2.0, 0.0, 0.0, 0.0, 0.0, 1.0, 0.0, 2.0, 0.0, 2.0, 0.0, 1.0, 0.0, 3.0, 4.0, 5.0, 2.0, 2.0, 3.0, 5.0, 9.0, 8.0, 6.0, 16.0, 13.0, 11.0, 27.0, 18.0, 24.0, 27.0, 33.0, 23.0, 20.0, 17.0, 32.0, 3658.0, 21.0, 17.0, 12.0, 5.0, 4.0, 6.0, 2.0, 6.0, 4.0, 6.0, 2.0, 5.0, 2.0, 3.0, 4.0, 2.0, 4.0, 2.0, 2.0, 3.0, 2.0, 0.0, 2.0, 2.0, 0.0, 0.0, 2.0, 2.0], "bins": [-1289.3603515625, -1252.9261474609375, -1216.491943359375, -1180.057861328125, -1143.6236572265625, -1107.189453125, -1070.7552490234375, -1034.321044921875, -997.8869018554688, -961.4527587890625, -925.0185546875, -888.5843505859375, -852.150146484375, -815.7160034179688, -779.2817993164062, -742.84765625, -706.4134521484375, -669.979248046875, -633.5451049804688, -597.1109008789062, -560.6767578125, -524.2425537109375, -487.808349609375, -451.37420654296875, -414.94000244140625, -378.50579833984375, -342.0716552734375, -305.637451171875, -269.2032470703125, -232.76904296875, -196.3349609375, -159.9007568359375, -123.4664306640625, -87.0322265625, -50.5980224609375, -14.1639404296875, 22.270263671875, 58.7044677734375, 95.138671875, 131.57281494140625, 168.00701904296875, 204.44122314453125, 240.8753662109375, 277.3095703125, 313.7437744140625, 350.17791748046875, 386.61212158203125, 423.0462646484375, 459.48046875, 495.9146728515625, 532.3488159179688, 568.7830200195312, 605.2171630859375, 641.6513671875, 678.0855712890625, 714.519775390625, 750.9539184570312, 787.3880615234375, 823.822265625, 860.2564697265625, 896.690673828125, 933.1248168945312, 969.5590209960938, 1005.9931640625, 1042.4273681640625]}, "gradients/graph_15linear.0.bias": {"_type": "histogram", "values": [1.0, 0.0, 1.0, 0.0, 0.0, 0.0, 0.0, 0.0, 1.0, 0.0, 1.0, 0.0, 0.0, 0.0, 0.0, 0.0, 0.0, 1.0, 0.0, 0.0, 0.0, 0.0, 0.0, 1.0, 1.0, 1.0, 0.0, 0.0, 0.0, 0.0, 1.0, 0.0, 0.0, 0.0, 0.0, 0.0, 0.0, 0.0, 0.0, 53.0, 0.0, 0.0, 0.0, 0.0, 1.0, 0.0, 0.0, 0.0, 0.0, 0.0, 0.0, 0.0, 0.0, 0.0, 0.0, 0.0, 0.0, 0.0, 0.0, 0.0, 0.0, 0.0, 0.0, 1.0], "bins": [-204.0155792236328, -198.86863708496094, -193.72169494628906, -188.5747528076172, -183.4278106689453, -178.28086853027344, -173.13392639160156, -167.98699951171875, -162.84005737304688, -157.693115234375, -152.54617309570312, -147.39923095703125, -142.25228881835938, -137.1053466796875, -131.95840454101562, -126.81146240234375, -121.66452026367188, -116.517578125, -111.37063598632812, -106.22369384765625, -101.07675170898438, -95.92981719970703, -90.78287506103516, -85.63593292236328, -80.4889907836914, -75.34205627441406, -70.19511413574219, -65.04817199707031, -59.90122985839844, -54.75428771972656, -49.60734558105469, -44.46040344238281, -39.313453674316406, -34.16651153564453, -29.019569396972656, -23.87262725830078, -18.725685119628906, -13.578742980957031, -8.431800842285156, -3.2848587036132812, 1.8620758056640625, 7.0090179443359375, 12.155960083007812, 17.302902221679688, 22.44983673095703, 27.596778869628906, 32.74372100830078, 37.890663146972656, 43.03760528564453, 48.184547424316406, 53.33148956298828, 58.478431701660156, 63.625370025634766, 68.77230834960938, 73.91925048828125, 79.06619262695312, 84.213134765625, 89.36007690429688, 94.50701904296875, 99.65396118164062, 104.8009033203125, 109.94783782958984, 115.09477996826172, 120.2417221069336, 125.38866424560547]}, "gradients/graph_15linear.0.weight": {"_type": "histogram",