{"gradients/graph_25linear.5.bias": {"_type": "histogram", "values": [1.0, 0.0, 2.0, 2.0, 0.0, 0.0, 5.0, 2.0, 2.0, 2.0, 2.0, 7.0, 11.0, 6.0, 5.0, 2.0, 6.0, 5.0, 2.0, 1.0, 21.0, 5.0, 0.0, 0.0, 1.0, 0.0, 0.0, 0.0, 0.0, 0.0, 0.0, 0.0, 1.0, 0.0, 0.0, 0.0, 0.0, 0.0, 0.0, 0.0, 0.0, 1.0, 0.0, 0.0, 0.0, 0.0, 0.0, 0.0, 0.0, 0.0, 0.0, 1.0, 0.0, 1.0, 0.0, 0.0, 0.0, 0.0, 0.0, 0.0, 0.0, 1.0, 0.0, 1.0], "bins": [-0.31276172399520874, -0.2917919456958771, -0.2708221673965454, -0.24985240399837494, -0.22888262569904327, -0.2079128473997116, -0.18694308400154114, -0.16597330570220947, -0.1450035274028778, -0.12403374910354614, -0.10306397080421448, -0.082094207406044, -0.061124444007873535, -0.04015466570854187, -0.019184887409210205, 0.00178489089012146, 0.022754669189453125, 0.04372444748878479, 0.06469422578811646, 0.08566400408744812, 0.10663378238677979, 0.12760353088378906, 0.14857330918312073, 0.1695430874824524, 0.19051283597946167, 0.21148264408111572, 0.232452392578125, 0.25342220067977905, 0.27439194917678833, 0.2953617572784424, 0.31633150577545166, 0.3373013138771057, 0.3582710027694702, 0.3792407512664795, 0.40021055936813354, 0.4211803078651428, 0.4421501159667969, 0.46311986446380615, 0.4840896725654602, 0.5050594210624695, 0.5260292291641235, 0.5469989776611328, 0.5679687261581421, 0.5889385342597961, 0.6099082827568054, 0.6308780908584595, 0.6518478393554688, 0.672817587852478, 0.6937873959541321, 0.7147572040557861, 0.7357269525527954, 0.7566967010498047, 0.7776665091514587, 0.798636257648468, 0.8196060657501221, 0.8405758142471313, 0.8615455627441406, 0.8825153708457947, 0.9034851789474487, 0.924454927444458, 0.9454246759414673, 0.9663944840431213, 0.9873642325401306, 1.0083340406417847, 1.029303789138794]}, "_timestamp": 1715781199.4846842, "gradients/graph_25linear.5.weight": {"_type": "histogram", "values": [1.0, 0.0, 2.0, 2.0, 0.0, 0.0, 5.0, 2.0, 3.0, 4.0, 4.0, 13.0, 16.0, 32.0, 11891.0, 209.0, 20.0, 35.0, 7.0, 3.0, 21.0, 6.0, 0.0, 0.0, 1.0, 1.0, 0.0, 0.0, 0.0, 1.0, 1.0, 0.0, 1.0, 0.0, 2.0, 0.0, 0.0, 0.0, 0.0, 0.0, 0.0, 1.0, 0.0, 0.0, 0.0, 0.0, 0.0, 0.0, 0.0, 0.0, 0.0, 1.0, 0.0, 1.0, 0.0, 0.0, 0.0, 0.0, 0.0, 0.0, 0.0, 1.0, 0.0, 1.0], "bins": [-34.25377655029297, -31.9571590423584, -29.660541534423828, -27.36392593383789, -25.06730842590332, -22.77069091796875, -20.474075317382812, -18.177457809448242, -15.880840301513672, -13.584222793579102, -11.287605285644531, -8.990989685058594, -6.694372177124023, -4.397754669189453, -2.1011390686035156, 0.1954803466796875, 2.492095947265625, 4.7887115478515625, 7.085330963134766, 9.381946563720703, 11.678565979003906, 13.975181579589844, 16.27179718017578, 18.568416595458984, 20.865032196044922, 23.16164779663086, 25.458267211914062, 27.7548828125, 30.051498413085938, 32.348114013671875, 34.644737243652344, 36.94135284423828, 39.23797607421875, 41.53459167480469, 43.831207275390625, 46.127830505371094, 48.42444610595703, 50.72106170654297, 53.017677307128906, 55.31429672241211, 57.61091232299805, 59.907527923583984, 62.20414733886719, 64.50076293945312, 66.79737854003906, 69.093994140625, 71.39060974121094, 73.6872329711914, 75.98384857177734, 78.28046417236328, 80.57708740234375, 82.87370300292969, 85.17031860351562, 87.46693420410156, 89.7635498046875, 92.06016540527344, 94.35678100585938, 96.65340423583984, 98.95001983642578, 101.24663543701172, 103.54325103759766, 105.8398666381836, 108.13648986816406, 110.43310546875, 112.72972106933594]}, "gradients/graph_25linear.3.bias": {"_type": "histogram", "values": [1.0, 0.0, 0.0, 0.0, 0.0, 0.0, 0.0, 0.0, 0.0, 0.0, 0.0, 0.0, 0.0, 0.0, 0.0, 0.0, 0.0, 0.0, 0.0, 0.0, 0.0, 0.0, 0.0, 0.0, 0.0, 0.0, 0.0, 0.0, 0.0, 0.0, 1.0, 0.0, 0.0, 0.0, 0.0, 0.0, 1.0, 0.0, 1.0, 0.0, 0.0, 0.0, 0.0, 0.0, 1.0, 0.0, 120.0, 0.0, 0.0, 0.0, 0.0, 1.0, 0.0, 1.0, 0.0, 0.0, 0.0, 0.0, 0.0, 0.0, 0.0, 0.0, 0.0, 1.0], "bins": [-2.5702059268951416, -2.5151569843292236, -2.4601082801818848, -2.405059337615967, -2.350010395050049, -2.294961452484131, -2.239912748336792, -2.184863805770874, -2.129814863204956, -2.074765920639038, -2.019717216491699, -1.9646682739257812, -1.9096193313598633, -1.8545705080032349, -1.7995216846466064, -1.7444727420806885, -1.6894237995147705, -1.634374976158142, -1.5793261528015137, -1.5242772102355957, -1.4692283868789673, -1.4141794443130493, -1.359130620956421, -1.304081678390503, -1.2490328550338745, -1.1939839124679565, -1.1389350891113281, -1.0838861465454102, -1.0288373231887817, -0.9737883806228638, -0.9187395572662354, -0.8636906147003174, -0.8086418509483337, -0.7535930275917053, -0.6985440850257874, -0.6434952616691589, -0.588446319103241, -0.5333974957466125, -0.4783485531806946, -0.42329972982406616, -0.3682507872581482, -0.3132019639015198, -0.2581530213356018, -0.2031041979789734, -0.14805525541305542, -0.093006432056427, -0.03795754909515381, 0.017091333866119385, 0.07214021682739258, 0.12718909978866577, 0.18223798274993896, 0.23728686571121216, 0.29233574867248535, 0.34738463163375854, 0.40243351459503174, 0.45748236775398254, 0.5125312805175781, 0.5675801038742065, 0.6226290464401245, 0.6776778697967529, 0.7327267527580261, 0.7877756357192993, 0.8428245186805725, 0.8978734016418457, 0.9529222846031189]}, "gradients/graph_25linear.3.weight": {"_type": "histogram", "values": [1.0, 0.0, 0.0, 0.0, 0.0, 0.0, 0.0, 0.0, 0.0, 0.0, 0.0, 0.0, 0.0, 0.0, 0.0, 0.0, 0.0, 0.0, 0.0, 0.0, 0.0, 0.0, 0.0, 0.0, 1.0, 0.0, 1.0, 0.0, 2.0, 0.0, 1.0, 0.0, 0.0, 0.0, 0.0, 3.0, 2.0, 1.0, 2.0, 3.0, 2.0, 0.0, 9.0, 6.0, 12.0, 12.0, 16286.0, 13.0, 9.0, 6.0, 5.0, 1.0, 0.0, 3.0, 2.0, 0.0, 0.0, 0.0, 0.0, 0.0, 0.0, 0.0, 0.0, 1.0], "bins": [-223.10952758789062, -218.33094787597656, -213.5523681640625, -208.77378845214844, -203.99520874023438, -199.21664428710938, -194.4380645751953, -189.65948486328125, -184.8809051513672, -180.10232543945312, -175.32374572753906, -170.545166015625, -165.7666015625, -160.98800659179688, -156.20944213867188, -151.4308624267578, -146.65228271484375, -141.8737030029297, -137.09512329101562, -132.31655883789062, -127.53797149658203, -122.75939178466797, -117.98081970214844, -113.20223999023438, -108.42366027832031, -103.64508056640625, -98.86650085449219, -94.08792114257812, -89.30935668945312, -84.53077697753906, -79.752197265625, -74.97361755371094, -70.19503021240234, -65.41645050048828, -60.63787078857422, -55.859291076660156, -51.080711364746094, -46.302146911621094, -41.52356719970703, -36.74498748779297, -31.966407775878906, -27.187828063964844, -22.40924835205078, -17.63067626953125, -12.852096557617188, -8.073516845703125, -3.2949447631835938, 1.4836349487304688, 6.262214660644531, 11.040794372558594, 15.819374084472656, 20.597946166992188, 25.37652587890625, 30.155105590820312, 34.93368148803711, 39.712257385253906, 44.49083709716797, 49.26941680908203, 54.04799270629883, 58.826568603515625, 63.60514831542969, 68.38372802734375, 73.16230773925781, 77.94087982177734, 82.7194595336914]}, "gradients/graph_25linear.0.bias": {"_type": "histogram", "values": [1.0, 0.0, 0.0, 0.0, 0.0, 0.0, 0.0, 2.0, 0.0, 0.0, 0.0, 0.0, 1.0, 1.0, 0.0, 0.0, 0.0, 0.0, 0.0, 0.0, 0.0, 0.0, 0.0, 0.0, 0.0, 0.0, 1.0, 0.0, 0.0, 1.0, 0.0, 0.0, 1.0, 0.0, 0.0, 2.0, 1.0, 0.0, 0.0, 0.0, 1.0, 1.0, 0.0, 0.0, 0.0, 0.0, 0.0, 0.0, 0.0, 0.0, 0.0, 1.0, 1.0, 0.0, 112.0, 0.0, 0.0, 0.0, 0.0, 0.0, 0.0, 0.0, 0.0, 1.0],