{"Linear loss": 8597.7724609375, "_timestamp": 1715767761.9049032, "_runtime": 176.9314670562744, "_step": 3619, "gradients/graph_7linear.5.bias": {"_type": "histogram", "values": [6.0, 0.0, 0.0, 4.0, 0.0, 0.0, 0.0, 0.0, 0.0, 0.0, 0.0, 0.0, 0.0, 0.0, 0.0, 0.0, 0.0, 0.0, 0.0, 0.0, 0.0, 0.0, 0.0, 0.0, 0.0, 0.0, 0.0, 0.0, 13.0, 0.0, 0.0, 2.0, 51.0, 0.0, 0.0, 14.0, 0.0, 0.0, 0.0, 0.0, 0.0, 0.0, 0.0, 0.0, 0.0, 0.0, 0.0, 0.0, 0.0, 0.0, 0.0, 0.0, 0.0, 0.0, 0.0, 0.0, 0.0, 0.0, 0.0, 0.0, 3.0, 0.0, 0.0, 3.0], "bins": [-200.0, -193.75, -187.5, -181.25, -175.0, -168.75, -162.5, -156.25, -150.0, -143.75, -137.5, -131.25, -125.0, -118.75, -112.5, -106.25, -100.0, -93.75, -87.5, -81.25, -75.0, -68.75, -62.5, -56.25, -50.0, -43.75, -37.5, -31.25, -25.0, -18.75, -12.5, -6.25, 0.0, 6.25, 12.5, 18.75, 25.0, 31.25, 37.5, 43.75, 50.0, 56.25, 62.5, 68.75, 75.0, 81.25, 87.5, 93.75, 100.0, 106.25, 112.5, 118.75, 125.0, 131.25, 137.5, 143.75, 150.0, 156.25, 162.5, 168.75, 175.0, 181.25, 187.5, 193.75, 200.0]}, "gradients/graph_7linear.5.weight": {"_type": "histogram", "values": [6.0, 0.0, 0.0, 4.0, 0.0, 0.0, 12.0, 0.0, 4.0, 10.0, 6.0, 4.0, 4.0, 0.0, 0.0, 6.0, 12.0, 20.0, 10.0, 14.0, 8.0, 12.0, 32.0, 28.0, 30.0, 44.0, 40.0, 30.0, 27.0, 72.0, 137.0, 428.0, 4714.0, 138.0, 68.0, 23.0, 18.0, 24.0, 27.0, 18.0, 18.0, 18.0, 6.0, 6.0, 9.0, 6.0, 12.0, 6.0, 3.0, 0.0, 0.0, 3.0, 3.0, 3.0, 6.0, 3.0, 0.0, 6.0, 0.0, 0.0, 3.0, 0.0, 0.0, 3.0], "bins": [-1088.0980224609375, -1054.094970703125, -1020.0919189453125, -986.0888671875, -952.0857543945312, -918.0827026367188, -884.0796508789062, -850.0765991210938, -816.073486328125, -782.0704345703125, -748.0673828125, -714.0643310546875, -680.061279296875, -646.0582275390625, -612.05517578125, -578.0520629882812, -544.0490112304688, -510.04595947265625, -476.04290771484375, -442.039794921875, -408.0367431640625, -374.03369140625, -340.0306396484375, -306.027587890625, -272.0245361328125, -238.02142333984375, -204.01837158203125, -170.01531982421875, -136.01226806640625, -102.00921630859375, -68.006103515625, -34.0030517578125, 0.0, 34.0030517578125, 68.006103515625, 102.00921630859375, 136.01226806640625, 170.01531982421875, 204.01837158203125, 238.02142333984375, 272.0245361328125, 306.027587890625, 340.0306396484375, 374.03369140625, 408.0367431640625, 442.039794921875, 476.04290771484375, 510.04595947265625, 544.0490112304688, 578.0520629882812, 612.05517578125, 646.0582275390625, 680.061279296875, 714.0643310546875, 748.0673828125, 782.0704345703125, 816.073486328125, 850.0765991210938, 884.0796508789062, 918.0827026367188, 952.0857543945312, 986.0888671875, 1020.0919189453125, 1054.094970703125, 1088.0980224609375]}, "gradients/graph_7linear.3.bias": {"_type": "histogram", "values": [1.0, 0.0, 0.0, 0.0, 0.0, 0.0, 0.0, 0.0, 0.0, 0.0, 1.0, 0.0, 1.0, 1.0, 2.0, 1.0, 0.0, 0.0, 0.0, 2.0, 1.0, 1.0, 0.0, 1.0, 0.0, 2.0, 2.0, 0.0, 1.0, 0.0, 1.0, 0.0, 0.0, 1.0, 1.0, 2.0, 2.0, 24.0, 2.0, 0.0, 0.0, 1.0, 1.0, 1.0, 2.0, 0.0, 0.0, 0.0, 0.0, 1.0, 0.0, 0.0, 1.0, 1.0, 2.0, 0.0, 0.0, 2.0, 0.0, 1.0, 0.0, 0.0, 0.0, 1.0], "bins": [-143.405029296875, -139.59226989746094, -135.77951049804688, -131.9667510986328, -128.15399169921875, -124.34123992919922, -120.52848052978516, -116.7157211303711, -112.90296936035156, -109.0902099609375, -105.27745056152344, -101.46469116210938, -97.65193176269531, -93.83917236328125, -90.02641296386719, -86.21366119384766, -82.4009017944336, -78.58814239501953, -74.77538299560547, -70.96263122558594, -67.14987182617188, -63.33711242675781, -59.52435302734375, -55.71159362792969, -51.898834228515625, -48.086082458496094, -44.27332305908203, -40.46056365966797, -36.647804260253906, -32.835044860839844, -29.022293090820312, -25.20953369140625, -21.39678192138672, -17.584022521972656, -13.771263122558594, -9.958511352539062, -6.145751953125, -2.3329925537109375, 1.479766845703125, 5.2925262451171875, 9.105278015136719, 12.918037414550781, 16.730796813964844, 20.543556213378906, 24.35631561279297, 28.16907501220703, 31.981826782226562, 35.794586181640625, 39.60734558105469, 43.42010498046875, 47.23286056518555, 51.04561996459961, 54.858375549316406, 58.67113494873047, 62.48389434814453, 66.29664611816406, 70.10940551757812, 73.92216491699219, 77.73492431640625, 81.54768371582031, 85.36044311523438, 89.17320251464844, 92.98595428466797, 96.79871368408203, 100.6114730834961]}, "gradients/graph_7linear.3.weight": {"_type": "histogram", "values": [1.0, 1.0, 0.0, 0.0, 0.0, 0.0, 0.0, 0.0, 0.0, 0.0, 1.0, 2.0, 3.0, 1.0, 4.0, 3.0, 3.0, 2.0, 1.0, 7.0, 6.0, 9.0, 6.0, 10.0, 15.0, 22.0, 19.0, 18.0, 16.0, 22.0, 18.0, 33.0, 24.0, 28.0, 21.0, 36.0, 60.0, 3439.0, 40.0, 21.0, 37.0, 25.0, 8.0, 15.0, 13.0, 15.0, 18.0, 11.0, 14.0, 15.0, 3.0, 7.0, 7.0, 3.0, 3.0, 2.0, 0.0, 4.0, 1.0, 1.0, 0.0, 0.0, 0.0, 2.0], "bins": [-695.5787353515625, -677.0851440429688, -658.591552734375, -640.0979614257812, -621.6043701171875, -603.11083984375, -584.6171875, -566.1236572265625, -547.6300659179688, -529.136474609375, -510.64288330078125, -492.1492919921875, -473.65570068359375, -455.162109375, -436.6685485839844, -418.1749572753906, -399.6813659667969, -381.1877746582031, -362.6941833496094, -344.20062255859375, -325.70703125, -307.21343994140625, -288.7198486328125, -270.22625732421875, -251.732666015625, -233.23910522460938, -214.74551391601562, -196.25192260742188, -177.75836181640625, -159.2647705078125, -140.77117919921875, -122.277587890625, -103.78396606445312, -85.29037475585938, -66.79678344726562, -48.303192138671875, -29.809600830078125, -11.3160400390625, 7.17755126953125, 25.671142578125, 44.164703369140625, 62.658294677734375, 81.15188598632812, 99.64547729492188, 118.13906860351562, 136.63265991210938, 155.126220703125, 173.61981201171875, 192.1134033203125, 210.60699462890625, 229.1005859375, 247.5941619873047, 266.0877380371094, 284.5813293457031, 303.0749206542969, 321.5684814453125, 340.06207275390625, 358.5556640625, 377.04925537109375, 395.5428466796875, 414.03643798828125, 432.530029296875, 451.0235900878906, 469.5171813964844, 488.0107727050781]}, "gradients/graph_7linear.0.bias": {"_type": "histogram", "values": [1.0, 0.0, 1.0, 0.0, 0.0, 0.0, 0.0, 0.0, 0.0, 1.0, 0.0, 1.0, 0.0, 0.0, 0.0, 0.0, 2.0, 0.0, 0.0, 0.0, 0.0, 0.0, 0.0, 2.0, 1.0, 0.0, 0.0, 1.0, 1.0, 0.0, 0.0, 0.0, 1.0, 1.0, 46.0, 0.0, 0.0, 0.0, 1.0, 0.0, 0.0, 1.0, 1.0, 0.0, 0.0, 0.0, 0.0, 0.0, 0.0, 0.0, 0.0, 0.0, 0.0, 0.0, 0.0, 0.0, 0.0, 0.0, 0.0, 0.0, 0.0, 0.0, 0.0, 2.0], "bins": [-207.52606201171875, -201.55416870117188, -195.582275390625, -189.61038208007812, -183.6385040283203, -177.66661071777344, -171.69471740722656, -165.7228240966797, -159.75094604492188, -153.779052734375, -147.80715942382812, -141.83526611328125, -135.86337280273438, -129.8914794921875, -123.91959381103516, -117.94770812988281, -111.97581481933594, -106.00392150878906, -100.03203582763672, -94.06014251708984, -88.0882568359375, -82.11636352539062, -76.14447021484375, -70.17257690429688, -64.20068359375, -58.22880554199219, -52.25691223144531, -46.28501892089844, -40.31312561035156, -34.34123229980469, -28.369354248046875, -22.3974609375, -16.425582885742188, -10.453689575195312, -4.4817962646484375, 1.490081787109375, 7.46197509765625, 13.433868408203125, 19.40576171875, 25.377655029296875, 31.349533081054688, 37.32142639160156, 43.29331970214844, 49.26521301269531, 55.23710632324219, 61.20899200439453, 67.1808853149414, 73.15277099609375, 79.12466430664062, 85.0965576171875, 91.06844329833984, 97.04033660888672, 103.01222229003906, 108.98411560058594, 114.95600891113281, 120.92790222167969, 126.89978790283203, 132.87167358398438, 138.84356689453125, 144.81546020507812, 150.787353515625, 156.75924682617188, 162.7311248779297, 168.70301818847656, 174.67491149902344]}, "gradients/graph_7linear.0.weight": {"_type": "histogram",