{"gradients/graph_1linear.5.bias": {"_type": "histogram", "values": [7.0, 5.0, 6.0, 4.0, 2.0, 2.0, 1.0, 4.0, 1.0, 0.0, 6.0, 17.0, 1.0, 0.0, 0.0, 0.0, 0.0, 0.0, 0.0, 0.0, 0.0, 0.0, 0.0, 0.0, 0.0, 0.0, 0.0, 2.0, 4.0, 1.0, 2.0, 0.0, 3.0, 9.0, 3.0, 0.0, 0.0, 0.0, 0.0, 0.0, 0.0, 0.0, 0.0, 0.0, 0.0, 0.0, 0.0, 0.0, 0.0, 0.0, 0.0, 0.0, 0.0, 1.0, 1.0, 0.0, 0.0, 0.0, 0.0, 3.0, 4.0, 2.0, 1.0, 4.0], "bins": [-1.0045042037963867, -0.9722064733505249, -0.9399088025093079, -0.907611072063446, -0.875313401222229, -0.8430156707763672, -0.8107179403305054, -0.7784202694892883, -0.7461225986480713, -0.7138248682022095, -0.6815271377563477, -0.6492294669151306, -0.6169317364692688, -0.5846340656280518, -0.5523363351821899, -0.5200386047363281, -0.4877409338951111, -0.45544320344924927, -0.4231455326080322, -0.3908478021621704, -0.35855013132095337, -0.32625240087509155, -0.2939547300338745, -0.2616569995880127, -0.22935926914215088, -0.19706159830093384, -0.16476386785507202, -0.13246619701385498, -0.10016846656799316, -0.06787079572677612, -0.03557306528091431, -0.0032753944396972656, 0.02902233600616455, 0.06132006645202637, 0.09361773729324341, 0.12591546773910522, 0.15821313858032227, 0.19051086902618408, 0.22280853986740112, 0.25510627031326294, 0.28740394115448, 0.3197016716003418, 0.3519994020462036, 0.38429707288742065, 0.41659480333328247, 0.4488924741744995, 0.48119020462036133, 0.5134878754615784, 0.5457856059074402, 0.5780832767486572, 0.610381007194519, 0.6426787376403809, 0.6749764084815979, 0.7072741389274597, 0.7395718097686768, 0.7718695402145386, 0.8041672706604004, 0.8364649415016174, 0.8687626123428345, 0.9010603427886963, 0.9333580732345581, 0.9656557440757751, 0.997953474521637, 1.030251145362854, 1.0625488758087158]}, "_timestamp": 1715845348.418261, "gradients/graph_1linear.5.weight": {"_type": "histogram", "values": [7.0, 5.0, 6.0, 4.0, 9.0, 10.0, 32.0, 49.0, 54.0, 60.0, 66.0, 100.0, 120.0, 113.0, 161.0, 158.0, 256.0, 188.0, 301.0, 204.0, 255.0, 368.0, 224.0, 332.0, 381.0, 298.0, 412.0, 322.0, 371.0, 392.0, 893.0, 4053.0, 542.0, 182.0, 74.0, 89.0, 88.0, 68.0, 102.0, 72.0, 58.0, 92.0, 82.0, 36.0, 63.0, 86.0, 43.0, 48.0, 39.0, 80.0, 24.0, 55.0, 29.0, 28.0, 38.0, 19.0, 16.0, 13.0, 1.0, 6.0, 4.0, 2.0, 1.0, 4.0], "bins": [-3.9692366123199463, -3.841614246368408, -3.71399188041687, -3.586369514465332, -3.458746910095215, -3.331124782562256, -3.2035021781921387, -3.0758798122406006, -2.9482574462890625, -2.8206350803375244, -2.6930127143859863, -2.565390110015869, -2.43776798248291, -2.310145378112793, -2.182523012161255, -2.054900646209717, -1.9272782802581787, -1.7996559143066406, -1.6720335483551025, -1.5444111824035645, -1.4167888164520264, -1.2891662120819092, -1.161543846130371, -1.033921480178833, -0.9062991142272949, -0.7786767482757568, -0.6510543823242188, -0.5234320163726807, -0.3958094120025635, -0.2681870460510254, -0.1405646800994873, -0.012942314147949219, 0.11467981338500977, 0.24230217933654785, 0.36992454528808594, 0.497546911239624, 0.6251692771911621, 0.7527918815612793, 0.8804142475128174, 1.0080366134643555, 1.1356589794158936, 1.2632813453674316, 1.3909037113189697, 1.5185260772705078, 1.646148681640625, 1.773771047592163, 1.9013934135437012, 2.0290157794952393, 2.1566381454467773, 2.2842605113983154, 2.4118828773498535, 2.5395054817199707, 2.6671276092529297, 2.794750213623047, 2.922372579574585, 3.049994945526123, 3.177617311477661, 3.305239677429199, 3.4328620433807373, 3.5604844093322754, 3.6881070137023926, 3.8157293796539307, 3.9433517456054688, 4.070973873138428, 4.198596477508545]}, "gradients/graph_1linear.3.bias": {"_type": "histogram", "values": [1.0, 1.0, 0.0, 0.0, 1.0, 0.0, 0.0, 1.0, 3.0, 1.0, 1.0, 0.0, 7.0, 2.0, 2.0, 3.0, 5.0, 2.0, 4.0, 3.0, 3.0, 2.0, 2.0, 2.0, 6.0, 6.0, 4.0, 1.0, 1.0, 3.0, 2.0, 0.0, 4.0, 1.0, 3.0, 2.0, 2.0, 2.0, 3.0, 0.0, 0.0, 2.0, 3.0, 0.0, 0.0, 1.0, 0.0, 2.0, 0.0, 0.0, 0.0, 0.0, 0.0, 0.0, 0.0, 1.0, 0.0, 1.0, 0.0, 31.0, 0.0, 0.0, 0.0, 1.0], "bins": [-2.729097843170166, -2.6829495429992676, -2.6368014812469482, -2.59065318107605, -2.5445048809051514, -2.498356580734253, -2.4522085189819336, -2.406060218811035, -2.3599119186401367, -2.3137636184692383, -2.267615556716919, -2.2214672565460205, -2.175319194793701, -2.1291708946228027, -2.0830225944519043, -2.036874294281006, -1.990726113319397, -1.944577932357788, -1.8984296321868896, -1.8522813320159912, -1.8061331510543823, -1.7599849700927734, -1.713836669921875, -1.6676884889602661, -1.6215403079986572, -1.5753920078277588, -1.52924382686615, -1.4830955266952515, -1.4369473457336426, -1.3907990455627441, -1.3446508646011353, -1.2985025644302368, -1.252354383468628, -1.206206202507019, -1.1600579023361206, -1.1139097213745117, -1.0677614212036133, -1.0216132402420044, -0.975464940071106, -0.9293167591094971, -0.8831684589385986, -0.8370202779769897, -0.7908720970153809, -0.7447237968444824, -0.6985756158828735, -0.6524274349212646, -0.6062791347503662, -0.5601309537887573, -0.5139826536178589, -0.4678344428539276, -0.42168620228767395, -0.3755379617214203, -0.3293897211551666, -0.28324154019355774, -0.23709329962730408, -0.19094505906105042, -0.14479681849479675, -0.09864857792854309, -0.05250033736228943, -0.006352126598358154, 0.03979611396789551, 0.08594435453414917, 0.13209258019924164, 0.1782408058643341, 0.22438904643058777]}, "gradients/graph_1linear.3.weight": {"_type": "histogram", "values": [1.0, 2.0, 1.0, 0.0, 2.0, 1.0, 1.0, 2.0, 6.0, 6.0, 4.0, 3.0, 12.0, 15.0, 10.0, 10.0, 27.0, 13.0, 20.0, 36.0, 25.0, 27.0, 34.0, 37.0, 39.0, 57.0, 40.0, 51.0, 47.0, 55.0, 53.0, 48.0, 57.0, 62.0, 60.0, 70.0, 72.0, 61.0, 74.0, 85.0, 102.0, 93.0, 85.0, 97.0, 96.0, 101.0, 94.0, 86.0, 88.0, 80.0, 64.0, 54.0, 73.0, 67.0, 59.0, 44.0, 30.0, 117.0, 124.0, 13579.0, 4.0, 9.0, 6.0, 6.0], "bins": [-17.580224990844727, -17.282949447631836, -16.985671997070312, -16.688396453857422, -16.3911190032959, -16.093843460083008, -15.7965669631958, -15.499290466308594, -15.202013969421387, -14.90473747253418, -14.607460975646973, -14.310184478759766, -14.012908935546875, -13.715631484985352, -13.418355941772461, -13.121079444885254, -12.823802947998047, -12.52652645111084, -12.229249954223633, -11.931974411010742, -11.634696960449219, -11.337421417236328, -11.040144920349121, -10.742868423461914, -10.445591926574707, -10.1483154296875, -9.851038932800293, -9.553762435913086, -9.256486892700195, -8.959210395812988, -8.661933898925781, -8.364657402038574, -8.067380905151367, -7.77010440826416, -7.472827911376953, -7.175551414489746, -6.878274917602539, -6.580999374389648, -6.283722877502441, -5.986446380615234, -5.689169883728027, -5.39189338684082, -5.094616889953613, -4.797341346740723, -4.500064849853516, -4.202788352966309, -3.9055120944976807, -3.6082355976104736, -3.3109591007232666, -3.0136826038360596, -2.7164061069488525, -2.4191300868988037, -2.1218535900115967, -1.8245770931243896, -1.5273008346557617, -1.2300245761871338, -0.9327480792999268, -0.6354715824127197, -0.3381953239440918, -0.040918946266174316, 0.25635743141174316, 0.5536338090896606, 0.8509101867675781, 1.1481865644454956, 1.445462942123413]}, "gradients/graph_1linear.0.bias": {"_type": "histogram", "values": [1.0, 1.0, 0.0, 0.0, 0.0, 0.0, 0.0, 1.0, 0.0, 0.0, 0.0, 0.0, 0.0, 0.0, 2.0, 1.0, 2.0, 0.0, 1.0, 1.0, 0.0, 0.0, 0.0, 0.0, 2.0, 5.0, 1.0, 1.0, 2.0, 0.0, 0.0, 3.0, 1.0, 0.0, 1.0, 1.0, 0.0, 0.0, 0.0, 0.0, 1.0, 0.0, 0.0, 0.0, 0.0, 0.0, 0.0, 0.0, 0.0, 0.0, 1.0, 0.0, 0.0, 0.0, 0.0, 0.0, 0.0, 0.0, 0.0, 0.0, 0.0, 0.0, 0.0, 99.0],