{"Linear loss": 14384.923828125, "_timestamp": 1715775810.7029667, "_runtime": 197.00963163375854, "_step": 7319, "gradients/graph_36linear.5.bias": {"_type": "histogram", "values": [2.0, 0.0, 0.0, 2.0, 0.0, 0.0, 0.0, 0.0, 0.0, 0.0, 0.0, 0.0, 0.0, 0.0, 0.0, 0.0, 0.0, 0.0, 0.0, 0.0, 0.0, 0.0, 0.0, 0.0, 0.0, 0.0, 0.0, 0.0, 16.0, 0.0, 2.0, 38.0, 3.0, 0.0, 2.0, 13.0, 0.0, 0.0, 0.0, 0.0, 0.0, 0.0, 0.0, 0.0, 0.0, 0.0, 0.0, 0.0, 0.0, 0.0, 0.0, 0.0, 0.0, 0.0, 0.0, 0.0, 0.0, 0.0, 0.0, 0.0, 5.0, 0.0, 0.0, 13.0], "bins": [-199.11764526367188, -192.88143920898438, -186.6452178955078, -180.4090118408203, -174.17279052734375, -167.93658447265625, -161.7003631591797, -155.4641571044922, -149.22793579101562, -142.99172973632812, -136.75550842285156, -130.51930236816406, -124.28308868408203, -118.046875, -111.81066131591797, -105.57444763183594, -99.3382339477539, -93.10202026367188, -86.86580657958984, -80.62959289550781, -74.39337921142578, -68.15716552734375, -61.92095947265625, -55.68473815917969, -49.44853210449219, -43.212310791015625, -36.976104736328125, -30.739883422851562, -24.503677368164062, -18.2674560546875, -12.03125, -5.7950286865234375, 0.4411773681640625, 6.6773834228515625, 12.913604736328125, 19.149810791015625, 25.386032104492188, 31.622238159179688, 37.85845947265625, 44.09466552734375, 50.33088684082031, 56.56709289550781, 62.803314208984375, 69.03952026367188, 75.2757339477539, 81.51194763183594, 87.74816131591797, 93.984375, 100.22058868408203, 106.45680236816406, 112.6930160522461, 118.92922973632812, 125.16544342041016, 131.4016571044922, 137.6378631591797, 143.87408447265625, 150.11029052734375, 156.3465118408203, 162.5827178955078, 168.81893920898438, 175.05514526367188, 181.29136657714844, 187.52757263183594, 193.7637939453125, 200.0]}, "gradients/graph_36linear.5.weight": {"_type": "histogram", "values": [2.0, 2.0, 2.0, 2.0, 4.0, 4.0, 0.0, 4.0, 2.0, 0.0, 2.0, 0.0, 6.0, 4.0, 8.0, 2.0, 4.0, 6.0, 12.0, 4.0, 2.0, 0.0, 2.0, 2.0, 0.0, 0.0, 0.0, 0.0, 27.0, 106.0, 177.0, 1974.0, 88.0, 173.0, 91.0, 18.0, 0.0, 0.0, 0.0, 0.0, 5.0, 13.0, 0.0, 10.0, 21.0, 33.0, 49.0, 13.0, 5.0, 20.0, 26.0, 39.0, 0.0, 5.0, 0.0, 13.0, 10.0, 0.0, 18.0, 18.0, 6.0, 12.0, 13.0, 13.0], "bins": [-527.7586059570312, -511.2296142578125, -494.70062255859375, -478.1716003417969, -461.6426086425781, -445.1136169433594, -428.5845947265625, -412.05560302734375, -395.526611328125, -378.99761962890625, -362.4686279296875, -345.9396057128906, -329.4106140136719, -312.8816223144531, -296.35260009765625, -279.8236083984375, -263.29461669921875, -246.765625, -230.23663330078125, -213.70761108398438, -197.17861938476562, -180.64962768554688, -164.12060546875, -147.59161376953125, -131.0626220703125, -114.53363037109375, -98.004638671875, -81.47561645507812, -64.94662475585938, -48.417633056640625, -31.88861083984375, -15.359619140625, 1.1693115234375, 17.69830322265625, 34.227294921875, 50.756317138671875, 67.28530883789062, 83.81430053710938, 100.34332275390625, 116.872314453125, 133.40130615234375, 149.9302978515625, 166.45928955078125, 182.98831176757812, 199.51730346679688, 216.04629516601562, 232.5753173828125, 249.10430908203125, 265.63330078125, 282.16229248046875, 298.6912841796875, 315.2203063964844, 331.7492980957031, 348.2782897949219, 364.80731201171875, 381.3363037109375, 397.86529541015625, 414.394287109375, 430.92327880859375, 447.4523010253906, 463.9812927246094, 480.5102844238281, 497.039306640625, 513.5682983398438, 530.0972900390625]}, "gradients/graph_36linear.3.bias": {"_type": "histogram", "values": [1.0, 2.0, 0.0, 0.0, 0.0, 2.0, 0.0, 1.0, 0.0, 0.0, 0.0, 0.0, 1.0, 0.0, 0.0, 0.0, 1.0, 1.0, 0.0, 0.0, 0.0, 1.0, 0.0, 0.0, 0.0, 0.0, 0.0, 0.0, 0.0, 0.0, 0.0, 0.0, 1.0, 1.0, 0.0, 0.0, 0.0, 0.0, 0.0, 0.0, 0.0, 0.0, 0.0, 2.0, 0.0, 0.0, 0.0, 1.0, 0.0, 0.0, 1.0, 0.0, 0.0, 0.0, 0.0, 0.0, 1.0, 0.0, 0.0, 0.0, 0.0, 1.0, 13.0, 1.0], "bins": [-297.627685546875, -292.8951416015625, -288.1625671386719, -283.4300231933594, -278.69744873046875, -273.96490478515625, -269.2323303222656, -264.4997863769531, -259.7672119140625, -255.03466796875, -250.30209350585938, -245.56954956054688, -240.8369903564453, -236.10443115234375, -231.3718719482422, -226.63931274414062, -221.90675354003906, -217.1741943359375, -212.44163513183594, -207.70907592773438, -202.9765167236328, -198.24395751953125, -193.51141357421875, -188.77883911132812, -184.04629516601562, -179.313720703125, -174.5811767578125, -169.84860229492188, -165.11605834960938, -160.3834991455078, -155.65093994140625, -150.9183807373047, -146.1858367919922, -141.45327758789062, -136.72071838378906, -131.9881591796875, -127.25559997558594, -122.5230484008789, -117.79048919677734, -113.05792999267578, -108.32537078857422, -103.59281158447266, -98.8602523803711, -94.12769317626953, -89.3951416015625, -84.66258239746094, -79.93002319335938, -75.19746398925781, -70.46490478515625, -65.73234558105469, -60.999786376953125, -56.26723098754883, -51.534671783447266, -46.8021125793457, -42.069557189941406, -37.336997985839844, -32.60443878173828, -27.87187957763672, -23.13932228088379, -18.40676498413086, -13.674205780029297, -8.94164752960205, -4.209089279174805, 0.5234689712524414, 5.2560272216796875]}, "gradients/graph_36linear.3.weight": {"_type": "histogram", "values": [1.0, 2.0, 0.0, 0.0, 0.0, 2.0, 0.0, 1.0, 0.0, 0.0, 0.0, 0.0, 1.0, 0.0, 0.0, 0.0, 1.0, 1.0, 0.0, 0.0, 0.0, 1.0, 0.0, 0.0, 0.0, 0.0, 0.0, 0.0, 0.0, 0.0, 0.0, 0.0, 1.0, 1.0, 0.0, 0.0, 0.0, 0.0, 0.0, 0.0, 0.0, 0.0, 0.0, 2.0, 0.0, 0.0, 0.0, 1.0, 0.0, 0.0, 1.0, 0.0, 0.0, 0.0, 0.0, 0.0, 1.0, 0.0, 0.0, 0.0, 0.0, 1.0, 1005.0, 1.0], "bins": [-3399.591064453125, -3345.534423828125, -3291.477783203125, -3237.421142578125, -3183.3642578125, -3129.3076171875, -3075.2509765625, -3021.1943359375, -2967.1376953125, -2913.0810546875, -2859.0244140625, -2804.9677734375, -2750.9111328125, -2696.8544921875, -2642.797607421875, -2588.740966796875, -2534.684326171875, -2480.627685546875, -2426.571044921875, -2372.51416015625, -2318.45751953125, -2264.40087890625, -2210.34423828125, -2156.28759765625, -2102.23095703125, -2048.17431640625, -1994.11767578125, -1940.0609130859375, -1886.0042724609375, -1831.9476318359375, -1777.890869140625, -1723.834228515625, -1669.777587890625, -1615.720947265625, -1561.664306640625, -1507.6075439453125, -1453.5509033203125, -1399.4942626953125, -1345.4375, -1291.380859375, -1237.32421875, -1183.267578125, -1129.2109375, -1075.1541748046875, -1021.0975341796875, -967.0408935546875, -912.9841918945312, -858.927490234375, -804.870849609375, -750.814208984375, -696.7575073242188, -642.7008056640625, -588.6441650390625, -534.5875244140625, -480.53082275390625, -426.4741516113281, -372.41748046875, -318.3608093261719, -264.30413818359375, -210.24746704101562, -156.1907958984375, -102.13412475585938, -48.077449798583984, 5.979221343994141, 60.035892486572266]}, "gradients/graph_36linear.0.bias": {"_type": "histogram", "values": [1.0, 0.0, 0.0, 0.0, 0.0, 0.0, 0.0, 0.0, 0.0, 0.0, 0.0, 0.0, 0.0, 0.0, 0.0, 0.0, 0.0, 0.0, 0.0, 0.0, 0.0, 0.0, 0.0, 0.0, 0.0, 0.0, 0.0, 0.0, 0.0, 0.0, 0.0, 0.0, 0.0, 0.0, 0.0, 0.0, 0.0, 0.0, 0.0, 0.0, 0.0, 0.0, 0.0, 0.0, 0.0, 0.0, 0.0, 0.0, 0.0, 0.0, 0.0, 0.0, 0.0, 0.0, 0.0, 0.0, 0.0, 0.0, 0.0, 0.0, 0.0, 0.0, 0.0, 31.0],