{"Linear loss": 11879.0361328125, "_timestamp": 1715762379.2764914, "_runtime": 6.48570442199707, "_step": 101, "Regret": 0.20652848761530343, "gradients/graph_5linear.5.bias": {"_type": "histogram", "values": [6.0, 1.0, 0.0, 3.0, 0.0, 0.0, 0.0, 0.0, 0.0, 0.0, 0.0, 0.0, 0.0, 0.0, 0.0, 0.0, 0.0, 0.0, 0.0, 0.0, 0.0, 0.0, 0.0, 0.0, 0.0, 0.0, 0.0, 0.0, 11.0, 0.0, 0.0, 4.0, 59.0, 3.0, 3.0, 16.0, 0.0, 0.0, 0.0, 0.0, 0.0, 0.0, 0.0, 0.0, 0.0, 0.0, 0.0, 0.0, 0.0, 0.0, 0.0, 0.0, 0.0, 0.0, 0.0, 0.0, 0.0, 0.0, 0.0, 0.0, 0.0, 10.0, 2.0, 2.0], "bins": [-200.0, -193.75, -187.5, -181.25, -175.0, -168.75, -162.5, -156.25, -150.0, -143.75, -137.5, -131.25, -125.0, -118.75, -112.5, -106.25, -100.0, -93.75, -87.5, -81.25, -75.0, -68.75, -62.5, -56.25, -50.0, -43.75, -37.5, -31.25, -25.0, -18.75, -12.5, -6.25, 0.0, 6.25, 12.5, 18.75, 25.0, 31.25, 37.5, 43.75, 50.0, 56.25, 62.5, 68.75, 75.0, 81.25, 87.5, 93.75, 100.0, 106.25, 112.5, 118.75, 125.0, 131.25, 137.5, 143.75, 150.0, 156.25, 162.5, 168.75, 175.0, 181.25, 187.5, 193.75, 200.0]}, "gradients/graph_5linear.5.weight": {"_type": "histogram", "values": [6.0, 1.0, 0.0, 3.0, 0.0, 0.0, 22.0, 12.0, 17.0, 11.0, 2.0, 23.0, 8.0, 24.0, 14.0, 23.0, 13.0, 15.0, 26.0, 10.0, 12.0, 8.0, 0.0, 13.0, 17.0, 17.0, 13.0, 17.0, 14.0, 120.0, 154.0, 235.0, 5874.0, 292.0, 186.0, 26.0, 18.0, 14.0, 28.0, 38.0, 4.0, 0.0, 22.0, 6.0, 32.0, 22.0, 14.0, 42.0, 16.0, 34.0, 21.0, 23.0, 16.0, 12.0, 15.0, 43.0, 10.0, 8.0, 0.0, 0.0, 0.0, 10.0, 2.0, 2.0], "bins": [-754.0543823242188, -730.4901733398438, -706.9259643554688, -683.36181640625, -659.797607421875, -636.2333984375, -612.669189453125, -589.10498046875, -565.540771484375, -541.9765625, -518.412353515625, -494.8481750488281, -471.28399658203125, -447.71978759765625, -424.15557861328125, -400.5914001464844, -377.0271911621094, -353.4629821777344, -329.8988037109375, -306.3345947265625, -282.7703857421875, -259.2062072753906, -235.6419677734375, -212.07781982421875, -188.51361083984375, -164.94940185546875, -141.38519287109375, -117.82098388671875, -94.25677490234375, -70.692626953125, -47.12841796875, -23.564208984375, 0.0, 23.564208984375, 47.12841796875, 70.692626953125, 94.25677490234375, 117.82098388671875, 141.38519287109375, 164.94940185546875, 188.51361083984375, 212.07781982421875, 235.6419677734375, 259.2062072753906, 282.7703857421875, 306.3345947265625, 329.8988037109375, 353.4629821777344, 377.0271911621094, 400.5914001464844, 424.15557861328125, 447.71978759765625, 471.28399658203125, 494.8481750488281, 518.412353515625, 541.9765625, 565.540771484375, 589.10498046875, 612.669189453125, 636.2333984375, 659.797607421875, 683.36181640625, 706.9259643554688, 730.4901733398438, 754.0543823242188]}, "gradients/graph_5linear.3.bias": {"_type": "histogram", "values": [2.0, 0.0, 1.0, 0.0, 0.0, 0.0, 1.0, 1.0, 0.0, 0.0, 0.0, 0.0, 1.0, 0.0, 0.0, 2.0, 1.0, 0.0, 2.0, 1.0, 0.0, 1.0, 1.0, 0.0, 1.0, 1.0, 0.0, 2.0, 30.0, 1.0, 0.0, 2.0, 1.0, 1.0, 1.0, 1.0, 1.0, 0.0, 3.0, 1.0, 2.0, 1.0, 0.0, 0.0, 0.0, 0.0, 0.0, 0.0, 0.0, 0.0, 0.0, 0.0, 0.0, 0.0, 0.0, 0.0, 0.0, 0.0, 0.0, 0.0, 0.0, 0.0, 0.0, 1.0], "bins": [-123.01972961425781, -118.770263671875, -114.52080535888672, -110.2713394165039, -106.02188110351562, -101.77241516113281, -97.52294921875, -93.27348327636719, -89.0240249633789, -84.77456665039062, -80.52510070800781, -76.275634765625, -72.02616882324219, -67.7767105102539, -63.527244567871094, -59.27778244018555, -55.0283203125, -50.77885437011719, -46.529396057128906, -42.279930114746094, -38.03047180175781, -33.781005859375, -29.531539916992188, -25.282081604003906, -21.032615661621094, -16.78314971923828, -12.53369140625, -8.284225463867188, -4.034759521484375, 0.21469879150390625, 4.464164733886719, 8.713623046875, 12.963104248046875, 17.212570190429688, 21.46202850341797, 25.71149444580078, 29.960952758789062, 34.210418701171875, 38.45988464355469, 42.70934295654297, 46.95880889892578, 51.208274841308594, 55.457733154296875, 59.70719909667969, 63.9566650390625, 68.20612335205078, 72.4555892944336, 76.70504760742188, 80.95451354980469, 85.2039794921875, 89.45343780517578, 93.7029037475586, 97.95236206054688, 102.20182800292969, 106.4512939453125, 110.70075988769531, 114.9502182006836, 119.19967651367188, 123.44914245605469, 127.6986083984375, 131.9480743408203, 136.19754028320312, 140.44699096679688, 144.6964569091797, 148.9459228515625]}, "gradients/graph_5linear.3.weight": {"_type": "histogram", "values": [2.0, 2.0, 3.0, 3.0, 3.0, 3.0, 8.0, 7.0, 7.0, 5.0, 1.0, 8.0, 6.0, 3.0, 2.0, 6.0, 12.0, 6.0, 16.0, 16.0, 13.0, 18.0, 13.0, 11.0, 21.0, 22.0, 26.0, 37.0, 3544.0, 40.0, 37.0, 31.0, 27.0, 18.0, 18.0, 8.0, 25.0, 23.0, 14.0, 9.0, 7.0, 3.0, 0.0, 0.0, 0.0, 0.0, 0.0, 0.0, 0.0, 1.0, 0.0, 0.0, 0.0, 0.0, 1.0, 2.0, 2.0, 1.0, 0.0, 2.0, 0.0, 1.0, 1.0, 1.0], "bins": [-523.1229248046875, -505.052734375, -486.9825134277344, -468.91229248046875, -450.84210205078125, -432.77191162109375, -414.7016906738281, -396.6314697265625, -378.561279296875, -360.4910888671875, -342.4208679199219, -324.35064697265625, -306.28045654296875, -288.21026611328125, -270.1400451660156, -252.06982421875, -233.9996337890625, -215.929443359375, -197.85922241210938, -179.78900146484375, -161.71881103515625, -143.64862060546875, -125.57839965820312, -107.5081787109375, -89.43798828125, -71.3677978515625, -53.297576904296875, -35.22735595703125, -17.15716552734375, 0.91302490234375, 18.9832763671875, 37.053466796875, 55.12359619140625, 73.19378662109375, 91.26397705078125, 109.334228515625, 127.4044189453125, 145.474609375, 163.54483032226562, 181.61505126953125, 199.68524169921875, 217.75543212890625, 235.82565307617188, 253.8958740234375, 271.966064453125, 290.0362548828125, 308.1064758300781, 326.17669677734375, 344.24688720703125, 362.31707763671875, 380.3872985839844, 398.45751953125, 416.5277099609375, 434.597900390625, 452.6681213378906, 470.73834228515625, 488.80853271484375, 506.87872314453125, 524.948974609375, 543.0191650390625, 561.08935546875, 579.1595458984375, 597.229736328125, 615.2999877929688, 633.3701782226562]}, "gradients/graph_5linear.0.bias": {"_type": "histogram", "values": [3.0, 0.0, 1.0, 0.0, 0.0, 0.0, 2.0, 0.0, 1.0, 1.0, 0.0, 0.0, 1.0, 0.0, 0.0, 0.0, 0.0, 0.0, 0.0, 0.0, 0.0, 0.0, 1.0, 1.0, 0.0, 0.0, 0.0, 0.0, 0.0, 0.0, 1.0, 1.0, 0.0, 0.0, 47.0, 0.0, 0.0, 0.0, 0.0, 0.0, 0.0, 0.0, 0.0, 1.0, 0.0, 0.0, 0.0, 0.0, 1.0, 0.0, 0.0, 0.0, 0.0, 0.0, 0.0, 0.0, 0.0, 0.0, 0.0, 0.0, 0.0, 1.0, 0.0, 1.0], "bins": [-61.6812744140625, -59.91617202758789, -58.15106964111328, -56.38596725463867, -54.62086486816406, -52.85575866699219, -51.09065628051758, -49.32555389404297, -47.56045150756836, -45.79534912109375, -44.03024673461914, -42.26514434814453, -40.500038146972656, -38.73493957519531, -36.96983337402344, -35.20473098754883, -33.43962860107422, -31.67452621459961, -29.909423828125, -28.14432144165039, -26.37921905517578, -24.614112854003906, -22.849010467529297, -21.083908081054688, -19.318805694580078, -17.55370330810547, -15.78860092163086, -14.02349853515625, -12.258392333984375, -10.493289947509766, -8.728187561035156, -6.963085174560547, -5.1979827880859375, -3.432880401611328, -1.6677780151367188, 0.09732437133789062, 1.8624267578125, 3.627532958984375, 5.392635345458984, 7.157737731933594, 8.922840118408203, 10.687942504882812, 12.453044891357422, 14.218147277832031, 15.983253479003906, 17.748355865478516, 19.513458251953125, 21.278560638427734, 23.043663024902344, 24.808765411376953, 26.573867797851562, 28.338972091674805, 30.104074478149414, 31.869176864624023, 33.634281158447266, 35.399383544921875, 37.164485931396484, 38.929588317871094, 40.6946907043457, 42.45979309082031, 44.22489929199219, 45.9900016784668, 47.755104064941406, 49.520206451416016, 51.285308837890625]}, "gradients/graph_5linear.0.weight": {"_type": "histogram",