{"gradients/graph_22linear.5.bias": {"_type": "histogram", "values": [4.0, 3.0, 3.0, 3.0, 6.0, 6.0, 2.0, 0.0, 0.0, 0.0, 9.0, 5.0, 9.0, 3.0, 1.0, 0.0, 0.0, 0.0, 0.0, 0.0, 0.0, 3.0, 3.0, 1.0, 4.0, 2.0, 0.0, 0.0, 1.0, 0.0, 1.0, 1.0, 2.0, 0.0, 1.0, 1.0, 1.0, 0.0, 1.0, 0.0, 3.0, 0.0, 0.0, 0.0, 0.0, 0.0, 0.0, 0.0, 0.0, 2.0, 0.0, 0.0, 0.0, 2.0, 1.0, 1.0, 2.0, 0.0, 1.0, 3.0, 3.0, 1.0, 0.0, 1.0], "bins": [-0.9784547090530396, -0.9465512633323669, -0.9146478176116943, -0.8827443718910217, -0.8508409261703491, -0.8189374208450317, -0.7870339751243591, -0.7551305294036865, -0.7232270836830139, -0.6913236379623413, -0.6594201922416687, -0.6275167465209961, -0.5956132411956787, -0.5637098550796509, -0.5318063497543335, -0.4999029040336609, -0.4679994583129883, -0.4360960125923157, -0.40419256687164307, -0.37228912115097046, -0.34038567543029785, -0.30848217010498047, -0.27657872438430786, -0.24467527866363525, -0.21277183294296265, -0.18086838722229004, -0.14896494150161743, -0.11706149578094482, -0.08515799045562744, -0.053254544734954834, -0.021351099014282227, 0.01055234670639038, 0.04245579242706299, 0.0743592381477356, 0.1062626838684082, 0.1381661295890808, 0.17006957530975342, 0.2019730806350708, 0.2338765263557434, 0.265779972076416, 0.2976834177970886, 0.32958686351776123, 0.36149030923843384, 0.39339375495910645, 0.42529726028442383, 0.45720070600509644, 0.48910415172576904, 0.5210075974464417, 0.5529110431671143, 0.5848144888877869, 0.6167179346084595, 0.6486214399337769, 0.6805248260498047, 0.7124283313751221, 0.7443317770957947, 0.7762352228164673, 0.8081386685371399, 0.8400421142578125, 0.8719455599784851, 0.9038490056991577, 0.9357525110244751, 0.9676559567451477, 0.9995594024658203, 1.0314627885818481, 1.0633662939071655]}, "_timestamp": 1715780705.3076193, "gradients/graph_22linear.5.weight": {"_type": "histogram", "values": [4.0, 4.0, 9.0, 6.0, 8.0, 20.0, 22.0, 15.0, 20.0, 33.0, 31.0, 36.0, 33.0, 39.0, 35.0, 57.0, 64.0, 55.0, 35.0, 29.0, 71.0, 49.0, 59.0, 92.0, 98.0, 123.0, 133.0, 90.0, 113.0, 147.0, 937.0, 98.0, 57.0, 31.0, 40.0, 36.0, 28.0, 40.0, 35.0, 11.0, 20.0, 11.0, 17.0, 17.0, 7.0, 14.0, 14.0, 10.0, 10.0, 11.0, 10.0, 15.0, 11.0, 11.0, 11.0, 13.0, 6.0, 3.0, 4.0, 8.0, 3.0, 1.0, 1.0, 1.0], "bins": [-5.7165727615356445, -5.530178546905518, -5.343784332275391, -5.1573896408081055, -4.9709954261779785, -4.784601211547852, -4.598206520080566, -4.4118123054504395, -4.2254180908203125, -4.0390238761901855, -3.8526294231414795, -3.6662349700927734, -3.4798407554626465, -3.2934465408325195, -3.1070520877838135, -2.9206576347351074, -2.7342634201049805, -2.5478692054748535, -2.3614747524261475, -2.1750802993774414, -1.9886860847473145, -1.8022918701171875, -1.6158971786499023, -1.4295029640197754, -1.2431087493896484, -1.0567145347595215, -0.8703203201293945, -0.6839256286621094, -0.4975314140319824, -0.31113719940185547, -0.12474250793457031, 0.06165170669555664, 0.2480459213256836, 0.43444013595581055, 0.6208343505859375, 0.8072290420532227, 0.9936232566833496, 1.1800174713134766, 1.3664121627807617, 1.5528063774108887, 1.7392005920410156, 1.9255948066711426, 2.1119890213012695, 2.2983837127685547, 2.4847779273986816, 2.6711721420288086, 2.8575665950775146, 3.0439610481262207, 3.2303552627563477, 3.4167494773864746, 3.6031439304351807, 3.7895383834838867, 3.9759325981140137, 4.162326812744141, 4.348721504211426, 4.535115718841553, 4.72150993347168, 4.907904148101807, 5.094298362731934, 5.280693054199219, 5.467087268829346, 5.653481483459473, 5.839876174926758, 6.026270389556885, 6.212664604187012]}, "gradients/graph_22linear.3.bias": {"_type": "histogram", "values": [2.0, 1.0, 0.0, 1.0, 1.0, 0.0, 1.0, 1.0, 0.0, 0.0, 1.0, 0.0, 0.0, 1.0, 0.0, 1.0, 0.0, 1.0, 2.0, 3.0, 1.0, 1.0, 2.0, 1.0, 1.0, 0.0, 0.0, 0.0, 0.0, 1.0, 0.0, 0.0, 0.0, 1.0, 0.0, 0.0, 1.0, 0.0, 0.0, 0.0, 0.0, 0.0, 0.0, 0.0, 0.0, 0.0, 0.0, 0.0, 0.0, 0.0, 0.0, 0.0, 0.0, 0.0, 0.0, 0.0, 0.0, 0.0, 0.0, 0.0, 0.0, 0.0, 0.0, 7.0], "bins": [-7.199347496032715, -7.086857795715332, -6.974368095397949, -6.861877918243408, -6.749388217926025, -6.636898517608643, -6.52440881729126, -6.411918640136719, -6.299428939819336, -6.186939239501953, -6.07444953918457, -5.9619598388671875, -5.849470138549805, -5.736979961395264, -5.624490261077881, -5.512000560760498, -5.399510383605957, -5.287020683288574, -5.174530982971191, -5.062041282653809, -4.949551582336426, -4.837061882019043, -4.724571704864502, -4.612082004547119, -4.499592304229736, -4.387102127075195, -4.2746124267578125, -4.16212272644043, -4.049633026123047, -3.937143087387085, -3.824653387069702, -3.7121634483337402, -3.5996737480163574, -3.4871840476989746, -3.3746941089630127, -3.26220440864563, -3.149714469909668, -3.037224769592285, -2.9247348308563232, -2.8122451305389404, -2.6997551918029785, -2.5872654914855957, -2.474775791168213, -2.362285852432251, -2.249796152114868, -2.1373062133789062, -2.0248165130615234, -1.912326693534851, -1.7998368740081787, -1.6873470544815063, -1.574857234954834, -1.4623674154281616, -1.3498775959014893, -1.2373878955841064, -1.124898076057434, -1.0124082565307617, -0.8999184370040894, -0.787428617477417, -0.6749387979507446, -0.562449038028717, -0.4499592185020447, -0.3374693989753723, -0.22497960925102234, -0.11248980462551117, 0.0]}, "gradients/graph_22linear.3.weight": {"_type": "histogram", "values": [2.0, 1.0, 0.0, 1.0, 1.0, 0.0, 1.0, 1.0, 0.0, 0.0, 1.0, 0.0, 0.0, 1.0, 0.0, 1.0, 1.0, 2.0, 3.0, 4.0, 2.0, 2.0, 5.0, 2.0, 3.0, 1.0, 2.0, 1.0, 1.0, 3.0, 2.0, 4.0, 3.0, 4.0, 6.0, 2.0, 3.0, 2.0, 2.0, 0.0, 0.0, 2.0, 0.0, 1.0, 1.0, 0.0, 1.0, 0.0, 0.0, 0.0, 0.0, 0.0, 3.0, 4.0, 2.0, 4.0, 9.0, 1.0, 1.0, 1.0, 0.0, 0.0, 0.0, 924.0], "bins": [-109.50506591796875, -107.79405212402344, -106.0830307006836, -104.37201690673828, -102.66099548339844, -100.94998168945312, -99.23896789550781, -97.52794647216797, -95.81693267822266, -94.10591888427734, -92.3948974609375, -90.68388366699219, -88.97286987304688, -87.26184844970703, -85.55083465576172, -83.83981323242188, -82.12879943847656, -80.41778564453125, -78.7067642211914, -76.9957504272461, -75.28472900390625, -73.57371520996094, -71.86270141601562, -70.15168762207031, -68.44066619873047, -66.72964477539062, -65.01863098144531, -63.3076171875, -61.59659957885742, -59.885581970214844, -58.17456817626953, -56.46355056762695, -54.752532958984375, -53.0415153503418, -51.33049774169922, -49.619483947753906, -47.90846633911133, -46.19744873046875, -44.48643493652344, -42.77541732788086, -41.06439971923828, -39.3533821105957, -37.642364501953125, -35.93135070800781, -34.220333099365234, -32.509315490722656, -30.79829978942871, -29.087284088134766, -27.376266479492188, -25.66524887084961, -23.954233169555664, -22.24321746826172, -20.53219985961914, -18.821182250976562, -17.110166549682617, -15.399149894714355, -13.688133239746094, -11.977116584777832, -10.26609992980957, -8.555083274841309, -6.844066619873047, -5.133049964904785, -3.4220333099365234, -1.7110166549682617, -0.0]}, "gradients/graph_22linear.0.bias": {"_type": "histogram", "values": [2.0, 0.0, 0.0, 0.0, 0.0, 0.0, 0.0, 0.0, 0.0, 0.0, 0.0, 0.0, 0.0, 0.0, 0.0, 0.0, 0.0, 0.0, 0.0, 0.0, 0.0, 0.0, 0.0, 0.0, 0.0, 0.0, 0.0, 0.0, 0.0, 1.0, 0.0, 0.0, 0.0, 0.0, 0.0, 0.0, 1.0, 0.0, 0.0, 0.0, 0.0, 0.0, 0.0, 0.0, 0.0, 0.0, 0.0, 0.0, 0.0, 0.0, 0.0, 0.0, 0.0, 0.0, 0.0, 0.0, 0.0, 0.0, 0.0, 0.0, 0.0, 0.0, 0.0, 28.0],