qF1,qF2,qH1,qH2
9.584022116946642,-2.0833333333333335,0.0,2.0833333333333335
