qF1,qF2,qF3,qH1,qH2,qH3
0.9800207723645984,-0.027502529584440678,-0.34442020406825935,0.0,0.0,2.0833333333333335
