qF1,qF2,qF3,qH1,qH2,qH3
1.0217922692639023,0.08886268802386889,-7.84040003508597,0.0,-0.1307702366941284,10.0
