qF1,qF2,qH1,qH2
9.65686274509804,-2.083333333333334,0.0,2.0833333333333335
