qF1,qF2,qF3,qH1,qH2,qH3
9.552011387839478,-0.01113291779722968,-1.5103220543099218,0.0,0.0,2.0833333333333335
