qF1,qF2,qH1,qH2
0.08182577489621583,-0.13084538273935115,9.359921330401683,0.6400786695983175
