{"gradients/graph_7linear.5.bias": {"_type": "histogram", "values": [2.0, 0.0, 0.0, 0.0, 0.0, 0.0, 3.0, 0.0, 0.0, 1.0, 0.0, 3.0, 6.0, 6.0, 2.0, 4.0, 2.0, 5.0, 16.0, 5.0, 2.0, 1.0, 0.0, 1.0, 0.0, 1.0, 0.0, 0.0, 1.0, 0.0, 1.0, 0.0, 0.0, 0.0, 1.0, 0.0, 1.0, 0.0, 1.0, 3.0, 0.0, 0.0, 3.0, 3.0, 1.0, 2.0, 1.0, 2.0, 4.0, 0.0, 1.0, 3.0, 2.0, 3.0, 0.0, 0.0, 0.0, 1.0, 0.0, 1.0, 0.0, 0.0, 0.0, 1.0], "bins": [-0.6573308706283569, -0.6357935667037964, -0.6142562627792358, -0.5927189588546753, -0.5711816549301147, -0.5496443510055542, -0.5281070470809937, -0.5065697431564331, -0.48503243923187256, -0.463495135307312, -0.44195783138275146, -0.4204205274581909, -0.39888322353363037, -0.3773459196090698, -0.3558086156845093, -0.33427131175994873, -0.3127340078353882, -0.29119670391082764, -0.2696593999862671, -0.24812209606170654, -0.226584792137146, -0.20504748821258545, -0.1835101842880249, -0.16197288036346436, -0.1404355764389038, -0.11889827251434326, -0.09736096858978271, -0.07582366466522217, -0.05428636074066162, -0.032749056816101074, -0.011211752891540527, 0.01032555103302002, 0.03186291456222534, 0.05340021848678589, 0.07493752241134644, 0.09647482633590698, 0.11801213026046753, 0.13954943418502808, 0.16108673810958862, 0.18262404203414917, 0.20416134595870972, 0.22569864988327026, 0.2472359538078308, 0.26877325773239136, 0.2903105616569519, 0.31184786558151245, 0.333385169506073, 0.35492247343063354, 0.3764597773551941, 0.39799708127975464, 0.4195343852043152, 0.44107168912887573, 0.4626089930534363, 0.4841462969779968, 0.5056836009025574, 0.5272209048271179, 0.5487582087516785, 0.570295512676239, 0.5918328166007996, 0.6133701205253601, 0.6349074244499207, 0.6564447283744812, 0.6779820322990417, 0.6995193362236023, 0.7210566401481628]}, "_timestamp": 1715779254.8937113, "gradients/graph_7linear.5.weight": {"_type": "histogram", "values": [2.0, 0.0, 0.0, 0.0, 0.0, 0.0, 3.0, 0.0, 0.0, 1.0, 0.0, 3.0, 6.0, 6.0, 2.0, 4.0, 2.0, 5.0, 18.0, 7.0, 2.0, 5.0, 4.0, 17.0, 21.0, 35.0, 48.0, 63.0, 153.0, 163.0, 5246.0, 85.0, 79.0, 45.0, 27.0, 17.0, 14.0, 9.0, 10.0, 8.0, 3.0, 1.0, 4.0, 4.0, 1.0, 2.0, 1.0, 2.0, 4.0, 0.0, 1.0, 3.0, 2.0, 3.0, 0.0, 0.0, 0.0, 1.0, 0.0, 1.0, 0.0, 0.0, 0.0, 1.0], "bins": [-36.674476623535156, -35.47284698486328, -34.27121353149414, -33.069583892822266, -31.867950439453125, -30.66632080078125, -29.464689254760742, -28.263057708740234, -27.061426162719727, -25.85979461669922, -24.65816307067871, -23.456531524658203, -22.254901885986328, -21.053268432617188, -19.851638793945312, -18.650007247924805, -17.448375701904297, -16.24674415588379, -15.045112609863281, -13.843481063842773, -12.641849517822266, -11.44021987915039, -10.238588333129883, -9.036956787109375, -7.835325241088867, -6.633693695068359, -5.432062149047852, -4.230430603027344, -3.0288009643554688, -1.8271675109863281, -0.6255378723144531, 0.5760955810546875, 1.7777290344238281, 2.979358673095703, 4.180992126464844, 5.382621765136719, 6.584255218505859, 7.785884857177734, 8.987516403198242, 10.18914794921875, 11.390779495239258, 12.592411041259766, 13.794042587280273, 14.995674133300781, 16.197303771972656, 17.398935317993164, 18.600566864013672, 19.80219841003418, 21.003829956054688, 22.205461502075195, 23.407093048095703, 24.608722686767578, 25.81035614013672, 27.011985778808594, 28.2136173248291, 29.41524887084961, 30.616880416870117, 31.818511962890625, 33.0201416015625, 34.22177505493164, 35.423404693603516, 36.625038146972656, 37.82666778564453, 39.02830123901367, 40.22993087768555]}, "gradients/graph_7linear.3.bias": {"_type": "histogram", "values": [1.0, 0.0, 0.0, 0.0, 0.0, 0.0, 0.0, 0.0, 0.0, 0.0, 0.0, 0.0, 0.0, 0.0, 0.0, 0.0, 0.0, 0.0, 0.0, 2.0, 0.0, 0.0, 0.0, 0.0, 0.0, 1.0, 0.0, 0.0, 0.0, 0.0, 0.0, 0.0, 0.0, 0.0, 0.0, 0.0, 1.0, 1.0, 52.0, 1.0, 0.0, 0.0, 0.0, 0.0, 0.0, 1.0, 0.0, 1.0, 0.0, 0.0, 1.0, 0.0, 0.0, 0.0, 0.0, 1.0, 0.0, 0.0, 0.0, 0.0, 0.0, 0.0, 0.0, 1.0], "bins": [-2.749969959259033, -2.6789114475250244, -2.6078529357910156, -2.536794424057007, -2.465735912322998, -2.3946774005889893, -2.3236188888549805, -2.2525603771209717, -2.181501865386963, -2.110443353652954, -2.0393848419189453, -1.9683263301849365, -1.8972678184509277, -1.826209306716919, -1.7551507949829102, -1.6840922832489014, -1.6130337715148926, -1.5419752597808838, -1.470916748046875, -1.3998582363128662, -1.3287997245788574, -1.2577412128448486, -1.1866827011108398, -1.115624189376831, -1.0445656776428223, -0.9735071659088135, -0.9024486541748047, -0.8313901424407959, -0.7603316307067871, -0.6892731189727783, -0.6182146072387695, -0.5471560955047607, -0.4760974645614624, -0.4050389528274536, -0.3339804410934448, -0.26292192935943604, -0.19186341762542725, -0.12080490589141846, -0.04974639415740967, 0.02131211757659912, 0.09237062931060791, 0.1634291410446167, 0.2344876527786255, 0.3055461645126343, 0.37660467624664307, 0.44766318798065186, 0.5187216997146606, 0.5897802114486694, 0.6608387231826782, 0.731897234916687, 0.8029557466506958, 0.8740142583847046, 0.9450727701187134, 1.0161312818527222, 1.087189793586731, 1.1582483053207397, 1.2293068170547485, 1.3003653287887573, 1.3714238405227661, 1.442482352256775, 1.5135408639907837, 1.5845993757247925, 1.6556578874588013, 1.72671639919281, 1.7977749109268188]}, "gradients/graph_7linear.3.weight": {"_type": "histogram", "values": [1.0, 0.0, 0.0, 0.0, 0.0, 0.0, 0.0, 0.0, 0.0, 0.0, 0.0, 0.0, 0.0, 1.0, 0.0, 0.0, 0.0, 1.0, 0.0, 2.0, 1.0, 1.0, 1.0, 0.0, 0.0, 1.0, 2.0, 0.0, 2.0, 3.0, 6.0, 1.0, 2.0, 2.0, 4.0, 2.0, 4.0, 7.0, 4001.0, 8.0, 6.0, 4.0, 8.0, 5.0, 4.0, 3.0, 2.0, 2.0, 0.0, 3.0, 2.0, 0.0, 1.0, 0.0, 0.0, 2.0, 0.0, 0.0, 0.0, 0.0, 0.0, 0.0, 0.0, 1.0], "bins": [-134.01422119140625, -130.55133056640625, -127.08843231201172, -123.62554168701172, -120.16265106201172, -116.69975280761719, -113.23686218261719, -109.77397155761719, -106.31108093261719, -102.84818267822266, -99.38529205322266, -95.92239379882812, -92.45950317382812, -88.99661254882812, -85.53372192382812, -82.07083129882812, -78.6079330444336, -75.14503479003906, -71.68214416503906, -68.21925354003906, -64.75636291503906, -61.29346466064453, -57.83057403564453, -54.36768341064453, -50.90478515625, -47.44189453125, -43.97900390625, -40.51611328125, -37.05321502685547, -33.59032440185547, -30.12743377685547, -26.664535522460938, -23.20165252685547, -19.73876190185547, -16.275863647460938, -12.812973022460938, -9.350082397460938, -5.887184143066406, -2.4242935180664062, 1.0385971069335938, 4.501487731933594, 7.964385986328125, 11.427276611328125, 14.890167236328125, 18.353065490722656, 21.815956115722656, 25.278850555419922, 28.741741180419922, 32.20463562011719, 35.66753005981445, 39.13042068481445, 42.59331512451172, 46.05620574951172, 49.519100189208984, 52.98199462890625, 56.44488525390625, 59.907779693603516, 63.37067413330078, 66.83356475830078, 70.29646301269531, 73.75935363769531, 77.22224426269531, 80.68513488769531, 84.14803314208984, 87.61092376708984]}, "gradients/graph_7linear.0.bias": {"_type": "histogram", "values": [1.0, 0.0, 0.0, 0.0, 0.0, 0.0, 0.0, 0.0, 0.0, 0.0, 0.0, 0.0, 0.0, 0.0, 0.0, 0.0, 0.0, 0.0, 0.0, 0.0, 0.0, 0.0, 0.0, 0.0, 0.0, 1.0, 1.0, 0.0, 0.0, 0.0, 1.0, 1.0, 0.0, 0.0, 0.0, 0.0, 0.0, 0.0, 0.0, 0.0, 0.0, 0.0, 0.0, 1.0, 0.0, 0.0, 55.0, 0.0, 0.0, 0.0, 0.0, 0.0, 0.0, 1.0, 0.0, 0.0, 0.0, 1.0, 0.0, 0.0, 0.0, 0.0, 0.0, 1.0],