{"gradients/graph_39linear.5.bias": {"_type": "histogram", "values": [1.0, 5.0, 4.0, 4.0, 5.0, 6.0, 2.0, 0.0, 2.0, 0.0, 2.0, 0.0, 3.0, 10.0, 11.0, 10.0, 2.0, 1.0, 0.0, 0.0, 0.0, 0.0, 0.0, 0.0, 0.0, 0.0, 0.0, 0.0, 0.0, 0.0, 0.0, 0.0, 0.0, 0.0, 0.0, 0.0, 0.0, 0.0, 0.0, 0.0, 0.0, 0.0, 0.0, 0.0, 0.0, 0.0, 0.0, 2.0, 1.0, 3.0, 2.0, 0.0, 0.0, 0.0, 0.0, 0.0, 1.0, 3.0, 4.0, 5.0, 1.0, 4.0, 0.0, 2.0], "bins": [-0.7068494558334351, -0.68470299243927, -0.662556529045105, -0.6404101252555847, -0.6182636618614197, -0.5961171984672546, -0.5739707946777344, -0.5518243312835693, -0.5296778678894043, -0.5075314044952393, -0.4853849709033966, -0.46323853731155396, -0.4410920739173889, -0.4189456105232239, -0.3967991769313812, -0.3746527433395386, -0.35250627994537354, -0.3303598165512085, -0.30821338295936584, -0.2860669493675232, -0.26392048597335815, -0.24177402257919312, -0.21962758898735046, -0.1974811553955078, -0.17533469200134277, -0.15318822860717773, -0.1310417652130127, -0.10889536142349243, -0.08674889802932739, -0.06460243463516235, -0.04245603084564209, -0.02030956745147705, 0.0018369555473327637, 0.023983418941497803, 0.04612988233566284, 0.0682762861251831, 0.09042274951934814, 0.11256921291351318, 0.13471561670303345, 0.1568620800971985, 0.17900854349136353, 0.20115500688552856, 0.22330144047737122, 0.24544787406921387, 0.2675943374633789, 0.28974080085754395, 0.3118872344493866, 0.33403366804122925, 0.3561801314353943, 0.3783265948295593, 0.400473028421402, 0.42261946201324463, 0.44476592540740967, 0.4669123888015747, 0.48905882239341736, 0.51120525598526, 0.533351719379425, 0.5554981827735901, 0.5776445865631104, 0.5997910499572754, 0.6219375133514404, 0.6440839767456055, 0.6662304401397705, 0.6883768439292908, 0.7105233073234558]}, "_timestamp": 1715857157.7685463, "gradients/graph_39linear.5.weight": {"_type": "histogram", "values": [1.0, 5.0, 4.0, 4.0, 6.0, 8.0, 9.0, 12.0, 12.0, 14.0, 22.0, 24.0, 46.0, 92.0, 77.0, 90.0, 57.0, 60.0, 71.0, 128.0, 224.0, 181.0, 92.0, 84.0, 151.0, 95.0, 100.0, 60.0, 119.0, 48.0, 75.0, 289.0, 6.0, 28.0, 17.0, 29.0, 29.0, 41.0, 36.0, 40.0, 22.0, 41.0, 65.0, 76.0, 41.0, 22.0, 23.0, 35.0, 57.0, 51.0, 47.0, 27.0, 15.0, 11.0, 14.0, 8.0, 5.0, 7.0, 5.0, 7.0, 1.0, 4.0, 0.0, 2.0], "bins": [-6.235454082489014, -6.0400896072387695, -5.844725608825684, -5.6493611335754395, -5.453996658325195, -5.258632659912109, -5.063268184661865, -4.867903709411621, -4.672539710998535, -4.477175235748291, -4.281810760498047, -4.086446762084961, -3.891082286834717, -3.6957178115844727, -3.5003535747528076, -3.3049890995025635, -3.1096248626708984, -2.9142606258392334, -2.7188961505889893, -2.523531913757324, -2.32816743850708, -2.132803440093994, -1.93743896484375, -1.7420744895935059, -1.54671049118042, -1.3513460159301758, -1.1559815406799316, -0.9606170654296875, -0.7652530670166016, -0.5698885917663574, -0.3745241165161133, -0.17916011810302734, 0.016204357147216797, 0.21156883239746094, 0.4069328308105469, 0.602297306060791, 0.7976617813110352, 0.9930257797241211, 1.1883902549743652, 1.3837547302246094, 1.5791192054748535, 1.7744832038879395, 1.9698476791381836, 2.1652121543884277, 2.3605761528015137, 2.555940628051758, 2.751304864883423, 2.946669340133667, 3.142033576965332, 3.337397813796997, 3.532762289047241, 3.7281265258789062, 3.9234910011291504, 4.1188554763793945, 4.3142194747924805, 4.509583950042725, 4.704948425292969, 4.900312423706055, 5.095676898956299, 5.291041374206543, 5.486405372619629, 5.681769847869873, 5.877134323120117, 6.072498321533203, 6.267862796783447]}, "gradients/graph_39linear.3.bias": {"_type": "histogram", "values": [1.0, 0.0, 0.0, 1.0, 0.0, 0.0, 1.0, 3.0, 2.0, 2.0, 3.0, 1.0, 2.0, 4.0, 0.0, 2.0, 2.0, 1.0, 0.0, 2.0, 0.0, 0.0, 2.0, 0.0, 0.0, 0.0, 0.0, 0.0, 0.0, 0.0, 0.0, 0.0, 0.0, 0.0, 0.0, 0.0, 0.0, 0.0, 0.0, 0.0, 0.0, 0.0, 0.0, 0.0, 0.0, 0.0, 0.0, 0.0, 0.0, 0.0, 0.0, 0.0, 0.0, 0.0, 0.0, 0.0, 0.0, 0.0, 0.0, 0.0, 0.0, 0.0, 0.0, 3.0], "bins": [-7.350930690765381, -7.236072540283203, -7.121213912963867, -7.0063557624816895, -6.891497611999512, -6.776638984680176, -6.661780834197998, -6.54692268371582, -6.432064533233643, -6.317205905914307, -6.202347755432129, -6.087489604949951, -5.972631454467773, -5.8577728271484375, -5.74291467666626, -5.628056526184082, -5.513197898864746, -5.398339748382568, -5.283481597900391, -5.168622970581055, -5.053764820098877, -4.938906669616699, -4.824048042297363, -4.7091898918151855, -4.594331741333008, -4.479473114013672, -4.364615440368652, -4.249756813049316, -4.1348981857299805, -4.020040512084961, -3.905181884765625, -3.7903237342834473, -3.6754653453826904, -3.5606069564819336, -3.445748805999756, -3.330890417098999, -3.2160322666168213, -3.1011738777160645, -2.9863154888153076, -2.87145733833313, -2.756598949432373, -2.6417407989501953, -2.5268824100494385, -2.4120240211486816, -2.297165870666504, -2.182307481765747, -2.0674493312835693, -1.9525909423828125, -1.8377326726913452, -1.722874402999878, -1.6080161333084106, -1.4931577444076538, -1.3782994747161865, -1.2634412050247192, -1.148582935333252, -1.0337246656417847, -0.9188663363456726, -0.8040080666542053, -0.6891497373580933, -0.574291467666626, -0.4594331681728363, -0.34457486867904663, -0.22971658408641815, -0.11485829204320908, 0.0]}, "gradients/graph_39linear.3.weight": {"_type": "histogram", "values": [1.0, 0.0, 0.0, 1.0, 1.0, 0.0, 1.0, 4.0, 2.0, 2.0, 5.0, 4.0, 4.0, 8.0, 2.0, 5.0, 5.0, 8.0, 3.0, 7.0, 5.0, 3.0, 5.0, 2.0, 2.0, 3.0, 1.0, 1.0, 0.0, 2.0, 0.0, 0.0, 0.0, 0.0, 0.0, 0.0, 0.0, 0.0, 0.0, 0.0, 0.0, 0.0, 0.0, 0.0, 0.0, 0.0, 0.0, 0.0, 0.0, 0.0, 0.0, 0.0, 0.0, 0.0, 0.0, 0.0, 0.0, 0.0, 0.0, 0.0, 0.0, 0.0, 0.0, 937.0], "bins": [-107.91043853759766, -106.22433471679688, -104.53823852539062, -102.85213470458984, -101.1660385131836, -99.47993469238281, -97.79383850097656, -96.10773468017578, -94.421630859375, -92.73553466796875, -91.04943084716797, -89.36333465576172, -87.67723083496094, -85.99113464355469, -84.3050308227539, -82.61892700195312, -80.93283081054688, -79.2467269897461, -77.56062316894531, -75.87452697753906, -74.18843078613281, -72.50232696533203, -70.81622314453125, -69.130126953125, -67.44402313232422, -65.75791931152344, -64.07182312011719, -62.38572311401367, -60.699623107910156, -59.013519287109375, -57.32741928100586, -55.641319274902344, -53.95521926879883, -52.26911926269531, -50.5830192565918, -48.89691925048828, -47.2108154296875, -45.524715423583984, -43.83861541748047, -42.15251541137695, -40.46641540527344, -38.78031539916992, -37.09421157836914, -35.408111572265625, -33.72201156616211, -32.035911560058594, -30.349811553955078, -28.66370964050293, -26.977609634399414, -25.2915096282959, -23.60540771484375, -21.919307708740234, -20.23320770263672, -18.54710578918457, -16.861005783081055, -15.174905776977539, -13.488804817199707, -11.802703857421875, -10.11660385131836, -8.430502891540527, -6.7444024085998535, -5.05830192565918, -3.3722012042999268, -1.6861006021499634, 0.0]}, "gradients/graph_39linear.0.bias": {"_type": "histogram", "values": [1.0, 0.0, 0.0, 1.0, 1.0, 0.0, 0.0, 0.0, 0.0, 0.0, 0.0, 0.0, 0.0, 0.0, 0.0, 0.0, 0.0, 0.0, 0.0, 0.0, 0.0, 0.0, 0.0, 0.0, 0.0, 0.0, 0.0, 0.0, 0.0, 0.0, 0.0, 0.0, 0.0, 0.0, 0.0, 0.0, 0.0, 0.0, 0.0, 0.0, 0.0, 0.0, 0.0, 0.0, 0.0, 0.0, 0.0, 0.0, 0.0, 0.0, 0.0, 0.0, 0.0, 0.0, 0.0, 0.0, 0.0, 0.0, 0.0, 0.0, 0.0, 0.0, 0.0, 29.0],