{"Linear loss": 15454.9765625, "_timestamp": 1715765545.1918604, "_runtime": 13.149431467056274, "_step": 361, "gradients/graph_1linear.5.bias": {"_type": "histogram", "values": [1.0, 0.0, 0.0, 1.0, 0.0, 0.0, 0.0, 0.0, 0.0, 0.0, 0.0, 0.0, 0.0, 0.0, 0.0, 0.0, 0.0, 0.0, 0.0, 0.0, 0.0, 0.0, 0.0, 0.0, 0.0, 0.0, 0.0, 0.0, 9.0, 0.0, 0.0, 3.0, 45.0, 0.0, 0.0, 11.0, 0.0, 0.0, 0.0, 0.0, 0.0, 0.0, 0.0, 0.0, 0.0, 0.0, 0.0, 0.0, 0.0, 0.0, 0.0, 0.0, 0.0, 0.0, 0.0, 0.0, 0.0, 3.0, 0.0, 0.0, 5.0, 0.0, 0.0, 18.0], "bins": [-200.0, -193.75, -187.5, -181.25, -175.0, -168.75, -162.5, -156.25, -150.0, -143.75, -137.5, -131.25, -125.0, -118.75, -112.5, -106.25, -100.0, -93.75, -87.5, -81.25, -75.0, -68.75, -62.5, -56.25, -50.0, -43.75, -37.5, -31.25, -25.0, -18.75, -12.5, -6.25, 0.0, 6.25, 12.5, 18.75, 25.0, 31.25, 37.5, 43.75, 50.0, 56.25, 62.5, 68.75, 75.0, 81.25, 87.5, 93.75, 100.0, 106.25, 112.5, 118.75, 125.0, 131.25, 137.5, 143.75, 150.0, 156.25, 162.5, 168.75, 175.0, 181.25, 187.5, 193.75, 200.0]}, "gradients/graph_1linear.5.weight": {"_type": "histogram", "values": [1.0, 0.0, 1.0, 1.0, 1.0, 1.0, 0.0, 1.0, 0.0, 2.0, 3.0, 6.0, 6.0, 8.0, 6.0, 9.0, 6.0, 9.0, 6.0, 3.0, 3.0, 8.0, 14.0, 13.0, 8.0, 7.0, 12.0, 10.0, 16.0, 109.0, 289.0, 631.0, 8498.0, 379.0, 237.0, 103.0, 126.0, 160.0, 92.0, 90.0, 164.0, 164.0, 142.0, 21.0, 45.0, 99.0, 77.0, 84.0, 134.0, 69.0, 95.0, 69.0, 82.0, 57.0, 36.0, 3.0, 5.0, 3.0, 5.0, 18.0, 5.0, 18.0, 0.0, 18.0], "bins": [-523.5640869140625, -507.20269775390625, -490.8413391113281, -474.4799499511719, -458.11859130859375, -441.7572021484375, -425.39581298828125, -409.034423828125, -392.6730651855469, -376.31170654296875, -359.9503173828125, -343.58892822265625, -327.2275390625, -310.8661804199219, -294.5047912597656, -278.1434326171875, -261.78204345703125, -245.420654296875, -229.05929565429688, -212.69790649414062, -196.3365478515625, -179.97515869140625, -163.61376953125, -147.25241088867188, -130.89102172851562, -114.52963256835938, -98.16827392578125, -81.806884765625, -65.44549560546875, -49.084136962890625, -32.722747802734375, -16.36138916015625, 0.0, 16.36138916015625, 32.722747802734375, 49.084136962890625, 65.44549560546875, 81.806884765625, 98.16827392578125, 114.52963256835938, 130.89102172851562, 147.25241088867188, 163.61376953125, 179.97515869140625, 196.3365478515625, 212.69790649414062, 229.05929565429688, 245.420654296875, 261.78204345703125, 278.1434326171875, 294.5047912597656, 310.8661804199219, 327.2275390625, 343.58892822265625, 359.9503173828125, 376.31170654296875, 392.6730651855469, 409.034423828125, 425.39581298828125, 441.7572021484375, 458.11859130859375, 474.4799499511719, 490.8413391113281, 507.20269775390625, 523.5640869140625]}, "gradients/graph_1linear.3.bias": {"_type": "histogram", "values": [1.0, 0.0, 0.0, 0.0, 1.0, 0.0, 0.0, 0.0, 0.0, 0.0, 0.0, 0.0, 1.0, 0.0, 2.0, 1.0, 1.0, 1.0, 0.0, 0.0, 1.0, 1.0, 2.0, 6.0, 3.0, 2.0, 4.0, 0.0, 1.0, 1.0, 4.0, 5.0, 4.0, 0.0, 0.0, 1.0, 3.0, 3.0, 1.0, 1.0, 4.0, 2.0, 5.0, 2.0, 1.0, 3.0, 1.0, 5.0, 2.0, 44.0, 0.0, 2.0, 0.0, 2.0, 0.0, 0.0, 1.0, 2.0, 0.0, 0.0, 0.0, 0.0, 0.0, 1.0], "bins": [-192.09121704101562, -188.17929077148438, -184.26736450195312, -180.35543823242188, -176.44351196289062, -172.53158569335938, -168.61965942382812, -164.70773315429688, -160.79580688476562, -156.88388061523438, -152.97195434570312, -149.06002807617188, -145.14810180664062, -141.23617553710938, -137.32423400878906, -133.4123077392578, -129.50038146972656, -125.58845520019531, -121.67652893066406, -117.76460266113281, -113.85267639160156, -109.94075012207031, -106.02882385253906, -102.11689758300781, -98.20497131347656, -94.29304504394531, -90.38111877441406, -86.46918487548828, -82.55725860595703, -78.64533233642578, -74.73340606689453, -70.82147979736328, -66.90956115722656, -62.99763107299805, -59.0857048034668, -55.17377853393555, -51.2618522644043, -47.34992599487305, -43.437992095947266, -39.526065826416016, -35.614139556884766, -31.702213287353516, -27.790287017822266, -23.878360748291016, -19.966434478759766, -16.054508209228516, -12.142581939697266, -8.230655670166016, -4.3187255859375, -0.40679931640625, 3.505126953125, 7.417057037353516, 11.328983306884766, 15.240909576416016, 19.152835845947266, 23.064762115478516, 26.9766902923584, 30.88861656188965, 34.80054473876953, 38.71247100830078, 42.62439727783203, 46.53632354736328, 50.4482536315918, 54.36017990112305, 58.2721061706543]}, "gradients/graph_1linear.3.weight": {"_type": "histogram", "values": [1.0, 0.0, 0.0, 0.0, 1.0, 1.0, 0.0, 0.0, 2.0, 0.0, 1.0, 0.0, 4.0, 1.0, 3.0, 2.0, 5.0, 4.0, 2.0, 7.0, 5.0, 11.0, 9.0, 14.0, 16.0, 12.0, 30.0, 25.0, 37.0, 32.0, 58.0, 49.0, 68.0, 72.0, 104.0, 105.0, 107.0, 150.0, 151.0, 176.0, 179.0, 191.0, 215.0, 212.0, 287.0, 375.0, 462.0, 613.0, 913.0, 11313.0, 132.0, 66.0, 46.0, 40.0, 26.0, 19.0, 10.0, 9.0, 2.0, 4.0, 1.0, 2.0, 1.0, 1.0], "bins": [-560.7549438476562, -549.335205078125, -537.9154663085938, -526.4957275390625, -515.0759887695312, -503.6562194824219, -492.2364807128906, -480.8167419433594, -469.3970031738281, -457.97723388671875, -446.5574951171875, -435.13775634765625, -423.718017578125, -412.29827880859375, -400.8785400390625, -389.45880126953125, -378.0390625, -366.61932373046875, -355.1995544433594, -343.7798156738281, -332.3600769042969, -320.9403076171875, -309.52056884765625, -298.100830078125, -286.68109130859375, -275.2613525390625, -263.84161376953125, -252.421875, -241.00213623046875, -229.58236694335938, -218.16262817382812, -206.74288940429688, -195.3231658935547, -183.90342712402344, -172.4836883544922, -161.06394958496094, -149.64418029785156, -138.2244415283203, -126.80470275878906, -115.38496398925781, -103.96522521972656, -92.54548645019531, -81.125732421875, -69.70599365234375, -58.28623962402344, -46.86650085449219, -35.44676208496094, -24.027008056640625, -12.607269287109375, -1.187530517578125, 10.232223510742188, 21.651962280273438, 33.07170104980469, 44.49144744873047, 55.91119384765625, 67.3309326171875, 78.75067901611328, 90.17042541503906, 101.59016418457031, 113.0099105834961, 124.42965698242188, 135.84939575195312, 147.26913452148438, 158.6888885498047, 170.10862731933594]}, "gradients/graph_1linear.0.bias": {"_type": "histogram", "values": [1.0, 2.0, 0.0, 0.0, 0.0, 1.0, 0.0, 2.0, 1.0, 0.0, 3.0, 1.0, 2.0, 0.0, 0.0, 2.0, 1.0, 1.0, 3.0, 3.0, 1.0, 4.0, 2.0, 4.0, 2.0, 1.0, 2.0, 3.0, 3.0, 0.0, 1.0, 2.0, 1.0, 1.0, 2.0, 1.0, 0.0, 3.0, 2.0, 0.0, 0.0, 0.0, 0.0, 1.0, 1.0, 0.0, 63.0, 0.0, 0.0, 0.0, 0.0, 1.0, 2.0, 0.0, 0.0, 0.0, 0.0, 1.0, 0.0, 0.0, 0.0, 0.0, 0.0, 1.0], "bins": [-164.04490661621094, -160.49993896484375, -156.95497131347656, -153.41000366210938, -149.8650360107422, -146.320068359375, -142.77511596679688, -139.2301483154297, -135.6851806640625, -132.1402130126953, -128.59524536132812, -125.05027770996094, -121.50531005859375, -117.9603500366211, -114.4153823852539, -110.87042236328125, -107.32545471191406, -103.78048706054688, -100.23551940917969, -96.6905517578125, -93.14558410644531, -89.60062408447266, -86.05565643310547, -82.51068878173828, -78.9657211303711, -75.4207534790039, -71.87579345703125, -68.33082580566406, -64.78585815429688, -61.24089050292969, -57.69593048095703, -54.150962829589844, -50.605995178222656, -47.06102752685547, -43.51605987548828, -39.971099853515625, -36.42613220214844, -32.88116455078125, -29.336196899414062, -25.791236877441406, -22.24626922607422, -18.70130157470703, -15.156333923339844, -11.611366271972656, -8.06640625, -4.5214385986328125, -0.976470947265625, 2.568492889404297, 6.113460540771484, 9.658428192138672, 13.203392028808594, 16.74835968017578, 20.293323516845703, 23.83829116821289, 27.383255004882812, 30.92822265625, 34.47319030761719, 38.01815414428711, 41.56311798095703, 45.10808563232422, 48.653053283691406, 52.19801712036133, 55.742984771728516, 59.28794860839844, 62.832916259765625]}, "gradients/graph_1linear.0.weight": {"_type": "histogram",