{"gradients/graph_18linear.5.bias": {"_type": "histogram", "values": [1.0, 1.0, 1.0, 1.0, 1.0, 3.0, 7.0, 2.0, 2.0, 6.0, 4.0, 1.0, 1.0, 1.0, 3.0, 1.0, 1.0, 1.0, 8.0, 16.0, 0.0, 1.0, 1.0, 1.0, 0.0, 1.0, 0.0, 1.0, 1.0, 0.0, 1.0, 0.0, 1.0, 0.0, 1.0, 0.0, 0.0, 0.0, 1.0, 2.0, 0.0, 0.0, 2.0, 3.0, 1.0, 4.0, 4.0, 3.0, 0.0, 1.0, 0.0, 0.0, 1.0, 1.0, 0.0, 1.0, 0.0, 0.0, 0.0, 0.0, 0.0, 0.0, 0.0, 1.0], "bins": [-0.5011571645736694, -0.48267829418182373, -0.46419939398765564, -0.44572052359580994, -0.42724162340164185, -0.40876275300979614, -0.39028388261795044, -0.37180501222610474, -0.35332611203193665, -0.33484721183776855, -0.31636834144592285, -0.29788947105407715, -0.27941060066223145, -0.26093170046806335, -0.24245283007621765, -0.22397392988204956, -0.20549505949020386, -0.18701618909835815, -0.16853728890419006, -0.15005841851234436, -0.13157951831817627, -0.11310064792633057, -0.09462177753448486, -0.07614287734031677, -0.05766400694847107, -0.039185136556625366, -0.020706236362457275, -0.0022273659706115723, 0.01625150442123413, 0.034730374813079834, 0.05320930480957031, 0.07168817520141602, 0.0901671051979065, 0.1086459755897522, 0.1271248459815979, 0.14560377597808838, 0.16408264636993408, 0.18256151676177979, 0.2010403871536255, 0.21951928734779358, 0.23799815773963928, 0.256477028131485, 0.2749559283256531, 0.2934347987174988, 0.3119136691093445, 0.3303925693035126, 0.3488714396953583, 0.36735033988952637, 0.38582921028137207, 0.4043080806732178, 0.42278698086738586, 0.44126585125923157, 0.45974475145339966, 0.47822362184524536, 0.49670249223709106, 0.5151813626289368, 0.5336602926254272, 0.552139163017273, 0.5706180334091187, 0.5890969038009644, 0.6075757741928101, 0.6260546445846558, 0.6445335745811462, 0.6630124449729919, 0.6814913153648376]}, "_timestamp": 1715851298.670734, "gradients/graph_18linear.5.weight": {"_type": "histogram", "values": [1.0, 2.0, 1.0, 3.0, 5.0, 9.0, 18.0, 19.0, 29.0, 50.0, 67.0, 76.0, 111.0, 138.0, 144.0, 151.0, 184.0, 140.0, 197.0, 210.0, 313.0, 437.0, 502.0, 376.0, 342.0, 346.0, 219.0, 317.0, 134.0, 88.0, 95.0, 142.0, 101.0, 113.0, 103.0, 106.0, 108.0, 123.0, 102.0, 109.0, 95.0, 67.0, 62.0, 44.0, 30.0, 30.0, 18.0, 14.0, 11.0, 6.0, 8.0, 5.0, 8.0, 3.0, 2.0, 2.0, 3.0, 1.0, 1.0, 1.0, 0.0, 0.0, 1.0, 1.0], "bins": [-3.4427850246429443, -3.3158411979675293, -3.1888973712921143, -3.061953544616699, -2.935009479522705, -2.808065891265869, -2.681121826171875, -2.55417799949646, -2.427234172821045, -2.30029034614563, -2.173346519470215, -2.0464024543762207, -1.9194587469100952, -1.7925149202346802, -1.6655709743499756, -1.5386271476745605, -1.4116833209991455, -1.2847394943237305, -1.1577956676483154, -1.0308518409729004, -0.9039080142974854, -0.7769639492034912, -0.6500201225280762, -0.5230762958526611, -0.3961324691772461, -0.26918864250183105, -0.14224481582641602, -0.015300989151000977, 0.11164307594299316, 0.2385869026184082, 0.36553072929382324, 0.4924745559692383, 0.6194181442260742, 0.7463619709014893, 0.8733057975769043, 1.0002496242523193, 1.1271934509277344, 1.2541375160217285, 1.3810813426971436, 1.5080251693725586, 1.6349689960479736, 1.7619128227233887, 1.8888566493988037, 2.0158004760742188, 2.142744541168213, 2.269688367843628, 2.396632194519043, 2.523576021194458, 2.650519847869873, 2.777463674545288, 2.904407501220703, 3.0313515663146973, 3.158295154571533, 3.2852392196655273, 3.4121830463409424, 3.5391268730163574, 3.6660706996917725, 3.7930145263671875, 3.9199583530426025, 4.046902179718018, 4.173846244812012, 4.300789833068848, 4.427733898162842, 4.554677486419678, 4.681621551513672]}, "gradients/graph_18linear.3.bias": {"_type": "histogram", "values": [1.0, 0.0, 0.0, 1.0, 1.0, 2.0, 4.0, 1.0, 3.0, 6.0, 1.0, 2.0, 3.0, 5.0, 6.0, 3.0, 3.0, 4.0, 2.0, 0.0, 2.0, 2.0, 3.0, 0.0, 1.0, 1.0, 0.0, 1.0, 0.0, 2.0, 1.0, 0.0, 0.0, 0.0, 0.0, 0.0, 0.0, 0.0, 0.0, 1.0, 0.0, 0.0, 0.0, 0.0, 0.0, 0.0, 0.0, 0.0, 0.0, 0.0, 0.0, 0.0, 0.0, 0.0, 0.0, 0.0, 0.0, 0.0, 0.0, 0.0, 0.0, 0.0, 0.0, 2.0], "bins": [-4.576498985290527, -4.504991054534912, -4.433483600616455, -4.36197566986084, -4.290467739105225, -4.218959808349609, -4.147452354431152, -4.075944423675537, -4.004436492919922, -3.9329288005828857, -3.8614211082458496, -3.7899131774902344, -3.7184054851531982, -3.646897554397583, -3.575389862060547, -3.5038819313049316, -3.4323742389678955, -3.3608665466308594, -3.289358615875244, -3.217850685119629, -3.1463429927825928, -3.0748353004455566, -3.0033273696899414, -2.9318196773529053, -2.860311985015869, -2.788804054260254, -2.7172961235046387, -2.6457884311676025, -2.5742807388305664, -2.502772808074951, -2.431265115737915, -2.3597571849823, -2.2882494926452637, -2.2167418003082275, -2.1452338695526123, -2.073726177215576, -2.002218246459961, -1.9307105541229248, -1.8592027425765991, -1.7876949310302734, -1.7161871194839478, -1.644679307937622, -1.5731714963912964, -1.5016636848449707, -1.4301559925079346, -1.3586481809616089, -1.2871403694152832, -1.2156325578689575, -1.1441247463226318, -1.0726169347763062, -1.0011091232299805, -0.9296013712882996, -0.8580935597419739, -0.7865857481956482, -0.7150779962539673, -0.6435701847076416, -0.5720623731613159, -0.5005545616149902, -0.42904677987098694, -0.35753899812698364, -0.28603118658065796, -0.21452338993549347, -0.14301559329032898, -0.07150779664516449, 0.0]}, "gradients/graph_18linear.3.weight": {"_type": "histogram", "values": [1.0, 0.0, 0.0, 1.0, 1.0, 2.0, 5.0, 1.0, 3.0, 7.0, 2.0, 4.0, 7.0, 7.0, 11.0, 7.0, 3.0, 9.0, 6.0, 9.0, 5.0, 6.0, 11.0, 9.0, 9.0, 14.0, 11.0, 7.0, 12.0, 19.0, 10.0, 12.0, 7.0, 7.0, 9.0, 20.0, 21.0, 27.0, 25.0, 39.0, 34.0, 35.0, 28.0, 29.0, 33.0, 19.0, 24.0, 24.0, 9.0, 5.0, 5.0, 12.0, 17.0, 19.0, 10.0, 8.0, 4.0, 0.0, 2.0, 30.0, 26.0, 4.0, 1.0, 3352.0], "bins": [-40.5364875793457, -39.903106689453125, -39.26972198486328, -38.6363410949707, -38.00295639038086, -37.36957550048828, -36.73619079589844, -36.10280990600586, -35.469425201416016, -34.83604431152344, -34.202659606933594, -33.569278717041016, -32.93589782714844, -32.302513122558594, -31.669132232666016, -31.035747528076172, -30.402366638183594, -29.76898193359375, -29.135601043701172, -28.50221824645996, -27.86883544921875, -27.23545265197754, -26.602069854736328, -25.968687057495117, -25.335304260253906, -24.701923370361328, -24.068538665771484, -23.435157775878906, -22.801774978637695, -22.168392181396484, -21.535009384155273, -20.901626586914062, -20.26824378967285, -19.63486099243164, -19.00147819519043, -18.36809539794922, -17.734712600708008, -17.101329803466797, -16.46794891357422, -15.834565162658691, -15.201183319091797, -14.567800521850586, -13.934417724609375, -13.301034927368164, -12.667652130126953, -12.034269332885742, -11.400887489318848, -10.767504692077637, -10.134121894836426, -9.500739097595215, -8.867356300354004, -8.23397445678711, -7.600591659545898, -6.9672088623046875, -6.333826065063477, -5.700443744659424, -5.067060947418213, -4.433678150177002, -3.800295829772949, -3.1669130325317383, -2.5335304737091064, -1.9001479148864746, -1.2667652368545532, -0.6333826184272766, 0.0]}, "gradients/graph_18linear.0.bias": {"_type": "histogram", "values": [1.0, 0.0, 0.0, 0.0, 0.0, 0.0, 1.0, 1.0, 0.0, 0.0, 1.0, 0.0, 0.0, 0.0, 1.0, 0.0, 0.0, 0.0, 0.0, 0.0, 0.0, 1.0, 1.0, 0.0, 0.0, 0.0, 0.0, 0.0, 0.0, 0.0, 0.0, 0.0, 0.0, 0.0, 0.0, 0.0, 2.0, 1.0, 0.0, 0.0, 1.0, 0.0, 0.0, 0.0, 0.0, 0.0, 0.0, 0.0, 0.0, 1.0, 0.0, 0.0, 0.0, 0.0, 0.0, 0.0, 0.0, 0.0, 0.0, 0.0, 0.0, 0.0, 0.0, 52.0],