{"Linear loss": 560.2064208984375, "_timestamp": 1715777530.5748532, "_runtime": 192.7957422733307, "_step": 5489, "gradients/graph_6linear.5.bias": {"_type": "histogram", "values": [2.0, 0.0, 3.0, 0.0, 0.0, 1.0, 2.0, 4.0, 1.0, 7.0, 3.0, 2.0, 4.0, 4.0, 5.0, 3.0, 2.0, 12.0, 16.0, 1.0, 1.0, 7.0, 1.0, 1.0, 3.0, 0.0, 1.0, 1.0, 1.0, 0.0, 0.0, 1.0, 0.0, 1.0, 0.0, 0.0, 0.0, 0.0, 0.0, 1.0, 0.0, 0.0, 0.0, 0.0, 0.0, 0.0, 1.0, 0.0, 0.0, 0.0, 0.0, 0.0, 0.0, 0.0, 0.0, 0.0, 0.0, 0.0, 1.0, 1.0, 1.0, 0.0, 0.0, 1.0], "bins": [-0.45014071464538574, -0.42621684074401855, -0.40229296684265137, -0.3783690631389618, -0.3544451892375946, -0.3305213153362274, -0.30659741163253784, -0.28267353773117065, -0.25874966382980347, -0.23482578992843628, -0.2109019011259079, -0.18697801232337952, -0.16305413842201233, -0.13913026452064514, -0.11520636081695557, -0.09128248691558838, -0.06735861301422119, -0.043434739112854004, -0.019510865211486816, 0.004413038492202759, 0.028336912393569946, 0.05226081609725952, 0.07618468999862671, 0.1001085638999939, 0.12403243780136108, 0.14795631170272827, 0.17188018560409546, 0.19580405950546265, 0.2197279930114746, 0.2436518669128418, 0.267575740814209, 0.29149961471557617, 0.31542348861694336, 0.33934736251831055, 0.36327123641967773, 0.3871951103210449, 0.4111189842224121, 0.4350429177284241, 0.45896679162979126, 0.48289066553115845, 0.5068145394325256, 0.5307384133338928, 0.55466228723526, 0.5785861611366272, 0.6025100946426392, 0.6264339685440063, 0.6503578424453735, 0.6742817163467407, 0.6982055902481079, 0.7221294641494751, 0.7460533380508423, 0.7699772119522095, 0.7939010858535767, 0.8178249597549438, 0.8417488932609558, 0.865672767162323, 0.8895966410636902, 0.9135205149650574, 0.9374443888664246, 0.9613682627677917, 0.9852921962738037, 1.009216070175171, 1.033139944076538, 1.0570638179779053, 1.0809876918792725]}, "gradients/graph_6linear.5.weight": {"_type": "histogram", "values": [2.0, 0.0, 7.0, 0.0, 3.0, 10.0, 16.0, 40.0, 59.0, 83.0, 111.0, 192.0, 310.0, 453.0, 576.0, 783.0, 1015.0, 1178.0, 4451.0, 886.0, 633.0, 304.0, 204.0, 124.0, 110.0, 78.0, 67.0, 56.0, 46.0, 38.0, 31.0, 36.0, 31.0, 29.0, 24.0, 41.0, 28.0, 30.0, 28.0, 23.0, 15.0, 23.0, 16.0, 20.0, 22.0, 14.0, 13.0, 8.0, 3.0, 3.0, 2.0, 0.0, 3.0, 2.0, 2.0, 0.0, 0.0, 2.0, 1.0, 1.0, 1.0, 0.0, 0.0, 1.0], "bins": [-4.592147350311279, -4.348085880279541, -4.104024410247803, -3.8599629402160645, -3.615901470184326, -3.371840000152588, -3.1277787685394287, -2.8837172985076904, -2.639655828475952, -2.395594358444214, -2.1515328884124756, -1.9074714183807373, -1.6634101867675781, -1.4193487167358398, -1.1752872467041016, -0.9312257766723633, -0.687164306640625, -0.4431028366088867, -0.19904136657714844, 0.045020103454589844, 0.2890815734863281, 0.5331430435180664, 0.7772045135498047, 1.021265983581543, 1.265326976776123, 1.5093884468078613, 1.7534499168395996, 1.997511386871338, 2.241572856903076, 2.4856343269348145, 2.7296957969665527, 2.973757266998291, 3.217818260192871, 3.4618797302246094, 3.7059412002563477, 3.950002670288086, 4.194064140319824, 4.4381256103515625, 4.682187080383301, 4.926248550415039, 5.170310020446777, 5.414371013641357, 5.658432483673096, 5.902493953704834, 6.146555423736572, 6.3906168937683105, 6.634678363800049, 6.878739833831787, 7.122801303863525, 7.366862773895264, 7.610924243927002, 7.85498571395874, 8.09904670715332, 8.343108177185059, 8.587169647216797, 8.831231117248535, 9.075292587280273, 9.319354057312012, 9.56341552734375, 9.807476997375488, 10.051538467407227, 10.295599937438965, 10.539661407470703, 10.783722877502441, 11.02778434753418]}, "gradients/graph_6linear.3.bias": {"_type": "histogram", "values": [1.0, 0.0, 0.0, 0.0, 1.0, 5.0, 0.0, 4.0, 4.0, 1.0, 4.0, 8.0, 6.0, 1.0, 4.0, 3.0, 3.0, 4.0, 7.0, 7.0, 5.0, 2.0, 3.0, 3.0, 2.0, 2.0, 4.0, 2.0, 1.0, 3.0, 2.0, 5.0, 1.0, 2.0, 3.0, 2.0, 1.0, 1.0, 2.0, 2.0, 3.0, 1.0, 0.0, 2.0, 1.0, 0.0, 0.0, 1.0, 1.0, 0.0, 0.0, 1.0, 1.0, 0.0, 0.0, 0.0, 0.0, 0.0, 5.0, 0.0, 0.0, 0.0, 0.0, 1.0], "bins": [-2.1121087074279785, -2.075833559036255, -2.039558172225952, -2.0032830238342285, -1.9670077562332153, -1.9307324886322021, -1.894457221031189, -1.8581819534301758, -1.8219068050384521, -1.785631537437439, -1.7493562698364258, -1.7130810022354126, -1.6768057346343994, -1.6405305862426758, -1.604255199432373, -1.5679800510406494, -1.5317047834396362, -1.495429515838623, -1.4591543674468994, -1.4228789806365967, -1.386603832244873, -1.3503285646438599, -1.3140532970428467, -1.277778148651123, -1.2415027618408203, -1.2052276134490967, -1.1689523458480835, -1.1326770782470703, -1.0964018106460571, -1.060126543045044, -1.0238513946533203, -0.9875761270523071, -0.951300859451294, -0.9150255918502808, -0.8787503242492676, -0.842475175857544, -0.8061999082565308, -0.7699246406555176, -0.7336493730545044, -0.697374165058136, -0.6610988974571228, -0.6248236298561096, -0.5885484218597412, -0.552273154258728, -0.5159978866577148, -0.47972267866134644, -0.44344741106033325, -0.40717220306396484, -0.37089693546295166, -0.3346216678619385, -0.29834645986557007, -0.2620711922645569, -0.22579596936702728, -0.1895207315683365, -0.1532454639673233, -0.11697022616863251, -0.08069498836994171, -0.044419750571250916, -0.008144497871398926, 0.028130754828453064, 0.06440599262714386, 0.10068123787641525, 0.13695648312568665, 0.17323172092437744, 0.20950697362422943]}, "gradients/graph_6linear.3.weight": {"_type": "histogram", "values": [1.0, 0.0, 0.0, 0.0, 1.0, 5.0, 0.0, 4.0, 4.0, 1.0, 4.0, 8.0, 6.0, 2.0, 4.0, 3.0, 3.0, 9.0, 8.0, 12.0, 8.0, 7.0, 14.0, 9.0, 11.0, 15.0, 17.0, 18.0, 27.0, 33.0, 21.0, 22.0, 27.0, 37.0, 27.0, 15.0, 29.0, 26.0, 28.0, 33.0, 67.0, 75.0, 63.0, 95.0, 75.0, 88.0, 62.0, 79.0, 72.0, 67.0, 88.0, 112.0, 133.0, 94.0, 79.0, 98.0, 153.0, 74.0, 14297.0, 4.0, 5.0, 3.0, 1.0, 1.0], "bins": [-32.88895034790039, -32.3240852355957, -31.75922203063965, -31.19435691833496, -30.629493713378906, -30.06462860107422, -29.499765396118164, -28.934900283813477, -28.370037078857422, -27.805171966552734, -27.240306854248047, -26.675443649291992, -26.110578536987305, -25.54571533203125, -24.980850219726562, -24.415985107421875, -23.85112190246582, -23.286258697509766, -22.721393585205078, -22.15652847290039, -21.591665267944336, -21.02680015563965, -20.461936950683594, -19.897071838378906, -19.33220672607422, -18.767343521118164, -18.20248031616211, -17.637615203857422, -17.072750091552734, -16.50788688659668, -15.943021774291992, -15.378158569335938, -14.813294410705566, -14.248429298400879, -13.683566093444824, -13.118700981140137, -12.553837776184082, -11.988972663879395, -11.424108505249023, -10.859244346618652, -10.294380187988281, -9.72951602935791, -9.164651870727539, -8.599787712097168, -8.03492259979248, -7.470058441162109, -6.905194282531738, -6.340330123901367, -5.775465965270996, -5.210601806640625, -4.645737648010254, -4.080872535705566, -3.5160086154937744, -2.9511444568634033, -2.386279821395874, -1.821415662765503, -1.2565515041351318, -0.6916873455047607, -0.12682294845581055, 0.43804144859313965, 1.0029056072235107, 1.5677698850631714, 2.132634162902832, 2.697498321533203, 3.2623627185821533]}, "gradients/graph_6linear.0.bias": {"_type": "histogram", "values": [1.0, 0.0, 1.0, 0.0, 0.0, 0.0, 0.0, 0.0, 0.0, 0.0, 0.0, 1.0, 1.0, 0.0, 0.0, 0.0, 0.0, 0.0, 0.0, 0.0, 1.0, 0.0, 0.0, 0.0, 1.0, 0.0, 0.0, 1.0, 1.0, 0.0, 1.0, 0.0, 0.0, 0.0, 1.0, 3.0, 0.0, 0.0, 0.0, 1.0, 0.0, 0.0, 0.0, 0.0, 1.0, 1.0, 0.0, 0.0, 1.0, 0.0, 0.0, 0.0, 0.0, 0.0, 0.0, 0.0, 0.0, 0.0, 0.0, 0.0, 0.0, 0.0, 0.0, 111.0],