{"gradients/graph_24linear.5.bias": {"_type": "histogram", "values": [3.0, 2.0, 4.0, 2.0, 2.0, 2.0, 8.0, 4.0, 0.0, 0.0, 0.0, 8.0, 9.0, 8.0, 2.0, 0.0, 0.0, 0.0, 0.0, 0.0, 0.0, 2.0, 1.0, 3.0, 3.0, 2.0, 1.0, 1.0, 0.0, 0.0, 0.0, 2.0, 2.0, 1.0, 1.0, 0.0, 0.0, 1.0, 2.0, 1.0, 0.0, 1.0, 1.0, 0.0, 0.0, 0.0, 0.0, 0.0, 0.0, 1.0, 0.0, 0.0, 1.0, 0.0, 1.0, 0.0, 3.0, 0.0, 1.0, 1.0, 3.0, 1.0, 1.0, 4.0], "bins": [-1.0067579746246338, -0.975205659866333, -0.9436532855033875, -0.9121009111404419, -0.8805485963821411, -0.8489962816238403, -0.8174439072608948, -0.7858915328979492, -0.7543392181396484, -0.7227869033813477, -0.6912345290184021, -0.6596821546554565, -0.6281298398971558, -0.596577525138855, -0.5650251507759094, -0.5334727764129639, -0.5019204616546631, -0.4703681468963623, -0.43881577253341675, -0.4072633981704712, -0.3757110834121704, -0.34415876865386963, -0.3126063942909241, -0.2810540199279785, -0.24950170516967773, -0.21794939041137695, -0.1863970160484314, -0.15484464168548584, -0.12329232692718506, -0.09174001216888428, -0.06018763780593872, -0.028635263442993164, 0.002917170524597168, 0.03446948528289795, 0.0660218596458435, 0.09757423400878906, 0.12912654876708984, 0.16067886352539062, 0.19223123788833618, 0.22378361225128174, 0.2553359270095825, 0.2868882417678833, 0.31844061613082886, 0.3499929904937744, 0.3815453052520752, 0.413097620010376, 0.44464999437332153, 0.4762023687362671, 0.5077546834945679, 0.5393069982528687, 0.5708593726158142, 0.6024117469787598, 0.6339640617370605, 0.6655163764953613, 0.6970687508583069, 0.7286211252212524, 0.7601734399795532, 0.791725754737854, 0.8232781291007996, 0.8548305034637451, 0.8863828182220459, 0.9179351329803467, 0.9494875073432922, 0.9810398817062378, 1.0125921964645386]}, "_timestamp": 1715780996.7678475, "gradients/graph_24linear.5.weight": {"_type": "histogram", "values": [3.0, 2.0, 4.0, 3.0, 5.0, 8.0, 15.0, 9.0, 5.0, 10.0, 21.0, 28.0, 27.0, 29.0, 47.0, 54.0, 40.0, 34.0, 79.0, 93.0, 77.0, 74.0, 118.0, 105.0, 126.0, 91.0, 123.0, 77.0, 144.0, 101.0, 101.0, 749.0, 86.0, 61.0, 43.0, 44.0, 42.0, 23.0, 26.0, 25.0, 34.0, 25.0, 32.0, 31.0, 23.0, 21.0, 17.0, 21.0, 13.0, 11.0, 14.0, 11.0, 17.0, 11.0, 5.0, 2.0, 7.0, 4.0, 7.0, 3.0, 5.0, 1.0, 1.0, 4.0], "bins": [-4.697210788726807, -4.549997806549072, -4.40278434753418, -4.255571365356445, -4.108358383178711, -3.9611449241638184, -3.813931941986084, -3.6667187213897705, -3.519505500793457, -3.3722922801971436, -3.22507905960083, -3.0778660774230957, -2.9306528568267822, -2.7834396362304688, -2.6362266540527344, -2.489013433456421, -2.3418002128601074, -2.194586992263794, -2.0473737716674805, -1.900160789489746, -1.7529475688934326, -1.6057343482971191, -1.4585213661193848, -1.3113081455230713, -1.1640949249267578, -1.0168817043304443, -0.8696684837341309, -0.7224555015563965, -0.5752425193786621, -0.42802906036376953, -0.28081607818603516, -0.13360261917114258, 0.013610363006591797, 0.16082334518432617, 0.30803680419921875, 0.4552497863769531, 0.6024632453918457, 0.7496762275695801, 0.8968892097473145, 1.044102430343628, 1.1913156509399414, 1.3385288715362549, 1.4857420921325684, 1.6329550743103027, 1.7801682949066162, 1.9273815155029297, 2.074594497680664, 2.2218077182769775, 2.369020938873291, 2.5162341594696045, 2.663447380065918, 2.8106603622436523, 2.957873582839966, 3.1050868034362793, 3.2522997856140137, 3.399513006210327, 3.5467262268066406, 3.693939447402954, 3.8411526679992676, 3.988365650177002, 4.1355791091918945, 4.282792091369629, 4.430005073547363, 4.577218532562256, 4.72443151473999]}, "gradients/graph_24linear.3.bias": {"_type": "histogram", "values": [1.0, 0.0, 1.0, 0.0, 0.0, 0.0, 0.0, 0.0, 0.0, 2.0, 0.0, 2.0, 0.0, 1.0, 1.0, 1.0, 3.0, 2.0, 1.0, 2.0, 1.0, 0.0, 0.0, 2.0, 1.0, 0.0, 0.0, 0.0, 2.0, 1.0, 0.0, 1.0, 1.0, 0.0, 0.0, 0.0, 0.0, 0.0, 0.0, 0.0, 0.0, 0.0, 0.0, 0.0, 0.0, 0.0, 0.0, 0.0, 0.0, 0.0, 0.0, 0.0, 0.0, 0.0, 0.0, 0.0, 0.0, 0.0, 0.0, 0.0, 0.0, 0.0, 0.0, 6.0], "bins": [-8.402909278869629, -8.271614074707031, -8.140317916870117, -8.00902271270752, -7.877727508544922, -7.746431827545166, -7.615136623382568, -7.4838409423828125, -7.352545738220215, -7.221250057220459, -7.089954853057861, -6.9586591720581055, -6.827363967895508, -6.696068286895752, -6.564772605895996, -6.433477401733398, -6.302182197570801, -6.170886516571045, -6.039590835571289, -5.908295631408691, -5.777000427246094, -5.645704746246338, -5.514409065246582, -5.383113861083984, -5.2518181800842285, -5.120522499084473, -4.989227294921875, -4.857932090759277, -4.7266364097595215, -4.595340728759766, -4.464045524597168, -4.33275032043457, -4.2014546394348145, -4.070158958435059, -3.938863754272461, -3.807568311691284, -3.6762728691101074, -3.5449774265289307, -3.413681983947754, -3.282386541366577, -3.1510910987854004, -3.0197954177856445, -2.8884999752044678, -2.757204532623291, -2.6259090900421143, -2.4946136474609375, -2.3633182048797607, -2.232022762298584, -2.1007273197174072, -1.9694318771362305, -1.8381364345550537, -1.706840991973877, -1.5755455493927002, -1.4442499876022339, -1.3129545450210571, -1.1816591024398804, -1.0503636598587036, -0.9190682172775269, -0.7877727746963501, -0.6564772725105286, -0.5251818299293518, -0.39388638734817505, -0.2625909149646759, -0.13129545748233795, 0.0]}, "gradients/graph_24linear.3.weight": {"_type": "histogram", "values": [1.0, 0.0, 1.0, 0.0, 0.0, 0.0, 0.0, 0.0, 0.0, 2.0, 0.0, 2.0, 0.0, 1.0, 1.0, 1.0, 3.0, 2.0, 1.0, 2.0, 1.0, 0.0, 0.0, 3.0, 2.0, 0.0, 0.0, 0.0, 4.0, 1.0, 2.0, 2.0, 3.0, 3.0, 3.0, 2.0, 1.0, 1.0, 2.0, 0.0, 1.0, 2.0, 0.0, 2.0, 0.0, 0.0, 0.0, 0.0, 0.0, 0.0, 0.0, 0.0, 0.0, 0.0, 0.0, 0.0, 0.0, 0.0, 0.0, 0.0, 0.0, 0.0, 0.0, 972.0], "bins": [-117.12662506103516, -115.29652404785156, -113.46641540527344, -111.63631439208984, -109.80621337890625, -107.97610473632812, -106.14600372314453, -104.31590270996094, -102.48579406738281, -100.65569305419922, -98.82559204101562, -96.9954833984375, -95.1653823852539, -93.33528137207031, -91.50517272949219, -89.6750717163086, -87.844970703125, -86.01486206054688, -84.18476104736328, -82.35466003417969, -80.52455139160156, -78.69445037841797, -76.86434936523438, -75.03424072265625, -73.20413970947266, -71.37403869628906, -69.54393005371094, -67.71382904052734, -65.88372802734375, -64.05361938476562, -62.22351837158203, -60.39341735839844, -58.56331253051758, -56.73320770263672, -54.903106689453125, -53.073001861572266, -51.242897033691406, -49.41279602050781, -47.58269119262695, -45.752586364746094, -43.9224853515625, -42.09238052368164, -40.26227569580078, -38.43217468261719, -36.60206985473633, -34.77196502685547, -32.941864013671875, -31.111759185791016, -29.28165626525879, -27.451553344726562, -25.621448516845703, -23.791345596313477, -21.96124267578125, -20.13113784790039, -18.301034927368164, -16.470932006835938, -14.640828132629395, -12.810724258422852, -10.980621337890625, -9.150517463684082, -7.320414066314697, -5.4903106689453125, -3.6602070331573486, -1.8301035165786743, -0.0]}, "gradients/graph_24linear.0.bias": {"_type": "histogram", "values": [1.0, 0.0, 0.0, 0.0, 0.0, 0.0, 0.0, 0.0, 0.0, 0.0, 0.0, 0.0, 0.0, 0.0, 0.0, 0.0, 0.0, 0.0, 0.0, 0.0, 0.0, 0.0, 0.0, 0.0, 0.0, 0.0, 0.0, 0.0, 0.0, 0.0, 0.0, 1.0, 0.0, 0.0, 0.0, 0.0, 0.0, 0.0, 0.0, 0.0, 0.0, 0.0, 0.0, 0.0, 0.0, 0.0, 0.0, 0.0, 0.0, 0.0, 0.0, 0.0, 0.0, 0.0, 0.0, 0.0, 0.0, 0.0, 0.0, 0.0, 0.0, 0.0, 0.0, 30.0],