{"gradients/graph_32linear.5.bias": {"_type": "histogram", "values": [3.0, 3.0, 5.0, 3.0, 6.0, 4.0, 6.0, 4.0, 2.0, 1.0, 1.0, 0.0, 4.0, 20.0, 26.0, 2.0, 2.0, 2.0, 0.0, 0.0, 0.0, 0.0, 0.0, 0.0, 0.0, 0.0, 0.0, 0.0, 0.0, 0.0, 0.0, 0.0, 1.0, 0.0, 0.0, 0.0, 0.0, 1.0, 0.0, 0.0, 0.0, 0.0, 0.0, 0.0, 0.0, 0.0, 0.0, 0.0, 0.0, 1.0, 0.0, 0.0, 1.0, 0.0, 0.0, 4.0, 5.0, 6.0, 4.0, 1.0, 0.0, 0.0, 0.0, 2.0], "bins": [-0.8355656862258911, -0.8083341717720032, -0.7811026573181152, -0.7538711428642273, -0.7266396284103394, -0.6994081735610962, -0.6721766591072083, -0.6449451446533203, -0.6177136301994324, -0.5904821157455444, -0.5632506012916565, -0.5360190868377686, -0.5087876319885254, -0.48155608773231506, -0.4543246030807495, -0.4270930886268616, -0.39986157417297363, -0.3726300597190857, -0.34539854526519775, -0.3181670308113098, -0.2909355163574219, -0.2637040615081787, -0.23647254705429077, -0.20924103260040283, -0.1820095181465149, -0.15477800369262695, -0.127546489238739, -0.10031497478485107, -0.07308351993560791, -0.04585200548171997, -0.01862049102783203, 0.008611023426055908, 0.03584253787994385, 0.06307405233383179, 0.09030556678771973, 0.11753708124160767, 0.1447685956954956, 0.17200005054473877, 0.1992315649986267, 0.22646307945251465, 0.2536945939064026, 0.2809261083602905, 0.30815762281417847, 0.3353891372680664, 0.36262059211730957, 0.3898521065711975, 0.41708362102508545, 0.4443151354789734, 0.47154664993286133, 0.49877816438674927, 0.5260096788406372, 0.5532411336898804, 0.5804727077484131, 0.6077041625976562, 0.6349356770515442, 0.6621671915054321, 0.6893987059593201, 0.716630220413208, 0.743861734867096, 0.7710932493209839, 0.798324704170227, 0.825556218624115, 0.8527877330780029, 0.8800192475318909, 0.9072507619857788]}, "_timestamp": 1715804358.4748554, "gradients/graph_32linear.5.weight": {"_type": "histogram", "values": [3.0, 4.0, 12.0, 8.0, 19.0, 21.0, 28.0, 28.0, 35.0, 39.0, 35.0, 35.0, 31.0, 56.0, 88.0, 88.0, 106.0, 97.0, 129.0, 82.0, 43.0, 122.0, 55.0, 74.0, 98.0, 67.0, 40.0, 43.0, 112.0, 0.0, 1780.0, 37.0, 3.0, 9.0, 40.0, 7.0, 5.0, 5.0, 17.0, 21.0, 27.0, 9.0, 17.0, 7.0, 20.0, 19.0, 8.0, 4.0, 21.0, 30.0, 19.0, 21.0, 13.0, 25.0, 19.0, 18.0, 17.0, 9.0, 8.0, 1.0, 0.0, 2.0, 2.0, 2.0], "bins": [-4.080657005310059, -3.9476664066314697, -3.814675807952881, -3.681684970855713, -3.548694372177124, -3.415703773498535, -3.282712936401367, -3.1497223377227783, -3.0167317390441895, -2.8837411403656006, -2.7507505416870117, -2.6177597045898438, -2.484769105911255, -2.351778507232666, -2.218787670135498, -2.085797071456909, -1.9528064727783203, -1.8198158740997314, -1.6868252754211426, -1.5538344383239746, -1.4208438396453857, -1.2878532409667969, -1.154862403869629, -1.02187180519104, -0.8888812065124512, -0.7558906078338623, -0.6229000091552734, -0.48990917205810547, -0.3569185733795166, -0.22392797470092773, -0.09093713760375977, 0.04205322265625, 0.17504453659057617, 0.30803537368774414, 0.4410257339477539, 0.5740165710449219, 0.7070071697235107, 0.8399977684020996, 0.9729886054992676, 1.1059792041778564, 1.2389698028564453, 1.3719604015350342, 1.504951000213623, 1.637941837310791, 1.7709324359893799, 1.9039230346679688, 2.0369138717651367, 2.1699044704437256, 2.3028950691223145, 2.4358856678009033, 2.568876266479492, 2.70186710357666, 2.834857702255249, 2.967848300933838, 3.100839138031006, 3.2338297367095947, 3.3668203353881836, 3.4998109340667725, 3.6328015327453613, 3.7657923698425293, 3.898782968521118, 4.031773567199707, 4.164764404296875, 4.297754764556885, 4.430745601654053]}, "gradients/graph_32linear.3.bias": {"_type": "histogram", "values": [2.0, 1.0, 2.0, 1.0, 0.0, 0.0, 1.0, 0.0, 2.0, 0.0, 2.0, 2.0, 1.0, 1.0, 0.0, 0.0, 2.0, 1.0, 0.0, 0.0, 0.0, 0.0, 0.0, 0.0, 0.0, 0.0, 0.0, 0.0, 0.0, 0.0, 0.0, 0.0, 0.0, 0.0, 0.0, 0.0, 0.0, 0.0, 0.0, 0.0, 0.0, 0.0, 0.0, 0.0, 0.0, 0.0, 0.0, 0.0, 0.0, 0.0, 0.0, 0.0, 0.0, 0.0, 0.0, 0.0, 0.0, 0.0, 0.0, 0.0, 0.0, 0.0, 0.0, 14.0], "bins": [-13.444212913513184, -13.234147071838379, -13.024081230163574, -12.81401538848877, -12.603949546813965, -12.39388370513916, -12.183817863464355, -11.97375202178955, -11.763686180114746, -11.553620338439941, -11.343554496765137, -11.133488655090332, -10.923422813415527, -10.713356971740723, -10.503291130065918, -10.293225288391113, -10.083159446716309, -9.873093605041504, -9.6630277633667, -9.452961921691895, -9.242897033691406, -9.032831192016602, -8.822765350341797, -8.612699508666992, -8.402633666992188, -8.192567825317383, -7.98250150680542, -7.772435665130615, -7.5623698234558105, -7.352303981781006, -7.142238140106201, -6.9321722984313965, -6.722106456756592, -6.512040615081787, -6.301974773406982, -6.091908931732178, -5.881843090057373, -5.671777248382568, -5.461711406707764, -5.251645565032959, -5.041579723358154, -4.83151388168335, -4.621448040008545, -4.41138219833374, -4.2013163566589355, -3.99125075340271, -3.7811849117279053, -3.5711190700531006, -3.361053228378296, -3.150987386703491, -2.9409215450286865, -2.730855703353882, -2.520789861679077, -2.3107240200042725, -2.1006581783294678, -1.8905924558639526, -1.680526614189148, -1.4704607725143433, -1.2603949308395386, -1.0503290891647339, -0.840263307094574, -0.6301974654197693, -0.420131653547287, -0.2100658267736435, 0.0]}, "gradients/graph_32linear.3.weight": {"_type": "histogram", "values": [2.0, 1.0, 2.0, 1.0, 0.0, 0.0, 1.0, 0.0, 2.0, 0.0, 2.0, 2.0, 1.0, 1.0, 0.0, 0.0, 2.0, 1.0, 0.0, 0.0, 0.0, 0.0, 0.0, 0.0, 0.0, 0.0, 0.0, 0.0, 0.0, 0.0, 0.0, 0.0, 0.0, 0.0, 0.0, 0.0, 0.0, 0.0, 0.0, 0.0, 0.0, 0.0, 0.0, 0.0, 0.0, 0.0, 0.0, 0.0, 0.0, 0.0, 0.0, 0.0, 0.0, 0.0, 0.0, 0.0, 0.0, 0.0, 0.0, 0.0, 0.0, 0.0, 0.0, 1006.0], "bins": [-251.37847900390625, -247.45068359375, -243.5229034423828, -239.59510803222656, -235.66732788085938, -231.73953247070312, -227.81175231933594, -223.8839569091797, -219.9561767578125, -216.02838134765625, -212.1005859375, -208.1728057861328, -204.24501037597656, -200.31723022460938, -196.38943481445312, -192.46163940429688, -188.5338592529297, -184.6060791015625, -180.67828369140625, -176.75048828125, -172.8227081298828, -168.89491271972656, -164.96713256835938, -161.03933715820312, -157.11154174804688, -153.1837615966797, -149.2559814453125, -145.32818603515625, -141.400390625, -137.47259521484375, -133.54481506347656, -129.61703491210938, -125.68923950195312, -121.7614517211914, -117.83366394042969, -113.90587615966797, -109.97808837890625, -106.05029296875, -102.12250518798828, -98.19471740722656, -94.26692962646484, -90.33914184570312, -86.4113540649414, -82.48356628417969, -78.55577087402344, -74.62798309326172, -70.7001953125, -66.77240753173828, -62.84461975097656, -58.916831970214844, -54.989044189453125, -51.06125259399414, -47.13346481323242, -43.2056770324707, -39.27788543701172, -35.35009765625, -31.42230987548828, -27.494522094726562, -23.56673240661621, -19.63894271850586, -15.71115493774414, -11.783366203308105, -7.85557746887207, -3.927788734436035, -0.0]}, "gradients/graph_32linear.0.bias": {"_type": "histogram", "values": [1.0, 0.0, 0.0, 0.0, 0.0, 0.0, 0.0, 0.0, 0.0, 0.0, 0.0, 0.0, 0.0, 0.0, 0.0, 0.0, 0.0, 0.0, 0.0, 0.0, 0.0, 0.0, 0.0, 0.0, 0.0, 0.0, 0.0, 0.0, 0.0, 0.0, 0.0, 0.0, 0.0, 0.0, 0.0, 0.0, 0.0, 0.0, 0.0, 0.0, 0.0, 0.0, 0.0, 0.0, 0.0, 0.0, 0.0, 0.0, 0.0, 0.0, 0.0, 0.0, 0.0, 0.0, 0.0, 0.0, 0.0, 0.0, 0.0, 0.0, 0.0, 0.0, 0.0, 31.0],