{"Linear loss": 11726.091796875, "_timestamp": 1715767572.9888484, "_runtime": 102.76032638549805, "_step": 1809, "gradients/graph_6linear.5.bias": {"_type": "histogram", "values": [6.0, 0.0, 0.0, 4.0, 0.0, 0.0, 0.0, 0.0, 0.0, 0.0, 0.0, 0.0, 0.0, 0.0, 0.0, 0.0, 0.0, 0.0, 0.0, 0.0, 0.0, 0.0, 0.0, 0.0, 0.0, 0.0, 0.0, 0.0, 10.0, 0.0, 0.0, 2.0, 50.0, 0.0, 0.0, 10.0, 0.0, 0.0, 0.0, 0.0, 0.0, 0.0, 0.0, 0.0, 0.0, 0.0, 0.0, 0.0, 0.0, 0.0, 0.0, 0.0, 0.0, 0.0, 0.0, 0.0, 0.0, 0.0, 0.0, 0.0, 4.0, 0.0, 0.0, 10.0], "bins": [-200.0, -193.75, -187.5, -181.25, -175.0, -168.75, -162.5, -156.25, -150.0, -143.75, -137.5, -131.25, -125.0, -118.75, -112.5, -106.25, -100.0, -93.75, -87.5, -81.25, -75.0, -68.75, -62.5, -56.25, -50.0, -43.75, -37.5, -31.25, -25.0, -18.75, -12.5, -6.25, 0.0, 6.25, 12.5, 18.75, 25.0, 31.25, 37.5, 43.75, 50.0, 56.25, 62.5, 68.75, 75.0, 81.25, 87.5, 93.75, 100.0, 106.25, 112.5, 118.75, 125.0, 131.25, 137.5, 143.75, 150.0, 156.25, 162.5, 168.75, 175.0, 181.25, 187.5, 193.75, 200.0]}, "gradients/graph_6linear.5.weight": {"_type": "histogram", "values": [6.0, 0.0, 6.0, 4.0, 0.0, 4.0, 0.0, 0.0, 0.0, 0.0, 0.0, 0.0, 0.0, 0.0, 0.0, 0.0, 0.0, 0.0, 0.0, 0.0, 6.0, 4.0, 0.0, 0.0, 0.0, 0.0, 0.0, 0.0, 10.0, 10.0, 10.0, 6.0, 2934.0, 10.0, 10.0, 10.0, 0.0, 0.0, 0.0, 0.0, 0.0, 0.0, 4.0, 10.0, 0.0, 0.0, 0.0, 0.0, 0.0, 0.0, 0.0, 0.0, 0.0, 0.0, 0.0, 0.0, 0.0, 0.0, 4.0, 0.0, 4.0, 10.0, 0.0, 10.0], "bins": [-999.0775146484375, -967.8563232421875, -936.6351928710938, -905.4140014648438, -874.1928100585938, -842.9716796875, -811.75048828125, -780.529296875, -749.30810546875, -718.0869750976562, -686.8657836914062, -655.6446533203125, -624.4234619140625, -593.2022705078125, -561.9810791015625, -530.7598876953125, -499.53875732421875, -468.31756591796875, -437.096435546875, -405.875244140625, -374.654052734375, -343.43292236328125, -312.21173095703125, -280.99053955078125, -249.7694091796875, -218.5482177734375, -187.3270263671875, -156.1058349609375, -124.88470458984375, -93.66351318359375, -62.44232177734375, -31.22119140625, 0.0, 31.22119140625, 62.44232177734375, 93.66351318359375, 124.88470458984375, 156.1058349609375, 187.3270263671875, 218.5482177734375, 249.7694091796875, 280.99053955078125, 312.21173095703125, 343.43292236328125, 374.654052734375, 405.875244140625, 437.096435546875, 468.31756591796875, 499.53875732421875, 530.7598876953125, 561.9810791015625, 593.2022705078125, 624.4234619140625, 655.6446533203125, 686.8657836914062, 718.0869750976562, 749.30810546875, 780.529296875, 811.75048828125, 842.9716796875, 874.1928100585938, 905.4140014648438, 936.6351928710938, 967.8563232421875, 999.0775146484375]}, "gradients/graph_6linear.3.bias": {"_type": "histogram", "values": [1.0, 0.0, 0.0, 0.0, 0.0, 0.0, 0.0, 0.0, 0.0, 0.0, 0.0, 0.0, 0.0, 0.0, 0.0, 0.0, 0.0, 0.0, 0.0, 0.0, 0.0, 0.0, 0.0, 0.0, 0.0, 0.0, 0.0, 0.0, 0.0, 0.0, 0.0, 0.0, 0.0, 0.0, 0.0, 1.0, 0.0, 0.0, 0.0, 0.0, 0.0, 0.0, 0.0, 0.0, 29.0, 0.0, 0.0, 0.0, 0.0, 0.0, 0.0, 0.0, 0.0, 0.0, 0.0, 0.0, 0.0, 0.0, 0.0, 0.0, 0.0, 0.0, 0.0, 1.0], "bins": [-368.0469970703125, -359.85479736328125, -351.66259765625, -343.4703674316406, -335.2781677246094, -327.0859680175781, -318.89373779296875, -310.7015380859375, -302.50933837890625, -294.317138671875, -286.12493896484375, -277.9327087402344, -269.7405090332031, -261.5483093261719, -253.35609436035156, -245.16387939453125, -236.9716796875, -228.77947998046875, -220.58726501464844, -212.39505004882812, -204.20285034179688, -196.01065063476562, -187.8184356689453, -179.626220703125, -171.43402099609375, -163.2418212890625, -155.0496063232422, -146.85739135742188, -138.66519165039062, -130.47299194335938, -122.28077697753906, -114.08856201171875, -105.89633178710938, -97.70413208007812, -89.51191711425781, -81.3197021484375, -73.12750244140625, -64.935302734375, -56.74308776855469, -48.550872802734375, -40.358673095703125, -32.166473388671875, -23.974258422851562, -15.78204345703125, -7.58984375, 0.60235595703125, 8.794570922851562, 16.986785888671875, 25.178985595703125, 33.371192932128906, 41.56340026855469, 49.75560760498047, 57.94781494140625, 66.14002227783203, 74.33222961425781, 82.5244369506836, 90.71664428710938, 98.90885162353516, 107.10105895996094, 115.29326629638672, 123.4854736328125, 131.67767333984375, 139.86988830566406, 148.06210327148438, 156.25430297851562]}, "gradients/graph_6linear.3.weight": {"_type": "histogram", "values": [1.0, 0.0, 0.0, 0.0, 0.0, 1.0, 0.0, 0.0, 0.0, 1.0, 0.0, 0.0, 0.0, 0.0, 0.0, 0.0, 0.0, 0.0, 0.0, 0.0, 0.0, 0.0, 0.0, 1.0, 0.0, 0.0, 1.0, 0.0, 0.0, 0.0, 0.0, 0.0, 0.0, 1.0, 0.0, 1.0, 1.0, 1.0, 0.0, 1.0, 1.0, 2.0, 1.0, 1.0, 1001.0, 0.0, 1.0, 1.0, 0.0, 1.0, 0.0, 0.0, 1.0, 1.0, 0.0, 0.0, 0.0, 0.0, 0.0, 1.0, 0.0, 1.0, 0.0, 1.0], "bins": [-2505.360107421875, -2449.59423828125, -2393.82861328125, -2338.062744140625, -2282.296875, -2226.53125, -2170.765380859375, -2114.99951171875, -2059.23388671875, -2003.468017578125, -1947.7021484375, -1891.9364013671875, -1836.170654296875, -1780.40478515625, -1724.6390380859375, -1668.873291015625, -1613.107421875, -1557.3416748046875, -1501.575927734375, -1445.81005859375, -1390.0443115234375, -1334.278564453125, -1278.5126953125, -1222.7469482421875, -1166.981201171875, -1111.21533203125, -1055.4495849609375, -999.683837890625, -943.91796875, -888.1522216796875, -832.386474609375, -776.62060546875, -720.8548583984375, -665.089111328125, -609.3232421875, -553.5574951171875, -497.791748046875, -442.02587890625, -386.2601318359375, -330.494384765625, -274.728515625, -218.9627685546875, -163.197021484375, -107.43115234375, -51.6654052734375, 4.100341796875, 59.8662109375, 115.6319580078125, 171.39776611328125, 227.16357421875, 282.9293212890625, 338.69512939453125, 394.4609375, 450.2266845703125, 505.99249267578125, 561.75830078125, 617.5240478515625, 673.2898559570312, 729.0556640625, 784.8214111328125, 840.5872192382812, 896.35302734375, 952.1188354492188, 1007.8845825195312, 1063.650390625]}, "gradients/graph_6linear.0.bias": {"_type": "histogram", "values": [1.0, 0.0, 0.0, 0.0, 1.0, 0.0, 0.0, 0.0, 0.0, 1.0, 0.0, 0.0, 0.0, 0.0, 1.0, 0.0, 0.0, 0.0, 0.0, 0.0, 0.0, 1.0, 0.0, 0.0, 0.0, 0.0, 1.0, 0.0, 0.0, 0.0, 0.0, 0.0, 0.0, 0.0, 0.0, 0.0, 0.0, 0.0, 0.0, 0.0, 0.0, 24.0, 0.0, 0.0, 0.0, 0.0, 0.0, 0.0, 0.0, 0.0, 0.0, 0.0, 0.0, 0.0, 0.0, 0.0, 0.0, 0.0, 0.0, 0.0, 0.0, 0.0, 0.0, 2.0], "bins": [-131.8325958251953, -128.66012573242188, -125.48765563964844, -122.315185546875, -119.14271545410156, -115.97025299072266, -112.79778289794922, -109.62531280517578, -106.45284271240234, -103.2803726196289, -100.10790252685547, -96.93544006347656, -93.76296997070312, -90.59049987792969, -87.41802978515625, -84.24555969238281, -81.07308959960938, -77.90061950683594, -74.7281494140625, -71.55567932128906, -68.38320922851562, -65.21074676513672, -62.03827667236328, -58.865806579589844, -55.693336486816406, -52.52086639404297, -49.34839630126953, -46.175926208496094, -43.00346374511719, -39.83099365234375, -36.65852355957031, -33.486053466796875, -30.31359100341797, -27.14112091064453, -23.968650817871094, -20.796180725097656, -17.62371063232422, -14.451248168945312, -11.278778076171875, -8.106307983398438, -4.933837890625, -1.7613677978515625, 1.411102294921875, 4.5835723876953125, 7.756038665771484, 10.928508758544922, 14.100975036621094, 17.27344512939453, 20.44591522216797, 23.618385314941406, 26.790855407714844, 29.963321685791016, 33.13579177856445, 36.30826187133789, 39.48072814941406, 42.6531982421875, 45.82566833496094, 48.998138427734375, 52.17060852050781, 55.343074798583984, 58.51554489135742, 61.68801498413086, 64.86048126220703, 68.03295135498047, 71.2054214477539]}, "gradients/graph_6linear.0.weight": {"_type": "histogram",