{"gradients/graph_9linear.5.bias": {"_type": "histogram", "values": [3.0, 3.0, 2.0, 2.0, 1.0, 3.0, 8.0, 5.0, 0.0, 0.0, 0.0, 1.0, 7.0, 15.0, 4.0, 0.0, 0.0, 0.0, 0.0, 0.0, 0.0, 0.0, 1.0, 2.0, 5.0, 1.0, 0.0, 3.0, 1.0, 0.0, 0.0, 2.0, 1.0, 1.0, 0.0, 2.0, 2.0, 1.0, 0.0, 2.0, 1.0, 0.0, 0.0, 0.0, 0.0, 0.0, 0.0, 0.0, 0.0, 0.0, 0.0, 1.0, 1.0, 0.0, 0.0, 0.0, 3.0, 1.0, 2.0, 0.0, 0.0, 2.0, 2.0, 5.0], "bins": [-0.9589405059814453, -0.9289692044258118, -0.8989978432655334, -0.8690265417098999, -0.8390552401542664, -0.8090839385986328, -0.7791125774383545, -0.749141275882721, -0.7191699743270874, -0.6891986131668091, -0.6592273116111755, -0.629256010055542, -0.5992846488952637, -0.5693133473396301, -0.5393420457839966, -0.5093706846237183, -0.4793993830680847, -0.44942808151245117, -0.41945672035217285, -0.3894854187965393, -0.35951411724090576, -0.32954275608062744, -0.2995714545249939, -0.26960015296936035, -0.23962879180908203, -0.2096574902534485, -0.17968618869781494, -0.1497148871421814, -0.11974352598190308, -0.08977222442626953, -0.059800922870635986, -0.029829561710357666, 0.00014168024063110352, 0.03011298179626465, 0.06008434295654297, 0.09005564451217651, 0.12002694606781006, 0.14999830722808838, 0.17996960878372192, 0.20994091033935547, 0.239912211894989, 0.26988357305526733, 0.2998548746109009, 0.3298261761665344, 0.35979753732681274, 0.3897688388824463, 0.41974014043807983, 0.44971150159835815, 0.4796828031539917, 0.50965416431427, 0.5396254062652588, 0.5695967674255371, 0.5995680689811707, 0.6295393705368042, 0.6595107316970825, 0.6894820332527161, 0.7194533348083496, 0.7494246959686279, 0.7793959975242615, 0.809367299079895, 0.8393386602401733, 0.8693099617958069, 0.8992812633514404, 0.9292526245117188, 0.9592239260673523]}, "_timestamp": 1715779401.3369138, "gradients/graph_9linear.5.weight": {"_type": "histogram", "values": [3.0, 3.0, 2.0, 2.0, 2.0, 8.0, 15.0, 17.0, 9.0, 25.0, 31.0, 39.0, 53.0, 64.0, 52.0, 65.0, 93.0, 104.0, 140.0, 130.0, 181.0, 169.0, 157.0, 199.0, 193.0, 225.0, 134.0, 192.0, 207.0, 164.0, 219.0, 2012.0, 171.0, 127.0, 102.0, 81.0, 44.0, 47.0, 50.0, 32.0, 54.0, 34.0, 55.0, 56.0, 48.0, 48.0, 37.0, 30.0, 34.0, 23.0, 25.0, 32.0, 17.0, 19.0, 20.0, 9.0, 12.0, 10.0, 8.0, 1.0, 0.0, 2.0, 2.0, 5.0], "bins": [-3.7702479362487793, -3.6524102687835693, -3.5345726013183594, -3.4167349338531494, -3.2988972663879395, -3.1810595989227295, -3.0632219314575195, -2.9453845024108887, -2.8275465965270996, -2.7097091674804688, -2.5918712615966797, -2.474033832550049, -2.356196165084839, -2.238358497619629, -2.120520830154419, -2.002683162689209, -1.884845495223999, -1.767007827758789, -1.649170160293579, -1.5313324928283691, -1.4134948253631592, -1.2956571578979492, -1.1778194904327393, -1.0599818229675293, -0.9421443939208984, -0.8243067264556885, -0.7064690589904785, -0.5886313915252686, -0.4707937240600586, -0.35295605659484863, -0.23511838912963867, -0.11728072166442871, 0.0005571842193603516, 0.11839485168457031, 0.23623251914978027, 0.35407018661499023, 0.4719078540802002, 0.5897455215454102, 0.7075831890106201, 0.8254208564758301, 0.94325852394104, 1.061095952987671, 1.1789336204528809, 1.2967712879180908, 1.4146089553833008, 1.5324466228485107, 1.6502842903137207, 1.7681219577789307, 1.8859596252441406, 2.0037972927093506, 2.1216349601745605, 2.2394726276397705, 2.3573102951049805, 2.4751477241516113, 2.5929856300354004, 2.7108230590820312, 2.8286609649658203, 2.946498394012451, 3.0643362998962402, 3.182173728942871, 3.300011396408081, 3.417849063873291, 3.535686731338501, 3.653524398803711, 3.771362066268921]}, "gradients/graph_9linear.3.bias": {"_type": "histogram", "values": [1.0, 0.0, 1.0, 1.0, 1.0, 0.0, 2.0, 2.0, 2.0, 0.0, 4.0, 1.0, 4.0, 2.0, 2.0, 1.0, 2.0, 1.0, 2.0, 3.0, 5.0, 3.0, 2.0, 1.0, 2.0, 0.0, 1.0, 0.0, 0.0, 0.0, 0.0, 0.0, 0.0, 0.0, 0.0, 0.0, 0.0, 0.0, 0.0, 0.0, 0.0, 0.0, 0.0, 0.0, 0.0, 0.0, 0.0, 0.0, 0.0, 0.0, 0.0, 0.0, 0.0, 0.0, 0.0, 0.0, 0.0, 0.0, 0.0, 0.0, 0.0, 0.0, 0.0, 18.0], "bins": [-6.803171157836914, -6.696871757507324, -6.590571880340576, -6.484272480010986, -6.3779730796813965, -6.271673202514648, -6.165373802185059, -6.059074401855469, -5.952775001525879, -5.846475124359131, -5.740175724029541, -5.633875846862793, -5.527576446533203, -5.421277046203613, -5.314977645874023, -5.208677768707275, -5.1023783683776855, -4.996078968048096, -4.889779090881348, -4.783479690551758, -4.677180290222168, -4.570880889892578, -4.46458101272583, -4.35828161239624, -4.251981735229492, -4.145682334899902, -4.0393829345703125, -3.9330832958221436, -3.8267836570739746, -3.7204842567443848, -3.614184617996216, -3.507885217666626, -3.401585578918457, -3.295285940170288, -3.1889865398406982, -3.0826869010925293, -2.9763875007629395, -2.8700878620147705, -2.7637882232666016, -2.6574888229370117, -2.5511891841888428, -2.444889545440674, -2.338590145111084, -2.232290506362915, -2.125990867614746, -2.0196914672851562, -1.9133918285369873, -1.807092308998108, -1.7007927894592285, -1.5944932699203491, -1.4881937503814697, -1.3818941116333008, -1.2755945920944214, -1.169295072555542, -1.062995433807373, -0.9566959142684937, -0.8503963947296143, -0.7440968751907349, -0.6377972960472107, -0.5314977169036865, -0.42519819736480713, -0.31889864802360535, -0.21259909868240356, -0.10629954934120178, 0.0]}, "gradients/graph_9linear.3.weight": {"_type": "histogram", "values": [1.0, 0.0, 1.0, 1.0, 1.0, 0.0, 2.0, 2.0, 2.0, 0.0, 4.0, 1.0, 4.0, 2.0, 2.0, 1.0, 2.0, 1.0, 2.0, 3.0, 5.0, 3.0, 2.0, 1.0, 2.0, 1.0, 1.0, 2.0, 1.0, 2.0, 4.0, 4.0, 1.0, 6.0, 3.0, 2.0, 3.0, 8.0, 4.0, 2.0, 2.0, 1.0, 0.0, 0.0, 0.0, 0.0, 0.0, 0.0, 0.0, 1.0, 4.0, 9.0, 10.0, 8.0, 12.0, 2.0, 0.0, 0.0, 0.0, 0.0, 0.0, 0.0, 0.0, 3958.0], "bins": [-105.60636901855469, -103.95626831054688, -102.30616760253906, -100.65606689453125, -99.00597381591797, -97.35587310791016, -95.70577239990234, -94.05567169189453, -92.40557098388672, -90.7554702758789, -89.10537719726562, -87.45527648925781, -85.80517578125, -84.15507507324219, -82.50497436523438, -80.85487365722656, -79.20477294921875, -77.55467987060547, -75.90457916259766, -74.25447845458984, -72.60437774658203, -70.95428466796875, -69.30418395996094, -67.65408325195312, -66.00398254394531, -64.3538818359375, -62.70378112792969, -61.053680419921875, -59.40358352661133, -57.753482818603516, -56.1033821105957, -54.453285217285156, -52.803184509277344, -51.15308380126953, -49.502986907958984, -47.85288619995117, -46.20278549194336, -44.55268859863281, -42.902587890625, -41.25248718261719, -39.602386474609375, -37.95228958129883, -36.302188873291016, -34.6520881652832, -33.001991271972656, -31.351890563964844, -29.701791763305664, -28.05169105529785, -26.401592254638672, -24.751493453979492, -23.10139274597168, -21.4512939453125, -19.801193237304688, -18.151094436645508, -16.500995635986328, -14.850895881652832, -13.200796127319336, -11.55069637298584, -9.900596618652344, -8.250497817993164, -6.600398063659668, -4.950298309326172, -3.300199031829834, -1.650099515914917, -0.0]}, "gradients/graph_9linear.0.bias": {"_type": "histogram", "values": [2.0, 0.0, 0.0, 0.0, 0.0, 0.0, 0.0, 0.0, 0.0, 0.0, 0.0, 0.0, 0.0, 0.0, 0.0, 0.0, 0.0, 0.0, 0.0, 0.0, 0.0, 0.0, 0.0, 0.0, 0.0, 0.0, 0.0, 1.0, 0.0, 0.0, 0.0, 0.0, 0.0, 0.0, 0.0, 0.0, 0.0, 0.0, 0.0, 1.0, 0.0, 0.0, 0.0, 0.0, 0.0, 0.0, 0.0, 0.0, 0.0, 0.0, 0.0, 0.0, 0.0, 0.0, 0.0, 0.0, 0.0, 0.0, 0.0, 0.0, 0.0, 0.0, 0.0, 60.0],