{"Linear loss": 224.9931640625, "_timestamp": 1715777183.3275325, "_runtime": 56.864333629608154, "_step": 1829, "gradients/graph_4linear.5.bias": {"_type": "histogram", "values": [1.0, 0.0, 0.0, 1.0, 0.0, 1.0, 0.0, 2.0, 0.0, 1.0, 1.0, 0.0, 0.0, 0.0, 0.0, 0.0, 0.0, 0.0, 0.0, 0.0, 0.0, 1.0, 0.0, 2.0, 1.0, 4.0, 5.0, 6.0, 28.0, 8.0, 3.0, 3.0, 1.0, 1.0, 1.0, 1.0, 2.0, 2.0, 1.0, 1.0, 0.0, 0.0, 0.0, 0.0, 0.0, 0.0, 0.0, 0.0, 0.0, 4.0, 4.0, 1.0, 1.0, 2.0, 2.0, 1.0, 0.0, 0.0, 1.0, 1.0, 0.0, 0.0, 0.0, 1.0], "bins": [-0.9209175109863281, -0.8920488357543945, -0.8631801009178162, -0.8343114256858826, -0.805442750453949, -0.7765740156173706, -0.747705340385437, -0.7188366651535034, -0.6899679899215698, -0.6610992550849915, -0.6322305798530579, -0.6033618450164795, -0.5744931697845459, -0.5456244945526123, -0.5167558193206787, -0.48788711428642273, -0.45901840925216675, -0.43014970421791077, -0.4012809991836548, -0.3724123239517212, -0.3435436487197876, -0.31467491388320923, -0.28580623865127563, -0.25693756341934204, -0.22806882858276367, -0.19920015335083008, -0.17033147811889648, -0.1414628028869629, -0.11259406805038452, -0.08372539281845093, -0.054856717586517334, -0.025987982749938965, 0.0028806328773498535, 0.03174930810928345, 0.060618042945861816, 0.08948671817779541, 0.118355393409729, 0.14722412824630737, 0.17609280347824097, 0.20496147871017456, 0.23383015394210815, 0.2626988887786865, 0.2915675640106201, 0.3204362392425537, 0.3493049740791321, 0.3781736493110657, 0.40704232454299927, 0.43591102957725525, 0.46477973461151123, 0.4936484396457672, 0.5225170850753784, 0.5513858199119568, 0.5802544951438904, 0.6091232299804688, 0.6379919052124023, 0.6668605804443359, 0.6957292556762695, 0.7245979905128479, 0.7534666657447815, 0.7823354005813599, 0.8112040758132935, 0.840072751045227, 0.8689414262771606, 0.897810161113739, 0.9266788363456726]}, "gradients/graph_4linear.5.weight": {"_type": "histogram", "values": [1.0, 0.0, 0.0, 1.0, 0.0, 1.0, 0.0, 2.0, 0.0, 1.0, 1.0, 0.0, 0.0, 0.0, 0.0, 0.0, 0.0, 0.0, 0.0, 1.0, 1.0, 2.0, 3.0, 3.0, 1.0, 4.0, 5.0, 7.0, 31.0, 17.0, 47.0, 12078.0, 28.0, 5.0, 5.0, 1.0, 2.0, 2.0, 5.0, 6.0, 5.0, 1.0, 2.0, 0.0, 1.0, 0.0, 0.0, 0.0, 0.0, 4.0, 4.0, 1.0, 1.0, 2.0, 2.0, 1.0, 0.0, 0.0, 1.0, 1.0, 0.0, 0.0, 0.0, 1.0], "bins": [-77.9089126586914, -75.46664428710938, -73.02437591552734, -70.58210754394531, -68.13983154296875, -65.69756317138672, -63.25529479980469, -60.813026428222656, -58.370758056640625, -55.928489685058594, -53.48622131347656, -51.043949127197266, -48.601680755615234, -46.1594123840332, -43.717140197753906, -41.274871826171875, -38.832603454589844, -36.39033508300781, -33.94806671142578, -31.505794525146484, -29.063526153564453, -26.621257781982422, -24.178985595703125, -21.736717224121094, -19.294448852539062, -16.85218048095703, -14.409912109375, -11.967643737792969, -9.525367736816406, -7.083099365234375, -4.640830993652344, -2.1985626220703125, 0.2436981201171875, 2.6859664916992188, 5.12823486328125, 7.570503234863281, 10.012771606445312, 12.455047607421875, 14.897315979003906, 17.339584350585938, 19.78185272216797, 22.22412109375, 24.66638946533203, 27.108661651611328, 29.55093002319336, 31.99319839477539, 34.43547058105469, 36.87773895263672, 39.32000732421875, 41.76227569580078, 44.20454406738281, 46.64681625366211, 49.08908462524414, 51.53135299682617, 53.97362518310547, 56.4158935546875, 58.85816192626953, 61.30043029785156, 63.742698669433594, 66.18496704101562, 68.62724304199219, 71.06951141357422, 73.51177978515625, 75.95404815673828, 78.39631652832031]}, "gradients/graph_4linear.3.bias": {"_type": "histogram", "values": [125.0, 0.0, 0.0, 0.0, 0.0, 0.0, 0.0, 0.0, 1.0, 0.0, 0.0, 0.0, 0.0, 0.0, 0.0, 1.0, 0.0, 0.0, 0.0, 0.0, 0.0, 0.0, 0.0, 0.0, 0.0, 0.0, 0.0, 0.0, 0.0, 0.0, 0.0, 0.0, 0.0, 0.0, 0.0, 0.0, 0.0, 0.0, 0.0, 0.0, 0.0, 0.0, 0.0, 0.0, 0.0, 0.0, 0.0, 0.0, 0.0, 0.0, 0.0, 0.0, 0.0, 0.0, 0.0, 0.0, 0.0, 0.0, 0.0, 0.0, 0.0, 0.0, 0.0, 1.0], "bins": [0.0, 0.08813317120075226, 0.17626634240150452, 0.26439952850341797, 0.35253268480300903, 0.4406658411026001, 0.5287990570068359, 0.616932213306427, 0.7050653696060181, 0.7931985259056091, 0.8813316822052002, 0.969464898109436, 1.0575981140136719, 1.1457312107086182, 1.233864426612854, 1.3219975233078003, 1.4101307392120361, 1.498263955116272, 1.5863970518112183, 1.674530267715454, 1.7626633644104004, 1.8507965803146362, 1.938929796218872, 2.0270628929138184, 2.1151962280273438, 2.20332932472229, 2.2914624214172363, 2.3795955181121826, 2.467728853225708, 2.5558619499206543, 2.6439950466156006, 2.732128381729126, 2.8202614784240723, 2.9083945751190186, 2.996527910232544, 3.0846610069274902, 3.1727941036224365, 3.260927438735962, 3.349060535430908, 3.4371936321258545, 3.525326728820801, 3.613460063934326, 3.7015931606292725, 3.7897262573242188, 3.877859592437744, 3.9659926891326904, 4.054125785827637, 4.142259120941162, 4.2303924560546875, 4.318525314331055, 4.40665864944458, 4.4947919845581055, 4.582924842834473, 4.671058177947998, 4.759191513061523, 4.847324371337891, 4.935457706451416, 5.023590564727783, 5.111723899841309, 5.199857234954834, 5.287990093231201, 5.376123428344727, 5.464256763458252, 5.552389621734619, 5.6405229568481445]}, "gradients/graph_4linear.3.weight": {"_type": "histogram", "values": [16262.0, 14.0, 11.0, 10.0, 13.0, 11.0, 5.0, 7.0, 10.0, 3.0, 1.0, 2.0, 2.0, 1.0, 1.0, 2.0, 0.0, 0.0, 1.0, 1.0, 1.0, 2.0, 0.0, 2.0, 0.0, 1.0, 0.0, 0.0, 2.0, 0.0, 2.0, 2.0, 1.0, 4.0, 0.0, 2.0, 0.0, 1.0, 0.0, 1.0, 0.0, 0.0, 1.0, 0.0, 1.0, 1.0, 0.0, 0.0, 0.0, 0.0, 1.0, 0.0, 0.0, 0.0, 1.0, 0.0, 0.0, 0.0, 0.0, 0.0, 0.0, 0.0, 0.0, 1.0], "bins": [0.0, 1.3613803386688232, 2.7227606773376465, 4.084140777587891, 5.445521354675293, 6.806901931762695, 8.168281555175781, 9.529662132263184, 10.891042709350586, 12.252423286437988, 13.61380386352539, 14.975183486938477, 16.336563110351562, 17.69794464111328, 19.059324264526367, 20.420705795288086, 21.782085418701172, 23.143465042114258, 24.504846572875977, 25.866226196289062, 27.22760772705078, 28.588987350463867, 29.950366973876953, 31.311748504638672, 32.673126220703125, 34.034507751464844, 35.39588928222656, 36.75727081298828, 38.118648529052734, 39.48003005981445, 40.84141159057617, 42.202789306640625, 43.564170837402344, 44.92555236816406, 46.286930084228516, 47.648311614990234, 49.00969314575195, 50.371070861816406, 51.732452392578125, 53.093833923339844, 54.45521545410156, 55.816593170166016, 57.177974700927734, 58.53935241699219, 59.900733947753906, 61.262115478515625, 62.623497009277344, 63.98487854003906, 65.34625244140625, 66.70763397216797, 68.06901550292969, 69.4303970336914, 70.79177856445312, 72.15316009521484, 73.51454162597656, 74.87591552734375, 76.23729705810547, 77.59867858886719, 78.9600601196289, 80.32144165039062, 81.68282318115234, 83.04420471191406, 84.40557861328125, 85.76696014404297, 87.12834167480469]}, "gradients/graph_4linear.0.bias": {"_type": "histogram", "values": [1.0, 0.0, 0.0, 79.0, 2.0, 0.0, 1.0, 1.0, 0.0, 1.0, 1.0, 2.0, 2.0, 6.0, 1.0, 0.0, 0.0, 3.0, 0.0, 4.0, 1.0, 2.0, 1.0, 2.0, 1.0, 0.0, 0.0, 1.0, 2.0, 0.0, 1.0, 0.0, 2.0, 1.0, 0.0, 1.0, 0.0, 0.0, 0.0, 0.0, 0.0, 0.0, 1.0, 1.0, 0.0, 1.0, 1.0, 1.0, 0.0, 0.0, 0.0, 0.0, 1.0, 0.0, 1.0, 0.0, 0.0, 0.0, 1.0, 0.0, 0.0, 0.0, 0.0, 1.0],