{"gradients/graph_8linear.5.bias": {"_type": "histogram", "values": [1.0, 1.0, 1.0, 0.0, 1.0, 4.0, 3.0, 4.0, 3.0, 5.0, 5.0, 1.0, 3.0, 3.0, 1.0, 0.0, 1.0, 3.0, 19.0, 3.0, 0.0, 0.0, 0.0, 1.0, 1.0, 1.0, 0.0, 0.0, 1.0, 1.0, 2.0, 0.0, 0.0, 3.0, 0.0, 0.0, 0.0, 1.0, 4.0, 2.0, 3.0, 1.0, 4.0, 3.0, 2.0, 0.0, 0.0, 0.0, 0.0, 0.0, 0.0, 1.0, 1.0, 0.0, 0.0, 1.0, 0.0, 0.0, 0.0, 0.0, 0.0, 0.0, 0.0, 1.0], "bins": [-0.48098883032798767, -0.462382435798645, -0.44377607107162476, -0.4251697063446045, -0.40656331181526184, -0.3879569172859192, -0.3693505525588989, -0.35074418783187866, -0.332137793302536, -0.31353139877319336, -0.2949250340461731, -0.27631866931915283, -0.2577122747898102, -0.23910589516162872, -0.22049951553344727, -0.20189312100410461, -0.18328675627708435, -0.1646803915500641, -0.14607399702072144, -0.12746760249137878, -0.10886123776435852, -0.09025487303733826, -0.0716484785079956, -0.053042083978652954, -0.03443571925163269, -0.015829354524612427, 0.0027770400047302246, 0.021383434534072876, 0.03998979926109314, 0.0585961639881134, 0.07720258831977844, 0.0958089530467987, 0.11441534757614136, 0.13302171230316162, 0.15162807703018188, 0.17023450136184692, 0.1888408660888672, 0.20744723081588745, 0.2260536253452301, 0.24466001987457275, 0.263266384601593, 0.2818727493286133, 0.30047914385795593, 0.3190855383872986, 0.33769190311431885, 0.3562982678413391, 0.37490466237068176, 0.3935110569000244, 0.4121174216270447, 0.43072378635406494, 0.4493301808834076, 0.46793657541275024, 0.4865429401397705, 0.5051493048667908, 0.523755669593811, 0.5423620939254761, 0.5609684586524963, 0.5795748233795166, 0.5981812477111816, 0.6167876124382019, 0.6353939771652222, 0.6540003418922424, 0.6726067066192627, 0.6912131309509277, 0.709819495677948]}, "_timestamp": 1715847903.1151242, "gradients/graph_8linear.5.weight": {"_type": "histogram", "values": [2.0, 1.0, 4.0, 5.0, 11.0, 23.0, 34.0, 38.0, 70.0, 101.0, 139.0, 199.0, 244.0, 291.0, 352.0, 366.0, 439.0, 432.0, 518.0, 739.0, 968.0, 984.0, 947.0, 665.0, 414.0, 336.0, 129.0, 264.0, 315.0, 346.0, 315.0, 363.0, 268.0, 291.0, 325.0, 246.0, 233.0, 179.0, 178.0, 109.0, 89.0, 51.0, 36.0, 39.0, 34.0, 18.0, 24.0, 24.0, 17.0, 15.0, 8.0, 10.0, 9.0, 5.0, 6.0, 2.0, 7.0, 4.0, 2.0, 2.0, 1.0, 0.0, 1.0, 1.0], "bins": [-3.0855114459991455, -2.9661526679992676, -2.8467941284179688, -2.727435350418091, -2.608076572418213, -2.488718032836914, -2.369359254837036, -2.250000476837158, -2.1306419372558594, -2.0112833976745605, -1.8919246196746826, -1.7725658416748047, -1.6532071828842163, -1.533848524093628, -1.41448974609375, -1.2951310873031616, -1.1757724285125732, -1.0564136505126953, -0.9370551109313965, -0.8176963329315186, -0.6983377933502197, -0.5789790153503418, -0.45962023735046387, -0.34026169776916504, -0.2209029197692871, -0.10154414176940918, 0.01781439781188965, 0.13717317581176758, 0.2565319538116455, 0.37589049339294434, 0.49524927139282227, 0.6146078109741211, 0.7339668273925781, 0.853325605392456, 0.9726841449737549, 1.0920429229736328, 1.2114014625549316, 1.3307602405548096, 1.4501190185546875, 1.5694775581359863, 1.6888363361358643, 1.8081951141357422, 1.927553653717041, 2.046912431716919, 2.166271209716797, 2.2856297492980957, 2.4049885272979736, 2.5243470668792725, 2.6437058448791504, 2.763064384460449, 2.882423162460327, 3.001781940460205, 3.121140480041504, 3.240499258041382, 3.3598580360412598, 3.4792165756225586, 3.5985753536224365, 3.7179341316223145, 3.8372926712036133, 3.956651449203491, 4.076010227203369, 4.195368766784668, 4.314727306365967, 4.434086322784424, 4.553444862365723]}, "gradients/graph_8linear.3.bias": {"_type": "histogram", "values": [1.0, 1.0, 0.0, 0.0, 0.0, 0.0, 0.0, 0.0, 0.0, 0.0, 0.0, 1.0, 2.0, 1.0, 0.0, 0.0, 0.0, 2.0, 1.0, 3.0, 3.0, 1.0, 3.0, 2.0, 1.0, 8.0, 5.0, 9.0, 3.0, 3.0, 4.0, 7.0, 3.0, 3.0, 4.0, 6.0, 3.0, 7.0, 4.0, 4.0, 4.0, 1.0, 3.0, 2.0, 7.0, 1.0, 1.0, 1.0, 1.0, 2.0, 2.0, 0.0, 0.0, 1.0, 2.0, 2.0, 0.0, 1.0, 0.0, 0.0, 0.0, 0.0, 0.0, 2.0], "bins": [-2.2181503772735596, -2.200958251953125, -2.1837658882141113, -2.1665737628936768, -2.149381637573242, -2.1321895122528076, -2.114997148513794, -2.0978050231933594, -2.080612897872925, -2.0634207725524902, -2.0462284088134766, -2.029036283493042, -2.0118441581726074, -1.9946519136428833, -1.9774596691131592, -1.9602675437927246, -1.9430752992630005, -1.925883173942566, -1.9086909294128418, -1.8914988040924072, -1.874306559562683, -1.857114315032959, -1.8399221897125244, -1.8227300643920898, -1.8055378198623657, -1.7883455753326416, -1.771153450012207, -1.753961205482483, -1.7367690801620483, -1.7195768356323242, -1.7023847103118896, -1.6851924657821655, -1.6680002212524414, -1.6508080959320068, -1.6336159706115723, -1.6164237260818481, -1.599231481552124, -1.5820393562316895, -1.5648471117019653, -1.5476549863815308, -1.5304627418518066, -1.513270616531372, -1.496078372001648, -1.4788861274719238, -1.4616940021514893, -1.4445018768310547, -1.4273096323013306, -1.4101173877716064, -1.3929252624511719, -1.3757330179214478, -1.3585408926010132, -1.341348648071289, -1.3241565227508545, -1.3069642782211304, -1.2897720336914062, -1.2725799083709717, -1.2553876638412476, -1.238195538520813, -1.2210032939910889, -1.2038111686706543, -1.1866189241409302, -1.1694267988204956, -1.1522345542907715, -1.135042428970337, -1.1178501844406128]}, "gradients/graph_8linear.3.weight": {"_type": "histogram", "values": [2.0, 0.0, 0.0, 0.0, 0.0, 1.0, 3.0, 0.0, 2.0, 5.0, 3.0, 5.0, 10.0, 15.0, 6.0, 11.0, 7.0, 10.0, 9.0, 14.0, 4.0, 9.0, 14.0, 8.0, 17.0, 19.0, 13.0, 15.0, 16.0, 22.0, 17.0, 34.0, 31.0, 39.0, 31.0, 40.0, 33.0, 43.0, 35.0, 26.0, 26.0, 23.0, 32.0, 42.0, 62.0, 76.0, 112.0, 106.0, 101.0, 69.0, 30.0, 26.0, 11.0, 28.0, 76.0, 109.0, 108.0, 111.0, 64.0, 73.0, 63.0, 3.0, 247.0, 14217.0], "bins": [-25.881349563598633, -25.476953506469727, -25.07255744934082, -24.668161392211914, -24.263765335083008, -23.8593692779541, -23.454973220825195, -23.05057716369629, -22.646181106567383, -22.241785049438477, -21.83738899230957, -21.432992935180664, -21.028596878051758, -20.62420082092285, -20.219804763793945, -19.81540870666504, -19.411012649536133, -19.006616592407227, -18.60222053527832, -18.197824478149414, -17.793426513671875, -17.38903045654297, -16.984634399414062, -16.580238342285156, -16.17584228515625, -15.77144718170166, -15.367051124572754, -14.962655067443848, -14.558259010314941, -14.153862953186035, -13.749466896057129, -13.345070838928223, -12.940674781799316, -12.53627872467041, -12.131882667541504, -11.727486610412598, -11.323090553283691, -10.918694496154785, -10.514298439025879, -10.109902381896973, -9.705506324768066, -9.30111026763916, -8.896714210510254, -8.492318153381348, -8.087922096252441, -7.683525562286377, -7.279129505157471, -6.8747334480285645, -6.470337390899658, -6.065941333770752, -5.661545276641846, -5.2571492195129395, -4.852753162384033, -4.448357105255127, -4.043961048126221, -3.6395647525787354, -3.235168695449829, -2.830772638320923, -2.4263765811920166, -2.0219805240631104, -1.6175843477249146, -1.2131882905960083, -0.8087921738624573, -0.40439608693122864, 0.0]}, "gradients/graph_8linear.0.bias": {"_type": "histogram", "values": [1.0, 0.0, 0.0, 0.0, 0.0, 0.0, 1.0, 0.0, 0.0, 1.0, 0.0, 0.0, 0.0, 0.0, 0.0, 0.0, 0.0, 3.0, 1.0, 0.0, 0.0, 0.0, 0.0, 1.0, 0.0, 0.0, 0.0, 1.0, 1.0, 0.0, 0.0, 2.0, 0.0, 0.0, 0.0, 0.0, 0.0, 1.0, 1.0, 1.0, 0.0, 0.0, 0.0, 0.0, 0.0, 1.0, 0.0, 0.0, 1.0, 0.0, 0.0, 0.0, 0.0, 0.0, 0.0, 0.0, 0.0, 0.0, 0.0, 0.0, 0.0, 0.0, 0.0, 111.0],