{"gradients/graph_15linear.3.bias": {"_type": "histogram", "values": [2.0, 0.0, 0.0, 1.0, 0.0, 0.0, 1.0, 0.0, 0.0, 0.0, 0.0, 0.0, 0.0, 0.0, 0.0, 0.0, 0.0, 0.0, 0.0, 0.0, 0.0, 0.0, 0.0, 0.0, 0.0, 9.0, 0.0, 0.0, 19.0, 0.0, 0.0, 0.0, 42.0, 0.0, 0.0, 25.0, 0.0, 0.0, 11.0, 0.0, 0.0, 0.0, 0.0, 0.0, 0.0, 0.0, 0.0, 0.0, 0.0, 0.0, 0.0, 0.0, 0.0, 0.0, 0.0, 0.0, 0.0, 2.0, 0.0, 0.0, 3.0, 0.0, 0.0, 5.0], "bins": [-200.0, -193.75, -187.5, -181.25, -175.0, -168.75, -162.5, -156.25, -150.0, -143.75, -137.5, -131.25, -125.0, -118.75, -112.5, -106.25, -100.0, -93.75, -87.5, -81.25, -75.0, -68.75, -62.5, -56.25, -50.0, -43.75, -37.5, -31.25, -25.0, -18.75, -12.5, -6.25, 0.0, 6.25, 12.5, 18.75, 25.0, 31.25, 37.5, 43.75, 50.0, 56.25, 62.5, 68.75, 75.0, 81.25, 87.5, 93.75, 100.0, 106.25, 112.5, 118.75, 125.0, 131.25, 137.5, 143.75, 150.0, 156.25, 162.5, 168.75, 175.0, 181.25, 187.5, 193.75, 200.0]}, "_timestamp": 1715868697.94518, "gradients/graph_15linear.3.weight": {"_type": "histogram", "values": [2.0, 0.0, 0.0, 1.0, 0.0, 0.0, 1.0, 0.0, 2.0, 2.0, 1.0, 2.0, 2.0, 1.0, 1.0, 1.0, 0.0, 0.0, 0.0, 0.0, 2.0, 2.0, 4.0, 5.0, 2.0, 10.0, 5.0, 30.0, 19.0, 75.0, 77.0, 105.0, 6959.0, 103.0, 97.0, 25.0, 40.0, 13.0, 13.0, 5.0, 12.0, 11.0, 5.0, 5.0, 0.0, 0.0, 0.0, 0.0, 2.0, 2.0, 3.0, 5.0, 5.0, 3.0, 5.0, 5.0, 0.0, 2.0, 0.0, 0.0, 3.0, 0.0, 0.0, 5.0], "bins": [-1579.8487548828125, -1530.478515625, -1481.108154296875, -1431.7379150390625, -1382.36767578125, -1332.9974365234375, -1283.6270751953125, -1234.2568359375, -1184.8865966796875, -1135.516357421875, -1086.14599609375, -1036.7757568359375, -987.4054565429688, -938.0352172851562, -888.6649169921875, -839.294677734375, -789.9243774414062, -740.5540771484375, -691.183837890625, -641.8135375976562, -592.4432983398438, -543.072998046875, -493.7027587890625, -444.33251953125, -394.962158203125, -345.5919189453125, -296.2216796875, -246.851318359375, -197.4810791015625, -148.11083984375, -98.7406005859375, -49.3702392578125, 0.0, 49.3702392578125, 98.7406005859375, 148.11083984375, 197.4810791015625, 246.851318359375, 296.2216796875, 345.5919189453125, 394.962158203125, 444.33251953125, 493.7027587890625, 543.072998046875, 592.4432983398438, 641.8135375976562, 691.183837890625, 740.5540771484375, 789.9243774414062, 839.294677734375, 888.6649169921875, 938.0352172851562, 987.4054565429688, 1036.7757568359375, 1086.14599609375, 1135.516357421875, 1184.8865966796875, 1234.2568359375, 1283.6270751953125, 1332.9974365234375, 1382.36767578125, 1431.7379150390625, 1481.108154296875, 1530.478515625, 1579.8487548828125]}, "gradients/graph_15linear.0.bias": {"_type": "histogram", "values": [1.0, 0.0, 0.0, 0.0, 0.0, 0.0, 0.0, 0.0, 0.0, 0.0, 0.0, 0.0, 0.0, 0.0, 0.0, 0.0, 0.0, 0.0, 0.0, 0.0, 0.0, 0.0, 1.0, 1.0, 1.0, 0.0, 1.0, 0.0, 0.0, 0.0, 1.0, 0.0, 0.0, 0.0, 0.0, 2.0, 0.0, 0.0, 0.0, 0.0, 0.0, 1.0, 0.0, 0.0, 0.0, 0.0, 0.0, 0.0, 0.0, 0.0, 0.0, 53.0, 0.0, 0.0, 0.0, 1.0, 0.0, 0.0, 0.0, 0.0, 0.0, 0.0, 0.0, 1.0], "bins": [-299.04022216796875, -293.2124938964844, -287.3847351074219, -281.5570068359375, -275.729248046875, -269.9015197753906, -264.0737609863281, -258.24603271484375, -252.4182891845703, -246.59054565429688, -240.76280212402344, -234.93505859375, -229.10733032226562, -223.27957153320312, -217.45184326171875, -211.6240997314453, -205.79635620117188, -199.96861267089844, -194.140869140625, -188.31314086914062, -182.48538208007812, -176.65765380859375, -170.8299102783203, -165.00216674804688, -159.17442321777344, -153.3466796875, -147.51893615722656, -141.69119262695312, -135.86346435546875, -130.0357208251953, -124.20797729492188, -118.38023376464844, -112.55250549316406, -106.72476196289062, -100.89701843261719, -95.06927490234375, -89.24153137207031, -83.41380310058594, -77.5860595703125, -71.75831604003906, -65.93057250976562, -60.10282897949219, -54.27508544921875, -48.447349548339844, -42.619606018066406, -36.79186248779297, -30.964126586914062, -25.136383056640625, -19.308639526367188, -13.48089599609375, -7.6531524658203125, -1.8254165649414062, 4.002326965332031, 9.830070495605469, 15.65781021118164, 21.485549926757812, 27.31329345703125, 33.14103698730469, 38.96877670288086, 44.79651641845703, 50.62425994873047, 56.452003479003906, 62.27974319458008, 68.10748291015625, 73.93522644042969]}, "gradients/graph_15linear.0.weight": {"_type": "histogram", "values": [9.0, 0.0, 3.0, 1.0, 2.0, 0.0, 2.0, 6.0, 1.0, 5.0, 3.0, 0.0, 1.0, 3.0, 1.0, 4.0, 17.0, 15.0, 12.0, 19.0, 24.0, 28.0, 28.0, 16.0, 30.0, 38.0, 28.0, 47.0, 32.0, 47.0, 44.0, 51.0, 60.0, 70.0, 107.0, 163.0, 7871.0, 137.0, 105.0, 55.0, 31.0, 24.0, 18.0, 25.0, 9.0, 11.0, 3.0, 2.0, 1.0, 2.0, 1.0, 3.0, 0.0, 0.0, 0.0, 0.0, 0.0, 0.0, 0.0, 0.0, 0.0, 0.0, 0.0, 1.0], "bins": [-582.5682983398438, -566.6239624023438, -550.6796264648438, -534.7353515625, -518.791015625, -502.8466796875, -486.90234375, -470.9580383300781, -455.01373291015625, -439.06939697265625, -423.12506103515625, -407.1807556152344, -391.2364196777344, -375.2921142578125, -359.3477783203125, -343.4034423828125, -327.4591369628906, -311.5148010253906, -295.57049560546875, -279.62615966796875, -263.6818542480469, -247.73751831054688, -231.793212890625, -215.848876953125, -199.904541015625, -183.96023559570312, -168.01589965820312, -152.07159423828125, -136.12725830078125, -120.18295288085938, -104.23861694335938, -88.2943115234375, -72.3499755859375, -56.4056396484375, -40.461334228515625, -24.516998291015625, -8.57269287109375, 7.37164306640625, 23.315948486328125, 39.260284423828125, 55.20458984375, 71.14892578125, 87.09326171875, 103.03756713867188, 118.98190307617188, 134.92620849609375, 150.87054443359375, 166.81484985351562, 182.75918579101562, 198.70350646972656, 214.6478271484375, 230.59214782714844, 246.53646850585938, 262.4808044433594, 278.42510986328125, 294.36944580078125, 310.31378173828125, 326.2580871582031, 342.202392578125, 358.146728515625, 374.091064453125, 390.0353698730469, 405.9797058105469, 421.92401123046875, 437.86834716796875]}, "SPO+ loss (training)": 8135.43826854131, "_runtime": 842.7999639511108, "_step": 89, "SPO+ loss (validation)": 21241.813100652824, "Regret": 0.13702292624200854, "_wandb": {"runtime": 842}}