{"gradients/graph_16linear.5.bias": {"_type": "histogram", "values": [1.0, 1.0, 2.0, 2.0, 1.0, 1.0, 5.0, 3.0, 3.0, 3.0, 4.0, 5.0, 2.0, 1.0, 2.0, 0.0, 0.0, 0.0, 0.0, 5.0, 7.0, 8.0, 6.0, 0.0, 1.0, 0.0, 2.0, 0.0, 0.0, 1.0, 1.0, 0.0, 0.0, 2.0, 0.0, 1.0, 0.0, 0.0, 0.0, 0.0, 0.0, 1.0, 0.0, 1.0, 0.0, 0.0, 0.0, 1.0, 2.0, 2.0, 2.0, 5.0, 1.0, 4.0, 2.0, 0.0, 1.0, 1.0, 0.0, 0.0, 0.0, 0.0, 0.0, 3.0], "bins": [-0.5915481448173523, -0.5727473497390747, -0.5539465546607971, -0.5351457595825195, -0.5163449645042419, -0.49754419922828674, -0.47874340415000916, -0.45994263887405396, -0.44114184379577637, -0.4223410487174988, -0.4035402536392212, -0.3847394585609436, -0.365938663482666, -0.3471378684043884, -0.3283371031284332, -0.30953630805015564, -0.29073551297187805, -0.27193471789360046, -0.2531339228153229, -0.23433315753936768, -0.2155323624610901, -0.1967315673828125, -0.1779307723045349, -0.15912997722625732, -0.14032918214797974, -0.12152841687202454, -0.10272762179374695, -0.08392685651779175, -0.06512606143951416, -0.04632526636123657, -0.027524471282958984, -0.008723676204681396, 0.010077118873596191, 0.02887791395187378, 0.04767870903015137, 0.06647950410842896, 0.08528029918670654, 0.10408109426498413, 0.12288185954093933, 0.14168265461921692, 0.16048341989517212, 0.1792842149734497, 0.1980850100517273, 0.21688580513000488, 0.23568660020828247, 0.25448739528656006, 0.27328816056251526, 0.29208895564079285, 0.31088975071907043, 0.329690545797348, 0.3484913408756256, 0.3672921061515808, 0.3860929012298584, 0.404893696308136, 0.4236944913864136, 0.44249528646469116, 0.46129608154296875, 0.48009687662124634, 0.49889764189720154, 0.5176984071731567, 0.5364992022514343, 0.5552999973297119, 0.5741007924079895, 0.5929015874862671, 0.6117023825645447]}, "_timestamp": 1715850571.9295228, "gradients/graph_16linear.5.weight": {"_type": "histogram", "values": [2.0, 2.0, 4.0, 6.0, 11.0, 11.0, 16.0, 30.0, 27.0, 36.0, 61.0, 70.0, 77.0, 102.0, 121.0, 139.0, 161.0, 172.0, 173.0, 188.0, 182.0, 181.0, 222.0, 271.0, 344.0, 414.0, 337.0, 209.0, 279.0, 168.0, 158.0, 155.0, 97.0, 108.0, 78.0, 35.0, 68.0, 100.0, 83.0, 67.0, 109.0, 123.0, 126.0, 123.0, 116.0, 118.0, 80.0, 82.0, 65.0, 52.0, 48.0, 28.0, 21.0, 25.0, 20.0, 8.0, 4.0, 7.0, 6.0, 6.0, 3.0, 0.0, 4.0, 5.0], "bins": [-5.208018779754639, -5.0424957275390625, -4.876972675323486, -4.71144962310791, -4.545926570892334, -4.380403518676758, -4.214880466461182, -4.0493574142456055, -3.8838343620300293, -3.718311309814453, -3.552788257598877, -3.387265205383301, -3.2217419147491455, -3.0562188625335693, -2.890695810317993, -2.725172758102417, -2.559649705886841, -2.3941266536712646, -2.2286036014556885, -2.0630805492401123, -1.8975574970245361, -1.73203444480896, -1.5665113925933838, -1.4009883403778076, -1.2354650497436523, -1.0699419975280762, -0.9044189453125, -0.7388958930969238, -0.5733728408813477, -0.4078497886657715, -0.2423267364501953, -0.07680368423461914, 0.08871936798095703, 0.2542424201965332, 0.4197654724121094, 0.5852885246276855, 0.7508115768432617, 0.9163346290588379, 1.081857681274414, 1.2473807334899902, 1.4129037857055664, 1.5784270763397217, 1.7439501285552979, 1.909473180770874, 2.07499623298645, 2.2405192852020264, 2.4060423374176025, 2.5715653896331787, 2.737088441848755, 2.902611494064331, 3.0681345462799072, 3.2336575984954834, 3.3991806507110596, 3.564703941345215, 3.730226993560791, 3.895750045776367, 4.061273097991943, 4.2267961502075195, 4.392319202423096, 4.557842254638672, 4.723365306854248, 4.888888359069824, 5.0544114112854, 5.219934463500977, 5.385457515716553]}, "gradients/graph_16linear.3.bias": {"_type": "histogram", "values": [2.0, 6.0, 1.0, 2.0, 0.0, 1.0, 2.0, 3.0, 6.0, 2.0, 3.0, 3.0, 3.0, 6.0, 3.0, 4.0, 2.0, 1.0, 3.0, 0.0, 3.0, 1.0, 0.0, 1.0, 1.0, 0.0, 0.0, 1.0, 0.0, 1.0, 1.0, 0.0, 0.0, 0.0, 1.0, 0.0, 0.0, 0.0, 0.0, 0.0, 0.0, 0.0, 0.0, 0.0, 0.0, 0.0, 0.0, 0.0, 0.0, 0.0, 0.0, 0.0, 0.0, 0.0, 0.0, 0.0, 0.0, 0.0, 0.0, 0.0, 0.0, 0.0, 0.0, 1.0], "bins": [-3.5426571369171143, -3.4873030185699463, -3.4319491386413574, -3.3765950202941895, -3.3212411403656006, -3.2658870220184326, -3.2105331420898438, -3.155179023742676, -3.099824905395508, -3.044471025466919, -2.989116907119751, -2.933763027191162, -2.878408908843994, -2.823054790496826, -2.7677009105682373, -2.7123467922210693, -2.6569929122924805, -2.6016387939453125, -2.5462846755981445, -2.4909307956695557, -2.435576915740967, -2.380222797393799, -2.324868679046631, -2.269514560699463, -2.214160680770874, -2.158806800842285, -2.103452682495117, -2.048098564147949, -1.9927446842193604, -1.9373905658721924, -1.882036566734314, -1.8266825675964355, -1.7713285684585571, -1.7159745693206787, -1.6606205701828003, -1.6052665710449219, -1.549912452697754, -1.4945584535598755, -1.439204454421997, -1.3838504552841187, -1.3284964561462402, -1.2731424570083618, -1.2177883386611938, -1.1624343395233154, -1.107080340385437, -1.0517263412475586, -0.9963723421096802, -0.941018283367157, -0.8856642842292786, -0.8303102850914001, -0.774956226348877, -0.7196022272109985, -0.6642482280731201, -0.6088941693305969, -0.5535401701927185, -0.4981861710548401, -0.4428321421146393, -0.3874781131744385, -0.33212411403656006, -0.27677008509635925, -0.22141607105731964, -0.16606205701828003, -0.11070803552865982, -0.05535401776432991, 0.0]}, "gradients/graph_16linear.3.weight": {"_type": "histogram", "values": [2.0, 6.0, 1.0, 2.0, 0.0, 1.0, 2.0, 3.0, 6.0, 2.0, 3.0, 3.0, 3.0, 6.0, 3.0, 4.0, 3.0, 6.0, 6.0, 2.0, 4.0, 11.0, 14.0, 10.0, 7.0, 11.0, 14.0, 24.0, 15.0, 17.0, 18.0, 18.0, 34.0, 30.0, 30.0, 45.0, 45.0, 45.0, 61.0, 52.0, 52.0, 49.0, 33.0, 28.0, 26.0, 18.0, 16.0, 21.0, 16.0, 18.0, 17.0, 8.0, 5.0, 4.0, 13.0, 22.0, 20.0, 6.0, 3.0, 13.0, 44.0, 7.0, 0.0, 3088.0], "bins": [-39.753047943115234, -39.13190841674805, -38.510765075683594, -37.889625549316406, -37.26848220825195, -36.647342681884766, -36.02619934082031, -35.405059814453125, -34.78391647338867, -34.162776947021484, -33.54163360595703, -32.920494079589844, -32.29935073852539, -31.678211212158203, -31.05706787109375, -30.435928344726562, -29.81478500366211, -29.193645477294922, -28.57250213623047, -27.95136260986328, -27.330219268798828, -26.70907974243164, -26.087936401367188, -25.466796875, -24.84565544128418, -24.22451400756836, -23.60337257385254, -22.98223114013672, -22.3610897064209, -21.739948272705078, -21.118806838989258, -20.497665405273438, -19.876523971557617, -19.255382537841797, -18.634241104125977, -18.013099670410156, -17.391958236694336, -16.770816802978516, -16.149675369262695, -15.528533935546875, -14.907392501831055, -14.28625202178955, -13.66511058807373, -13.04396915435791, -12.42282772064209, -11.80168628692627, -11.18054485321045, -10.559403419494629, -9.938261985778809, -9.317120552062988, -8.695979118347168, -8.074837684631348, -7.453696250915527, -6.832555294036865, -6.211413860321045, -5.590272426605225, -4.969130992889404, -4.347989559173584, -3.7268481254577637, -3.1057069301605225, -2.484565496444702, -1.8634240627288818, -1.242282748222351, -0.6211413741111755, 0.0]}, "gradients/graph_16linear.0.bias": {"_type": "histogram", "values": [1.0, 0.0, 0.0, 0.0, 0.0, 0.0, 0.0, 0.0, 1.0, 0.0, 0.0, 0.0, 0.0, 0.0, 0.0, 3.0, 0.0, 0.0, 1.0, 0.0, 0.0, 0.0, 0.0, 0.0, 0.0, 1.0, 1.0, 2.0, 3.0, 0.0, 0.0, 0.0, 0.0, 2.0, 0.0, 0.0, 0.0, 0.0, 0.0, 0.0, 0.0, 0.0, 0.0, 1.0, 0.0, 0.0, 0.0, 0.0, 0.0, 0.0, 0.0, 0.0, 0.0, 0.0, 0.0, 0.0, 0.0, 0.0, 0.0, 0.0, 0.0, 0.0, 0.0, 48.0],