{"Linear loss": 12227.388671875, "_timestamp": 1715762223.9128795, "_runtime": 8.221753358840942, "_step": 101, "Regret": 0.20009209061688285, "gradients/linear.5.bias": {"_type": "histogram", "values": [6.0, 1.0, 0.0, 3.0, 0.0, 0.0, 0.0, 0.0, 0.0, 0.0, 0.0, 0.0, 0.0, 0.0, 0.0, 0.0, 0.0, 0.0, 0.0, 0.0, 0.0, 0.0, 0.0, 0.0, 0.0, 0.0, 0.0, 0.0, 10.0, 0.0, 0.0, 4.0, 59.0, 3.0, 3.0, 17.0, 0.0, 0.0, 0.0, 0.0, 0.0, 0.0, 0.0, 0.0, 0.0, 0.0, 0.0, 0.0, 0.0, 0.0, 0.0, 0.0, 0.0, 0.0, 0.0, 0.0, 0.0, 0.0, 0.0, 0.0, 0.0, 10.0, 2.0, 2.0], "bins": [-200.0, -193.75, -187.5, -181.25, -175.0, -168.75, -162.5, -156.25, -150.0, -143.75, -137.5, -131.25, -125.0, -118.75, -112.5, -106.25, -100.0, -93.75, -87.5, -81.25, -75.0, -68.75, -62.5, -56.25, -50.0, -43.75, -37.5, -31.25, -25.0, -18.75, -12.5, -6.25, 0.0, 6.25, 12.5, 18.75, 25.0, 31.25, 37.5, 43.75, 50.0, 56.25, 62.5, 68.75, 75.0, 81.25, 87.5, 93.75, 100.0, 106.25, 112.5, 118.75, 125.0, 131.25, 137.5, 143.75, 150.0, 156.25, 162.5, 168.75, 175.0, 181.25, 187.5, 193.75, 200.0]}, "gradients/linear.5.weight": {"_type": "histogram", "values": [10.0, 4.0, 0.0, 10.0, 3.0, 0.0, 3.0, 0.0, 21.0, 16.0, 14.0, 13.0, 3.0, 7.0, 19.0, 22.0, 14.0, 15.0, 13.0, 3.0, 0.0, 0.0, 30.0, 37.0, 27.0, 18.0, 15.0, 16.0, 37.0, 94.0, 106.0, 414.0, 5768.0, 239.0, 165.0, 60.0, 16.0, 26.0, 28.0, 40.0, 75.0, 13.0, 0.0, 0.0, 10.0, 14.0, 16.0, 42.0, 36.0, 7.0, 1.0, 12.0, 16.0, 45.0, 19.0, 6.0, 0.0, 2.0, 10.0, 1.0, 11.0, 12.0, 3.0, 3.0], "bins": [-834.799072265625, -808.7116088867188, -782.6241455078125, -756.5366821289062, -730.44921875, -704.3616943359375, -678.2742309570312, -652.186767578125, -626.0993041992188, -600.0118408203125, -573.9243774414062, -547.8369140625, -521.7493896484375, -495.6619567871094, -469.574462890625, -443.48699951171875, -417.3995361328125, -391.31207275390625, -365.224609375, -339.1371154785156, -313.0496826171875, -286.962158203125, -260.87469482421875, -234.7872314453125, -208.69976806640625, -182.6123046875, -156.52484130859375, -130.4373779296875, -104.349853515625, -78.26239013671875, -52.1749267578125, -26.08746337890625, 0.0, 26.08746337890625, 52.1749267578125, 78.26239013671875, 104.349853515625, 130.4373779296875, 156.52484130859375, 182.6123046875, 208.69976806640625, 234.7872314453125, 260.87469482421875, 286.962158203125, 313.0496826171875, 339.1371154785156, 365.224609375, 391.31207275390625, 417.3995361328125, 443.48699951171875, 469.574462890625, 495.6619567871094, 521.7493896484375, 547.8369140625, 573.9243774414062, 600.0118408203125, 626.0993041992188, 652.186767578125, 678.2742309570312, 704.3616943359375, 730.44921875, 756.5366821289062, 782.6241455078125, 808.7116088867188, 834.799072265625]}, "gradients/linear.3.bias": {"_type": "histogram", "values": [2.0, 1.0, 1.0, 0.0, 0.0, 0.0, 1.0, 1.0, 1.0, 1.0, 1.0, 0.0, 0.0, 0.0, 0.0, 1.0, 0.0, 0.0, 2.0, 3.0, 3.0, 4.0, 0.0, 0.0, 0.0, 0.0, 0.0, 0.0, 1.0, 24.0, 0.0, 0.0, 1.0, 0.0, 0.0, 2.0, 1.0, 1.0, 1.0, 2.0, 2.0, 2.0, 2.0, 0.0, 0.0, 0.0, 0.0, 0.0, 1.0, 1.0, 0.0, 0.0, 0.0, 0.0, 0.0, 0.0, 0.0, 0.0, 0.0, 0.0, 0.0, 0.0, 0.0, 1.0], "bins": [-116.2346420288086, -112.26285552978516, -108.29106903076172, -104.31928253173828, -100.34749603271484, -96.3757095336914, -92.40392303466797, -88.43213653564453, -84.4603500366211, -80.48856353759766, -76.51677703857422, -72.54499053955078, -68.57320404052734, -64.6014175415039, -60.62963104248047, -56.65784454345703, -52.686058044433594, -48.714271545410156, -44.74248504638672, -40.77069854736328, -36.798912048339844, -32.827125549316406, -28.85533905029297, -24.88355255126953, -20.911766052246094, -16.939979553222656, -12.968193054199219, -8.996406555175781, -5.024620056152344, -1.0528335571289062, 2.9189529418945312, 6.890739440917969, 10.862533569335938, 14.834320068359375, 18.806106567382812, 22.77789306640625, 26.749679565429688, 30.721466064453125, 34.69325256347656, 38.6650390625, 42.63682556152344, 46.608612060546875, 50.58039855957031, 54.55218505859375, 58.52397155761719, 62.495758056640625, 66.46754455566406, 70.4393310546875, 74.41111755371094, 78.38290405273438, 82.35469055175781, 86.32647705078125, 90.29826354980469, 94.27005004882812, 98.24183654785156, 102.213623046875, 106.18540954589844, 110.15719604492188, 114.12898254394531, 118.10076904296875, 122.07255554199219, 126.04434204101562, 130.01612854003906, 133.9879150390625, 137.95970153808594]}, "gradients/linear.3.weight": {"_type": "histogram", "values": [4.0, 2.0, 2.0, 0.0, 0.0, 0.0, 2.0, 6.0, 4.0, 7.0, 7.0, 3.0, 4.0, 8.0, 12.0, 13.0, 6.0, 10.0, 20.0, 18.0, 19.0, 34.0, 28.0, 53.0, 41.0, 47.0, 52.0, 32.0, 26.0, 3297.0, 25.0, 51.0, 42.0, 41.0, 34.0, 31.0, 27.0, 19.0, 13.0, 13.0, 7.0, 7.0, 7.0, 5.0, 1.0, 2.0, 1.0, 1.0, 3.0, 2.0, 0.0, 1.0, 1.0, 1.0, 1.0, 0.0, 1.0, 0.0, 0.0, 0.0, 0.0, 0.0, 0.0, 2.0], "bins": [-617.7147827148438, -596.607177734375, -575.4996337890625, -554.39208984375, -533.2844848632812, -512.1768798828125, -491.0693359375, -469.9617614746094, -448.85418701171875, -427.7466125488281, -406.6390380859375, -385.5314636230469, -364.42388916015625, -343.3163146972656, -322.208740234375, -301.1011657714844, -279.99359130859375, -258.8860168457031, -237.7784423828125, -216.67086791992188, -195.56329345703125, -174.45571899414062, -153.34814453125, -132.24057006835938, -111.13299560546875, -90.02545166015625, -68.9178466796875, -47.81024169921875, -26.70269775390625, -5.59515380859375, 15.512451171875, 36.62005615234375, 57.72760009765625, 78.83514404296875, 99.9427490234375, 121.05035400390625, 142.15789794921875, 163.26544189453125, 184.373046875, 205.48065185546875, 226.58819580078125, 247.69577026367188, 268.8033447265625, 289.9109191894531, 311.01849365234375, 332.1260681152344, 353.233642578125, 374.3412170410156, 395.44879150390625, 416.5563659667969, 437.6639404296875, 458.7715148925781, 479.87908935546875, 500.9866638183594, 522.09423828125, 543.2017822265625, 564.3093872070312, 585.4169921875, 606.5245361328125, 627.632080078125, 648.7396850585938, 669.8472900390625, 690.954833984375, 712.0623779296875, 733.1699829101562]}, "gradients/linear.0.bias": {"_type": "histogram", "values": [1.0, 1.0, 2.0, 1.0, 0.0, 0.0, 0.0, 0.0, 0.0, 0.0, 0.0, 1.0, 0.0, 1.0, 0.0, 0.0, 0.0, 2.0, 0.0, 0.0, 1.0, 1.0, 1.0, 1.0, 0.0, 0.0, 1.0, 0.0, 0.0, 0.0, 0.0, 0.0, 0.0, 44.0, 1.0, 0.0, 0.0, 1.0, 1.0, 0.0, 0.0, 0.0, 0.0, 0.0, 0.0, 0.0, 0.0, 0.0, 1.0, 0.0, 0.0, 0.0, 1.0, 0.0, 0.0, 0.0, 0.0, 0.0, 0.0, 0.0, 0.0, 0.0, 0.0, 1.0], "bins": [-53.7119255065918, -52.0872802734375, -50.46263885498047, -48.83799362182617, -47.21335220336914, -45.588706970214844, -43.96406555175781, -42.339420318603516, -40.71477508544922, -39.09013366699219, -37.465492248535156, -35.84084701538086, -34.21620178222656, -32.59156036376953, -30.966915130615234, -29.34227180480957, -27.717628479003906, -26.092985153198242, -24.468341827392578, -22.843698501586914, -21.21905517578125, -19.594409942626953, -17.969768524169922, -16.345123291015625, -14.720478057861328, -13.095836639404297, -11.47119140625, -9.846549987792969, -8.221904754638672, -6.597263336181641, -4.972618103027344, -3.3479766845703125, -1.72332763671875, -0.09868240356445312, 1.5259590148925781, 3.150604248046875, 4.775245666503906, 6.399890899658203, 8.024532318115234, 9.649177551269531, 11.273818969726562, 12.89846420288086, 14.523109436035156, 16.147750854492188, 17.772396087646484, 19.39703941345215, 21.021682739257812, 22.646326065063477, 24.27096939086914, 25.895612716674805, 27.52025604248047, 29.144899368286133, 30.769542694091797, 32.394187927246094, 34.018829345703125, 35.64347457885742, 37.26811981201172, 38.89276123046875, 40.51740264892578, 42.14204788208008, 43.766693115234375, 45.391334533691406, 47.0159797668457, 48.640621185302734, 50.26526641845703]}, "gradients/linear.0.weight": {"_type": "histogram",