{"Linear loss": 11973.7333984375, "_timestamp": 1715770565.6325314, "_runtime": 262.20390248298645, "_step": 3619, "gradients/graph_18linear.5.bias": {"_type": "histogram", "values": [7.0, 0.0, 0.0, 3.0, 0.0, 0.0, 0.0, 0.0, 0.0, 0.0, 0.0, 0.0, 0.0, 0.0, 0.0, 0.0, 0.0, 0.0, 0.0, 0.0, 0.0, 0.0, 0.0, 0.0, 0.0, 0.0, 0.0, 0.0, 14.0, 0.0, 0.0, 2.0, 41.0, 0.0, 0.0, 15.0, 0.0, 0.0, 0.0, 0.0, 0.0, 0.0, 0.0, 0.0, 0.0, 0.0, 0.0, 0.0, 0.0, 0.0, 0.0, 0.0, 0.0, 0.0, 0.0, 0.0, 0.0, 1.0, 0.0, 0.0, 4.0, 0.0, 0.0, 9.0], "bins": [-200.0, -193.75, -187.5, -181.25, -175.0, -168.75, -162.5, -156.25, -150.0, -143.75, -137.5, -131.25, -125.0, -118.75, -112.5, -106.25, -100.0, -93.75, -87.5, -81.25, -75.0, -68.75, -62.5, -56.25, -50.0, -43.75, -37.5, -31.25, -25.0, -18.75, -12.5, -6.25, 0.0, 6.25, 12.5, 18.75, 25.0, 31.25, 37.5, 43.75, 50.0, 56.25, 62.5, 68.75, 75.0, 81.25, 87.5, 93.75, 100.0, 106.25, 112.5, 118.75, 125.0, 131.25, 137.5, 143.75, 150.0, 156.25, 162.5, 168.75, 175.0, 181.25, 187.5, 193.75, 200.0]}, "gradients/graph_18linear.5.weight": {"_type": "histogram", "values": [7.0, 0.0, 7.0, 10.0, 0.0, 3.0, 3.0, 0.0, 0.0, 0.0, 0.0, 0.0, 0.0, 21.0, 0.0, 30.0, 3.0, 13.0, 7.0, 6.0, 14.0, 20.0, 6.0, 7.0, 10.0, 10.0, 3.0, 10.0, 14.0, 38.0, 168.0, 162.0, 1995.0, 180.0, 44.0, 16.0, 14.0, 5.0, 14.0, 13.0, 11.0, 10.0, 26.0, 20.0, 10.0, 10.0, 19.0, 5.0, 39.0, 0.0, 27.0, 0.0, 0.0, 0.0, 0.0, 2.0, 0.0, 5.0, 4.0, 0.0, 13.0, 9.0, 0.0, 9.0], "bins": [-954.0516967773438, -924.2376098632812, -894.4234619140625, -864.609375, -834.7952270507812, -804.9811401367188, -775.1669921875, -745.3529052734375, -715.5387573242188, -685.7246704101562, -655.9105224609375, -626.096435546875, -596.2823486328125, -566.4682006835938, -536.654052734375, -506.8399658203125, -477.0258483886719, -447.21173095703125, -417.39764404296875, -387.58349609375, -357.7694091796875, -327.95526123046875, -298.14117431640625, -268.3270263671875, -238.512939453125, -208.69879150390625, -178.88470458984375, -149.070556640625, -119.2564697265625, -89.44232177734375, -59.62823486328125, -29.8140869140625, 0.0, 29.8140869140625, 59.62823486328125, 89.44232177734375, 119.2564697265625, 149.070556640625, 178.88470458984375, 208.69879150390625, 238.512939453125, 268.3270263671875, 298.14117431640625, 327.95526123046875, 357.7694091796875, 387.58349609375, 417.39764404296875, 447.21173095703125, 477.0258483886719, 506.8399658203125, 536.654052734375, 566.4682006835938, 596.2823486328125, 626.096435546875, 655.9105224609375, 685.7246704101562, 715.5387573242188, 745.3529052734375, 775.1669921875, 804.9811401367188, 834.7952270507812, 864.609375, 894.4234619140625, 924.2376098632812, 954.0516967773438]}, "gradients/graph_18linear.3.bias": {"_type": "histogram", "values": [1.0, 0.0, 0.0, 0.0, 0.0, 0.0, 0.0, 0.0, 0.0, 0.0, 0.0, 0.0, 0.0, 0.0, 0.0, 1.0, 0.0, 0.0, 1.0, 0.0, 0.0, 1.0, 0.0, 0.0, 1.0, 1.0, 3.0, 0.0, 0.0, 1.0, 0.0, 0.0, 0.0, 0.0, 1.0, 1.0, 0.0, 0.0, 2.0, 1.0, 0.0, 1.0, 0.0, 0.0, 1.0, 1.0, 0.0, 1.0, 10.0, 0.0, 0.0, 0.0, 0.0, 0.0, 1.0, 0.0, 0.0, 0.0, 0.0, 0.0, 0.0, 0.0, 1.0, 1.0], "bins": [-340.36541748046875, -333.2847595214844, -326.2041015625, -319.1234436035156, -312.04278564453125, -304.962158203125, -297.8814697265625, -290.80084228515625, -283.7201843261719, -276.6395263671875, -269.5588684082031, -262.47821044921875, -255.39755249023438, -248.31689453125, -241.23623657226562, -234.1555938720703, -227.07493591308594, -219.99427795410156, -212.91363525390625, -205.83297729492188, -198.7523193359375, -191.67166137695312, -184.59100341796875, -177.51034545898438, -170.4296875, -163.3490447998047, -156.2683868408203, -149.18772888183594, -142.10707092285156, -135.0264129638672, -127.94577026367188, -120.8651123046875, -113.78443908691406, -106.70378112792969, -99.62312316894531, -92.54248046875, -85.46182250976562, -78.38116455078125, -71.30050659179688, -64.2198486328125, -57.13920593261719, -50.05854797363281, -42.97789001464844, -35.89723205566406, -28.816574096679688, -21.735916137695312, -14.655265808105469, -7.574615478515625, -0.49395751953125, 6.586700439453125, 13.667350769042969, 20.748008728027344, 27.828659057617188, 34.90931701660156, 41.98997497558594, 49.07062911987305, 56.151283264160156, 63.231937408447266, 70.31259155273438, 77.39324951171875, 84.47390747070312, 91.55455780029297, 98.63521575927734, 105.71586608886719, 112.79652404785156]}, "gradients/graph_18linear.3.weight": {"_type": "histogram", "values": [1.0, 0.0, 0.0, 1.0, 1.0, 0.0, 0.0, 0.0, 0.0, 1.0, 0.0, 0.0, 0.0, 0.0, 0.0, 1.0, 0.0, 2.0, 1.0, 0.0, 1.0, 3.0, 0.0, 3.0, 2.0, 1.0, 6.0, 6.0, 2.0, 2.0, 4.0, 3.0, 0.0, 2.0, 2.0, 3.0, 6.0, 2.0, 6.0, 4.0, 3.0, 4.0, 3.0, 3.0, 5.0, 3.0, 5.0, 21.0, 896.0, 0.0, 0.0, 1.0, 0.0, 1.0, 3.0, 1.0, 1.0, 0.0, 0.0, 1.0, 1.0, 2.0, 3.0, 1.0], "bins": [-2310.8671875, -2262.7939453125, -2214.720703125, -2166.647705078125, -2118.574462890625, -2070.501220703125, -2022.427978515625, -1974.354736328125, -1926.2816162109375, -1878.20849609375, -1830.13525390625, -1782.06201171875, -1733.98876953125, -1685.9156494140625, -1637.8424072265625, -1589.769287109375, -1541.696044921875, -1493.622802734375, -1445.5496826171875, -1397.4764404296875, -1349.4033203125, -1301.330078125, -1253.2568359375, -1205.1837158203125, -1157.1104736328125, -1109.0372314453125, -1060.964111328125, -1012.890869140625, -964.817626953125, -916.7445068359375, -868.6712646484375, -820.59814453125, -772.5248413085938, -724.4515991210938, -676.3784790039062, -628.3052368164062, -580.2321166992188, -532.1588745117188, -484.08563232421875, -436.01251220703125, -387.93927001953125, -339.86602783203125, -291.79290771484375, -243.71966552734375, -195.646484375, -147.57330322265625, -99.50006103515625, -51.4268798828125, -3.35369873046875, 44.719482421875, 92.79266357421875, 140.86590576171875, 188.9390869140625, 237.01226806640625, 285.0854797363281, 333.15869140625, 381.23187255859375, 429.3050537109375, 477.3782653808594, 525.4514770507812, 573.524658203125, 621.5978393554688, 669.6710205078125, 717.7442626953125, 765.8174438476562]}, "gradients/graph_18linear.0.bias": {"_type": "histogram", "values": [2.0, 0.0, 0.0, 0.0, 0.0, 0.0, 0.0, 0.0, 0.0, 0.0, 0.0, 0.0, 0.0, 0.0, 0.0, 0.0, 1.0, 0.0, 0.0, 0.0, 0.0, 2.0, 0.0, 0.0, 0.0, 0.0, 0.0, 0.0, 0.0, 0.0, 0.0, 0.0, 0.0, 0.0, 0.0, 0.0, 0.0, 0.0, 1.0, 0.0, 0.0, 0.0, 0.0, 0.0, 0.0, 0.0, 0.0, 0.0, 0.0, 0.0, 0.0, 0.0, 0.0, 0.0, 0.0, 0.0, 0.0, 0.0, 0.0, 0.0, 0.0, 0.0, 0.0, 26.0], "bins": [-367.27716064453125, -361.5384521484375, -355.79974365234375, -350.06103515625, -344.32232666015625, -338.5836181640625, -332.84490966796875, -327.1062316894531, -321.3675231933594, -315.6288146972656, -309.8901062011719, -304.1513977050781, -298.4126892089844, -292.6739807128906, -286.9352722167969, -281.19659423828125, -275.4578857421875, -269.71917724609375, -263.98046875, -258.24176025390625, -252.5030517578125, -246.76434326171875, -241.025634765625, -235.28692626953125, -229.5482177734375, -223.8095245361328, -218.07081604003906, -212.3321075439453, -206.59339904785156, -200.8546905517578, -195.11599731445312, -189.37728881835938, -183.63858032226562, -177.89987182617188, -172.16116333007812, -166.42247009277344, -160.6837615966797, -154.94505310058594, -149.2063446044922, -143.46763610839844, -137.72894287109375, -131.990234375, -126.25152587890625, -120.5128173828125, -114.77410888671875, -109.03540802001953, -103.29669952392578, -97.55799865722656, -91.81929016113281, -86.08058166503906, -80.34188079833984, -74.6031723022461, -68.86447143554688, -63.125762939453125, -57.387054443359375, -51.64834976196289, -45.909645080566406, -40.17094039916992, -34.43223571777344, -28.693527221679688, -22.954822540283203, -17.21611785888672, -11.477411270141602, -5.738705635070801, 0.0]}, "gradients/graph_18linear.0.weight": {"_type": "histogram",