{"Linear loss": 13632.099609375, "_timestamp": 1715768443.329809, "_runtime": 129.4753818511963, "_step": 3619, "gradients/graph_9linear.5.bias": {"_type": "histogram", "values": [6.0, 0.0, 0.0, 4.0, 0.0, 0.0, 0.0, 0.0, 0.0, 0.0, 0.0, 0.0, 0.0, 0.0, 0.0, 0.0, 0.0, 0.0, 0.0, 0.0, 0.0, 0.0, 0.0, 0.0, 0.0, 0.0, 0.0, 0.0, 13.0, 0.0, 0.0, 2.0, 40.0, 0.0, 0.0, 15.0, 0.0, 0.0, 0.0, 0.0, 0.0, 0.0, 0.0, 0.0, 0.0, 0.0, 0.0, 0.0, 0.0, 0.0, 0.0, 0.0, 0.0, 0.0, 0.0, 0.0, 0.0, 1.0, 0.0, 0.0, 4.0, 0.0, 0.0, 11.0], "bins": [-200.0, -193.75, -187.5, -181.25, -175.0, -168.75, -162.5, -156.25, -150.0, -143.75, -137.5, -131.25, -125.0, -118.75, -112.5, -106.25, -100.0, -93.75, -87.5, -81.25, -75.0, -68.75, -62.5, -56.25, -50.0, -43.75, -37.5, -31.25, -25.0, -18.75, -12.5, -6.25, 0.0, 6.25, 12.5, 18.75, 25.0, 31.25, 37.5, 43.75, 50.0, 56.25, 62.5, 68.75, 75.0, 81.25, 87.5, 93.75, 100.0, 106.25, 112.5, 118.75, 125.0, 131.25, 137.5, 143.75, 150.0, 156.25, 162.5, 168.75, 175.0, 181.25, 187.5, 193.75, 200.0]}, "gradients/graph_9linear.5.weight": {"_type": "histogram", "values": [6.0, 0.0, 0.0, 10.0, 6.0, 6.0, 14.0, 0.0, 4.0, 4.0, 0.0, 6.0, 0.0, 4.0, 0.0, 0.0, 12.0, 10.0, 20.0, 14.0, 6.0, 8.0, 0.0, 0.0, 26.0, 10.0, 4.0, 0.0, 23.0, 65.0, 97.0, 145.0, 2078.0, 117.0, 74.0, 31.0, 0.0, 6.0, 17.0, 41.0, 0.0, 2.0, 8.0, 14.0, 21.0, 30.0, 15.0, 22.0, 1.0, 0.0, 4.0, 0.0, 12.0, 1.0, 6.0, 4.0, 0.0, 20.0, 11.0, 11.0, 15.0, 0.0, 0.0, 11.0], "bins": [-855.1469116210938, -828.423583984375, -801.7002563476562, -774.9768676757812, -748.2535400390625, -721.5302124023438, -694.806884765625, -668.08349609375, -641.3601684570312, -614.6368408203125, -587.9135131835938, -561.190185546875, -534.466796875, -507.74346923828125, -481.0201416015625, -454.2967834472656, -427.5734558105469, -400.8501281738281, -374.12677001953125, -347.4034423828125, -320.68011474609375, -293.95672607421875, -267.2333984375, -240.51007080078125, -213.7867431640625, -187.06341552734375, -160.34002685546875, -133.61669921875, -106.89337158203125, -80.1700439453125, -53.4466552734375, -26.72332763671875, 0.0, 26.72332763671875, 53.4466552734375, 80.1700439453125, 106.89337158203125, 133.61669921875, 160.34002685546875, 187.06341552734375, 213.7867431640625, 240.51007080078125, 267.2333984375, 293.95672607421875, 320.68011474609375, 347.4034423828125, 374.12677001953125, 400.8501281738281, 427.5734558105469, 454.2967834472656, 481.0201416015625, 507.74346923828125, 534.466796875, 561.190185546875, 587.9135131835938, 614.6368408203125, 641.3601684570312, 668.08349609375, 694.806884765625, 721.5302124023438, 748.2535400390625, 774.9768676757812, 801.7002563476562, 828.423583984375, 855.1469116210938]}, "gradients/graph_9linear.3.bias": {"_type": "histogram", "values": [2.0, 0.0, 0.0, 0.0, 0.0, 0.0, 0.0, 0.0, 0.0, 1.0, 1.0, 1.0, 0.0, 0.0, 1.0, 1.0, 2.0, 1.0, 0.0, 0.0, 0.0, 1.0, 2.0, 0.0, 0.0, 1.0, 0.0, 0.0, 0.0, 0.0, 0.0, 0.0, 0.0, 0.0, 0.0, 3.0, 0.0, 0.0, 1.0, 0.0, 12.0, 0.0, 0.0, 0.0, 0.0, 0.0, 0.0, 0.0, 0.0, 0.0, 0.0, 0.0, 1.0, 0.0, 0.0, 0.0, 0.0, 0.0, 0.0, 0.0, 0.0, 0.0, 0.0, 1.0], "bins": [-274.94915771484375, -268.13543701171875, -261.32171630859375, -254.50799560546875, -247.69427490234375, -240.88055419921875, -234.06683349609375, -227.25311279296875, -220.43939208984375, -213.62567138671875, -206.81195068359375, -199.99822998046875, -193.1844940185547, -186.3707733154297, -179.5570526123047, -172.7433319091797, -165.9296112060547, -159.1158905029297, -152.3021697998047, -145.4884490966797, -138.6747283935547, -131.8610076904297, -125.04728698730469, -118.23356628417969, -111.41983032226562, -104.60610961914062, -97.79238891601562, -90.97866821289062, -84.16494750976562, -77.35122680664062, -70.53750610351562, -63.723785400390625, -56.91007995605469, -50.09635925292969, -43.28263854980469, -36.46891784667969, -29.655197143554688, -22.841476440429688, -16.027755737304688, -9.214035034179688, -2.4003143310546875, 4.413421630859375, 11.227142333984375, 18.040863037109375, 24.854583740234375, 31.668304443359375, 38.482025146484375, 45.295745849609375, 52.109466552734375, 58.923187255859375, 65.73690795898438, 72.55062866210938, 79.36434936523438, 86.1780776977539, 92.9917984008789, 99.8055191040039, 106.6192398071289, 113.4329605102539, 120.2466812133789, 127.06040954589844, 133.87413024902344, 140.68785095214844, 147.50157165527344, 154.31529235839844, 161.12901306152344]}, "gradients/graph_9linear.3.weight": {"_type": "histogram", "values": [2.0, 0.0, 0.0, 0.0, 2.0, 0.0, 0.0, 2.0, 0.0, 1.0, 1.0, 1.0, 0.0, 1.0, 3.0, 2.0, 4.0, 2.0, 1.0, 4.0, 2.0, 3.0, 2.0, 4.0, 1.0, 4.0, 1.0, 2.0, 2.0, 4.0, 3.0, 0.0, 8.0, 4.0, 5.0, 13.0, 8.0, 1.0, 6.0, 8.0, 905.0, 0.0, 1.0, 1.0, 1.0, 1.0, 1.0, 0.0, 0.0, 1.0, 2.0, 0.0, 1.0, 0.0, 0.0, 0.0, 0.0, 0.0, 0.0, 1.0, 0.0, 1.0, 0.0, 1.0], "bins": [-2086.996337890625, -2035.27685546875, -1983.5574951171875, -1931.838134765625, -1880.11865234375, -1828.399169921875, -1776.6798095703125, -1724.96044921875, -1673.240966796875, -1621.521484375, -1569.8021240234375, -1518.082763671875, -1466.36328125, -1414.643798828125, -1362.9244384765625, -1311.205078125, -1259.485595703125, -1207.76611328125, -1156.0467529296875, -1104.327392578125, -1052.60791015625, -1000.888427734375, -949.1690673828125, -897.44970703125, -845.730224609375, -794.0107421875, -742.2913818359375, -690.572021484375, -638.8525390625, -587.133056640625, -535.4136962890625, -483.6943359375, -431.974853515625, -380.25537109375, -328.5360107421875, -276.816650390625, -225.09716796875, -173.377685546875, -121.6583251953125, -69.93896484375, -18.219482421875, 33.5, 85.2193603515625, 136.938720703125, 188.658203125, 240.37762451171875, 292.0970458984375, 343.81646728515625, 395.535888671875, 447.25531005859375, 498.9747314453125, 550.6941528320312, 602.41357421875, 654.1329956054688, 705.8524169921875, 757.5718383789062, 809.291259765625, 861.0106811523438, 912.7301025390625, 964.4495239257812, 1016.1689453125, 1067.888427734375, 1119.6077880859375, 1171.3271484375, 1223.046630859375]}, "gradients/graph_9linear.0.bias": {"_type": "histogram", "values": [1.0, 0.0, 0.0, 0.0, 0.0, 0.0, 0.0, 0.0, 0.0, 0.0, 1.0, 0.0, 0.0, 0.0, 0.0, 0.0, 0.0, 0.0, 0.0, 0.0, 0.0, 1.0, 0.0, 0.0, 0.0, 1.0, 0.0, 0.0, 0.0, 0.0, 0.0, 0.0, 0.0, 0.0, 0.0, 0.0, 0.0, 1.0, 0.0, 0.0, 0.0, 0.0, 0.0, 0.0, 0.0, 0.0, 0.0, 0.0, 0.0, 0.0, 0.0, 0.0, 0.0, 0.0, 0.0, 0.0, 0.0, 0.0, 26.0, 0.0, 0.0, 0.0, 0.0, 1.0], "bins": [-456.54412841796875, -448.6925354003906, -440.8409729003906, -432.9893798828125, -425.1377868652344, -417.2862243652344, -409.43463134765625, -401.5830383300781, -393.7314758300781, -385.8798828125, -378.0283203125, -370.1767272949219, -362.32513427734375, -354.47357177734375, -346.6219787597656, -338.7703857421875, -330.9188232421875, -323.0672302246094, -315.21563720703125, -307.36407470703125, -299.5124816894531, -291.660888671875, -283.809326171875, -275.9577331542969, -268.10614013671875, -260.25457763671875, -252.40298461914062, -244.55140686035156, -236.69981384277344, -228.84823608398438, -220.9966583251953, -213.1450653076172, -205.29348754882812, -197.44190979003906, -189.59031677246094, -181.73873901367188, -173.8871612548828, -166.0355682373047, -158.18399047851562, -150.33241271972656, -142.4808349609375, -134.62924194335938, -126.77766418457031, -118.92608642578125, -111.07449340820312, -103.22291564941406, -95.371337890625, -87.51974487304688, -79.66816711425781, -71.81658935546875, -63.96500778198242, -56.11342239379883, -48.261844635009766, -40.41025924682617, -32.55867385864258, -24.707096099853516, -16.855510711669922, -9.003929138183594, -1.1523475646972656, 6.699237823486328, 14.550819396972656, 22.402400970458984, 30.253984451293945, 38.105567932128906, 45.957149505615234]}, "gradients/graph_9linear.0.weight": {"_type": "histogram",