{"Linear loss": 7249.548828125, "_timestamp": 1715769298.0490909, "_runtime": 156.95275497436523, "_step": 3619, "gradients/graph_17linear.5.bias": {"_type": "histogram", "values": [6.0, 0.0, 0.0, 4.0, 0.0, 0.0, 0.0, 0.0, 0.0, 0.0, 0.0, 0.0, 0.0, 0.0, 0.0, 0.0, 0.0, 0.0, 0.0, 0.0, 0.0, 0.0, 0.0, 0.0, 0.0, 0.0, 0.0, 0.0, 10.0, 0.0, 0.0, 4.0, 56.0, 0.0, 0.0, 10.0, 0.0, 0.0, 0.0, 0.0, 0.0, 0.0, 0.0, 0.0, 0.0, 0.0, 0.0, 0.0, 0.0, 0.0, 0.0, 0.0, 0.0, 0.0, 0.0, 0.0, 0.0, 0.0, 0.0, 0.0, 2.0, 0.0, 0.0, 4.0], "bins": [-200.0, -193.75, -187.5, -181.25, -175.0, -168.75, -162.5, -156.25, -150.0, -143.75, -137.5, -131.25, -125.0, -118.75, -112.5, -106.25, -100.0, -93.75, -87.5, -81.25, -75.0, -68.75, -62.5, -56.25, -50.0, -43.75, -37.5, -31.25, -25.0, -18.75, -12.5, -6.25, 0.0, 6.25, 12.5, 18.75, 25.0, 31.25, 37.5, 43.75, 50.0, 56.25, 62.5, 68.75, 75.0, 81.25, 87.5, 93.75, 100.0, 106.25, 112.5, 118.75, 125.0, 131.25, 137.5, 143.75, 150.0, 156.25, 162.5, 168.75, 175.0, 181.25, 187.5, 193.75, 200.0]}, "gradients/graph_17linear.5.weight": {"_type": "histogram", "values": [6.0, 0.0, 0.0, 4.0, 0.0, 0.0, 0.0, 0.0, 0.0, 0.0, 0.0, 0.0, 0.0, 0.0, 0.0, 0.0, 6.0, 0.0, 4.0, 12.0, 8.0, 0.0, 6.0, 4.0, 0.0, 0.0, 6.0, 4.0, 10.0, 0.0, 40.0, 82.0, 12014.0, 36.0, 0.0, 10.0, 2.0, 4.0, 0.0, 0.0, 2.0, 4.0, 0.0, 4.0, 8.0, 2.0, 0.0, 4.0, 0.0, 0.0, 0.0, 0.0, 0.0, 0.0, 0.0, 0.0, 0.0, 0.0, 0.0, 0.0, 2.0, 0.0, 0.0, 4.0], "bins": [-1684.80908203125, -1632.1588134765625, -1579.508544921875, -1526.8582763671875, -1474.2080078125, -1421.5576171875, -1368.9073486328125, -1316.257080078125, -1263.6068115234375, -1210.95654296875, -1158.3062744140625, -1105.656005859375, -1053.005615234375, -1000.3554077148438, -947.705078125, -895.0548095703125, -842.404541015625, -789.7542724609375, -737.10400390625, -684.4536743164062, -631.803466796875, -579.153076171875, -526.5028076171875, -473.8525390625, -421.2022705078125, -368.552001953125, -315.9017333984375, -263.25146484375, -210.60107421875, -157.9508056640625, -105.300537109375, -52.6502685546875, 0.0, 52.6502685546875, 105.300537109375, 157.9508056640625, 210.60107421875, 263.25146484375, 315.9017333984375, 368.552001953125, 421.2022705078125, 473.8525390625, 526.5028076171875, 579.153076171875, 631.803466796875, 684.4536743164062, 737.10400390625, 789.7542724609375, 842.404541015625, 895.0548095703125, 947.705078125, 1000.3554077148438, 1053.005615234375, 1105.656005859375, 1158.3062744140625, 1210.95654296875, 1263.6068115234375, 1316.257080078125, 1368.9073486328125, 1421.5576171875, 1474.2080078125, 1526.8582763671875, 1579.508544921875, 1632.1588134765625, 1684.80908203125]}, "gradients/graph_17linear.3.bias": {"_type": "histogram", "values": [1.0, 0.0, 0.0, 1.0, 0.0, 0.0, 0.0, 0.0, 0.0, 0.0, 0.0, 0.0, 0.0, 0.0, 0.0, 0.0, 0.0, 0.0, 0.0, 0.0, 1.0, 0.0, 0.0, 0.0, 0.0, 0.0, 0.0, 0.0, 0.0, 1.0, 0.0, 0.0, 0.0, 0.0, 120.0, 0.0, 0.0, 0.0, 0.0, 0.0, 0.0, 0.0, 0.0, 1.0, 0.0, 0.0, 0.0, 0.0, 1.0, 0.0, 0.0, 0.0, 0.0, 0.0, 1.0, 0.0, 0.0, 0.0, 0.0, 0.0, 0.0, 0.0, 0.0, 1.0], "bins": [-125.16207122802734, -121.5463638305664, -117.93064880371094, -114.31494140625, -110.69923400878906, -107.0835189819336, -103.46781158447266, -99.85209655761719, -96.23638916015625, -92.62068176269531, -89.00496673583984, -85.3892593383789, -81.77354431152344, -78.1578369140625, -74.54212951660156, -70.92642211914062, -67.31070709228516, -63.69499588012695, -60.07928466796875, -56.46357727050781, -52.847862243652344, -49.232154846191406, -45.61644744873047, -42.000732421875, -38.38502502441406, -34.769317626953125, -31.153602600097656, -27.53789520263672, -23.92218780517578, -20.306472778320312, -16.690765380859375, -13.075050354003906, -9.459335327148438, -5.8436279296875, -2.2279129028320312, 1.3877944946289062, 5.003509521484375, 8.619216918945312, 12.23492431640625, 15.850639343261719, 19.466346740722656, 23.082054138183594, 26.697769165039062, 30.3134765625, 33.92918395996094, 37.544898986816406, 41.160606384277344, 44.77631759643555, 48.39202880859375, 52.00774002075195, 55.623451232910156, 59.239158630371094, 62.8548698425293, 66.4705810546875, 70.08628845214844, 73.70199584960938, 77.31771087646484, 80.93342590332031, 84.54913330078125, 88.16484069824219, 91.78054809570312, 95.3962631225586, 99.01197052001953, 102.627685546875, 106.24339294433594]}, "gradients/graph_17linear.3.weight": {"_type": "histogram", "values": [1.0, 0.0, 0.0, 1.0, 0.0, 0.0, 0.0, 0.0, 0.0, 0.0, 1.0, 0.0, 1.0, 0.0, 0.0, 0.0, 0.0, 0.0, 0.0, 0.0, 1.0, 0.0, 0.0, 1.0, 2.0, 1.0, 1.0, 0.0, 0.0, 1.0, 2.0, 1.0, 0.0, 4.0, 16346.0, 4.0, 0.0, 2.0, 1.0, 2.0, 1.0, 1.0, 1.0, 2.0, 1.0, 0.0, 0.0, 0.0, 2.0, 0.0, 0.0, 0.0, 0.0, 0.0, 1.0, 1.0, 0.0, 0.0, 0.0, 0.0, 0.0, 0.0, 0.0, 1.0], "bins": [-1473.9654541015625, -1431.38525390625, -1388.804931640625, -1346.2247314453125, -1303.6444091796875, -1261.064208984375, -1218.48388671875, -1175.9036865234375, -1133.323486328125, -1090.7431640625, -1048.1629638671875, -1005.5827026367188, -963.00244140625, -920.4221801757812, -877.8419799804688, -835.26171875, -792.6814575195312, -750.1011962890625, -707.5209350585938, -664.9407348632812, -622.3604736328125, -579.7802124023438, -537.199951171875, -494.61968994140625, -452.0394287109375, -409.459228515625, -366.87890625, -324.2987060546875, -281.718505859375, -239.13818359375, -196.5579833984375, -153.9776611328125, -111.3974609375, -68.8172607421875, -26.2369384765625, 16.34326171875, 58.923583984375, 101.5037841796875, 144.083984375, 186.664306640625, 229.2445068359375, 271.82476806640625, 314.405029296875, 356.98529052734375, 399.5655517578125, 442.14581298828125, 484.72601318359375, 527.3062744140625, 569.8865356445312, 612.466796875, 655.0470581054688, 697.6272583007812, 740.20751953125, 782.7877807617188, 825.3680419921875, 867.9482421875, 910.528564453125, 953.1087646484375, 995.6890258789062, 1038.269287109375, 1080.8494873046875, 1123.4298095703125, 1166.010009765625, 1208.59033203125, 1251.1705322265625]}, "gradients/graph_17linear.0.bias": {"_type": "histogram", "values": [1.0, 0.0, 0.0, 0.0, 0.0, 0.0, 0.0, 0.0, 0.0, 0.0, 0.0, 0.0, 0.0, 0.0, 0.0, 0.0, 0.0, 0.0, 0.0, 0.0, 0.0, 0.0, 0.0, 0.0, 0.0, 0.0, 0.0, 0.0, 0.0, 0.0, 0.0, 0.0, 0.0, 0.0, 1.0, 122.0, 0.0, 1.0, 0.0, 0.0, 0.0, 0.0, 0.0, 0.0, 1.0, 0.0, 0.0, 0.0, 0.0, 0.0, 0.0, 0.0, 0.0, 0.0, 0.0, 0.0, 0.0, 0.0, 1.0, 0.0, 0.0, 0.0, 0.0, 1.0], "bins": [-135.5278778076172, -131.65675354003906, -127.78562927246094, -123.91451263427734, -120.04338836669922, -116.1722640991211, -112.30113983154297, -108.43002319335938, -104.55889892578125, -100.68777465820312, -96.816650390625, -92.94552612304688, -89.07440185546875, -85.20328521728516, -81.33216094970703, -77.46104431152344, -73.58992004394531, -69.71879577636719, -65.84767150878906, -61.97654724121094, -58.10542297363281, -54.23430633544922, -50.363182067871094, -46.49205780029297, -42.620933532714844, -38.74980926513672, -34.878692626953125, -31.007568359375, -27.136444091796875, -23.26531982421875, -19.394203186035156, -15.523078918457031, -11.651954650878906, -7.780830383300781, -3.9097061157226562, -0.0385894775390625, 3.8325347900390625, 7.7036590576171875, 11.574783325195312, 15.445899963378906, 19.31702423095703, 23.188148498535156, 27.05927276611328, 30.930397033691406, 34.801513671875, 38.672637939453125, 42.54376220703125, 46.414886474609375, 50.286006927490234, 54.15713119506836, 58.02825164794922, 61.899375915527344, 65.77049255371094, 69.64161682128906, 73.51274108886719, 77.38386535644531, 81.25498962402344, 85.12611389160156, 88.99723052978516, 92.86835479736328, 96.7394790649414, 100.61060333251953, 104.48171997070312, 108.35284423828125, 112.22396850585938]}, "gradients/graph_17linear.0.weight": {"_type": "histogram",