{"gradients/graph_5linear.5.bias": {"_type": "histogram", "values": [1.0, 1.0, 1.0, 1.0, 1.0, 0.0, 2.0, 1.0, 2.0, 1.0, 1.0, 1.0, 0.0, 0.0, 0.0, 1.0, 0.0, 1.0, 0.0, 0.0, 0.0, 0.0, 1.0, 1.0, 2.0, 1.0, 1.0, 0.0, 1.0, 0.0, 2.0, 0.0, 2.0, 3.0, 4.0, 1.0, 1.0, 1.0, 3.0, 0.0, 0.0, 0.0, 2.0, 14.0, 14.0, 3.0, 0.0, 4.0, 0.0, 1.0, 1.0, 2.0, 1.0, 1.0, 0.0, 1.0, 1.0, 4.0, 0.0, 3.0, 1.0, 1.0, 2.0, 1.0], "bins": [-0.6091705560684204, -0.5886902809143066, -0.5682100057601929, -0.5477297306060791, -0.5272495150566101, -0.5067692399024963, -0.48628896474838257, -0.4658086895942688, -0.44532841444015503, -0.42484816908836365, -0.4043678939342499, -0.3838876485824585, -0.3634073734283447, -0.34292709827423096, -0.3224468231201172, -0.3019665777683258, -0.28148630261421204, -0.26100602746009827, -0.24052578210830688, -0.22004550695419312, -0.19956523180007935, -0.17908498644828796, -0.1586047112941742, -0.13812443614006042, -0.11764419078826904, -0.09716391563415527, -0.0766836404800415, -0.056203365325927734, -0.035723090171813965, -0.01524287462234497, 0.005237400531768799, 0.02571767568588257, 0.04619795083999634, 0.06667822599411011, 0.08715850114822388, 0.10763877630233765, 0.12811899185180664, 0.1485992670059204, 0.16907954216003418, 0.18955981731414795, 0.21004009246826172, 0.2305203378200531, 0.25100061297416687, 0.27148088812828064, 0.291961133480072, 0.3124414086341858, 0.33292168378829956, 0.35340192914009094, 0.3738822042942047, 0.3943624794483185, 0.41484272480010986, 0.43532299995422363, 0.4558032751083374, 0.47628355026245117, 0.49676379561424255, 0.5172441005706787, 0.5377243161201477, 0.5582045912742615, 0.5786848664283752, 0.599165141582489, 0.6196454167366028, 0.6401256322860718, 0.6606059074401855, 0.6810861825942993, 0.7015664577484131]}, "_timestamp": 1715779162.9343774, "gradients/graph_5linear.5.weight": {"_type": "histogram", "values": [1.0, 1.0, 1.0, 1.0, 1.0, 1.0, 3.0, 2.0, 4.0, 3.0, 3.0, 6.0, 3.0, 6.0, 4.0, 5.0, 4.0, 4.0, 3.0, 4.0, 4.0, 5.0, 5.0, 7.0, 15.0, 22.0, 21.0, 11.0, 17.0, 5391.0, 42.0, 51.0, 72.0, 62.0, 35.0, 47.0, 18.0, 14.0, 35.0, 30.0, 19.0, 31.0, 15.0, 18.0, 19.0, 6.0, 8.0, 7.0, 7.0, 8.0, 6.0, 4.0, 8.0, 5.0, 1.0, 2.0, 3.0, 5.0, 0.0, 3.0, 1.0, 1.0, 2.0, 1.0], "bins": [-68.99052429199219, -66.67106628417969, -64.35160827636719, -62.03215789794922, -59.71269989013672, -57.39324188232422, -55.073787689208984, -52.75433349609375, -50.43487548828125, -48.11541748046875, -45.795963287353516, -43.47650909423828, -41.15705108642578, -38.83759307861328, -36.51813888549805, -34.19868469238281, -31.879226684570312, -29.559768676757812, -27.240314483642578, -24.920860290527344, -22.601402282714844, -20.281944274902344, -17.96249008178711, -15.643035888671875, -13.323577880859375, -11.004119873046875, -8.68466567993164, -6.365211486816406, -4.045753479003906, -1.7262954711914062, 0.5931549072265625, 2.9126129150390625, 5.232063293457031, 7.551521301269531, 9.870979309082031, 12.1904296875, 14.5098876953125, 16.829345703125, 19.148799896240234, 21.46825408935547, 23.78771209716797, 26.10717010498047, 28.426624298095703, 30.746078491210938, 33.06553649902344, 35.38499450683594, 37.70444869995117, 40.023902893066406, 42.343360900878906, 44.662818908691406, 46.98227310180664, 49.301727294921875, 51.621185302734375, 53.940643310546875, 56.26009750366211, 58.579551696777344, 60.899009704589844, 63.218467712402344, 65.53791809082031, 67.85737609863281, 70.17683410644531, 72.49629211425781, 74.81575012207031, 77.13520050048828, 79.45465850830078]}, "gradients/graph_5linear.3.bias": {"_type": "histogram", "values": [56.0, 0.0, 0.0, 0.0, 0.0, 0.0, 0.0, 0.0, 0.0, 0.0, 0.0, 0.0, 0.0, 0.0, 0.0, 0.0, 0.0, 0.0, 1.0, 0.0, 0.0, 0.0, 0.0, 0.0, 1.0, 0.0, 0.0, 0.0, 0.0, 0.0, 0.0, 0.0, 0.0, 0.0, 0.0, 0.0, 0.0, 0.0, 0.0, 0.0, 0.0, 1.0, 1.0, 0.0, 0.0, 0.0, 0.0, 0.0, 1.0, 0.0, 0.0, 0.0, 0.0, 0.0, 0.0, 0.0, 0.0, 1.0, 0.0, 0.0, 1.0, 0.0, 0.0, 1.0], "bins": [0.0, 0.05256318673491478, 0.10512637346982956, 0.15768955647945404, 0.21025274693965912, 0.262815922498703, 0.3153791129589081, 0.36794230341911316, 0.42050549387931824, 0.4730686843395233, 0.525631844997406, 0.5781950354576111, 0.6307582259178162, 0.6833214163780212, 0.7358846068382263, 0.7884477972984314, 0.8410109877586365, 0.8935741782188416, 0.9461373686790466, 0.9987005591392517, 1.051263689994812, 1.103826880455017, 1.1563900709152222, 1.2089532613754272, 1.2615164518356323, 1.3140796422958374, 1.3666428327560425, 1.4192060232162476, 1.4717692136764526, 1.5243324041366577, 1.5768955945968628, 1.6294587850570679, 1.682021975517273, 1.734585165977478, 1.787148356437683, 1.8397115468978882, 1.8922747373580933, 1.9448379278182983, 1.9974011182785034, 2.049964427947998, 2.102527618408203, 2.155090808868408, 2.2076539993286133, 2.2602171897888184, 2.3127803802490234, 2.3653433322906494, 2.4179065227508545, 2.4704697132110596, 2.5230329036712646, 2.5755960941314697, 2.628159284591675, 2.68072247505188, 2.733285665512085, 2.78584885597229, 2.838412046432495, 2.8909752368927, 2.9435384273529053, 2.9961016178131104, 3.0486648082733154, 3.1012279987335205, 3.1537911891937256, 3.2063543796539307, 3.2589175701141357, 3.311480760574341, 3.364043951034546]}, "gradients/graph_5linear.3.weight": {"_type": "histogram", "values": [4064.0, 0.0, 0.0, 1.0, 1.0, 2.0, 0.0, 0.0, 2.0, 2.0, 1.0, 1.0, 2.0, 3.0, 2.0, 0.0, 0.0, 0.0, 1.0, 0.0, 1.0, 0.0, 0.0, 0.0, 1.0, 0.0, 0.0, 0.0, 0.0, 0.0, 0.0, 0.0, 0.0, 0.0, 2.0, 0.0, 0.0, 0.0, 0.0, 0.0, 1.0, 1.0, 1.0, 0.0, 0.0, 0.0, 0.0, 1.0, 1.0, 1.0, 0.0, 0.0, 1.0, 0.0, 0.0, 0.0, 0.0, 1.0, 0.0, 0.0, 1.0, 0.0, 0.0, 1.0], "bins": [0.0, 11.696880340576172, 23.393760681152344, 35.090641021728516, 46.78752136230469, 58.48440170288086, 70.18128204345703, 81.87815856933594, 93.57504272460938, 105.27192687988281, 116.96880340576172, 128.66567993164062, 140.36256408691406, 152.0594482421875, 163.75631713867188, 175.4532012939453, 187.15008544921875, 198.8469696044922, 210.54385375976562, 222.24072265625, 233.93760681152344, 245.63449096679688, 257.33135986328125, 269.02825927734375, 280.7251281738281, 292.4219970703125, 304.118896484375, 315.8157653808594, 327.51263427734375, 339.20953369140625, 350.9064025878906, 362.6033020019531, 374.3001708984375, 385.9970397949219, 397.6939392089844, 409.39080810546875, 421.08770751953125, 432.7845764160156, 444.4814453125, 456.1783447265625, 467.8752136230469, 479.57208251953125, 491.26898193359375, 502.9658508300781, 514.6627197265625, 526.359619140625, 538.0565185546875, 549.7533569335938, 561.4502563476562, 573.1471557617188, 584.843994140625, 596.5408935546875, 608.23779296875, 619.9346923828125, 631.6315307617188, 643.3284301757812, 655.0252685546875, 666.72216796875, 678.4190673828125, 690.115966796875, 701.8128051757812, 713.5097045898438, 725.2066040039062, 736.9034423828125, 748.600341796875]}, "gradients/graph_5linear.0.bias": {"_type": "histogram", "values": [1.0, 0.0, 0.0, 0.0, 0.0, 1.0, 0.0, 0.0, 0.0, 0.0, 0.0, 0.0, 0.0, 0.0, 0.0, 0.0, 0.0, 0.0, 0.0, 0.0, 0.0, 0.0, 0.0, 0.0, 0.0, 60.0, 0.0, 0.0, 0.0, 0.0, 0.0, 0.0, 0.0, 0.0, 0.0, 0.0, 0.0, 0.0, 0.0, 0.0, 0.0, 0.0, 1.0, 0.0, 0.0, 0.0, 0.0, 0.0, 0.0, 0.0, 0.0, 0.0, 0.0, 0.0, 0.0, 0.0, 0.0, 0.0, 0.0, 0.0, 0.0, 0.0, 0.0, 1.0],