{"gradients/graph_30linear.5.bias": {"_type": "histogram", "values": [3.0, 0.0, 2.0, 0.0, 1.0, 3.0, 5.0, 1.0, 1.0, 4.0, 2.0, 3.0, 0.0, 0.0, 0.0, 1.0, 3.0, 1.0, 6.0, 6.0, 7.0, 26.0, 1.0, 3.0, 2.0, 5.0, 2.0, 0.0, 0.0, 1.0, 0.0, 1.0, 1.0, 1.0, 0.0, 0.0, 2.0, 0.0, 0.0, 0.0, 0.0, 0.0, 0.0, 0.0, 0.0, 0.0, 0.0, 0.0, 0.0, 0.0, 0.0, 0.0, 0.0, 0.0, 0.0, 0.0, 0.0, 1.0, 0.0, 0.0, 0.0, 0.0, 0.0, 1.0], "bins": [-0.31969088315963745, -0.2976178228855133, -0.27554476261138916, -0.2534716725349426, -0.23139862716197968, -0.20932556688785553, -0.1872524917125702, -0.16517943143844604, -0.1431063711643219, -0.12103331089019775, -0.09896025061607361, -0.07688717544078827, -0.05481410026550293, -0.032741039991378784, -0.010667979717254639, 0.011405080556869507, 0.03347814083099365, 0.0555512011051178, 0.07762426137924194, 0.09969732165336609, 0.12177038192749023, 0.14384347200393677, 0.1659165322780609, 0.18798959255218506, 0.2100626826286316, 0.23213571310043335, 0.2542088031768799, 0.27628183364868164, 0.2983549237251282, 0.32042795419692993, 0.34250104427337646, 0.3645740747451782, 0.38664722442626953, 0.40872031450271606, 0.4307933449745178, 0.45286643505096436, 0.4749394655227661, 0.49701255559921265, 0.5190855860710144, 0.5411586761474609, 0.5632317066192627, 0.5853047966957092, 0.6073778867721558, 0.6294509172439575, 0.651524007320404, 0.6735970973968506, 0.6956701278686523, 0.7177431583404541, 0.7398162484169006, 0.7618893384933472, 0.7839623689651489, 0.8060353994369507, 0.8281084895133972, 0.8501815795898438, 0.8722546100616455, 0.894327700138092, 0.9164007902145386, 0.9384738206863403, 0.9605468511581421, 0.9826199412345886, 1.0046930313110352, 1.026766061782837, 1.0488390922546387, 1.07091224193573, 1.0929852724075317]}, "_timestamp": 1715855018.0595324, "gradients/graph_30linear.5.weight": {"_type": "histogram", "values": [3.0, 0.0, 2.0, 0.0, 1.0, 3.0, 5.0, 1.0, 1.0, 4.0, 7.0, 21.0, 41.0, 94.0, 5472.0, 254.0, 114.0, 24.0, 19.0, 13.0, 8.0, 28.0, 2.0, 5.0, 4.0, 6.0, 2.0, 1.0, 0.0, 2.0, 0.0, 1.0, 1.0, 1.0, 0.0, 0.0, 2.0, 0.0, 0.0, 0.0, 0.0, 0.0, 0.0, 0.0, 0.0, 0.0, 0.0, 0.0, 0.0, 0.0, 0.0, 0.0, 0.0, 0.0, 0.0, 0.0, 0.0, 1.0, 0.0, 0.0, 0.0, 0.0, 0.0, 1.0], "bins": [-25.128549575805664, -23.3935489654541, -21.658546447753906, -19.923545837402344, -18.18854522705078, -16.453542709350586, -14.718542098999023, -12.983540534973145, -11.248538970947266, -9.513537406921387, -7.778535842895508, -6.043535232543945, -4.308534622192383, -2.5735321044921875, -0.838531494140625, 0.8964710235595703, 2.631471633911133, 4.366472244262695, 6.101474761962891, 7.836477279663086, 9.571477890014648, 11.306478500366211, 13.041479110717773, 14.776479721069336, 16.5114803314209, 18.246484756469727, 19.98148536682129, 21.71648597717285, 23.451486587524414, 25.186487197875977, 26.921491622924805, 28.656492233276367, 30.391494750976562, 32.126495361328125, 33.86149597167969, 35.596500396728516, 37.33150100708008, 39.06650161743164, 40.8015022277832, 42.536502838134766, 44.271507263183594, 46.006507873535156, 47.74150848388672, 49.47650909423828, 51.211509704589844, 52.946510314941406, 54.68151092529297, 56.4165153503418, 58.15151596069336, 59.88651657104492, 61.62152099609375, 63.35652160644531, 65.09152221679688, 66.82652282714844, 68.5615234375, 70.29652404785156, 72.03152465820312, 73.76652526855469, 75.50152587890625, 77.23652648925781, 78.9715347290039, 80.70653533935547, 82.44153594970703, 84.1765365600586, 85.91153717041016]}, "gradients/graph_30linear.3.bias": {"_type": "histogram", "values": [53.0, 0.0, 0.0, 0.0, 0.0, 0.0, 0.0, 0.0, 0.0, 0.0, 1.0, 1.0, 1.0, 1.0, 0.0, 1.0, 1.0, 2.0, 0.0, 0.0, 1.0, 0.0, 1.0, 0.0, 0.0, 0.0, 0.0, 0.0, 0.0, 0.0, 0.0, 0.0, 0.0, 0.0, 0.0, 0.0, 0.0, 0.0, 0.0, 0.0, 0.0, 0.0, 0.0, 0.0, 0.0, 0.0, 0.0, 0.0, 0.0, 0.0, 0.0, 0.0, 0.0, 0.0, 0.0, 0.0, 0.0, 0.0, 0.0, 0.0, 0.0, 0.0, 0.0, 1.0], "bins": [0.0, 0.1289931684732437, 0.2579863369464874, 0.38697952032089233, 0.5159726738929749, 0.6449658274650574, 0.7739590406417847, 0.9029521942138672, 1.0319453477859497, 1.1609385013580322, 1.2899316549301147, 1.4189248085021973, 1.5479180812835693, 1.6769112348556519, 1.8059043884277344, 1.934897541999817, 2.0638906955718994, 2.1928839683532715, 2.3218770027160645, 2.4508702754974365, 2.5798633098602295, 2.7088565826416016, 2.8378496170043945, 2.9668428897857666, 3.0958361625671387, 3.2248291969299316, 3.3538224697113037, 3.4828155040740967, 3.6118087768554688, 3.7408018112182617, 3.869795083999634, 3.9987881183624268, 4.127781391143799, 4.25677490234375, 4.385767936706543, 4.514760971069336, 4.643754005432129, 4.772747039794922, 4.901740074157715, 5.030733585357666, 5.159726619720459, 5.28872013092041, 5.417713165283203, 5.546706199645996, 5.675699234008789, 5.804692268371582, 5.933685779571533, 6.062678813934326, 6.191672325134277, 6.32066535949707, 6.449658393859863, 6.578651428222656, 6.707644462585449, 6.8366379737854, 6.965631008148193, 7.0946245193481445, 7.2236175537109375, 7.3526105880737305, 7.481603622436523, 7.610597133636475, 7.739590167999268, 7.8685832023620605, 7.9975762367248535, 8.126569747924805, 8.255562782287598]}, "gradients/graph_30linear.3.weight": {"_type": "histogram", "values": [3911.0, 23.0, 17.0, 18.0, 15.0, 13.0, 17.0, 11.0, 8.0, 10.0, 7.0, 8.0, 5.0, 5.0, 3.0, 3.0, 3.0, 4.0, 0.0, 1.0, 2.0, 0.0, 3.0, 2.0, 0.0, 0.0, 0.0, 0.0, 0.0, 0.0, 0.0, 0.0, 1.0, 0.0, 0.0, 1.0, 0.0, 0.0, 1.0, 0.0, 0.0, 1.0, 0.0, 0.0, 0.0, 0.0, 0.0, 0.0, 0.0, 1.0, 0.0, 0.0, 0.0, 0.0, 0.0, 0.0, 0.0, 0.0, 0.0, 0.0, 0.0, 1.0, 0.0, 1.0], "bins": [0.0, 5.420280933380127, 10.840561866760254, 16.26084327697754, 21.681123733520508, 27.101404190063477, 32.52168655395508, 37.94196701049805, 43.362247467041016, 48.782527923583984, 54.20280838012695, 59.62308883666992, 65.04337310791016, 70.46365356445312, 75.8839340209961, 81.30421447753906, 86.72449493408203, 92.144775390625, 97.56505584716797, 102.98533630371094, 108.4056167602539, 113.82589721679688, 119.24617767333984, 124.66645812988281, 130.0867462158203, 135.50701904296875, 140.92730712890625, 146.3475799560547, 151.7678680419922, 157.18814086914062, 162.60842895507812, 168.02870178222656, 173.44898986816406, 178.86927795410156, 184.28955078125, 189.7098388671875, 195.13011169433594, 200.55039978027344, 205.97067260742188, 211.39096069335938, 216.8112335205078, 222.2315216064453, 227.65179443359375, 233.07208251953125, 238.49237060546875, 243.9126434326172, 249.33291625976562, 254.75320434570312, 260.1734924316406, 265.59375, 271.0140380859375, 276.434326171875, 281.8546142578125, 287.27490234375, 292.6951599121094, 298.1154479980469, 303.5357360839844, 308.9560241699219, 314.37628173828125, 319.79656982421875, 325.21685791015625, 330.63714599609375, 336.0574035644531, 341.4776916503906, 346.8979797363281]}, "gradients/graph_30linear.0.bias": {"_type": "histogram", "values": [1.0, 0.0, 0.0, 0.0, 0.0, 0.0, 1.0, 0.0, 46.0, 0.0, 0.0, 1.0, 1.0, 1.0, 1.0, 0.0, 0.0, 0.0, 0.0, 1.0, 0.0, 1.0, 0.0, 0.0, 1.0, 0.0, 1.0, 0.0, 0.0, 0.0, 1.0, 0.0, 1.0, 0.0, 1.0, 0.0, 1.0, 1.0, 1.0, 1.0, 0.0, 0.0, 0.0, 0.0, 0.0, 0.0, 0.0, 0.0, 0.0, 0.0, 0.0, 0.0, 0.0, 0.0, 0.0, 0.0, 0.0, 0.0, 0.0, 0.0, 0.0, 0.0, 0.0, 1.0],