{"Linear loss": 13832.732421875, "_timestamp": 1715774823.257991, "_runtime": 48.96083402633667, "_step": 1809, "gradients/graph_31linear.5.bias": {"_type": "histogram", "values": [7.0, 0.0, 0.0, 3.0, 0.0, 0.0, 0.0, 0.0, 0.0, 0.0, 0.0, 0.0, 0.0, 0.0, 0.0, 0.0, 0.0, 0.0, 0.0, 0.0, 0.0, 0.0, 0.0, 0.0, 0.0, 0.0, 0.0, 0.0, 13.0, 0.0, 0.0, 0.0, 41.0, 0.0, 0.0, 16.0, 0.0, 0.0, 0.0, 0.0, 0.0, 0.0, 0.0, 0.0, 0.0, 0.0, 0.0, 0.0, 0.0, 0.0, 0.0, 0.0, 0.0, 0.0, 0.0, 0.0, 0.0, 1.0, 0.0, 0.0, 4.0, 0.0, 0.0, 11.0], "bins": [-200.0, -193.75, -187.5, -181.25, -175.0, -168.75, -162.5, -156.25, -150.0, -143.75, -137.5, -131.25, -125.0, -118.75, -112.5, -106.25, -100.0, -93.75, -87.5, -81.25, -75.0, -68.75, -62.5, -56.25, -50.0, -43.75, -37.5, -31.25, -25.0, -18.75, -12.5, -6.25, 0.0, 6.25, 12.5, 18.75, 25.0, 31.25, 37.5, 43.75, 50.0, 56.25, 62.5, 68.75, 75.0, 81.25, 87.5, 93.75, 100.0, 106.25, 112.5, 118.75, 125.0, 131.25, 137.5, 143.75, 150.0, 156.25, 162.5, 168.75, 175.0, 181.25, 187.5, 193.75, 200.0]}, "gradients/graph_31linear.5.weight": {"_type": "histogram", "values": [14.0, 7.0, 0.0, 6.0, 10.0, 7.0, 3.0, 7.0, 10.0, 3.0, 7.0, 10.0, 3.0, 17.0, 14.0, 16.0, 6.0, 7.0, 3.0, 0.0, 0.0, 0.0, 7.0, 24.0, 19.0, 27.0, 47.0, 23.0, 69.0, 108.0, 91.0, 332.0, 4415.0, 118.0, 144.0, 96.0, 40.0, 73.0, 45.0, 28.0, 37.0, 11.0, 0.0, 1.0, 0.0, 5.0, 15.0, 8.0, 24.0, 23.0, 27.0, 5.0, 15.0, 12.0, 5.0, 15.0, 12.0, 6.0, 11.0, 15.0, 8.0, 0.0, 11.0, 22.0], "bins": [-516.7924194335938, -500.6426696777344, -484.4928894042969, -468.3431396484375, -452.193359375, -436.0436096191406, -419.89385986328125, -403.74407958984375, -387.59429931640625, -371.4445495605469, -355.2947998046875, -339.14501953125, -322.9952697753906, -306.84552001953125, -290.69573974609375, -274.54595947265625, -258.3962097167969, -242.2464599609375, -226.0966796875, -209.94692993164062, -193.79714965820312, -177.64739990234375, -161.49761962890625, -145.34786987304688, -129.1981201171875, -113.04833984375, -96.89859008789062, -80.74880981445312, -64.59906005859375, -48.44927978515625, -32.299530029296875, -16.149749755859375, 0.0, 16.149749755859375, 32.299530029296875, 48.44927978515625, 64.59906005859375, 80.74880981445312, 96.89859008789062, 113.04833984375, 129.1981201171875, 145.34786987304688, 161.49761962890625, 177.64739990234375, 193.79714965820312, 209.94692993164062, 226.0966796875, 242.2464599609375, 258.3962097167969, 274.54595947265625, 290.69573974609375, 306.84552001953125, 322.9952697753906, 339.14501953125, 355.2947998046875, 371.4445495605469, 387.59429931640625, 403.74407958984375, 419.89385986328125, 436.0436096191406, 452.193359375, 468.3431396484375, 484.4928894042969, 500.6426696777344, 516.7924194335938]}, "gradients/graph_31linear.3.bias": {"_type": "histogram", "values": [1.0, 0.0, 1.0, 0.0, 1.0, 0.0, 0.0, 0.0, 1.0, 2.0, 1.0, 1.0, 2.0, 0.0, 1.0, 1.0, 1.0, 1.0, 0.0, 0.0, 2.0, 1.0, 1.0, 1.0, 2.0, 0.0, 1.0, 2.0, 1.0, 0.0, 0.0, 3.0, 1.0, 0.0, 1.0, 0.0, 1.0, 0.0, 1.0, 1.0, 1.0, 1.0, 0.0, 0.0, 1.0, 0.0, 0.0, 0.0, 0.0, 0.0, 2.0, 25.0, 0.0, 0.0, 0.0, 0.0, 0.0, 0.0, 0.0, 0.0, 0.0, 0.0, 0.0, 1.0], "bins": [-232.1876983642578, -227.70187377929688, -223.21603393554688, -218.73020935058594, -214.244384765625, -209.758544921875, -205.27272033691406, -200.78689575195312, -196.30105590820312, -191.8152313232422, -187.32940673828125, -182.84356689453125, -178.3577423095703, -173.87191772460938, -169.38607788085938, -164.9002685546875, -160.4144287109375, -155.9285888671875, -151.44277954101562, -146.95693969726562, -142.4711151123047, -137.98529052734375, -133.49945068359375, -129.0136260986328, -124.52779388427734, -120.04196166992188, -115.55613708496094, -111.07030487060547, -106.58447265625, -102.09864807128906, -97.61282348632812, -93.12698364257812, -88.64115905761719, -84.15533447265625, -79.66949462890625, -75.18367004394531, -70.69784545898438, -66.21200561523438, -61.72617721557617, -57.240352630615234, -52.754520416259766, -48.2686882019043, -43.78286361694336, -39.29703140258789, -34.81119918823242, -30.325374603271484, -25.839542388916016, -21.353717803955078, -16.86788558959961, -12.38205337524414, -7.896228790283203, -3.4103965759277344, 1.0754318237304688, 5.561260223388672, 10.04709243774414, 14.532920837402344, 19.018749237060547, 23.50457763671875, 27.990407943725586, 32.47623825073242, 36.962066650390625, 41.44789505004883, 45.93372344970703, 50.4195556640625, 54.9053840637207]}, "gradients/graph_31linear.3.weight": {"_type": "histogram", "values": [1.0, 0.0, 1.0, 0.0, 1.0, 0.0, 0.0, 0.0, 1.0, 2.0, 1.0, 1.0, 2.0, 0.0, 1.0, 1.0, 1.0, 1.0, 0.0, 0.0, 2.0, 1.0, 1.0, 1.0, 2.0, 0.0, 2.0, 3.0, 2.0, 0.0, 2.0, 6.0, 3.0, 1.0, 3.0, 1.0, 4.0, 2.0, 3.0, 4.0, 2.0, 4.0, 1.0, 1.0, 2.0, 2.0, 2.0, 1.0, 0.0, 0.0, 2.0, 4020.0, 0.0, 0.0, 0.0, 0.0, 0.0, 1.0, 0.0, 0.0, 0.0, 0.0, 0.0, 1.0], "bins": [-2465.5712890625, -2417.936767578125, -2370.302490234375, -2322.66796875, -2275.033447265625, -2227.399169921875, -2179.7646484375, -2132.130126953125, -2084.49560546875, -2036.861328125, -1989.226806640625, -1941.5924072265625, -1893.9580078125, -1846.323486328125, -1798.6890869140625, -1751.0546875, -1703.420166015625, -1655.78564453125, -1608.1512451171875, -1560.516845703125, -1512.88232421875, -1465.2479248046875, -1417.613525390625, -1369.97900390625, -1322.3446044921875, -1274.710205078125, -1227.07568359375, -1179.4412841796875, -1131.806884765625, -1084.17236328125, -1036.5379638671875, -988.9034423828125, -941.26904296875, -893.6346435546875, -846.0001220703125, -798.36572265625, -750.731201171875, -703.0968017578125, -655.46240234375, -607.827880859375, -560.1934814453125, -512.55908203125, -464.924560546875, -417.2901611328125, -369.65570068359375, -322.021240234375, -274.3868408203125, -226.75238037109375, -179.117919921875, -131.48345947265625, -83.8489990234375, -36.214599609375, 11.41986083984375, 59.0543212890625, 106.68875122070312, 154.32318115234375, 201.9576416015625, 249.59210205078125, 297.2265319824219, 344.8609619140625, 392.49542236328125, 440.1298828125, 487.7643127441406, 535.3987426757812, 583.033203125]}, "gradients/graph_31linear.0.bias": {"_type": "histogram", "values": [1.0, 0.0, 0.0, 0.0, 0.0, 0.0, 0.0, 0.0, 0.0, 0.0, 0.0, 0.0, 0.0, 0.0, 0.0, 0.0, 0.0, 0.0, 0.0, 0.0, 0.0, 0.0, 0.0, 0.0, 0.0, 0.0, 0.0, 0.0, 0.0, 0.0, 0.0, 0.0, 1.0, 0.0, 0.0, 0.0, 0.0, 0.0, 0.0, 0.0, 0.0, 0.0, 0.0, 0.0, 0.0, 0.0, 0.0, 0.0, 0.0, 0.0, 0.0, 0.0, 0.0, 0.0, 0.0, 0.0, 0.0, 0.0, 0.0, 0.0, 0.0, 0.0, 0.0, 62.0], "bins": [-2036.9603271484375, -2005.1328125, -1973.3052978515625, -1941.477783203125, -1909.6502685546875, -1877.82275390625, -1845.995361328125, -1814.167724609375, -1782.34033203125, -1750.5128173828125, -1718.685302734375, -1686.8577880859375, -1655.0302734375, -1623.2027587890625, -1591.375244140625, -1559.5477294921875, -1527.72021484375, -1495.892822265625, -1464.065185546875, -1432.23779296875, -1400.41015625, -1368.582763671875, -1336.755126953125, -1304.927734375, -1273.1002197265625, -1241.272705078125, -1209.4451904296875, -1177.61767578125, -1145.7901611328125, -1113.962646484375, -1082.13525390625, -1050.3076171875, -1018.4801635742188, -986.6526489257812, -954.8251342773438, -922.9976196289062, -891.170166015625, -859.3426513671875, -827.51513671875, -795.6876220703125, -763.860107421875, -732.0325927734375, -700.2051391601562, -668.3776245117188, -636.5501098632812, -604.7225952148438, -572.8950805664062, -541.0675659179688, -509.2400817871094, -477.4125671386719, -445.5850830078125, -413.757568359375, -381.9300537109375, -350.1025695800781, -318.2750549316406, -286.4475402832031, -254.6200408935547, -222.79254150390625, -190.96502685546875, -159.1375274658203, -127.31002044677734, -95.48251342773438, -63.65501022338867, -31.827505111694336, 0.0]}, "gradients/graph_31linear.0.weight": {"_type": "histogram",