{"Linear loss": 13199.4951171875, "_timestamp": 1715762368.1832535, "_runtime": 5.953897476196289, "_step": 101, "Regret": 0.17825469768700922, "gradients/graph_4linear.5.bias": {"_type": "histogram", "values": [6.0, 1.0, 0.0, 3.0, 0.0, 0.0, 0.0, 0.0, 0.0, 0.0, 0.0, 0.0, 0.0, 0.0, 0.0, 0.0, 0.0, 0.0, 0.0, 0.0, 0.0, 0.0, 0.0, 0.0, 0.0, 0.0, 0.0, 0.0, 12.0, 1.0, 0.0, 4.0, 53.0, 3.0, 3.0, 18.0, 0.0, 0.0, 0.0, 0.0, 0.0, 0.0, 0.0, 0.0, 0.0, 0.0, 0.0, 0.0, 0.0, 0.0, 0.0, 0.0, 0.0, 0.0, 0.0, 0.0, 0.0, 0.0, 0.0, 0.0, 0.0, 12.0, 2.0, 2.0], "bins": [-200.0, -193.75, -187.5, -181.25, -175.0, -168.75, -162.5, -156.25, -150.0, -143.75, -137.5, -131.25, -125.0, -118.75, -112.5, -106.25, -100.0, -93.75, -87.5, -81.25, -75.0, -68.75, -62.5, -56.25, -50.0, -43.75, -37.5, -31.25, -25.0, -18.75, -12.5, -6.25, 0.0, 6.25, 12.5, 18.75, 25.0, 31.25, 37.5, 43.75, 50.0, 56.25, 62.5, 68.75, 75.0, 81.25, 87.5, 93.75, 100.0, 106.25, 112.5, 118.75, 125.0, 131.25, 137.5, 143.75, 150.0, 156.25, 162.5, 168.75, 175.0, 181.25, 187.5, 193.75, 200.0]}, "gradients/graph_4linear.5.weight": {"_type": "histogram", "values": [6.0, 1.0, 0.0, 3.0, 0.0, 0.0, 0.0, 0.0, 6.0, 8.0, 8.0, 8.0, 7.0, 14.0, 11.0, 12.0, 35.0, 22.0, 9.0, 4.0, 3.0, 17.0, 13.0, 13.0, 16.0, 21.0, 30.0, 3.0, 52.0, 59.0, 197.0, 502.0, 5664.0, 329.0, 93.0, 82.0, 12.0, 36.0, 46.0, 27.0, 19.0, 18.0, 18.0, 15.0, 1.0, 26.0, 58.0, 24.0, 29.0, 20.0, 15.0, 15.0, 3.0, 28.0, 4.0, 2.0, 0.0, 0.0, 0.0, 0.0, 0.0, 12.0, 2.0, 2.0], "bins": [-893.8154907226562, -865.8837280273438, -837.9520263671875, -810.020263671875, -782.0885620117188, -754.1567993164062, -726.22509765625, -698.2933349609375, -670.3616333007812, -642.4298706054688, -614.4981689453125, -586.56640625, -558.6346435546875, -530.7029418945312, -502.7712097167969, -474.8394775390625, -446.9077453613281, -418.97601318359375, -391.0442810058594, -363.112548828125, -335.1807861328125, -307.24908447265625, -279.31732177734375, -251.3856201171875, -223.453857421875, -195.52215576171875, -167.59039306640625, -139.65869140625, -111.7269287109375, -83.79522705078125, -55.86346435546875, -27.9317626953125, 0.0, 27.9317626953125, 55.86346435546875, 83.79522705078125, 111.7269287109375, 139.65869140625, 167.59039306640625, 195.52215576171875, 223.453857421875, 251.3856201171875, 279.31732177734375, 307.24908447265625, 335.1807861328125, 363.112548828125, 391.0442810058594, 418.97601318359375, 446.9077453613281, 474.8394775390625, 502.7712097167969, 530.7029418945312, 558.6346435546875, 586.56640625, 614.4981689453125, 642.4298706054688, 670.3616333007812, 698.2933349609375, 726.22509765625, 754.1567993164062, 782.0885620117188, 810.020263671875, 837.9520263671875, 865.8837280273438, 893.8154907226562]}, "gradients/graph_4linear.3.bias": {"_type": "histogram", "values": [2.0, 0.0, 0.0, 1.0, 1.0, 1.0, 0.0, 1.0, 1.0, 0.0, 1.0, 1.0, 0.0, 2.0, 0.0, 1.0, 0.0, 0.0, 2.0, 1.0, 4.0, 0.0, 1.0, 0.0, 1.0, 0.0, 0.0, 3.0, 2.0, 26.0, 1.0, 0.0, 1.0, 0.0, 0.0, 0.0, 0.0, 0.0, 2.0, 0.0, 0.0, 0.0, 0.0, 0.0, 1.0, 1.0, 0.0, 0.0, 1.0, 1.0, 1.0, 0.0, 0.0, 1.0, 0.0, 0.0, 1.0, 0.0, 0.0, 0.0, 0.0, 0.0, 0.0, 1.0], "bins": [-121.87028503417969, -117.77667236328125, -113.68305969238281, -109.5894546508789, -105.49584197998047, -101.40222930908203, -97.30862426757812, -93.21501159667969, -89.12139892578125, -85.02778625488281, -80.93417358398438, -76.84056854248047, -72.74695587158203, -68.6533432006836, -64.55973815917969, -60.46612548828125, -56.37251281738281, -52.278900146484375, -48.18528747558594, -44.09168243408203, -39.998069763183594, -35.904457092285156, -31.81085205078125, -27.717239379882812, -23.623626708984375, -19.530014038085938, -15.4364013671875, -11.342796325683594, -7.249183654785156, -3.1555709838867188, 0.9380340576171875, 5.031646728515625, 9.125244140625, 13.218856811523438, 17.312469482421875, 21.40607452392578, 25.49968719482422, 29.593299865722656, 33.68690490722656, 37.780517578125, 41.87413024902344, 45.967742919921875, 50.06135559082031, 54.15496063232422, 58.248573303222656, 62.342185974121094, 66.435791015625, 70.52940368652344, 74.62301635742188, 78.71662902832031, 82.81024169921875, 86.90384674072266, 90.9974594116211, 95.09107208251953, 99.18467712402344, 103.27828979492188, 107.37190246582031, 111.46551513671875, 115.55912780761719, 119.6527328491211, 123.74634552001953, 127.83995819091797, 131.93356323242188, 136.0271759033203, 140.12078857421875]}, "gradients/graph_4linear.3.weight": {"_type": "histogram", "values": [2.0, 0.0, 3.0, 3.0, 2.0, 3.0, 4.0, 4.0, 4.0, 2.0, 5.0, 9.0, 8.0, 11.0, 10.0, 12.0, 13.0, 10.0, 17.0, 25.0, 25.0, 22.0, 28.0, 32.0, 31.0, 31.0, 34.0, 39.0, 67.0, 3416.0, 27.0, 17.0, 12.0, 11.0, 9.0, 17.0, 9.0, 16.0, 13.0, 10.0, 7.0, 10.0, 9.0, 6.0, 11.0, 3.0, 6.0, 4.0, 6.0, 2.0, 6.0, 2.0, 1.0, 2.0, 1.0, 1.0, 2.0, 0.0, 0.0, 1.0, 0.0, 2.0, 0.0, 1.0], "bins": [-598.298828125, -578.2020263671875, -558.105224609375, -538.0084228515625, -517.91162109375, -497.8148193359375, -477.7180480957031, -457.6212463378906, -437.5244445800781, -417.4276428222656, -397.3308410644531, -377.23406982421875, -357.13726806640625, -337.04046630859375, -316.94366455078125, -296.84686279296875, -276.75006103515625, -256.65325927734375, -236.55645751953125, -216.45965576171875, -196.36285400390625, -176.26608276367188, -156.16928100585938, -136.07247924804688, -115.97567749023438, -95.87887573242188, -75.7821044921875, -55.685302734375, -35.5885009765625, -15.49169921875, 4.6051025390625, 24.701904296875, 44.79864501953125, 64.89544677734375, 84.99224853515625, 105.08905029296875, 125.18585205078125, 145.28265380859375, 165.37945556640625, 185.47622680664062, 205.57302856445312, 225.66983032226562, 245.76663208007812, 265.8634338378906, 285.960205078125, 306.0570068359375, 326.15380859375, 346.2506103515625, 366.347412109375, 386.4442138671875, 406.541015625, 426.6378173828125, 446.734619140625, 466.8314208984375, 486.9281921386719, 507.0249938964844, 527.121826171875, 547.2186279296875, 567.3153686523438, 587.4121704101562, 607.5089721679688, 627.6057739257812, 647.7025756835938, 667.7993774414062, 687.8961791992188]}, "gradients/graph_4linear.0.bias": {"_type": "histogram", "values": [1.0, 0.0, 0.0, 0.0, 0.0, 0.0, 1.0, 0.0, 0.0, 0.0, 0.0, 0.0, 0.0, 0.0, 0.0, 0.0, 0.0, 1.0, 0.0, 1.0, 1.0, 0.0, 1.0, 0.0, 0.0, 0.0, 0.0, 0.0, 1.0, 2.0, 0.0, 1.0, 0.0, 1.0, 0.0, 0.0, 0.0, 1.0, 1.0, 0.0, 44.0, 2.0, 0.0, 1.0, 0.0, 1.0, 0.0, 0.0, 1.0, 1.0, 0.0, 0.0, 0.0, 0.0, 0.0, 0.0, 0.0, 0.0, 0.0, 0.0, 0.0, 0.0, 0.0, 1.0], "bins": [-89.5223617553711, -87.33291625976562, -85.14347839355469, -82.95403289794922, -80.76458740234375, -78.57514953613281, -76.38570404052734, -74.19625854492188, -72.00682067871094, -69.81737518310547, -67.6279296875, -65.43849182128906, -63.249046325683594, -61.05960464477539, -58.87016296386719, -56.68071746826172, -54.491275787353516, -52.30183410644531, -50.112388610839844, -47.92294692993164, -45.73350524902344, -43.54405975341797, -41.354618072509766, -39.16517639160156, -36.975730895996094, -34.78628921508789, -32.59684753417969, -30.407405853271484, -28.217960357666016, -26.028518676757812, -23.839073181152344, -21.649635314941406, -19.460193634033203, -17.270748138427734, -15.081310272216797, -12.891864776611328, -10.702423095703125, -8.512977600097656, -6.323535919189453, -4.13409423828125, -1.9446525573730469, 0.24479293823242188, 2.434234619140625, 4.623676300048828, 6.813121795654297, 9.0025634765625, 11.192005157470703, 13.381450653076172, 15.570892333984375, 17.760334014892578, 19.949777603149414, 22.13922119140625, 24.328662872314453, 26.51810646057129, 28.707550048828125, 30.896991729736328, 33.08643341064453, 35.27587890625, 37.4653205871582, 39.654762268066406, 41.844207763671875, 44.03364944458008, 46.22309112548828, 48.41253662109375, 50.60197830200195]}, "gradients/graph_4linear.0.weight": {"_type": "histogram",