{"Linear loss": 16440.19921875, "_timestamp": 1715766963.2829616, "_runtime": 87.93978357315063, "_step": 1809, "gradients/graph_3linear.5.bias": {"_type": "histogram", "values": [7.0, 0.0, 0.0, 3.0, 0.0, 0.0, 0.0, 0.0, 0.0, 0.0, 0.0, 0.0, 0.0, 0.0, 0.0, 0.0, 0.0, 0.0, 0.0, 0.0, 0.0, 0.0, 0.0, 0.0, 0.0, 0.0, 0.0, 0.0, 13.0, 0.0, 0.0, 2.0, 39.0, 0.0, 0.0, 16.0, 0.0, 0.0, 0.0, 0.0, 0.0, 0.0, 0.0, 0.0, 0.0, 0.0, 0.0, 0.0, 0.0, 0.0, 0.0, 0.0, 0.0, 0.0, 0.0, 0.0, 0.0, 1.0, 0.0, 0.0, 4.0, 0.0, 0.0, 11.0], "bins": [-200.0, -193.75, -187.5, -181.25, -175.0, -168.75, -162.5, -156.25, -150.0, -143.75, -137.5, -131.25, -125.0, -118.75, -112.5, -106.25, -100.0, -93.75, -87.5, -81.25, -75.0, -68.75, -62.5, -56.25, -50.0, -43.75, -37.5, -31.25, -25.0, -18.75, -12.5, -6.25, 0.0, 6.25, 12.5, 18.75, 25.0, 31.25, 37.5, 43.75, 50.0, 56.25, 62.5, 68.75, 75.0, 81.25, 87.5, 93.75, 100.0, 106.25, 112.5, 118.75, 125.0, 131.25, 137.5, 143.75, 150.0, 156.25, 162.5, 168.75, 175.0, 181.25, 187.5, 193.75, 200.0]}, "gradients/graph_3linear.5.weight": {"_type": "histogram", "values": [7.0, 7.0, 7.0, 10.0, 3.0, 10.0, 17.0, 17.0, 14.0, 20.0, 16.0, 20.0, 27.0, 13.0, 16.0, 3.0, 31.0, 24.0, 22.0, 13.0, 10.0, 10.0, 31.0, 12.0, 0.0, 0.0, 7.0, 13.0, 36.0, 192.0, 228.0, 289.0, 3835.0, 288.0, 240.0, 49.0, 20.0, 11.0, 0.0, 4.0, 17.0, 49.0, 17.0, 18.0, 23.0, 32.0, 38.0, 51.0, 7.0, 24.0, 21.0, 44.0, 32.0, 24.0, 31.0, 23.0, 27.0, 27.0, 15.0, 4.0, 15.0, 11.0, 11.0, 11.0], "bins": [-309.06573486328125, -299.4074401855469, -289.7491149902344, -280.0908203125, -270.4325256347656, -260.77423095703125, -251.11590576171875, -241.45761108398438, -231.79930114746094, -222.1409912109375, -212.48269653320312, -202.8243865966797, -193.16607666015625, -183.50778198242188, -173.84947204589844, -164.19117736816406, -154.53286743164062, -144.8745574951172, -135.2162628173828, -125.55795288085938, -115.899658203125, -106.24134826660156, -96.58303833007812, -86.92474365234375, -77.26643371582031, -67.60812377929688, -57.9498291015625, -48.291534423828125, -38.633209228515625, -28.97491455078125, -19.316619873046875, -9.658294677734375, 0.0, 9.658294677734375, 19.316619873046875, 28.97491455078125, 38.633209228515625, 48.291534423828125, 57.9498291015625, 67.60812377929688, 77.26643371582031, 86.92474365234375, 96.58303833007812, 106.24134826660156, 115.899658203125, 125.55795288085938, 135.2162628173828, 144.8745574951172, 154.53286743164062, 164.19117736816406, 173.84947204589844, 183.50778198242188, 193.16607666015625, 202.8243865966797, 212.48269653320312, 222.1409912109375, 231.79930114746094, 241.45761108398438, 251.11590576171875, 260.77423095703125, 270.4325256347656, 280.0908203125, 289.7491149902344, 299.4074401855469, 309.06573486328125]}, "gradients/graph_3linear.3.bias": {"_type": "histogram", "values": [1.0, 0.0, 0.0, 0.0, 1.0, 1.0, 0.0, 1.0, 3.0, 0.0, 1.0, 1.0, 2.0, 0.0, 1.0, 0.0, 0.0, 1.0, 1.0, 1.0, 1.0, 1.0, 0.0, 1.0, 1.0, 0.0, 1.0, 1.0, 1.0, 3.0, 1.0, 0.0, 2.0, 0.0, 1.0, 1.0, 3.0, 1.0, 21.0, 0.0, 0.0, 0.0, 0.0, 2.0, 0.0, 1.0, 2.0, 0.0, 1.0, 0.0, 0.0, 0.0, 0.0, 0.0, 1.0, 0.0, 0.0, 0.0, 0.0, 1.0, 0.0, 0.0, 0.0, 1.0], "bins": [-210.2342529296875, -204.74745178222656, -199.26063537597656, -193.77383422851562, -188.2870330810547, -182.80023193359375, -177.31341552734375, -171.8266143798828, -166.33981323242188, -160.85299682617188, -155.36619567871094, -149.87939453125, -144.392578125, -138.90577697753906, -133.41897583007812, -127.93216705322266, -122.44535827636719, -116.95854949951172, -111.47174835205078, -105.98493957519531, -100.49813842773438, -95.0113296508789, -89.52452087402344, -84.0377197265625, -78.5509033203125, -73.06410217285156, -67.57730102539062, -62.09049987792969, -56.60368347167969, -51.11688232421875, -45.63008117675781, -40.14326477050781, -34.65644836425781, -29.169647216796875, -23.682830810546875, -18.196029663085938, -12.709228515625, -7.222412109375, -1.7356109619140625, 3.751190185546875, 9.237991333007812, 14.724807739257812, 20.21160888671875, 25.69841766357422, 31.185226440429688, 36.672027587890625, 42.158836364746094, 47.64563751220703, 53.1324462890625, 58.61925506591797, 64.1060562133789, 69.59286499023438, 75.07966613769531, 80.56647491455078, 86.05328369140625, 91.54008483886719, 97.02689361572266, 102.51370239257812, 108.00050354003906, 113.48731231689453, 118.97412109375, 124.46092224121094, 129.94772338867188, 135.43453979492188, 140.9213409423828]}, "gradients/graph_3linear.3.weight": {"_type": "histogram", "values": [1.0, 0.0, 0.0, 0.0, 1.0, 1.0, 0.0, 1.0, 3.0, 0.0, 1.0, 1.0, 2.0, 0.0, 1.0, 0.0, 0.0, 1.0, 1.0, 1.0, 1.0, 1.0, 0.0, 1.0, 1.0, 0.0, 1.0, 1.0, 1.0, 3.0, 1.0, 1.0, 8.0, 5.0, 5.0, 4.0, 10.0, 7.0, 4012.0, 5.0, 1.0, 1.0, 1.0, 3.0, 0.0, 1.0, 2.0, 0.0, 1.0, 0.0, 0.0, 0.0, 0.0, 0.0, 1.0, 0.0, 0.0, 0.0, 0.0, 1.0, 0.0, 0.0, 0.0, 1.0], "bins": [-2118.18115234375, -2062.899658203125, -2007.6182861328125, -1952.3369140625, -1897.055419921875, -1841.7740478515625, -1786.49267578125, -1731.211181640625, -1675.9296875, -1620.6483154296875, -1565.366943359375, -1510.08544921875, -1454.8040771484375, -1399.522705078125, -1344.2412109375, -1288.959716796875, -1233.6783447265625, -1178.39697265625, -1123.115478515625, -1067.8341064453125, -1012.5526123046875, -957.271240234375, -901.98974609375, -846.7083740234375, -791.427001953125, -736.1455078125, -680.8641357421875, -625.5826416015625, -570.30126953125, -515.019775390625, -459.7384033203125, -404.4569091796875, -349.1754150390625, -293.89404296875, -238.612548828125, -183.3311767578125, -128.0496826171875, -72.768310546875, -17.48681640625, 37.7945556640625, 93.0760498046875, 148.357421875, 203.6387939453125, 258.9202880859375, 314.20166015625, 369.483154296875, 424.7645263671875, 480.04595947265625, 535.327392578125, 590.6088256835938, 645.8902587890625, 701.1716918945312, 756.453125, 811.7344970703125, 867.0159301757812, 922.29736328125, 977.5787963867188, 1032.8602294921875, 1088.1416015625, 1143.423095703125, 1198.7044677734375, 1253.9859619140625, 1309.267333984375, 1364.548828125, 1419.8302001953125]}, "gradients/graph_3linear.0.bias": {"_type": "histogram", "values": [1.0, 0.0, 0.0, 0.0, 0.0, 0.0, 0.0, 0.0, 0.0, 0.0, 0.0, 0.0, 0.0, 0.0, 0.0, 0.0, 0.0, 0.0, 0.0, 0.0, 0.0, 0.0, 0.0, 0.0, 0.0, 0.0, 0.0, 0.0, 0.0, 0.0, 0.0, 0.0, 0.0, 0.0, 0.0, 0.0, 0.0, 0.0, 0.0, 0.0, 0.0, 0.0, 62.0, 0.0, 0.0, 0.0, 0.0, 0.0, 0.0, 0.0, 0.0, 0.0, 0.0, 0.0, 0.0, 0.0, 0.0, 0.0, 0.0, 0.0, 0.0, 0.0, 0.0, 1.0], "bins": [-1613.270751953125, -1575.197509765625, -1537.124267578125, -1499.0509033203125, -1460.9776611328125, -1422.9044189453125, -1384.8311767578125, -1346.7579345703125, -1308.6845703125, -1270.611328125, -1232.5380859375, -1194.46484375, -1156.3916015625, -1118.318359375, -1080.2451171875, -1042.1717529296875, -1004.0985107421875, -966.0252685546875, -927.9519653320312, -889.8787231445312, -851.805419921875, -813.732177734375, -775.658935546875, -737.5856323242188, -699.5123901367188, -661.4391479492188, -623.3658447265625, -585.2926025390625, -547.2193603515625, -509.1461181640625, -471.07275390625, -432.99951171875, -394.9261474609375, -356.8529052734375, -318.7796630859375, -280.706298828125, -242.633056640625, -204.559814453125, -166.486572265625, -128.41326904296875, -90.34002685546875, -52.26678466796875, -14.1934814453125, 23.8797607421875, 61.9530029296875, 100.02630615234375, 138.09954833984375, 176.1728515625, 214.24609375, 252.3193359375, 290.39263916015625, 328.46588134765625, 366.5391540527344, 404.6124267578125, 442.6856689453125, 480.7589416503906, 518.8322143554688, 556.905517578125, 594.978759765625, 633.052001953125, 671.125244140625, 709.1985473632812, 747.2717895507812, 785.3450927734375, 823.4183349609375]}, "gradients/graph_3linear.0.weight": {"_type": "histogram",