{"gradients/graph_11linear.5.bias": {"_type": "histogram", "values": [3.0, 1.0, 2.0, 2.0, 1.0, 3.0, 0.0, 1.0, 0.0, 0.0, 1.0, 2.0, 1.0, 8.0, 6.0, 9.0, 40.0, 4.0, 1.0, 1.0, 2.0, 0.0, 0.0, 0.0, 1.0, 2.0, 0.0, 1.0, 0.0, 0.0, 0.0, 1.0, 0.0, 0.0, 0.0, 0.0, 0.0, 0.0, 0.0, 0.0, 0.0, 0.0, 1.0, 1.0, 0.0, 0.0, 0.0, 0.0, 0.0, 0.0, 0.0, 0.0, 0.0, 0.0, 0.0, 0.0, 0.0, 0.0, 0.0, 0.0, 0.0, 0.0, 0.0, 1.0], "bins": [-0.6439160704612732, -0.6064267158508301, -0.5689374208450317, -0.5314481258392334, -0.4939587712287903, -0.45646944642066956, -0.41898012161254883, -0.3814907968044281, -0.3440014719963074, -0.30651214718818665, -0.2690228223800659, -0.2315334975719452, -0.19404417276382446, -0.15655484795570374, -0.11906552314758301, -0.08157616853713989, -0.04408687353134155, -0.006597578525543213, 0.030891776084899902, 0.06838113069534302, 0.10587042570114136, 0.1433597207069397, 0.1808490753173828, 0.21833842992782593, 0.25582772493362427, 0.2933170199394226, 0.3308063745498657, 0.36829572916030884, 0.4057850241661072, 0.4432743191719055, 0.4807637333869934, 0.5182530283927917, 0.5557422637939453, 0.5932315587997437, 0.630720853805542, 0.6682102680206299, 0.7056995630264282, 0.7431888580322266, 0.7806782126426697, 0.8181675672531128, 0.8556568622589111, 0.8931461572647095, 0.9306355118751526, 0.9681248664855957, 1.005614161491394, 1.0431034564971924, 1.0805928707122803, 1.1180821657180786, 1.155571460723877, 1.1930607557296753, 1.2305500507354736, 1.2680394649505615, 1.3055287599563599, 1.3430180549621582, 1.380507469177246, 1.4179967641830444, 1.4554860591888428, 1.4929753541946411, 1.5304646492004395, 1.5679540634155273, 1.6054433584213257, 1.642932653427124, 1.680422067642212, 1.7179113626480103, 1.7554006576538086]}, "_timestamp": 1715779666.7913122, "gradients/graph_11linear.5.weight": {"_type": "histogram", "values": [3.0, 1.0, 4.0, 4.0, 5.0, 7.0, 5.0, 5.0, 7.0, 4.0, 4.0, 10.0, 11.0, 29.0, 30.0, 76.0, 283.0, 2505.0, 18.0, 15.0, 5.0, 6.0, 2.0, 5.0, 5.0, 4.0, 1.0, 2.0, 1.0, 1.0, 2.0, 1.0, 1.0, 0.0, 0.0, 0.0, 2.0, 0.0, 0.0, 2.0, 1.0, 0.0, 1.0, 1.0, 0.0, 0.0, 0.0, 0.0, 0.0, 0.0, 0.0, 0.0, 1.0, 0.0, 0.0, 0.0, 0.0, 1.0, 0.0, 0.0, 0.0, 0.0, 0.0, 1.0], "bins": [-25.21715545654297, -23.748991012573242, -22.28082847595215, -20.812664031982422, -19.344501495361328, -17.8763370513916, -16.408172607421875, -14.940010070800781, -13.471846580505371, -12.003683090209961, -10.53551959991455, -9.06735610961914, -7.599191665649414, -6.13102912902832, -4.662864685058594, -3.1947021484375, -1.7265377044677734, -0.2583732604980469, 1.2097892761230469, 2.6779537200927734, 4.146116256713867, 5.614280700683594, 7.0824432373046875, 8.550605773925781, 10.01877212524414, 11.486934661865234, 12.955097198486328, 14.423263549804688, 15.891426086425781, 17.359588623046875, 18.82775115966797, 20.295917510986328, 21.764080047607422, 23.232242584228516, 24.700408935546875, 26.16857147216797, 27.636734008789062, 29.104896545410156, 30.573062896728516, 32.04122543334961, 33.5093879699707, 34.97755432128906, 36.445716857910156, 37.91387939453125, 39.382041931152344, 40.85020446777344, 42.3183708190918, 43.78653335571289, 45.25469970703125, 46.722862243652344, 48.19102478027344, 49.65918731689453, 51.127349853515625, 52.595516204833984, 54.06367874145508, 55.53184509277344, 57.00000762939453, 58.468170166015625, 59.93633270263672, 61.40449905395508, 62.87266159057617, 64.34082794189453, 65.80899047851562, 67.27715301513672, 68.74531555175781]}, "gradients/graph_11linear.3.bias": {"_type": "histogram", "values": [1.0, 0.0, 0.0, 0.0, 0.0, 0.0, 0.0, 0.0, 0.0, 0.0, 0.0, 0.0, 0.0, 0.0, 0.0, 0.0, 0.0, 0.0, 0.0, 0.0, 0.0, 1.0, 0.0, 0.0, 1.0, 1.0, 0.0, 0.0, 0.0, 0.0, 0.0, 0.0, 0.0, 0.0, 0.0, 0.0, 0.0, 1.0, 0.0, 0.0, 0.0, 0.0, 1.0, 1.0, 0.0, 0.0, 1.0, 0.0, 0.0, 0.0, 0.0, 0.0, 0.0, 0.0, 0.0, 0.0, 0.0, 0.0, 0.0, 0.0, 0.0, 0.0, 0.0, 24.0], "bins": [-7.087796688079834, -6.977049827575684, -6.866302967071533, -6.755556106567383, -6.644809246063232, -6.534062385559082, -6.42331600189209, -6.312568664550781, -6.201822280883789, -6.091075420379639, -5.980328559875488, -5.869581699371338, -5.7588348388671875, -5.648087978363037, -5.537341117858887, -5.426594257354736, -5.315847396850586, -5.2051005363464355, -5.094353675842285, -4.983607292175293, -4.872859954833984, -4.762113571166992, -4.651366233825684, -4.540619850158691, -4.429872989654541, -4.319126129150391, -4.20837926864624, -4.09763240814209, -3.9868855476379395, -3.876138925552368, -3.7653920650482178, -3.6546452045440674, -3.543898344039917, -3.4331514835357666, -3.322404623031616, -3.211657762527466, -3.1009111404418945, -2.990164279937744, -2.8794174194335938, -2.7686705589294434, -2.657923698425293, -2.5471768379211426, -2.4364302158355713, -2.325683355331421, -2.2149364948272705, -2.10418963432312, -1.9934427738189697, -1.8826960325241089, -1.7719491720199585, -1.661202311515808, -1.5504555702209473, -1.4397087097167969, -1.3289618492126465, -1.2182151079177856, -1.1074682474136353, -0.9967213869094849, -0.8859745860099792, -0.7752277851104736, -0.6644809246063232, -0.5537341237068176, -0.4429872930049896, -0.3322404623031616, -0.2214936465024948, -0.1107468232512474, 0.0]}, "gradients/graph_11linear.3.weight": {"_type": "histogram", "values": [1.0, 0.0, 0.0, 0.0, 0.0, 0.0, 0.0, 0.0, 0.0, 0.0, 0.0, 0.0, 0.0, 0.0, 0.0, 0.0, 0.0, 0.0, 0.0, 0.0, 0.0, 1.0, 0.0, 0.0, 1.0, 1.0, 0.0, 0.0, 0.0, 0.0, 0.0, 0.0, 0.0, 0.0, 0.0, 0.0, 0.0, 1.0, 0.0, 0.0, 0.0, 0.0, 1.0, 1.0, 0.0, 0.0, 1.0, 0.0, 0.0, 0.0, 0.0, 0.0, 0.0, 0.0, 0.0, 0.0, 0.0, 0.0, 0.0, 0.0, 0.0, 0.0, 0.0, 1016.0], "bins": [-746.1138916015625, -734.4558715820312, -722.7978515625, -711.1397705078125, -699.4817504882812, -687.82373046875, -676.1657104492188, -664.5076904296875, -652.8496704101562, -641.191650390625, -629.5335693359375, -617.8755493164062, -606.217529296875, -594.5595092773438, -582.9014892578125, -571.2434692382812, -559.58544921875, -547.9273681640625, -536.2693481445312, -524.611328125, -512.9533081054688, -501.2952880859375, -489.6372375488281, -477.9792175292969, -466.3211669921875, -454.66314697265625, -443.005126953125, -431.34710693359375, -419.6890563964844, -408.0310363769531, -396.3730163574219, -384.7149658203125, -373.05694580078125, -361.39892578125, -349.7408752441406, -338.0828552246094, -326.4248352050781, -314.76678466796875, -303.1087646484375, -291.45074462890625, -279.792724609375, -268.1346740722656, -256.4766540527344, -244.81861877441406, -233.16058349609375, -221.5025634765625, -209.8445281982422, -198.18650817871094, -186.52847290039062, -174.8704376220703, -163.21241760253906, -151.55438232421875, -139.8963623046875, -128.2383270263672, -116.58029174804688, -104.9222640991211, -93.26423645019531, -81.60620880126953, -69.94818115234375, -58.29014587402344, -46.632118225097656, -34.974090576171875, -23.316059112548828, -11.658029556274414, 0.0]}, "gradients/graph_11linear.0.bias": {"_type": "histogram", "values": [1.0, 0.0, 0.0, 0.0, 0.0, 0.0, 0.0, 0.0, 0.0, 0.0, 0.0, 0.0, 0.0, 0.0, 0.0, 0.0, 0.0, 0.0, 0.0, 0.0, 0.0, 0.0, 0.0, 0.0, 0.0, 0.0, 0.0, 0.0, 0.0, 0.0, 0.0, 0.0, 0.0, 0.0, 0.0, 0.0, 0.0, 0.0, 0.0, 0.0, 0.0, 0.0, 0.0, 0.0, 0.0, 0.0, 0.0, 0.0, 0.0, 0.0, 0.0, 0.0, 0.0, 0.0, 0.0, 0.0, 0.0, 0.0, 0.0, 0.0, 0.0, 0.0, 0.0, 31.0],