{"Linear loss": 11412.55859375, "_timestamp": 1715770720.4917877, "_runtime": 69.42234969139099, "_step": 1809, "gradients/graph_29linear.5.bias": {"_type": "histogram", "values": [6.0, 0.0, 0.0, 4.0, 0.0, 0.0, 0.0, 0.0, 0.0, 0.0, 0.0, 0.0, 0.0, 0.0, 0.0, 0.0, 0.0, 0.0, 0.0, 0.0, 0.0, 0.0, 0.0, 0.0, 0.0, 0.0, 0.0, 0.0, 10.0, 0.0, 0.0, 2.0, 49.0, 0.0, 0.0, 13.0, 0.0, 0.0, 0.0, 0.0, 0.0, 0.0, 0.0, 0.0, 0.0, 0.0, 0.0, 0.0, 0.0, 0.0, 0.0, 0.0, 0.0, 0.0, 0.0, 0.0, 0.0, 0.0, 0.0, 0.0, 3.0, 0.0, 0.0, 9.0], "bins": [-200.0, -193.75, -187.5, -181.25, -175.0, -168.75, -162.5, -156.25, -150.0, -143.75, -137.5, -131.25, -125.0, -118.75, -112.5, -106.25, -100.0, -93.75, -87.5, -81.25, -75.0, -68.75, -62.5, -56.25, -50.0, -43.75, -37.5, -31.25, -25.0, -18.75, -12.5, -6.25, 0.0, 6.25, 12.5, 18.75, 25.0, 31.25, 37.5, 43.75, 50.0, 56.25, 62.5, 68.75, 75.0, 81.25, 87.5, 93.75, 100.0, 106.25, 112.5, 118.75, 125.0, 131.25, 137.5, 143.75, 150.0, 156.25, 162.5, 168.75, 175.0, 181.25, 187.5, 193.75, 200.0]}, "gradients/graph_29linear.5.weight": {"_type": "histogram", "values": [6.0, 0.0, 0.0, 4.0, 0.0, 0.0, 6.0, 0.0, 10.0, 0.0, 6.0, 4.0, 10.0, 6.0, 40.0, 32.0, 42.0, 28.0, 26.0, 52.0, 24.0, 28.0, 28.0, 38.0, 38.0, 12.0, 22.0, 28.0, 56.0, 76.0, 384.0, 512.0, 9527.0, 489.0, 96.0, 70.0, 30.0, 30.0, 9.0, 42.0, 51.0, 30.0, 39.0, 18.0, 66.0, 33.0, 30.0, 44.0, 43.0, 57.0, 9.0, 12.0, 3.0, 9.0, 0.0, 12.0, 0.0, 9.0, 0.0, 0.0, 3.0, 0.0, 0.0, 9.0], "bins": [-695.2822875976562, -673.5546875, -651.8271484375, -630.0995483398438, -608.3720092773438, -586.6444091796875, -564.9168701171875, -543.1892700195312, -521.4617309570312, -499.734130859375, -478.006591796875, -456.27899169921875, -434.5514221191406, -412.8238525390625, -391.0962829589844, -369.36871337890625, -347.6411437988281, -325.91357421875, -304.1860046386719, -282.45843505859375, -260.7308654785156, -239.0032958984375, -217.27572631835938, -195.54815673828125, -173.820556640625, -152.093017578125, -130.36541748046875, -108.63787841796875, -86.9102783203125, -65.1827392578125, -43.45513916015625, -21.72760009765625, 0.0, 21.72760009765625, 43.45513916015625, 65.1827392578125, 86.9102783203125, 108.63787841796875, 130.36541748046875, 152.093017578125, 173.820556640625, 195.54815673828125, 217.27572631835938, 239.0032958984375, 260.7308654785156, 282.45843505859375, 304.1860046386719, 325.91357421875, 347.6411437988281, 369.36871337890625, 391.0962829589844, 412.8238525390625, 434.5514221191406, 456.27899169921875, 478.006591796875, 499.734130859375, 521.4617309570312, 543.1892700195312, 564.9168701171875, 586.6444091796875, 608.3720092773438, 630.0995483398438, 651.8271484375, 673.5546875, 695.2822875976562]}, "gradients/graph_29linear.3.bias": {"_type": "histogram", "values": [1.0, 0.0, 1.0, 1.0, 0.0, 1.0, 0.0, 4.0, 0.0, 0.0, 1.0, 1.0, 1.0, 1.0, 2.0, 2.0, 3.0, 1.0, 0.0, 1.0, 1.0, 2.0, 3.0, 0.0, 3.0, 2.0, 1.0, 1.0, 4.0, 1.0, 1.0, 0.0, 2.0, 0.0, 0.0, 59.0, 6.0, 2.0, 1.0, 1.0, 3.0, 2.0, 1.0, 1.0, 0.0, 0.0, 0.0, 2.0, 0.0, 1.0, 2.0, 0.0, 1.0, 0.0, 1.0, 0.0, 1.0, 1.0, 0.0, 0.0, 0.0, 0.0, 0.0, 1.0], "bins": [-204.02748107910156, -198.29100036621094, -192.5545196533203, -186.8180389404297, -181.08155822753906, -175.3450927734375, -169.60861206054688, -163.87213134765625, -158.13565063476562, -152.399169921875, -146.66268920898438, -140.92620849609375, -135.18972778320312, -129.4532470703125, -123.7167739868164, -117.98029327392578, -112.24381256103516, -106.50733184814453, -100.7708511352539, -95.03437805175781, -89.29789733886719, -83.56141662597656, -77.82493591308594, -72.08845520019531, -66.35197448730469, -60.61549377441406, -54.87901306152344, -49.142547607421875, -43.40606689453125, -37.669586181640625, -31.93310546875, -26.196624755859375, -20.46014404296875, -14.723663330078125, -8.9871826171875, -3.250701904296875, 2.48577880859375, 8.222259521484375, 13.958724975585938, 19.695205688476562, 25.431686401367188, 31.168167114257812, 36.90464782714844, 42.64112854003906, 48.37760925292969, 54.11408996582031, 59.850563049316406, 65.58704376220703, 71.32352447509766, 77.06000518798828, 82.7964859008789, 88.532958984375, 94.26943969726562, 100.00592041015625, 105.74240112304688, 111.4788818359375, 117.21536254882812, 122.95184326171875, 128.68832397460938, 134.4248046875, 140.16127014160156, 145.8977508544922, 151.6342315673828, 157.37071228027344, 163.10719299316406]}, "gradients/graph_29linear.3.weight": {"_type": "histogram", "values": [1.0, 0.0, 1.0, 1.0, 0.0, 1.0, 1.0, 4.0, 1.0, 2.0, 2.0, 4.0, 6.0, 4.0, 8.0, 5.0, 11.0, 6.0, 4.0, 13.0, 11.0, 14.0, 22.0, 14.0, 13.0, 23.0, 34.0, 30.0, 41.0, 48.0, 53.0, 59.0, 91.0, 116.0, 130.0, 15207.0, 136.0, 71.0, 40.0, 36.0, 23.0, 18.0, 11.0, 10.0, 9.0, 10.0, 3.0, 8.0, 5.0, 5.0, 4.0, 3.0, 2.0, 1.0, 3.0, 0.0, 1.0, 2.0, 1.0, 0.0, 0.0, 0.0, 0.0, 1.0], "bins": [-1275.9986572265625, -1240.1224365234375, -1204.2462158203125, -1168.369873046875, -1132.49365234375, -1096.617431640625, -1060.7412109375, -1024.864990234375, -988.9887084960938, -953.1124267578125, -917.2362060546875, -881.3599853515625, -845.4837646484375, -809.6074829101562, -773.7312622070312, -737.85498046875, -701.978759765625, -666.1025390625, -630.2262573242188, -594.3500366210938, -558.4737548828125, -522.5975341796875, -486.7213134765625, -450.84503173828125, -414.96881103515625, -379.09259033203125, -343.21630859375, -307.340087890625, -271.4638671875, -235.587646484375, -199.7113037109375, -163.8350830078125, -127.958740234375, -92.08251953125, -56.206298828125, -20.3299560546875, 15.5462646484375, 51.4224853515625, 87.2987060546875, 123.17498779296875, 159.05120849609375, 194.92742919921875, 230.8037109375, 266.679931640625, 302.55615234375, 338.43243408203125, 374.30865478515625, 410.1849365234375, 446.0611572265625, 481.9373779296875, 517.8136596679688, 553.6898803710938, 589.566162109375, 625.4423828125, 661.318603515625, 697.19482421875, 733.0711059570312, 768.9473876953125, 804.8236083984375, 840.6998291015625, 876.5760498046875, 912.4523315429688, 948.3285522460938, 984.204833984375, 1020.0810546875]}, "gradients/graph_29linear.0.bias": {"_type": "histogram", "values": [2.0, 0.0, 0.0, 0.0, 0.0, 0.0, 0.0, 0.0, 1.0, 1.0, 0.0, 0.0, 0.0, 0.0, 0.0, 0.0, 1.0, 2.0, 0.0, 0.0, 0.0, 0.0, 0.0, 0.0, 0.0, 0.0, 0.0, 1.0, 0.0, 0.0, 0.0, 0.0, 2.0, 0.0, 0.0, 1.0, 1.0, 0.0, 0.0, 1.0, 0.0, 0.0, 1.0, 0.0, 0.0, 0.0, 109.0, 0.0, 0.0, 0.0, 0.0, 0.0, 1.0, 0.0, 0.0, 0.0, 1.0, 0.0, 2.0, 0.0, 0.0, 0.0, 0.0, 1.0], "bins": [-464.8962707519531, -454.8459167480469, -444.7955322265625, -434.74517822265625, -424.69482421875, -414.64447021484375, -404.5940856933594, -394.5437316894531, -384.4933776855469, -374.4429931640625, -364.39263916015625, -354.34228515625, -344.29193115234375, -334.2415771484375, -324.1911926269531, -314.1408386230469, -304.0904541015625, -294.04010009765625, -283.98974609375, -273.93939208984375, -263.8890380859375, -253.83865356445312, -243.78829956054688, -233.73793029785156, -223.68756103515625, -213.63720703125, -203.58685302734375, -193.53646850585938, -183.48611450195312, -173.43576049804688, -163.38540649414062, -153.33502197265625, -143.28466796875, -133.23431396484375, -123.18392944335938, -113.13357543945312, -103.08322143554688, -93.03286743164062, -82.98248291015625, -72.93212890625, -62.88177490234375, -52.83140563964844, -42.781036376953125, -32.730682373046875, -22.680313110351562, -12.629959106445312, -2.57958984375, 7.47076416015625, 17.521133422851562, 27.571502685546875, 37.621856689453125, 47.67222595214844, 57.72257995605469, 67.77294921875, 77.82331085205078, 87.87367248535156, 97.92403411865234, 107.97439575195312, 118.0247573852539, 128.0751190185547, 138.12548828125, 148.17584228515625, 158.22621154785156, 168.2765655517578, 178.32693481445312]}, "gradients/graph_29linear.0.weight": {"_type": "histogram",