{"gradients/graph_1linear.5.bias": {"_type": "histogram", "values": [5.0, 5.0, 2.0, 2.0, 0.0, 0.0, 3.0, 11.0, 12.0, 5.0, 3.0, 0.0, 6.0, 16.0, 2.0, 0.0, 0.0, 0.0, 0.0, 0.0, 0.0, 0.0, 0.0, 0.0, 0.0, 0.0, 0.0, 0.0, 0.0, 0.0, 0.0, 0.0, 0.0, 1.0, 1.0, 9.0, 3.0, 1.0, 1.0, 0.0, 2.0, 1.0, 2.0, 0.0, 0.0, 0.0, 0.0, 0.0, 0.0, 1.0, 0.0, 1.0, 0.0, 0.0, 0.0, 0.0, 0.0, 0.0, 0.0, 0.0, 0.0, 0.0, 0.0, 1.0], "bins": [-1.3239942789077759, -1.26295006275177, -1.2019059658050537, -1.1408617496490479, -1.079817533493042, -1.0187733173370361, -0.957729160785675, -0.896685004234314, -0.8356407880783081, -0.7745965719223022, -0.7135524153709412, -0.6525082588195801, -0.5914640426635742, -0.5304198265075684, -0.4693756699562073, -0.4083315134048462, -0.34728729724884033, -0.2862430810928345, -0.2251988649368286, -0.1641547679901123, -0.10311055183410645, -0.042066335678100586, 0.018977761268615723, 0.08002197742462158, 0.14106619358062744, 0.2021104097366333, 0.26315462589263916, 0.32419872283935547, 0.38524293899536133, 0.4462871551513672, 0.5073312520980835, 0.5683754682540894, 0.6294195652008057, 0.6904637813568115, 0.7515079975128174, 0.8125520944595337, 0.8735963106155396, 0.9346405267715454, 0.9956846237182617, 1.0567288398742676, 1.1177730560302734, 1.1788172721862793, 1.2398614883422852, 1.3009055852890015, 1.3619498014450073, 1.4229940176010132, 1.4840381145477295, 1.5450823307037354, 1.6061265468597412, 1.667170763015747, 1.728214979171753, 1.7892590761184692, 1.850303292274475, 1.911347508430481, 1.9723916053771973, 2.033435821533203, 2.094480037689209, 2.155524253845215, 2.2165684700012207, 2.2776126861572266, 2.3386569023132324, 2.399700880050659, 2.460745096206665, 2.521789312362671, 2.5828335285186768]}, "_timestamp": 1715778744.8766527, "gradients/graph_1linear.5.weight": {"_type": "histogram", "values": [5.0, 5.0, 2.0, 2.0, 2.0, 16.0, 27.0, 39.0, 33.0, 23.0, 51.0, 110.0, 129.0, 114.0, 150.0, 239.0, 197.0, 245.0, 210.0, 204.0, 136.0, 485.0, 13.0, 40.0, 34.0, 54.0, 56.0, 53.0, 66.0, 50.0, 48.0, 62.0, 40.0, 23.0, 15.0, 24.0, 20.0, 8.0, 5.0, 1.0, 7.0, 5.0, 5.0, 5.0, 3.0, 0.0, 0.0, 2.0, 0.0, 1.0, 2.0, 1.0, 2.0, 0.0, 2.0, 0.0, 0.0, 0.0, 0.0, 0.0, 0.0, 0.0, 0.0, 1.0], "bins": [-8.56775188446045, -8.17272663116455, -7.777700901031494, -7.382675647735596, -6.987649917602539, -6.592624664306641, -6.197599411010742, -5.802574157714844, -5.407548427581787, -5.0125226974487305, -4.617497444152832, -4.222472190856934, -3.827446937561035, -3.4324212074279785, -3.03739595413208, -2.6423702239990234, -2.247344970703125, -1.8523197174072266, -1.45729398727417, -1.0622687339782715, -0.6672430038452148, -0.2722177505493164, 0.12280750274658203, 0.5178327560424805, 0.9128580093383789, 1.3078842163085938, 1.7029094696044922, 2.0979347229003906, 2.492959976196289, 2.8879852294921875, 3.2830114364624023, 3.678036689758301, 4.073062896728516, 4.468088150024414, 4.8631134033203125, 5.258139610290527, 5.653164863586426, 6.048190116882324, 6.443215370178223, 6.838240623474121, 7.233266830444336, 7.628292083740234, 8.023317337036133, 8.418342590332031, 8.81336784362793, 9.208393096923828, 9.603418350219727, 9.998444557189941, 10.39346981048584, 10.788495063781738, 11.183521270751953, 11.578546524047852, 11.97357177734375, 12.368597030639648, 12.763622283935547, 13.158647537231445, 13.553672790527344, 13.948698997497559, 14.343724250793457, 14.738749504089355, 15.133774757385254, 15.528800964355469, 15.923826217651367, 16.318851470947266, 16.713876724243164]}, "gradients/graph_1linear.3.bias": {"_type": "histogram", "values": [1.0, 2.0, 0.0, 0.0, 0.0, 1.0, 1.0, 1.0, 0.0, 1.0, 1.0, 2.0, 1.0, 0.0, 3.0, 0.0, 1.0, 1.0, 0.0, 0.0, 0.0, 2.0, 1.0, 1.0, 1.0, 1.0, 1.0, 1.0, 0.0, 0.0, 0.0, 0.0, 1.0, 2.0, 0.0, 1.0, 0.0, 0.0, 0.0, 0.0, 0.0, 0.0, 0.0, 0.0, 0.0, 0.0, 0.0, 0.0, 0.0, 0.0, 0.0, 0.0, 0.0, 0.0, 0.0, 0.0, 0.0, 0.0, 0.0, 0.0, 0.0, 0.0, 0.0, 4.0], "bins": [-13.14586067199707, -12.94045639038086, -12.735052108764648, -12.529648780822754, -12.324244499206543, -12.118840217590332, -11.913435935974121, -11.708032608032227, -11.502628326416016, -11.297224044799805, -11.091819763183594, -10.886415481567383, -10.681011199951172, -10.475607872009277, -10.270203590393066, -10.064799308776855, -9.859395980834961, -9.65399169921875, -9.448587417602539, -9.243183135986328, -9.037778854370117, -8.832374572753906, -8.626971244812012, -8.4215669631958, -8.21616268157959, -8.010759353637695, -7.805354595184326, -7.599950790405273, -7.3945465087890625, -7.18914270401001, -6.983738422393799, -6.778334617614746, -6.572930335998535, -6.367526054382324, -6.1621222496032715, -5.9567179679870605, -5.751314163208008, -5.545909881591797, -5.340506076812744, -5.135101795196533, -4.9296979904174805, -4.7242937088012695, -4.518889427185059, -4.313485622406006, -4.108081340789795, -3.902677297592163, -3.6972732543945312, -3.4918692111968994, -3.2864651679992676, -3.0810611248016357, -2.875657081604004, -2.670253038406372, -2.4648489952087402, -2.2594447135925293, -2.0540406703948975, -1.8486366271972656, -1.6432325839996338, -1.437828540802002, -1.2324244976043701, -1.0270203351974487, -0.8216162919998169, -0.6162122488021851, -0.41080814599990845, -0.20540407299995422, 0.0]}, "gradients/graph_1linear.3.weight": {"_type": "histogram", "values": [1.0, 2.0, 0.0, 0.0, 0.0, 1.0, 1.0, 2.0, 0.0, 3.0, 1.0, 2.0, 2.0, 1.0, 4.0, 0.0, 5.0, 6.0, 2.0, 1.0, 4.0, 5.0, 3.0, 5.0, 4.0, 5.0, 6.0, 5.0, 2.0, 4.0, 2.0, 2.0, 11.0, 4.0, 5.0, 8.0, 8.0, 8.0, 5.0, 2.0, 7.0, 5.0, 9.0, 8.0, 6.0, 10.0, 8.0, 5.0, 9.0, 7.0, 6.0, 3.0, 2.0, 6.0, 1.0, 0.0, 0.0, 3.0, 8.0, 8.0, 8.0, 1.0, 0.0, 772.0], "bins": [-106.45325469970703, -104.78992462158203, -103.1265869140625, -101.4632568359375, -99.7999267578125, -98.1365966796875, -96.47325897216797, -94.80992889404297, -93.14659881591797, -91.48326873779297, -89.81993103027344, -88.15660095214844, -86.49327087402344, -84.82994079589844, -83.1666030883789, -81.5032730102539, -79.8399429321289, -78.17660522460938, -76.51327514648438, -74.84994506835938, -73.18661499023438, -71.52328491210938, -69.85994720458984, -68.19661712646484, -66.53327941894531, -64.86994934082031, -63.20661926269531, -61.54328918457031, -59.87995529174805, -58.21662521362305, -56.55329132080078, -54.88996124267578, -53.226627349853516, -51.56329345703125, -49.89996337890625, -48.236629486083984, -46.573299407958984, -44.90996551513672, -43.24663543701172, -41.58330154418945, -39.91997146606445, -38.25663757324219, -36.59330749511719, -34.92997360229492, -33.26664352416992, -31.603309631347656, -29.939977645874023, -28.27664566040039, -26.613313674926758, -24.949981689453125, -23.286649703979492, -21.62331771850586, -19.959985733032227, -18.296653747558594, -16.63332176208496, -14.969988822937012, -13.306656837463379, -11.643324851989746, -9.979992866516113, -8.31666088104248, -6.6533284187316895, -4.989996433258057, -3.3266642093658447, -1.6633321046829224, 0.0]}, "gradients/graph_1linear.0.bias": {"_type": "histogram", "values": [1.0, 0.0, 0.0, 1.0, 0.0, 0.0, 0.0, 1.0, 0.0, 0.0, 0.0, 0.0, 0.0, 0.0, 0.0, 0.0, 0.0, 0.0, 0.0, 1.0, 0.0, 0.0, 0.0, 0.0, 0.0, 0.0, 0.0, 1.0, 0.0, 1.0, 0.0, 0.0, 0.0, 0.0, 0.0, 0.0, 1.0, 0.0, 0.0, 0.0, 1.0, 0.0, 0.0, 0.0, 0.0, 0.0, 0.0, 1.0, 0.0, 0.0, 0.0, 0.0, 0.0, 0.0, 0.0, 0.0, 0.0, 0.0, 0.0, 0.0, 0.0, 0.0, 0.0, 23.0],