{"gradients/graph_9linear.5.bias": {"_type": "histogram", "values": [1.0, 1.0, 5.0, 0.0, 1.0, 0.0, 0.0, 0.0, 0.0, 0.0, 0.0, 0.0, 0.0, 0.0, 0.0, 1.0, 0.0, 5.0, 5.0, 6.0, 6.0, 2.0, 1.0, 4.0, 8.0, 12.0, 3.0, 2.0, 0.0, 1.0, 0.0, 0.0, 0.0, 1.0, 0.0, 0.0, 0.0, 0.0, 0.0, 0.0, 0.0, 0.0, 2.0, 2.0, 3.0, 4.0, 2.0, 2.0, 0.0, 0.0, 0.0, 0.0, 0.0, 0.0, 0.0, 0.0, 1.0, 0.0, 0.0, 1.0, 3.0, 6.0, 2.0, 3.0], "bins": [-0.8225507736206055, -0.7971963882446289, -0.7718420028686523, -0.7464876174926758, -0.7211332321166992, -0.6957788467407227, -0.6704244613647461, -0.6450700759887695, -0.619715690612793, -0.5943613052368164, -0.5690069198608398, -0.5436525344848633, -0.5182982087135315, -0.49294382333755493, -0.46758943796157837, -0.4422350525856018, -0.41688066720962524, -0.3915262818336487, -0.3661718964576721, -0.34081751108169556, -0.315463125705719, -0.29010874032974243, -0.26475435495376587, -0.2393999695777893, -0.21404564380645752, -0.18869125843048096, -0.1633368730545044, -0.13798248767852783, -0.11262810230255127, -0.08727371692657471, -0.061919331550598145, -0.03656494617462158, -0.01121056079864502, 0.014143824577331543, 0.039498209953308105, 0.06485259532928467, 0.09020698070526123, 0.11556136608123779, 0.14091575145721436, 0.16627013683319092, 0.19162452220916748, 0.21697884798049927, 0.24233323335647583, 0.2676876187324524, 0.29304200410842896, 0.3183963894844055, 0.3437507748603821, 0.36910516023635864, 0.3944595456123352, 0.41981393098831177, 0.44516831636428833, 0.4705227017402649, 0.49587708711624146, 0.5212314128875732, 0.5465857982635498, 0.5719401836395264, 0.5972945690155029, 0.6226489543914795, 0.648003339767456, 0.6733577251434326, 0.6987121105194092, 0.7240664958953857, 0.7494208812713623, 0.7747752666473389, 0.8001296520233154]}, "_timestamp": 1715866688.9583466, "gradients/graph_9linear.5.weight": {"_type": "histogram", "values": [1.0, 1.0, 5.0, 0.0, 1.0, 0.0, 0.0, 3.0, 4.0, 15.0, 8.0, 20.0, 20.0, 20.0, 21.0, 22.0, 23.0, 26.0, 35.0, 49.0, 54.0, 61.0, 88.0, 120.0, 177.0, 226.0, 333.0, 475.0, 481.0, 633.0, 515.0, 367.0, 456.0, 79.0, 143.0, 105.0, 119.0, 219.0, 180.0, 143.0, 109.0, 71.0, 92.0, 74.0, 86.0, 72.0, 50.0, 54.0, 47.0, 43.0, 39.0, 42.0, 35.0, 23.0, 28.0, 9.0, 7.0, 0.0, 0.0, 1.0, 3.0, 6.0, 2.0, 3.0], "bins": [-9.799901008605957, -9.497827529907227, -9.195755004882812, -8.893681526184082, -8.591609001159668, -8.289535522460938, -7.987462520599365, -7.685389518737793, -7.383316516876221, -7.081243515014648, -6.779170513153076, -6.477097511291504, -6.175024032592773, -5.872951507568359, -5.570878028869629, -5.268805027008057, -4.966732025146484, -4.664659023284912, -4.36258602142334, -4.060513019561768, -3.7584400177001953, -3.456366539001465, -3.1542935371398926, -2.8522205352783203, -2.550147533416748, -2.248074531555176, -1.9460015296936035, -1.6439285278320312, -1.3418550491333008, -1.0397825241088867, -0.7377090454101562, -0.4356365203857422, -0.13356304168701172, 0.16851043701171875, 0.4705829620361328, 0.7726564407348633, 1.0747289657592773, 1.3768024444580078, 1.67887544631958, 1.9809484481811523, 2.2830214500427246, 2.585094451904297, 2.887167453765869, 3.1892404556274414, 3.491313934326172, 3.793386936187744, 4.095459938049316, 4.397532939910889, 4.699605941772461, 5.001678943634033, 5.3037519454956055, 5.605825424194336, 5.90789794921875, 6.2099714279174805, 6.512044429779053, 6.814117431640625, 7.116190433502197, 7.4182634353637695, 7.720336437225342, 8.022409439086914, 8.324482917785645, 8.626555442810059, 8.928628921508789, 9.230701446533203, 9.532774925231934]}, "gradients/graph_9linear.3.bias": {"_type": "histogram", "values": [1.0, 0.0, 0.0, 0.0, 1.0, 0.0, 0.0, 0.0, 0.0, 1.0, 1.0, 0.0, 2.0, 0.0, 0.0, 0.0, 1.0, 0.0, 3.0, 1.0, 1.0, 1.0, 2.0, 0.0, 3.0, 1.0, 5.0, 2.0, 4.0, 3.0, 1.0, 0.0, 1.0, 4.0, 2.0, 4.0, 3.0, 3.0, 2.0, 0.0, 1.0, 2.0, 1.0, 0.0, 0.0, 2.0, 1.0, 1.0, 0.0, 0.0, 0.0, 0.0, 0.0, 1.0, 0.0, 0.0, 1.0, 0.0, 0.0, 0.0, 0.0, 0.0, 0.0, 1.0], "bins": [-1.198340654373169, -1.1538962125778198, -1.1094516515731812, -1.065007209777832, -1.0205626487731934, -0.9761182069778442, -0.9316737055778503, -0.8872292041778564, -0.8427847027778625, -0.7983402013778687, -0.7538956999778748, -0.7094511985778809, -0.6650067567825317, -0.6205622553825378, -0.576117753982544, -0.53167325258255, -0.48722875118255615, -0.44278424978256226, -0.39833974838256836, -0.35389524698257446, -0.30945074558258057, -0.26500630378723145, -0.22056180238723755, -0.17611730098724365, -0.13167285919189453, -0.08722829818725586, -0.04278385639190674, 0.0016607046127319336, 0.046105146408081055, 0.09054970741271973, 0.13499414920806885, 0.17943871021270752, 0.2238830327987671, 0.2683274745941162, 0.3127720355987549, 0.357216477394104, 0.4016610383987427, 0.4461054801940918, 0.49055004119873047, 0.5349944829940796, 0.5794390439987183, 0.6238834857940674, 0.6683279871940613, 0.7127724885940552, 0.7572169303894043, 0.8016614317893982, 0.8461059331893921, 0.890550434589386, 0.9349949359893799, 0.9794394373893738, 1.0238839387893677, 1.0683283805847168, 1.1127729415893555, 1.1572173833847046, 1.2016618251800537, 1.2461063861846924, 1.290550947189331, 1.3349953889846802, 1.3794398307800293, 1.423884391784668, 1.468328833580017, 1.5127733945846558, 1.5572178363800049, 1.6016623973846436, 1.6461068391799927]}, "gradients/graph_9linear.3.weight": {"_type": "histogram", "values": [3.0, 0.0, 0.0, 1.0, 3.0, 0.0, 0.0, 1.0, 0.0, 4.0, 3.0, 1.0, 9.0, 1.0, 2.0, 1.0, 5.0, 5.0, 10.0, 10.0, 6.0, 11.0, 19.0, 8.0, 26.0, 25.0, 3508.0, 123.0, 50.0, 37.0, 29.0, 18.0, 19.0, 29.0, 14.0, 22.0, 20.0, 10.0, 8.0, 7.0, 5.0, 6.0, 4.0, 5.0, 0.0, 8.0, 3.0, 3.0, 1.0, 1.0, 1.0, 0.0, 3.0, 1.0, 0.0, 1.0, 2.0, 0.0, 1.0, 0.0, 0.0, 0.0, 0.0, 3.0], "bins": [-17.631145477294922, -16.977235794067383, -16.32332420349121, -15.669414520263672, -15.015504837036133, -14.361594200134277, -13.707683563232422, -13.053773880004883, -12.399863243103027, -11.745952606201172, -11.092042922973633, -10.438132286071777, -9.784221649169922, -9.130311965942383, -8.476401329040527, -7.822491645812988, -7.168581008911133, -6.514670372009277, -5.860760688781738, -5.206850051879883, -4.552940368652344, -3.8990297317504883, -3.245119094848633, -2.5912094116210938, -1.9372987747192383, -1.2833881378173828, -0.6294784545898438, 0.024431228637695312, 0.6783428192138672, 1.3322525024414062, 1.9861621856689453, 2.640073776245117, 3.293985366821289, 3.947895050048828, 4.601806640625, 5.255716323852539, 5.909626007080078, 6.56353759765625, 7.217447280883789, 7.871356964111328, 8.525267601013184, 9.179178237915039, 9.833087921142578, 10.486998558044434, 11.140909194946289, 11.794818878173828, 12.448729515075684, 13.102639198303223, 13.756549835205078, 14.410460472106934, 15.064370155334473, 15.718280792236328, 16.372190475463867, 17.026100158691406, 17.680011749267578, 18.333921432495117, 18.987831115722656, 19.641742706298828, 20.295652389526367, 20.949562072753906, 21.603473663330078, 22.257383346557617, 22.911293029785156, 23.565204620361328, 24.219114303588867]}, "gradients/graph_9linear.0.bias": {"_type": "histogram", "values": [1.0, 0.0, 0.0, 0.0, 0.0, 1.0, 0.0, 0.0, 0.0, 0.0, 0.0, 1.0, 0.0, 53.0, 0.0, 0.0, 0.0, 0.0, 0.0, 0.0, 0.0, 0.0, 1.0, 1.0, 0.0, 0.0, 0.0, 0.0, 0.0, 0.0, 0.0, 0.0, 0.0, 0.0, 0.0, 0.0, 0.0, 1.0, 0.0, 0.0, 0.0, 0.0, 0.0, 1.0, 0.0, 0.0, 0.0, 0.0, 0.0, 0.0, 0.0, 0.0, 0.0, 0.0, 0.0, 0.0, 0.0, 0.0, 0.0, 1.0, 0.0, 0.0, 1.0, 2.0],