{"gradients/graph_24linear.5.bias": {"_type": "histogram", "values": [3.0, 0.0, 0.0, 1.0, 0.0, 0.0, 0.0, 0.0, 0.0, 0.0, 0.0, 0.0, 0.0, 0.0, 0.0, 0.0, 0.0, 0.0, 2.0, 5.0, 3.0, 12.0, 4.0, 1.0, 3.0, 1.0, 1.0, 1.0, 1.0, 2.0, 25.0, 2.0, 1.0, 0.0, 0.0, 0.0, 0.0, 0.0, 0.0, 0.0, 0.0, 0.0, 9.0, 5.0, 1.0, 0.0, 5.0, 0.0, 0.0, 0.0, 0.0, 0.0, 0.0, 0.0, 0.0, 0.0, 0.0, 0.0, 0.0, 1.0, 0.0, 4.0, 0.0, 3.0], "bins": [-0.8432416915893555, -0.8173419237136841, -0.7914420962333679, -0.7655423283576965, -0.7396425008773804, -0.713742733001709, -0.6878429055213928, -0.6619431376457214, -0.6360433101654053, -0.6101435422897339, -0.5842437744140625, -0.5583439469337463, -0.5324441194534302, -0.5065443515777588, -0.480644553899765, -0.45474475622177124, -0.42884495854377747, -0.4029451608657837, -0.3770453631877899, -0.35114556550979614, -0.32524579763412476, -0.2993459701538086, -0.2734462022781372, -0.24754637479782104, -0.22164660692214966, -0.1957467794418335, -0.1698470115661621, -0.14394718408584595, -0.11804741621017456, -0.0921475887298584, -0.06624782085418701, -0.04034799337387085, -0.014448225498199463, 0.011451542377471924, 0.037351369857788086, 0.06325113773345947, 0.08915096521377563, 0.11505073308944702, 0.14095056056976318, 0.16685032844543457, 0.19275015592575073, 0.21864992380142212, 0.24454975128173828, 0.27044951915740967, 0.29634934663772583, 0.3222491145133972, 0.348148912191391, 0.37404870986938477, 0.39994850754737854, 0.4258483052253723, 0.4517481029033661, 0.47764790058135986, 0.5035476684570312, 0.5294474959373474, 0.5553473234176636, 0.581247091293335, 0.6071468591690063, 0.6330466866493225, 0.6589464545249939, 0.6848462820053101, 0.7107460498809814, 0.7366458773612976, 0.762545645236969, 0.7884454727172852, 0.8143452405929565]}, "_timestamp": 1715853129.727082, "gradients/graph_24linear.5.weight": {"_type": "histogram", "values": [3.0, 0.0, 0.0, 1.0, 0.0, 0.0, 0.0, 0.0, 0.0, 0.0, 0.0, 0.0, 0.0, 0.0, 0.0, 0.0, 0.0, 0.0, 2.0, 5.0, 3.0, 12.0, 4.0, 1.0, 3.0, 1.0, 1.0, 1.0, 1.0, 2.0, 25.0, 2.0, 12193.0, 0.0, 0.0, 0.0, 0.0, 0.0, 0.0, 0.0, 0.0, 0.0, 9.0, 5.0, 1.0, 0.0, 5.0, 0.0, 0.0, 0.0, 0.0, 0.0, 0.0, 0.0, 0.0, 0.0, 0.0, 0.0, 0.0, 1.0, 0.0, 4.0, 0.0, 3.0], "bins": [-90.44149017333984, -87.66361999511719, -84.88574981689453, -82.10787963867188, -79.33000946044922, -76.55213928222656, -73.7742691040039, -70.99639892578125, -68.2185287475586, -65.44065856933594, -62.66278839111328, -59.884918212890625, -57.10704803466797, -54.32917785644531, -51.551307678222656, -48.7734375, -45.995567321777344, -43.21769714355469, -40.43982696533203, -37.661956787109375, -34.88408660888672, -32.10621643066406, -29.328346252441406, -26.55047607421875, -23.772605895996094, -20.994735717773438, -18.21686553955078, -15.438995361328125, -12.661125183105469, -9.883255004882812, -7.105384826660156, -4.3275146484375, -1.5496368408203125, 1.2282333374023438, 4.006103515625, 6.783973693847656, 9.561843872070312, 12.339714050292969, 15.117584228515625, 17.89545440673828, 20.673324584960938, 23.451194763183594, 26.22906494140625, 29.006935119628906, 31.784805297851562, 34.56267547607422, 37.340545654296875, 40.11841583251953, 42.89628601074219, 45.674156188964844, 48.4520263671875, 51.229896545410156, 54.00776672363281, 56.78563690185547, 59.563507080078125, 62.34137725830078, 65.11924743652344, 67.8971176147461, 70.67498779296875, 73.4528579711914, 76.23072814941406, 79.00859832763672, 81.78646850585938, 84.56433868408203, 87.34220886230469]}, "gradients/graph_24linear.3.bias": {"_type": "histogram", "values": [1.0, 0.0, 0.0, 0.0, 0.0, 0.0, 0.0, 0.0, 0.0, 0.0, 0.0, 0.0, 0.0, 0.0, 0.0, 0.0, 0.0, 0.0, 0.0, 0.0, 0.0, 0.0, 0.0, 0.0, 0.0, 0.0, 0.0, 0.0, 0.0, 0.0, 0.0, 0.0, 0.0, 0.0, 0.0, 0.0, 0.0, 0.0, 0.0, 0.0, 0.0, 0.0, 0.0, 0.0, 0.0, 0.0, 0.0, 0.0, 0.0, 0.0, 126.0, 0.0, 0.0, 0.0, 0.0, 0.0, 0.0, 0.0, 0.0, 0.0, 0.0, 0.0, 0.0, 1.0], "bins": [-1.9615206718444824, -1.9228057861328125, -1.884090781211853, -1.845375895500183, -1.8066610097885132, -1.7679461240768433, -1.7292311191558838, -1.6905162334442139, -1.651801347732544, -1.613086462020874, -1.5743714570999146, -1.5356565713882446, -1.4969415664672852, -1.4582266807556152, -1.4195117950439453, -1.3807969093322754, -1.3420820236206055, -1.303367018699646, -1.264652132987976, -1.2259371280670166, -1.1872222423553467, -1.1485073566436768, -1.1097924709320068, -1.071077585220337, -1.0323625802993774, -0.9936476945877075, -0.9549328088760376, -0.9162178039550781, -0.8775029182434082, -0.8387880325317383, -0.8000731468200684, -0.7613581418991089, -0.722643256187439, -0.683928370475769, -0.6452133655548096, -0.6064984798431396, -0.5677835941314697, -0.5290687084197998, -0.49035370349884033, -0.4516388177871704, -0.4129239320755005, -0.3742089867591858, -0.3354940414428711, -0.29677915573120117, -0.2580642104148865, -0.21934932470321655, -0.18063437938690186, -0.14191949367523193, -0.10320454835891724, -0.06448960304260254, -0.025774717330932617, 0.01294022798538208, 0.051655113697052, 0.0903700590133667, 0.129084974527359, 0.16779989004135132, 0.20651480555534363, 0.24522972106933594, 0.28394463658332825, 0.32265955209732056, 0.36137449741363525, 0.4000893831253052, 0.4388043284416199, 0.4775192439556122, 0.5162341594696045]}, "gradients/graph_24linear.3.weight": {"_type": "histogram", "values": [1.0, 0.0, 0.0, 0.0, 0.0, 0.0, 0.0, 0.0, 0.0, 0.0, 1.0, 0.0, 0.0, 0.0, 0.0, 0.0, 1.0, 0.0, 1.0, 1.0, 0.0, 1.0, 1.0, 0.0, 1.0, 1.0, 0.0, 2.0, 2.0, 0.0, 0.0, 2.0, 0.0, 1.0, 0.0, 2.0, 1.0, 1.0, 1.0, 2.0, 3.0, 1.0, 0.0, 1.0, 0.0, 3.0, 2.0, 0.0, 2.0, 3.0, 16310.0, 7.0, 2.0, 7.0, 4.0, 3.0, 4.0, 2.0, 3.0, 2.0, 0.0, 1.0, 0.0, 1.0], "bins": [-68.33002471923828, -66.98138427734375, -65.63273620605469, -64.28409576416016, -62.93545150756836, -61.58680725097656, -60.23816680908203, -58.889522552490234, -57.54087829589844, -56.192237854003906, -54.84359359741211, -53.49494934082031, -52.14630889892578, -50.79766082763672, -49.44902038574219, -48.10037612915039, -46.751731872558594, -45.40309143066406, -44.054447174072266, -42.70580291748047, -41.35716247558594, -40.00851821899414, -38.659873962402344, -37.31123352050781, -35.962589263916016, -34.61394500732422, -33.26530075073242, -31.91666030883789, -30.568016052246094, -29.219371795654297, -27.8707275390625, -26.52208709716797, -25.173444747924805, -23.824800491333008, -22.476160049438477, -21.12751579284668, -19.778871536254883, -18.430227279663086, -17.081586837768555, -15.732942581176758, -14.384298324584961, -13.035655975341797, -11.687013626098633, -10.338369369506836, -8.989727020263672, -7.641082763671875, -6.292440414428711, -4.943796157836914, -3.59515380859375, -2.246511459350586, -0.8978672027587891, 0.450775146484375, 1.7994194030761719, 3.148061752319336, 4.496705055236816, 5.845348358154297, 7.193991661071777, 8.542634963989258, 9.891278266906738, 11.239921569824219, 12.588563919067383, 13.93720817565918, 15.285850524902344, 16.63449478149414, 17.983137130737305]}, "gradients/graph_24linear.0.bias": {"_type": "histogram", "values": [1.0, 0.0, 0.0, 0.0, 0.0, 0.0, 0.0, 0.0, 0.0, 0.0, 0.0, 0.0, 0.0, 0.0, 0.0, 1.0, 0.0, 0.0, 0.0, 0.0, 0.0, 0.0, 0.0, 0.0, 1.0, 1.0, 1.0, 1.0, 0.0, 1.0, 4.0, 0.0, 1.0, 3.0, 2.0, 0.0, 1.0, 1.0, 2.0, 0.0, 0.0, 3.0, 1.0, 1.0, 0.0, 1.0, 3.0, 0.0, 1.0, 2.0, 0.0, 1.0, 1.0, 0.0, 90.0, 0.0, 0.0, 0.0, 0.0, 1.0, 1.0, 0.0, 0.0, 1.0],