{"gradients/graph_21linear.5.bias": {"_type": "histogram", "values": [3.0, 1.0, 0.0, 0.0, 0.0, 0.0, 0.0, 0.0, 0.0, 0.0, 0.0, 0.0, 0.0, 0.0, 0.0, 0.0, 0.0, 0.0, 0.0, 0.0, 2.0, 7.0, 10.0, 5.0, 2.0, 3.0, 1.0, 0.0, 1.0, 25.0, 1.0, 0.0, 2.0, 2.0, 0.0, 2.0, 1.0, 0.0, 1.0, 6.0, 2.0, 4.0, 2.0, 3.0, 2.0, 0.0, 0.0, 0.0, 0.0, 0.0, 0.0, 0.0, 0.0, 0.0, 0.0, 0.0, 0.0, 0.0, 0.0, 0.0, 0.0, 4.0, 2.0, 2.0], "bins": [-0.8609015941619873, -0.8346847891807556, -0.8084679841995239, -0.7822511792182922, -0.7560343742370605, -0.7298175692558289, -0.7036007642745972, -0.6773840188980103, -0.6511671543121338, -0.6249504089355469, -0.5987335443496704, -0.5725167989730835, -0.5462999939918518, -0.5200831890106201, -0.4938663840293884, -0.46764957904815674, -0.44143277406692505, -0.41521596908569336, -0.38899916410446167, -0.36278235912323, -0.3365655541419983, -0.3103487491607666, -0.2841319441795349, -0.2579151391983032, -0.2316983938217163, -0.20548158884048462, -0.17926478385925293, -0.15304797887802124, -0.12683117389678955, -0.10061436891555786, -0.07439756393432617, -0.04818075895309448, -0.021963953971862793, 0.0042528510093688965, 0.030469655990600586, 0.056686460971832275, 0.08290326595306396, 0.10912007093429565, 0.13533687591552734, 0.16155368089675903, 0.18777048587799072, 0.21398723125457764, 0.24020403623580933, 0.266420841217041, 0.2926376461982727, 0.3188544511795044, 0.3450712561607361, 0.3712880611419678, 0.39750486612319946, 0.42372167110443115, 0.44993847608566284, 0.47615528106689453, 0.5023720860481262, 0.5285888910293579, 0.5548056364059448, 0.5810225009918213, 0.6072392463684082, 0.6334561109542847, 0.6596728563308716, 0.6858896613121033, 0.712106466293335, 0.7383232712745667, 0.7645400762557983, 0.79075688123703, 0.8169736862182617]}, "_timestamp": 1715852258.6878405, "gradients/graph_21linear.5.weight": {"_type": "histogram", "values": [3.0, 1.0, 0.0, 0.0, 0.0, 0.0, 0.0, 0.0, 0.0, 0.0, 0.0, 3.0, 1.0, 2.0, 2.0, 0.0, 0.0, 0.0, 0.0, 0.0, 2.0, 7.0, 12.0, 7.0, 4.0, 18.0, 29.0, 11.0, 9.0, 52.0, 78.0, 69.0, 2540.0, 57.0, 35.0, 24.0, 13.0, 13.0, 10.0, 20.0, 7.0, 9.0, 5.0, 3.0, 2.0, 0.0, 0.0, 0.0, 0.0, 4.0, 3.0, 5.0, 3.0, 1.0, 0.0, 0.0, 0.0, 0.0, 0.0, 0.0, 0.0, 4.0, 2.0, 2.0], "bins": [-15.561025619506836, -15.087149620056152, -14.613274574279785, -14.139398574829102, -13.665523529052734, -13.19164752960205, -12.717771530151367, -12.243896484375, -11.770020484924316, -11.296144485473633, -10.822269439697266, -10.348393440246582, -9.874517440795898, -9.400642395019531, -8.926766395568848, -8.452890396118164, -7.979015350341797, -7.505139350891113, -7.031264305114746, -6.5573883056640625, -6.083513259887695, -5.609637260437012, -5.135761260986328, -4.661886215209961, -4.188010215759277, -3.7141342163085938, -3.2402591705322266, -2.766383171081543, -2.2925071716308594, -1.8186321258544922, -1.3447561264038086, -0.8708810806274414, -0.3970041275024414, 0.07687187194824219, 0.5507469177246094, 1.024622917175293, 1.4984979629516602, 1.9723739624023438, 2.4462499618530273, 2.9201250076293945, 3.394001007080078, 3.8678770065307617, 4.341752052307129, 4.8156280517578125, 5.289504051208496, 5.763379096984863, 6.237255096435547, 6.711130142211914, 7.185006141662598, 7.658881664276123, 8.132757186889648, 8.606633186340332, 9.080509185791016, 9.554384231567383, 10.028260231018066, 10.50213623046875, 10.976011276245117, 11.449886322021484, 11.923762321472168, 12.397638320922852, 12.871513366699219, 13.345389366149902, 13.819265365600586, 14.293140411376953, 14.767016410827637]}, "gradients/graph_21linear.3.bias": {"_type": "histogram", "values": [1.0, 0.0, 0.0, 0.0, 0.0, 0.0, 0.0, 0.0, 0.0, 0.0, 0.0, 0.0, 0.0, 0.0, 0.0, 0.0, 0.0, 0.0, 0.0, 0.0, 0.0, 0.0, 0.0, 0.0, 0.0, 0.0, 0.0, 0.0, 0.0, 0.0, 0.0, 0.0, 0.0, 0.0, 1.0, 1.0, 0.0, 0.0, 0.0, 1.0, 0.0, 0.0, 0.0, 0.0, 0.0, 0.0, 0.0, 25.0, 0.0, 0.0, 0.0, 1.0, 0.0, 0.0, 0.0, 0.0, 0.0, 0.0, 0.0, 0.0, 0.0, 1.0, 0.0, 1.0], "bins": [-6.885347843170166, -6.739264965057373, -6.59318208694458, -6.447099208831787, -6.301015853881836, -6.154932975769043, -6.00885009765625, -5.862767219543457, -5.716684341430664, -5.570601463317871, -5.424518585205078, -5.278435707092285, -5.132352828979492, -4.986269950866699, -4.840186595916748, -4.694103717803955, -4.548020839691162, -4.401937961578369, -4.255855083465576, -4.109771728515625, -3.963689088821411, -3.817606210708618, -3.671523094177246, -3.525440216064453, -3.37935733795166, -3.233274459838867, -3.087191581726074, -2.941108465194702, -2.79502534866333, -2.648942470550537, -2.502859592437744, -2.356776714324951, -2.2106943130493164, -2.0646114349365234, -1.9185285568237305, -1.7724456787109375, -1.6263628005981445, -1.4802796840667725, -1.3341965675354004, -1.1881136894226074, -1.0420308113098145, -0.8959479331970215, -0.7498650550842285, -0.6037819385528564, -0.4576990604400635, -0.3116161823272705, -0.16553306579589844, -0.01945018768310547, 0.1266326904296875, 0.27271556854248047, 0.41879844665527344, 0.5648815631866455, 0.7109644412994385, 0.8570473194122314, 1.003130316734314, 1.1492133140563965, 1.2952961921691895, 1.4413790702819824, 1.587462067604065, 1.7335450649261475, 1.8796279430389404, 2.0257108211517334, 2.1717939376831055, 2.3178768157958984, 2.4639596939086914]}, "gradients/graph_21linear.3.weight": {"_type": "histogram", "values": [1.0, 0.0, 0.0, 0.0, 0.0, 0.0, 0.0, 0.0, 0.0, 0.0, 0.0, 1.0, 0.0, 0.0, 0.0, 0.0, 1.0, 0.0, 0.0, 1.0, 0.0, 0.0, 0.0, 0.0, 0.0, 0.0, 0.0, 1.0, 0.0, 0.0, 1.0, 0.0, 1.0, 0.0, 1.0, 1.0, 0.0, 1.0, 1.0, 5.0, 1.0, 2.0, 5.0, 6.0, 2.0, 5.0, 11.0, 947.0, 9.0, 4.0, 1.0, 2.0, 3.0, 1.0, 1.0, 1.0, 1.0, 1.0, 2.0, 1.0, 0.0, 1.0, 0.0, 1.0], "bins": [-102.19917297363281, -100.03086853027344, -97.86255645751953, -95.69425201416016, -93.52593994140625, -91.35763549804688, -89.18932342529297, -87.0210189819336, -84.85270690917969, -82.68440246582031, -80.5160903930664, -78.34778594970703, -76.17947387695312, -74.01116943359375, -71.84286499023438, -69.67455291748047, -67.50624084472656, -65.33793640136719, -63.16962814331055, -61.001319885253906, -58.833011627197266, -56.664703369140625, -54.496395111083984, -52.328086853027344, -50.15978240966797, -47.99147415161133, -45.82316589355469, -43.65485763549805, -41.486549377441406, -39.318241119384766, -37.149932861328125, -34.98162078857422, -32.81332015991211, -30.645015716552734, -28.476703643798828, -26.308395385742188, -24.140087127685547, -21.971778869628906, -19.803470611572266, -17.635162353515625, -15.466854095458984, -13.29854965209961, -11.130241394042969, -8.961933135986328, -6.7936248779296875, -4.625316619873047, -2.4570083618164062, -0.2887001037597656, 1.879608154296875, 4.047916412353516, 6.216224670410156, 8.384532928466797, 10.552841186523438, 12.721147537231445, 14.889455795288086, 17.057764053344727, 19.226072311401367, 21.394380569458008, 23.56268882751465, 25.730995178222656, 27.899303436279297, 30.067611694335938, 32.23591995239258, 34.40422821044922, 36.57253646850586]}, "gradients/graph_21linear.0.bias": {"_type": "histogram", "values": [1.0, 0.0, 0.0, 0.0, 0.0, 0.0, 0.0, 0.0, 0.0, 1.0, 0.0, 0.0, 0.0, 0.0, 0.0, 0.0, 0.0, 2.0, 0.0, 0.0, 0.0, 0.0, 0.0, 0.0, 0.0, 0.0, 1.0, 1.0, 0.0, 0.0, 2.0, 0.0, 0.0, 0.0, 1.0, 0.0, 0.0, 1.0, 20.0, 0.0, 0.0, 0.0, 0.0, 0.0, 0.0, 0.0, 0.0, 0.0, 0.0, 0.0, 0.0, 0.0, 0.0, 0.0, 0.0, 0.0, 0.0, 0.0, 0.0, 0.0, 0.0, 1.0, 0.0, 1.0],