{"Linear loss": 269.9246826171875, "_timestamp": 1715777119.0271711, "_runtime": 70.72356915473938, "_step": 3659, "gradients/graph_3linear.5.bias": {"_type": "histogram", "values": [3.0, 3.0, 1.0, 2.0, 2.0, 1.0, 1.0, 0.0, 0.0, 1.0, 1.0, 1.0, 4.0, 11.0, 7.0, 8.0, 4.0, 12.0, 21.0, 3.0, 1.0, 0.0, 0.0, 0.0, 1.0, 0.0, 1.0, 2.0, 0.0, 1.0, 1.0, 0.0, 0.0, 0.0, 0.0, 0.0, 0.0, 0.0, 0.0, 0.0, 0.0, 0.0, 2.0, 0.0, 0.0, 0.0, 0.0, 0.0, 0.0, 0.0, 0.0, 0.0, 0.0, 0.0, 0.0, 0.0, 0.0, 0.0, 0.0, 0.0, 0.0, 0.0, 0.0, 1.0], "bins": [-0.6543233394622803, -0.6165689826011658, -0.5788146257400513, -0.5410602688789368, -0.5033059120178223, -0.4655515253543854, -0.4277971386909485, -0.390042781829834, -0.3522884249687195, -0.314534068107605, -0.2767797112464905, -0.2390253245830536, -0.2012709677219391, -0.16351661086082458, -0.1257622241973877, -0.0880078673362732, -0.05025351047515869, -0.01249915361404419, 0.025255203247070312, 0.06300956010818481, 0.10076391696929932, 0.1385183334350586, 0.1762726902961731, 0.2140270471572876, 0.2517814040184021, 0.2895357608795166, 0.3272901177406311, 0.3650444746017456, 0.4027988910675049, 0.4405531883239746, 0.4783076047897339, 0.5160619020462036, 0.5538163185119629, 0.5915707349777222, 0.6293250322341919, 0.6670794486999512, 0.7048337459564209, 0.7425881624221802, 0.7803425192832947, 0.8180968761444092, 0.8558512330055237, 0.8936055898666382, 0.9313599467277527, 0.9691143035888672, 1.0068687200546265, 1.0446231365203857, 1.0823774337768555, 1.1201317310333252, 1.1578861474990845, 1.1956405639648438, 1.2333948612213135, 1.2711492776870728, 1.3089035749435425, 1.3466579914093018, 1.3844122886657715, 1.4221667051315308, 1.45992112159729, 1.4976754188537598, 1.535429835319519, 1.5731841325759888, 1.610938549041748, 1.6486928462982178, 1.686447262763977, 1.7242015600204468, 1.761955976486206]}, "gradients/graph_3linear.5.weight": {"_type": "histogram", "values": [5.0, 9.0, 18.0, 32.0, 56.0, 77.0, 72.0, 93.0, 79.0, 70.0, 80.0, 96.0, 121.0, 201.0, 545.0, 626.0, 752.0, 2000.0, 602.0, 88.0, 43.0, 46.0, 56.0, 46.0, 56.0, 45.0, 34.0, 30.0, 17.0, 9.0, 6.0, 11.0, 8.0, 7.0, 7.0, 16.0, 14.0, 10.0, 8.0, 6.0, 2.0, 4.0, 2.0, 4.0, 2.0, 2.0, 0.0, 2.0, 2.0, 2.0, 2.0, 6.0, 2.0, 3.0, 3.0, 1.0, 2.0, 1.0, 2.0, 0.0, 1.0, 1.0, 0.0, 1.0], "bins": [-6.57488489151001, -6.195515155792236, -5.816144943237305, -5.436775207519531, -5.0574049949646, -4.678035259246826, -4.2986650466918945, -3.919295310974121, -3.5399253368377686, -3.160555362701416, -2.7811853885650635, -2.401815414428711, -2.0224456787109375, -1.6430754661560059, -1.2637057304382324, -0.8843355178833008, -0.5049657821655273, -0.1255960464477539, 0.25377416610717773, 0.6331439018249512, 1.0125141143798828, 1.3918838500976562, 1.771254062652588, 2.1506237983703613, 2.5299935340881348, 2.909363269805908, 3.288733959197998, 3.6681036949157715, 4.047473430633545, 4.426843166351318, 4.806213855743408, 5.185583591461182, 5.564953804016113, 5.944323539733887, 6.32369327545166, 6.70306396484375, 7.082433700561523, 7.461803436279297, 7.84117317199707, 8.22054386138916, 8.599913597106934, 8.979283332824707, 9.35865306854248, 9.73802375793457, 10.117393493652344, 10.496763229370117, 10.87613296508789, 11.255502700805664, 11.634872436523438, 12.014242172241211, 12.3936128616333, 12.772982597351074, 13.152353286743164, 13.531723022460938, 13.911092758178711, 14.290462493896484, 14.669832229614258, 15.049201965332031, 15.428572654724121, 15.807942390441895, 16.187313079833984, 16.566682815551758, 16.94605255126953, 17.325422286987305, 17.704792022705078]}, "gradients/graph_3linear.3.bias": {"_type": "histogram", "values": [1.0, 0.0, 0.0, 1.0, 1.0, 0.0, 2.0, 0.0, 1.0, 1.0, 0.0, 4.0, 2.0, 1.0, 2.0, 3.0, 0.0, 2.0, 5.0, 4.0, 0.0, 3.0, 3.0, 5.0, 3.0, 0.0, 0.0, 2.0, 2.0, 1.0, 0.0, 1.0, 1.0, 1.0, 3.0, 0.0, 2.0, 2.0, 0.0, 0.0, 1.0, 0.0, 0.0, 0.0, 0.0, 1.0, 0.0, 1.0, 0.0, 0.0, 0.0, 0.0, 0.0, 0.0, 0.0, 0.0, 0.0, 0.0, 0.0, 0.0, 0.0, 0.0, 0.0, 2.0], "bins": [-3.1306371688842773, -3.081721067428589, -3.0328047275543213, -2.983888626098633, -2.9349722862243652, -2.8860561847686768, -2.837139844894409, -2.7882237434387207, -2.739307403564453, -2.6903913021087646, -2.641475200653076, -2.5925588607788086, -2.54364275932312, -2.4947264194488525, -2.445810317993164, -2.3968939781188965, -2.347977876663208, -2.2990617752075195, -2.250145435333252, -2.2012293338775635, -2.152312994003296, -2.1033968925476074, -2.05448055267334, -2.0055644512176514, -1.9566482305526733, -1.9077320098876953, -1.8588157892227173, -1.8098995685577393, -1.7609834671020508, -1.7120672464370728, -1.6631510257720947, -1.6142348051071167, -1.5653185844421387, -1.5164023637771606, -1.4674861431121826, -1.4185699224472046, -1.3696537017822266, -1.320737600326538, -1.27182137966156, -1.222905158996582, -1.173988938331604, -1.125072717666626, -1.076156497001648, -1.02724027633667, -0.9783241152763367, -0.9294078946113586, -0.8804917335510254, -0.8315755128860474, -0.7826592922210693, -0.7337430715560913, -0.6848268508911133, -0.63591068983078, -0.586994469165802, -0.538078248500824, -0.48916205763816833, -0.4402458667755127, -0.39132964611053467, -0.34241342544555664, -0.293497234582901, -0.24458102881908417, -0.19566482305526733, -0.1467486172914505, -0.09783241152763367, -0.048916205763816833, 0.0]}, "gradients/graph_3linear.3.weight": {"_type": "histogram", "values": [1.0, 0.0, 0.0, 1.0, 1.0, 0.0, 2.0, 0.0, 1.0, 1.0, 1.0, 5.0, 2.0, 3.0, 4.0, 6.0, 2.0, 5.0, 9.0, 6.0, 5.0, 11.0, 13.0, 13.0, 12.0, 8.0, 12.0, 17.0, 16.0, 25.0, 19.0, 28.0, 19.0, 22.0, 32.0, 34.0, 46.0, 43.0, 40.0, 54.0, 57.0, 61.0, 62.0, 41.0, 49.0, 46.0, 47.0, 44.0, 58.0, 49.0, 47.0, 36.0, 31.0, 28.0, 24.0, 18.0, 15.0, 17.0, 24.0, 16.0, 10.0, 3.0, 0.0, 2794.0], "bins": [-23.747882843017578, -23.376821517944336, -23.005762100219727, -22.634700775146484, -22.263639450073242, -21.892580032348633, -21.52151870727539, -21.15045738220215, -20.77939796447754, -20.408336639404297, -20.037277221679688, -19.666215896606445, -19.295154571533203, -18.924095153808594, -18.55303382873535, -18.18197250366211, -17.8109130859375, -17.439851760864258, -17.068790435791016, -16.697731018066406, -16.326669692993164, -15.955608367919922, -15.584547996520996, -15.21348762512207, -14.842426300048828, -14.471365928649902, -14.100305557250977, -13.72924518585205, -13.358183860778809, -12.987123489379883, -12.616063117980957, -12.245001792907715, -11.873941421508789, -11.502881050109863, -11.131819725036621, -10.760759353637695, -10.38969898223877, -10.018637657165527, -9.647577285766602, -9.276516914367676, -8.90545654296875, -8.534395217895508, -8.163334846496582, -7.792273998260498, -7.421213150024414, -7.050152778625488, -6.679091930389404, -6.3080315589904785, -5.9369707107543945, -5.5659098625183105, -5.194849491119385, -4.823788642883301, -4.452728271484375, -4.081667423248291, -3.710606575012207, -3.339545965194702, -2.9684853553771973, -2.5974247455596924, -2.2263641357421875, -1.8553032875061035, -1.4842426776885986, -1.1131820678710938, -0.7421213388442993, -0.37106066942214966, -0.0]}, "gradients/graph_3linear.0.bias": {"_type": "histogram", "values": [1.0, 0.0, 0.0, 0.0, 0.0, 0.0, 0.0, 0.0, 0.0, 0.0, 0.0, 0.0, 0.0, 0.0, 0.0, 0.0, 0.0, 0.0, 0.0, 0.0, 0.0, 1.0, 0.0, 0.0, 0.0, 0.0, 2.0, 0.0, 1.0, 0.0, 0.0, 0.0, 0.0, 1.0, 1.0, 0.0, 0.0, 1.0, 0.0, 2.0, 2.0, 2.0, 1.0, 1.0, 1.0, 0.0, 1.0, 0.0, 1.0, 0.0, 0.0, 0.0, 0.0, 0.0, 0.0, 1.0, 1.0, 0.0, 0.0, 0.0, 0.0, 0.0, 0.0, 43.0],