{"Linear loss": 14850.4716796875, "_timestamp": 1715770047.0726867, "_runtime": 84.08490657806396, "_step": 3619, "gradients/graph_24linear.5.bias": {"_type": "histogram", "values": [7.0, 0.0, 0.0, 3.0, 0.0, 0.0, 0.0, 0.0, 0.0, 0.0, 0.0, 0.0, 0.0, 0.0, 0.0, 0.0, 0.0, 0.0, 0.0, 0.0, 0.0, 0.0, 0.0, 0.0, 0.0, 0.0, 0.0, 0.0, 13.0, 0.0, 0.0, 2.0, 39.0, 0.0, 0.0, 16.0, 0.0, 0.0, 0.0, 0.0, 0.0, 0.0, 0.0, 0.0, 0.0, 0.0, 0.0, 0.0, 0.0, 0.0, 0.0, 0.0, 0.0, 0.0, 0.0, 0.0, 0.0, 1.0, 0.0, 0.0, 4.0, 0.0, 0.0, 11.0], "bins": [-200.0, -193.75, -187.5, -181.25, -175.0, -168.75, -162.5, -156.25, -150.0, -143.75, -137.5, -131.25, -125.0, -118.75, -112.5, -106.25, -100.0, -93.75, -87.5, -81.25, -75.0, -68.75, -62.5, -56.25, -50.0, -43.75, -37.5, -31.25, -25.0, -18.75, -12.5, -6.25, 0.0, 6.25, 12.5, 18.75, 25.0, 31.25, 37.5, 43.75, 50.0, 56.25, 62.5, 68.75, 75.0, 81.25, 87.5, 93.75, 100.0, 106.25, 112.5, 118.75, 125.0, 131.25, 137.5, 143.75, 150.0, 156.25, 162.5, 168.75, 175.0, 181.25, 187.5, 193.75, 200.0]}, "gradients/graph_24linear.5.weight": {"_type": "histogram", "values": [7.0, 0.0, 0.0, 10.0, 0.0, 0.0, 10.0, 0.0, 7.0, 3.0, 10.0, 0.0, 10.0, 0.0, 3.0, 14.0, 0.0, 6.0, 7.0, 10.0, 0.0, 10.0, 10.0, 3.0, 14.0, 13.0, 10.0, 13.0, 23.0, 52.0, 88.0, 142.0, 2117.0, 112.0, 64.0, 33.0, 20.0, 18.0, 19.0, 23.0, 5.0, 16.0, 16.0, 0.0, 17.0, 11.0, 8.0, 1.0, 22.0, 5.0, 0.0, 16.0, 1.0, 15.0, 5.0, 11.0, 0.0, 16.0, 0.0, 0.0, 15.0, 0.0, 0.0, 11.0], "bins": [-816.614990234375, -791.0957641601562, -765.5765380859375, -740.0573120117188, -714.5380859375, -689.0189208984375, -663.4996948242188, -637.98046875, -612.4612426757812, -586.9420166015625, -561.4227905273438, -535.903564453125, -510.3843688964844, -484.8651428222656, -459.345947265625, -433.82672119140625, -408.3074951171875, -382.78826904296875, -357.26904296875, -331.7498474121094, -306.2306213378906, -280.71142578125, -255.19219970703125, -229.6729736328125, -204.15374755859375, -178.634521484375, -153.11529541015625, -127.5960693359375, -102.076904296875, -76.55767822265625, -51.0384521484375, -25.51922607421875, 0.0, 25.51922607421875, 51.0384521484375, 76.55767822265625, 102.076904296875, 127.5960693359375, 153.11529541015625, 178.634521484375, 204.15374755859375, 229.6729736328125, 255.19219970703125, 280.71142578125, 306.2306213378906, 331.7498474121094, 357.26904296875, 382.78826904296875, 408.3074951171875, 433.82672119140625, 459.345947265625, 484.8651428222656, 510.3843688964844, 535.903564453125, 561.4227905273438, 586.9420166015625, 612.4612426757812, 637.98046875, 663.4996948242188, 689.0189208984375, 714.5380859375, 740.0573120117188, 765.5765380859375, 791.0957641601562, 816.614990234375]}, "gradients/graph_24linear.3.bias": {"_type": "histogram", "values": [1.0, 0.0, 0.0, 0.0, 0.0, 0.0, 0.0, 0.0, 0.0, 0.0, 0.0, 1.0, 0.0, 0.0, 2.0, 0.0, 0.0, 0.0, 1.0, 0.0, 2.0, 0.0, 2.0, 0.0, 1.0, 0.0, 0.0, 0.0, 1.0, 1.0, 0.0, 0.0, 0.0, 0.0, 0.0, 0.0, 0.0, 0.0, 0.0, 0.0, 0.0, 1.0, 1.0, 0.0, 1.0, 0.0, 1.0, 0.0, 0.0, 0.0, 13.0, 0.0, 0.0, 0.0, 0.0, 0.0, 0.0, 0.0, 0.0, 1.0, 1.0, 0.0, 0.0, 1.0], "bins": [-235.05972290039062, -230.39773559570312, -225.73574829101562, -221.07376098632812, -216.41175842285156, -211.74977111816406, -207.08778381347656, -202.42579650878906, -197.76380920410156, -193.101806640625, -188.4398193359375, -183.77783203125, -179.1158447265625, -174.453857421875, -169.7918701171875, -165.1298828125, -160.4678955078125, -155.805908203125, -151.14390563964844, -146.48191833496094, -141.81993103027344, -137.15792846679688, -132.49594116210938, -127.8339614868164, -123.17196655273438, -118.50997924804688, -113.84799194335938, -109.18600463867188, -104.52401733398438, -99.86201477050781, -95.20002746582031, -90.53804016113281, -85.87603759765625, -81.21405029296875, -76.55206298828125, -71.89007568359375, -67.22807312011719, -62.56608963012695, -57.90410232543945, -53.24211502075195, -48.58012771606445, -43.91813278198242, -39.25614547729492, -34.59415817260742, -29.93216323852539, -25.27017593383789, -20.60818862915039, -15.94619369506836, -11.28420639038086, -6.622219085693359, -1.9602241516113281, 2.701763153076172, 7.363750457763672, 12.025741577148438, 16.687732696533203, 21.349720001220703, 26.01171112060547, 30.673702239990234, 35.335689544677734, 39.9976806640625, 44.65966796875, 49.321659088134766, 53.98365020751953, 58.64563751220703, 63.3076286315918]}, "gradients/graph_24linear.3.weight": {"_type": "histogram", "values": [1.0, 0.0, 0.0, 0.0, 0.0, 1.0, 0.0, 0.0, 1.0, 0.0, 0.0, 1.0, 0.0, 0.0, 2.0, 1.0, 0.0, 2.0, 2.0, 1.0, 3.0, 1.0, 2.0, 3.0, 2.0, 3.0, 2.0, 1.0, 2.0, 1.0, 1.0, 2.0, 1.0, 0.0, 0.0, 0.0, 0.0, 0.0, 0.0, 1.0, 0.0, 2.0, 6.0, 4.0, 5.0, 3.0, 2.0, 6.0, 10.0, 4.0, 930.0, 3.0, 2.0, 1.0, 0.0, 0.0, 0.0, 1.0, 2.0, 2.0, 1.0, 1.0, 1.0, 1.0], "bins": [-1769.64111328125, -1734.54345703125, -1699.44580078125, -1664.34814453125, -1629.25048828125, -1594.1527099609375, -1559.0550537109375, -1523.9573974609375, -1488.8597412109375, -1453.7620849609375, -1418.6644287109375, -1383.566650390625, -1348.468994140625, -1313.371337890625, -1278.273681640625, -1243.176025390625, -1208.078369140625, -1172.980712890625, -1137.883056640625, -1102.785400390625, -1067.687744140625, -1032.590087890625, -997.4923095703125, -962.3946533203125, -927.2969970703125, -892.1993408203125, -857.1016845703125, -822.0039672851562, -786.9063110351562, -751.8086547851562, -716.7109375, -681.61328125, -646.515625, -611.41796875, -576.3203125, -541.2225952148438, -506.12493896484375, -471.02728271484375, -435.9295654296875, -400.8319091796875, -365.7342529296875, -330.6365966796875, -295.5389404296875, -260.44122314453125, -225.34356689453125, -190.24591064453125, -155.148193359375, -120.050537109375, -84.952880859375, -49.855224609375, -14.757537841796875, 20.34014892578125, 55.43780517578125, 90.53546142578125, 125.63314819335938, 160.7308349609375, 195.8284912109375, 230.92616271972656, 266.0238342285156, 301.12152099609375, 336.21917724609375, 371.31683349609375, 406.4145202636719, 441.51220703125, 476.60986328125]}, "gradients/graph_24linear.0.bias": {"_type": "histogram", "values": [1.0, 1.0, 0.0, 0.0, 0.0, 0.0, 0.0, 1.0, 0.0, 0.0, 0.0, 0.0, 0.0, 0.0, 0.0, 0.0, 0.0, 0.0, 0.0, 0.0, 0.0, 0.0, 0.0, 1.0, 0.0, 0.0, 0.0, 0.0, 0.0, 0.0, 1.0, 0.0, 0.0, 0.0, 0.0, 0.0, 0.0, 0.0, 0.0, 0.0, 0.0, 0.0, 0.0, 0.0, 0.0, 0.0, 0.0, 0.0, 0.0, 0.0, 0.0, 0.0, 0.0, 0.0, 0.0, 0.0, 0.0, 0.0, 0.0, 0.0, 0.0, 0.0, 0.0, 27.0], "bins": [-348.6630859375, -343.2152099609375, -337.7673645019531, -332.31951904296875, -326.87164306640625, -321.42376708984375, -315.9759216308594, -310.528076171875, -305.0802001953125, -299.63232421875, -294.1844787597656, -288.73663330078125, -283.28875732421875, -277.84088134765625, -272.3930358886719, -266.9451904296875, -261.497314453125, -256.0494384765625, -250.60159301757812, -245.1537322998047, -239.70587158203125, -234.2580108642578, -228.81015014648438, -223.36228942871094, -217.9144287109375, -212.46656799316406, -207.01870727539062, -201.5708465576172, -196.12298583984375, -190.6751251220703, -185.22726440429688, -179.77940368652344, -174.33154296875, -168.88368225097656, -163.43582153320312, -157.9879608154297, -152.54010009765625, -147.0922393798828, -141.64437866210938, -136.19651794433594, -130.7486572265625, -125.30079650878906, -119.85293579101562, -114.40507507324219, -108.95721435546875, -103.50935363769531, -98.06149291992188, -92.61363220214844, -87.165771484375, -81.71791076660156, -76.27005004882812, -70.82218933105469, -65.37432861328125, -59.92646789550781, -54.478607177734375, -49.03074645996094, -43.5828857421875, -38.13502502441406, -32.687164306640625, -27.239303588867188, -21.79144287109375, -16.343582153320312, -10.895721435546875, -5.4478607177734375, 0.0]}, "gradients/graph_24linear.0.weight": {"_type": "histogram",