{"Linear loss": 9624.1005859375, "_timestamp": 1715767450.008139, "_runtime": 284.5888659954071, "_step": 5429, "gradients/graph_5linear.5.bias": {"_type": "histogram", "values": [7.0, 0.0, 0.0, 3.0, 0.0, 0.0, 0.0, 0.0, 0.0, 0.0, 0.0, 0.0, 0.0, 0.0, 0.0, 0.0, 0.0, 0.0, 0.0, 0.0, 0.0, 0.0, 0.0, 0.0, 0.0, 0.0, 0.0, 0.0, 12.0, 0.0, 0.0, 2.0, 45.0, 0.0, 0.0, 17.0, 0.0, 0.0, 0.0, 0.0, 0.0, 0.0, 0.0, 0.0, 0.0, 0.0, 0.0, 0.0, 0.0, 0.0, 0.0, 0.0, 0.0, 0.0, 0.0, 0.0, 0.0, 1.0, 0.0, 0.0, 2.0, 0.0, 0.0, 7.0], "bins": [-200.0, -193.75, -187.5, -181.25, -175.0, -168.75, -162.5, -156.25, -150.0, -143.75, -137.5, -131.25, -125.0, -118.75, -112.5, -106.25, -100.0, -93.75, -87.5, -81.25, -75.0, -68.75, -62.5, -56.25, -50.0, -43.75, -37.5, -31.25, -25.0, -18.75, -12.5, -6.25, 0.0, 6.25, 12.5, 18.75, 25.0, 31.25, 37.5, 43.75, 50.0, 56.25, 62.5, 68.75, 75.0, 81.25, 87.5, 93.75, 100.0, 106.25, 112.5, 118.75, 125.0, 131.25, 137.5, 143.75, 150.0, 156.25, 162.5, 168.75, 175.0, 181.25, 187.5, 193.75, 200.0]}, "gradients/graph_5linear.5.weight": {"_type": "histogram", "values": [7.0, 0.0, 0.0, 3.0, 0.0, 0.0, 0.0, 0.0, 0.0, 0.0, 0.0, 0.0, 0.0, 0.0, 0.0, 0.0, 0.0, 7.0, 10.0, 10.0, 3.0, 0.0, 0.0, 7.0, 3.0, 14.0, 6.0, 0.0, 12.0, 10.0, 36.0, 88.0, 2708.0, 51.0, 10.0, 17.0, 0.0, 6.0, 15.0, 2.0, 7.0, 0.0, 2.0, 3.0, 9.0, 9.0, 7.0, 0.0, 0.0, 0.0, 0.0, 0.0, 0.0, 0.0, 0.0, 0.0, 0.0, 1.0, 0.0, 0.0, 2.0, 0.0, 0.0, 7.0], "bins": [-676.3403930664062, -655.2047729492188, -634.069091796875, -612.9334716796875, -591.7978515625, -570.6622314453125, -549.5265502929688, -528.3909301757812, -507.25531005859375, -486.1196594238281, -464.9840087890625, -443.848388671875, -422.7127380371094, -401.5771179199219, -380.44146728515625, -359.30584716796875, -338.1701965332031, -317.0345458984375, -295.89892578125, -274.7632751464844, -253.62765502929688, -232.49200439453125, -211.35638427734375, -190.22073364257812, -169.0850830078125, -147.949462890625, -126.8138427734375, -105.67816162109375, -84.54254150390625, -63.40692138671875, -42.27130126953125, -21.1356201171875, 0.0, 21.1356201171875, 42.27130126953125, 63.40692138671875, 84.54254150390625, 105.67816162109375, 126.8138427734375, 147.949462890625, 169.0850830078125, 190.22073364257812, 211.35638427734375, 232.49200439453125, 253.62765502929688, 274.7632751464844, 295.89892578125, 317.0345458984375, 338.1701965332031, 359.30584716796875, 380.44146728515625, 401.5771179199219, 422.7127380371094, 443.848388671875, 464.9840087890625, 486.1196594238281, 507.25531005859375, 528.3909301757812, 549.5265502929688, 570.6622314453125, 591.7978515625, 612.9334716796875, 634.069091796875, 655.2047729492188, 676.3403930664062]}, "gradients/graph_5linear.3.bias": {"_type": "histogram", "values": [1.0, 0.0, 0.0, 0.0, 0.0, 0.0, 0.0, 0.0, 0.0, 0.0, 0.0, 0.0, 0.0, 0.0, 0.0, 0.0, 0.0, 0.0, 0.0, 0.0, 0.0, 0.0, 0.0, 0.0, 0.0, 0.0, 0.0, 0.0, 0.0, 0.0, 0.0, 0.0, 0.0, 0.0, 0.0, 0.0, 0.0, 0.0, 0.0, 1.0, 1.0, 0.0, 0.0, 0.0, 0.0, 0.0, 0.0, 0.0, 0.0, 1.0, 1.0, 2.0, 0.0, 0.0, 23.0, 0.0, 0.0, 0.0, 0.0, 0.0, 0.0, 0.0, 0.0, 2.0], "bins": [-719.307373046875, -706.1668701171875, -693.0263061523438, -679.8857421875, -666.7452392578125, -653.604736328125, -640.4641723632812, -627.3236083984375, -614.18310546875, -601.0426025390625, -587.9020385742188, -574.761474609375, -561.6209716796875, -548.48046875, -535.3399047851562, -522.1993408203125, -509.058837890625, -495.9183044433594, -482.77777099609375, -469.6372375488281, -456.4967041015625, -443.3561706542969, -430.21563720703125, -417.0751037597656, -403.9345703125, -390.7940368652344, -377.65350341796875, -364.5129699707031, -351.3724365234375, -338.2319030761719, -325.09136962890625, -311.9508361816406, -298.810302734375, -285.6697692871094, -272.52923583984375, -259.3887023925781, -246.2481689453125, -233.10763549804688, -219.96710205078125, -206.82656860351562, -193.68603515625, -180.54550170898438, -167.40496826171875, -154.26443481445312, -141.1239013671875, -127.98336791992188, -114.84283447265625, -101.70230102539062, -88.561767578125, -75.42123413085938, -62.28070068359375, -49.140167236328125, -35.9996337890625, -22.859100341796875, -9.71856689453125, 3.421966552734375, 16.5625, 29.703033447265625, 42.84356689453125, 55.984100341796875, 69.1246337890625, 82.26516723632812, 95.40570068359375, 108.54623413085938, 121.686767578125]}, "gradients/graph_5linear.3.weight": {"_type": "histogram", "values": [1.0, 0.0, 0.0, 0.0, 0.0, 0.0, 0.0, 0.0, 0.0, 0.0, 0.0, 0.0, 0.0, 0.0, 0.0, 0.0, 0.0, 0.0, 0.0, 0.0, 0.0, 0.0, 0.0, 0.0, 0.0, 0.0, 0.0, 0.0, 0.0, 0.0, 0.0, 0.0, 0.0, 0.0, 0.0, 0.0, 0.0, 0.0, 0.0, 1.0, 1.0, 0.0, 0.0, 0.0, 0.0, 0.0, 0.0, 0.0, 0.0, 1.0, 1.0, 2.0, 0.0, 0.0, 1015.0, 0.0, 0.0, 0.0, 0.0, 0.0, 0.0, 0.0, 0.0, 2.0], "bins": [-4316.107421875, -4237.25927734375, -4158.41162109375, -4079.5634765625, -4000.71533203125, -3921.867431640625, -3843.019287109375, -3764.17138671875, -3685.3232421875, -3606.475341796875, -3527.62744140625, -3448.779296875, -3369.931396484375, -3291.08349609375, -3212.2353515625, -3133.38720703125, -3054.539306640625, -2975.69140625, -2896.84326171875, -2817.9951171875, -2739.147216796875, -2660.29931640625, -2581.451171875, -2502.603271484375, -2423.75537109375, -2344.9072265625, -2266.059326171875, -2187.211181640625, -2108.36328125, -2029.51513671875, -1950.667236328125, -1871.819091796875, -1792.97119140625, -1714.123291015625, -1635.275146484375, -1556.42724609375, -1477.5791015625, -1398.731201171875, -1319.883056640625, -1241.03515625, -1162.18701171875, -1083.339111328125, -1004.4910278320312, -925.6430053710938, -846.7951049804688, -767.9470825195312, -689.0990600585938, -610.2510375976562, -531.4030151367188, -452.55499267578125, -373.70697021484375, -294.85894775390625, -216.010986328125, -137.1629638671875, -58.31500244140625, 20.53302001953125, 99.38104248046875, 178.22906494140625, 257.0770568847656, 335.925048828125, 414.7730712890625, 493.62109375, 572.4691162109375, 651.3170776367188, 730.1651000976562]}, "gradients/graph_5linear.0.bias": {"_type": "histogram", "values": [1.0, 0.0, 0.0, 0.0, 0.0, 0.0, 0.0, 0.0, 0.0, 0.0, 0.0, 0.0, 0.0, 0.0, 0.0, 0.0, 0.0, 0.0, 0.0, 0.0, 0.0, 0.0, 0.0, 0.0, 0.0, 0.0, 0.0, 0.0, 0.0, 0.0, 0.0, 0.0, 0.0, 0.0, 0.0, 0.0, 0.0, 0.0, 0.0, 0.0, 0.0, 0.0, 0.0, 0.0, 0.0, 0.0, 0.0, 0.0, 0.0, 0.0, 0.0, 0.0, 0.0, 0.0, 0.0, 0.0, 0.0, 0.0, 0.0, 0.0, 0.0, 0.0, 0.0, 31.0], "bins": [-416.9811096191406, -410.4657897949219, -403.950439453125, -397.43511962890625, -390.9197998046875, -384.4044494628906, -377.8891296386719, -371.3738098144531, -364.85845947265625, -358.3431396484375, -351.82781982421875, -345.3125, -338.7971496582031, -332.2818298339844, -325.7664794921875, -319.25115966796875, -312.73583984375, -306.22052001953125, -299.7051696777344, -293.1898498535156, -286.67449951171875, -280.1591796875, -273.64385986328125, -267.1285400390625, -260.6131896972656, -254.09786987304688, -247.58253479003906, -241.06719970703125, -234.5518798828125, -228.0365447998047, -221.52120971679688, -215.00588989257812, -208.4905548095703, -201.9752197265625, -195.45989990234375, -188.94456481933594, -182.42922973632812, -175.91390991210938, -169.39857482910156, -162.88323974609375, -156.367919921875, -149.8525848388672, -143.33724975585938, -136.82192993164062, -130.3065948486328, -123.79126739501953, -117.27593994140625, -110.76060485839844, -104.24527740478516, -97.72994995117188, -91.21461486816406, -84.69928741455078, -78.1839599609375, -71.66862487792969, -65.1532974243164, -58.637969970703125, -52.12263870239258, -45.60730743408203, -39.09197998046875, -32.5766487121582, -26.06131935119629, -19.545989990234375, -13.030659675598145, -6.515329837799072, 0.0]}, "gradients/graph_5linear.0.weight": {"_type": "histogram",