{"gradients/graph_17linear.5.bias": {"_type": "histogram", "values": [3.0, 1.0, 3.0, 0.0, 2.0, 2.0, 1.0, 1.0, 1.0, 0.0, 2.0, 8.0, 10.0, 26.0, 5.0, 6.0, 4.0, 5.0, 8.0, 0.0, 0.0, 1.0, 1.0, 1.0, 2.0, 0.0, 0.0, 0.0, 0.0, 0.0, 0.0, 0.0, 0.0, 0.0, 0.0, 0.0, 0.0, 1.0, 0.0, 1.0, 0.0, 0.0, 0.0, 0.0, 0.0, 0.0, 0.0, 0.0, 0.0, 0.0, 0.0, 0.0, 0.0, 0.0, 0.0, 0.0, 0.0, 0.0, 0.0, 0.0, 0.0, 0.0, 0.0, 1.0], "bins": [-0.5288093090057373, -0.49388477206230164, -0.45896023511886597, -0.4240356683731079, -0.38911113142967224, -0.3541865944862366, -0.3192620277404785, -0.28433749079704285, -0.24941295385360718, -0.2144884169101715, -0.17956387996673584, -0.14463931322097778, -0.10971477627754211, -0.07479023933410645, -0.03986567258834839, -0.004941165447235107, 0.02998340129852295, 0.064907968044281, 0.09983247518539429, 0.13475704193115234, 0.16968154907226562, 0.20460611581802368, 0.23953068256378174, 0.274455189704895, 0.3093797564506531, 0.34430432319641113, 0.3792288303375244, 0.41415339708328247, 0.4490779638290405, 0.4840024709701538, 0.5189269781112671, 0.5538516044616699, 0.5887761116027832, 0.6237006187438965, 0.6586252450942993, 0.6935497522354126, 0.7284742593765259, 0.7633988261222839, 0.798323392868042, 0.8332479000091553, 0.8681724667549133, 0.9030970335006714, 0.9380215406417847, 0.9729461073875427, 1.0078706741333008, 1.042795181274414, 1.0777196884155273, 1.1126441955566406, 1.1475688219070435, 1.1824934482574463, 1.2174179553985596, 1.2523424625396729, 1.2872669696807861, 1.3221914768218994, 1.3571161031723022, 1.3920406103134155, 1.4269652366638184, 1.4618897438049316, 1.496814250946045, 1.5317387580871582, 1.566663384437561, 1.6015878915786743, 1.6365123987197876, 1.6714370250701904, 1.7063615322113037]}, "_timestamp": 1715780238.1708558, "gradients/graph_17linear.5.weight": {"_type": "histogram", "values": [3.0, 1.0, 6.0, 2.0, 6.0, 9.0, 12.0, 9.0, 14.0, 10.0, 12.0, 23.0, 50.0, 213.0, 329.0, 2192.0, 71.0, 36.0, 22.0, 7.0, 9.0, 7.0, 7.0, 1.0, 2.0, 2.0, 0.0, 0.0, 0.0, 4.0, 2.0, 1.0, 0.0, 0.0, 1.0, 1.0, 0.0, 2.0, 0.0, 1.0, 0.0, 0.0, 0.0, 0.0, 0.0, 2.0, 0.0, 0.0, 0.0, 1.0, 0.0, 0.0, 0.0, 0.0, 0.0, 0.0, 1.0, 0.0, 0.0, 0.0, 0.0, 0.0, 0.0, 1.0], "bins": [-13.509208679199219, -12.617010116577148, -11.724811553955078, -10.832612991333008, -9.940414428710938, -9.048215866088867, -8.156017303466797, -7.263818264007568, -6.371619701385498, -5.4794206619262695, -4.587222099304199, -3.695023536682129, -2.8028249740600586, -1.9106264114379883, -1.018427848815918, -0.12622928619384766, 0.7659692764282227, 1.658167839050293, 2.5503673553466797, 3.44256591796875, 4.33476448059082, 5.226963043212891, 6.119161605834961, 7.011360168457031, 7.903558731079102, 8.795757293701172, 9.687955856323242, 10.580154418945312, 11.472352981567383, 12.364551544189453, 13.256750106811523, 14.148948669433594, 15.041147232055664, 15.933345794677734, 16.825544357299805, 17.717742919921875, 18.609941482543945, 19.502140045166016, 20.394338607788086, 21.286537170410156, 22.178735733032227, 23.070934295654297, 23.963132858276367, 24.855331420898438, 25.747529983520508, 26.639728546142578, 27.53192710876465, 28.42412567138672, 29.316326141357422, 30.20852279663086, 31.100723266601562, 31.992919921875, 32.8851203918457, 33.77731704711914, 34.669517517089844, 35.56171417236328, 36.453914642333984, 37.34611129760742, 38.238311767578125, 39.13050842285156, 40.022708892822266, 40.9149055480957, 41.807106018066406, 42.699302673339844, 43.59150314331055]}, "gradients/graph_17linear.3.bias": {"_type": "histogram", "values": [1.0, 1.0, 0.0, 0.0, 0.0, 0.0, 0.0, 0.0, 0.0, 1.0, 0.0, 0.0, 0.0, 0.0, 0.0, 0.0, 0.0, 0.0, 1.0, 1.0, 0.0, 0.0, 0.0, 0.0, 0.0, 0.0, 0.0, 1.0, 0.0, 0.0, 0.0, 0.0, 1.0, 0.0, 0.0, 0.0, 0.0, 0.0, 0.0, 0.0, 0.0, 0.0, 0.0, 1.0, 0.0, 0.0, 0.0, 1.0, 0.0, 0.0, 0.0, 0.0, 0.0, 1.0, 0.0, 0.0, 0.0, 0.0, 1.0, 0.0, 0.0, 0.0, 0.0, 21.0], "bins": [-4.994592189788818, -4.91655158996582, -4.838510990142822, -4.760470867156982, -4.682430267333984, -4.604389667510986, -4.526349067687988, -4.44830846786499, -4.37026834487915, -4.292227745056152, -4.214187145233154, -4.136146545410156, -4.058106422424316, -3.9800658226013184, -3.9020252227783203, -3.8239846229553223, -3.745944023132324, -3.6679036617279053, -3.5898633003234863, -3.5118227005004883, -3.4337821006774902, -3.355741500854492, -3.2777011394500732, -3.1996607780456543, -3.1216201782226562, -3.043579578399658, -2.9655392169952393, -2.887498617172241, -2.809458017349243, -2.731417655944824, -2.653377056121826, -2.5753366947174072, -2.497296094894409, -2.419255495071411, -2.341215133666992, -2.263174533843994, -2.185134172439575, -2.107093572616577, -2.029052972793579, -1.9510126113891602, -1.872972011566162, -1.7949315309524536, -1.7168910503387451, -1.6388505697250366, -1.5608100891113281, -1.4827696084976196, -1.4047290086746216, -1.326688528060913, -1.2486480474472046, -1.170607566833496, -1.0925670862197876, -1.0145264863967896, -0.936486005783081, -0.8584455251693726, -0.7804050445556641, -0.7023645043373108, -0.6243240237236023, -0.5462835431098938, -0.4682430028915405, -0.39020252227783203, -0.31216201186180115, -0.23412150144577026, -0.15608100593090057, -0.07804050296545029, 0.0]}, "gradients/graph_17linear.3.weight": {"_type": "histogram", "values": [1.0, 1.0, 0.0, 0.0, 0.0, 0.0, 0.0, 0.0, 0.0, 1.0, 0.0, 0.0, 0.0, 0.0, 0.0, 0.0, 0.0, 0.0, 1.0, 1.0, 0.0, 0.0, 0.0, 0.0, 0.0, 0.0, 0.0, 1.0, 0.0, 0.0, 0.0, 0.0, 1.0, 0.0, 0.0, 0.0, 0.0, 0.0, 0.0, 0.0, 0.0, 0.0, 0.0, 1.0, 0.0, 0.0, 0.0, 3.0, 0.0, 2.0, 1.0, 1.0, 2.0, 3.0, 1.0, 2.0, 1.0, 0.0, 2.0, 2.0, 1.0, 2.0, 7.0, 986.0], "bins": [-177.21566772460938, -174.44667053222656, -171.67767333984375, -168.90869140625, -166.1396942138672, -163.37069702148438, -160.60169982910156, -157.83270263671875, -155.06370544433594, -152.29470825195312, -149.52572631835938, -146.75672912597656, -143.98773193359375, -141.21873474121094, -138.44973754882812, -135.6807403564453, -132.9117431640625, -130.14276123046875, -127.37376403808594, -124.60476684570312, -121.83576965332031, -119.0667724609375, -116.29778289794922, -113.5287857055664, -110.75979614257812, -107.99079895019531, -105.2218017578125, -102.45280456542969, -99.6838150024414, -96.9148178100586, -94.14582061767578, -91.3768310546875, -88.60783386230469, -85.83883666992188, -83.0698471069336, -80.30084991455078, -77.53185272216797, -74.76286315917969, -71.99386596679688, -69.22486877441406, -66.45587158203125, -63.68688201904297, -60.917884826660156, -58.14889144897461, -55.37989807128906, -52.61090087890625, -49.8419075012207, -47.07291030883789, -44.303916931152344, -41.5349235534668, -38.765926361083984, -35.99693298339844, -33.227935791015625, -30.458942413330078, -27.68994903564453, -24.92095375061035, -22.151958465576172, -19.382963180541992, -16.613967895507812, -13.844974517822266, -11.075979232788086, -8.306983947753906, -5.537989616394043, -2.7689948081970215, 0.0]}, "gradients/graph_17linear.0.bias": {"_type": "histogram", "values": [1.0, 0.0, 0.0, 0.0, 0.0, 0.0, 0.0, 0.0, 0.0, 0.0, 0.0, 0.0, 0.0, 0.0, 0.0, 0.0, 0.0, 0.0, 0.0, 0.0, 0.0, 0.0, 0.0, 0.0, 0.0, 0.0, 0.0, 0.0, 0.0, 0.0, 0.0, 0.0, 0.0, 0.0, 0.0, 0.0, 0.0, 0.0, 0.0, 0.0, 0.0, 0.0, 0.0, 0.0, 0.0, 0.0, 1.0, 0.0, 0.0, 0.0, 0.0, 0.0, 1.0, 0.0, 0.0, 0.0, 0.0, 0.0, 0.0, 28.0, 0.0, 0.0, 0.0, 1.0],