{"Linear loss": 17457.669921875, "_timestamp": 1715768104.511493, "_runtime": 324.28319692611694, "_step": 5429, "gradients/graph_8linear.5.bias": {"_type": "histogram", "values": [7.0, 0.0, 0.0, 3.0, 0.0, 0.0, 0.0, 0.0, 0.0, 0.0, 0.0, 0.0, 0.0, 0.0, 0.0, 0.0, 0.0, 0.0, 0.0, 0.0, 0.0, 0.0, 0.0, 0.0, 0.0, 0.0, 0.0, 0.0, 13.0, 0.0, 0.0, 2.0, 34.0, 0.0, 0.0, 15.0, 0.0, 0.0, 0.0, 0.0, 0.0, 0.0, 0.0, 0.0, 0.0, 0.0, 0.0, 0.0, 0.0, 0.0, 0.0, 0.0, 0.0, 0.0, 0.0, 0.0, 0.0, 1.0, 0.0, 0.0, 5.0, 0.0, 0.0, 16.0], "bins": [-200.0, -193.75, -187.5, -181.25, -175.0, -168.75, -162.5, -156.25, -150.0, -143.75, -137.5, -131.25, -125.0, -118.75, -112.5, -106.25, -100.0, -93.75, -87.5, -81.25, -75.0, -68.75, -62.5, -56.25, -50.0, -43.75, -37.5, -31.25, -25.0, -18.75, -12.5, -6.25, 0.0, 6.25, 12.5, 18.75, 25.0, 31.25, 37.5, 43.75, 50.0, 56.25, 62.5, 68.75, 75.0, 81.25, 87.5, 93.75, 100.0, 106.25, 112.5, 118.75, 125.0, 131.25, 137.5, 143.75, 150.0, 156.25, 162.5, 168.75, 175.0, 181.25, 187.5, 193.75, 200.0]}, "gradients/graph_8linear.5.weight": {"_type": "histogram", "values": [14.0, 7.0, 21.0, 13.0, 10.0, 16.0, 3.0, 17.0, 10.0, 3.0, 10.0, 17.0, 3.0, 6.0, 7.0, 0.0, 3.0, 7.0, 7.0, 6.0, 0.0, 7.0, 10.0, 10.0, 3.0, 17.0, 13.0, 10.0, 39.0, 156.0, 52.0, 128.0, 1612.0, 60.0, 180.0, 46.0, 22.0, 28.0, 38.0, 6.0, 22.0, 21.0, 17.0, 1.0, 10.0, 16.0, 17.0, 5.0, 2.0, 17.0, 11.0, 7.0, 37.0, 23.0, 6.0, 24.0, 38.0, 7.0, 31.0, 21.0, 26.0, 48.0, 16.0, 32.0], "bins": [-86.58566284179688, -83.8798599243164, -81.17405700683594, -78.46825408935547, -75.762451171875, -73.05665588378906, -70.3508529663086, -67.64505004882812, -64.93924713134766, -62.23344421386719, -59.52764129638672, -56.821842193603516, -54.11603927612305, -51.41023635864258, -48.704437255859375, -45.998634338378906, -43.29283142089844, -40.58702850341797, -37.8812255859375, -35.1754264831543, -32.46962356567383, -29.76382064819336, -27.058021545410156, -24.352218627929688, -21.64641571044922, -18.94061279296875, -16.23480987548828, -13.529006958007812, -10.823211669921875, -8.117408752441406, -5.4116058349609375, -2.7058029174804688, 0.0, 2.7058029174804688, 5.4116058349609375, 8.117408752441406, 10.823211669921875, 13.529006958007812, 16.23480987548828, 18.94061279296875, 21.64641571044922, 24.352218627929688, 27.058021545410156, 29.76382064819336, 32.46962356567383, 35.1754264831543, 37.8812255859375, 40.58702850341797, 43.29283142089844, 45.998634338378906, 48.704437255859375, 51.41023635864258, 54.11603927612305, 56.821842193603516, 59.52764129638672, 62.23344421386719, 64.93924713134766, 67.64505004882812, 70.3508529663086, 73.05665588378906, 75.762451171875, 78.46825408935547, 81.17405700683594, 83.8798599243164, 86.58566284179688]}, "gradients/graph_8linear.3.bias": {"_type": "histogram", "values": [1.0, 1.0, 0.0, 0.0, 0.0, 0.0, 2.0, 0.0, 0.0, 0.0, 0.0, 1.0, 1.0, 0.0, 4.0, 1.0, 0.0, 0.0, 0.0, 3.0, 0.0, 2.0, 0.0, 1.0, 1.0, 1.0, 0.0, 0.0, 0.0, 0.0, 0.0, 0.0, 0.0, 0.0, 1.0, 0.0, 0.0, 1.0, 0.0, 1.0, 0.0, 0.0, 0.0, 0.0, 1.0, 0.0, 0.0, 0.0, 0.0, 0.0, 7.0, 0.0, 0.0, 0.0, 0.0, 0.0, 0.0, 0.0, 0.0, 0.0, 1.0, 0.0, 0.0, 1.0], "bins": [-398.87762451171875, -390.9700622558594, -383.0625, -375.1549377441406, -367.24737548828125, -359.33978271484375, -351.4322204589844, -343.524658203125, -335.6170959472656, -327.70953369140625, -319.8019714355469, -311.8944091796875, -303.98681640625, -296.07928466796875, -288.17169189453125, -280.2641296386719, -272.3565673828125, -264.4490051269531, -256.54144287109375, -248.6338653564453, -240.72630310058594, -232.81874084472656, -224.91116333007812, -217.00360107421875, -209.09603881835938, -201.1884765625, -193.28091430664062, -185.3733367919922, -177.4657745361328, -169.55821228027344, -161.650634765625, -153.74307250976562, -145.83551025390625, -137.92794799804688, -130.0203857421875, -122.1128158569336, -114.20525360107422, -106.29769134521484, -98.3901138305664, -90.48255157470703, -82.57498931884766, -74.66742706298828, -66.7598648071289, -58.85228729248047, -50.944725036621094, -43.03716278076172, -35.12958526611328, -27.222023010253906, -19.31446075439453, -11.406898498535156, -3.49932861328125, 4.408241271972656, 12.315803527832031, 20.223365783691406, 28.130935668945312, 36.03850555419922, 43.946067810058594, 51.853633880615234, 59.761199951171875, 67.66876220703125, 75.57633209228516, 83.48390197753906, 91.39146423339844, 99.29902648925781, 107.20659637451172]}, "gradients/graph_8linear.3.weight": {"_type": "histogram", "values": [1024.0], "bins": [-0.0, -0.0]}, "gradients/graph_8linear.0.bias": {"_type": "histogram", "values": [32.0], "bins": [0.0, 0.0]}, "gradients/graph_8linear.0.weight": {"_type": "histogram", "values": [4608.0], "bins": [0.0, 0.0]}, "Regret": 0.07581643255799976, "_wandb": {"runtime": 323}}