{"Linear loss": 226.2819366455078, "_timestamp": 1715776939.973284, "_runtime": 88.45364093780518, "_step": 5489, "gradients/linear.5.bias": {"_type": "histogram", "values": [3.0, 2.0, 4.0, 6.0, 5.0, 3.0, 3.0, 6.0, 4.0, 2.0, 1.0, 3.0, 2.0, 3.0, 23.0, 1.0, 2.0, 0.0, 0.0, 1.0, 1.0, 1.0, 1.0, 1.0, 0.0, 1.0, 2.0, 4.0, 3.0, 1.0, 1.0, 0.0, 0.0, 0.0, 0.0, 0.0, 0.0, 1.0, 0.0, 0.0, 0.0, 1.0, 0.0, 0.0, 0.0, 0.0, 0.0, 0.0, 0.0, 0.0, 0.0, 0.0, 0.0, 0.0, 0.0, 1.0, 1.0, 0.0, 1.0, 0.0, 0.0, 0.0, 0.0, 1.0], "bins": [-0.4287800192832947, -0.40291038155555725, -0.3770407438278198, -0.3511711061000824, -0.32530146837234497, -0.29943183064460754, -0.2735621929168701, -0.2476925551891327, -0.22182291746139526, -0.19595327973365784, -0.1700836420059204, -0.14421400427818298, -0.11834436655044556, -0.09247472882270813, -0.0666050910949707, -0.040735453367233276, -0.01486581563949585, 0.011003822088241577, 0.036873459815979004, 0.06274309754371643, 0.08861273527145386, 0.1144823431968689, 0.1403520107269287, 0.16622167825698853, 0.19209128618240356, 0.2179608941078186, 0.24383056163787842, 0.26970022916793823, 0.29556983709335327, 0.3214394450187683, 0.3473091125488281, 0.37317878007888794, 0.39904844760894775, 0.4249180555343628, 0.4507877230644226, 0.4766573905944824, 0.5025269985198975, 0.5283966064453125, 0.5542662739753723, 0.5801359415054321, 0.6060055494308472, 0.6318751573562622, 0.657744824886322, 0.6836144924163818, 0.7094841003417969, 0.7353537082672119, 0.7612233757972717, 0.7870930433273315, 0.8129626512527466, 0.8388322591781616, 0.8647019267082214, 0.8905715942382812, 0.9164412021636963, 0.9423108100891113, 0.9681804776191711, 0.994050145149231, 1.019919753074646, 1.045789361000061, 1.0716590881347656, 1.0975286960601807, 1.1233983039855957, 1.1492679119110107, 1.1751375198364258, 1.2010072469711304, 1.2268768548965454]}, "gradients/linear.5.weight": {"_type": "histogram", "values": [3.0, 2.0, 5.0, 8.0, 9.0, 11.0, 9.0, 9.0, 7.0, 10.0, 9.0, 17.0, 47.0, 101.0, 144.0, 168.0, 2267.0, 51.0, 37.0, 54.0, 13.0, 16.0, 10.0, 3.0, 2.0, 10.0, 12.0, 12.0, 6.0, 3.0, 1.0, 2.0, 1.0, 0.0, 2.0, 0.0, 0.0, 2.0, 0.0, 0.0, 0.0, 1.0, 0.0, 0.0, 0.0, 0.0, 0.0, 0.0, 0.0, 2.0, 0.0, 1.0, 0.0, 0.0, 0.0, 1.0, 2.0, 0.0, 1.0, 0.0, 0.0, 0.0, 0.0, 1.0], "bins": [-9.512831687927246, -8.938892364501953, -8.364953994750977, -7.791014671325684, -7.217076301574707, -6.643136978149414, -6.069198131561279, -5.4952592849731445, -4.92132043838501, -4.347381591796875, -3.7734427452087402, -3.1995038986206055, -2.6255645751953125, -2.0516257286071777, -1.477686882019043, -0.9037485122680664, -0.32980918884277344, 0.24413013458251953, 0.8180685043334961, 1.392007827758789, 1.9659461975097656, 2.5398855209350586, 3.113823890686035, 3.687763214111328, 4.261702537536621, 4.835640907287598, 5.409580230712891, 5.983518600463867, 6.55745792388916, 7.131396293640137, 7.705334663391113, 8.279274940490723, 8.853212356567383, 9.42715072631836, 10.001091003417969, 10.575029373168945, 11.148967742919922, 11.722907066345215, 12.296845436096191, 12.870784759521484, 13.444723129272461, 14.018662452697754, 14.592601776123047, 15.166540145874023, 15.740479469299316, 16.31441879272461, 16.888357162475586, 17.462295532226562, 18.036235809326172, 18.61017417907715, 19.184112548828125, 19.7580509185791, 20.331989288330078, 20.905929565429688, 21.479867935180664, 22.05380630493164, 22.62774658203125, 23.201684951782227, 23.775623321533203, 24.349563598632812, 24.92350196838379, 25.497440338134766, 26.071378707885742, 26.64531898498535, 27.219257354736328]}, "gradients/linear.3.bias": {"_type": "histogram", "values": [1.0, 0.0, 0.0, 0.0, 0.0, 0.0, 0.0, 0.0, 0.0, 0.0, 0.0, 0.0, 1.0, 0.0, 0.0, 1.0, 0.0, 0.0, 0.0, 0.0, 0.0, 0.0, 0.0, 1.0, 2.0, 0.0, 0.0, 0.0, 0.0, 0.0, 1.0, 0.0, 0.0, 1.0, 1.0, 1.0, 0.0, 0.0, 1.0, 0.0, 0.0, 0.0, 0.0, 0.0, 0.0, 0.0, 0.0, 0.0, 0.0, 0.0, 0.0, 0.0, 0.0, 0.0, 0.0, 0.0, 0.0, 0.0, 0.0, 0.0, 0.0, 0.0, 0.0, 21.0], "bins": [-12.500604629516602, -12.305282592773438, -12.109960556030273, -11.91463851928711, -11.719316482543945, -11.523994445800781, -11.328672409057617, -11.13335132598877, -10.938029289245605, -10.742707252502441, -10.547385215759277, -10.352063179016113, -10.15674114227295, -9.961419105529785, -9.766097068786621, -9.570775985717773, -9.37545394897461, -9.180131912231445, -8.984809875488281, -8.789487838745117, -8.594165802001953, -8.398843765258789, -8.203521728515625, -8.008199691772461, -7.812877655029297, -7.617556095123291, -7.422234058380127, -7.226912021636963, -7.031589984893799, -6.836267948150635, -6.640946388244629, -6.445624351501465, -6.250302314758301, -6.054980278015137, -5.859658241271973, -5.664336681365967, -5.469014644622803, -5.273692607879639, -5.078370571136475, -4.8830485343933105, -4.687726974487305, -4.492404937744141, -4.297082901000977, -4.1017608642578125, -3.9064388275146484, -3.7111170291900635, -3.5157949924468994, -3.3204731941223145, -3.1251511573791504, -2.9298291206359863, -2.7345073223114014, -2.5391852855682373, -2.3438634872436523, -2.1485414505004883, -1.9532194137573242, -1.7578974962234497, -1.5625755786895752, -1.3672536611557007, -1.1719317436218262, -0.9766097068786621, -0.7812877893447876, -0.5859658718109131, -0.3906438946723938, -0.1953219473361969, 0.0]}, "gradients/linear.3.weight": {"_type": "histogram", "values": [1.0, 0.0, 0.0, 0.0, 0.0, 0.0, 0.0, 0.0, 0.0, 0.0, 0.0, 0.0, 1.0, 0.0, 0.0, 1.0, 0.0, 0.0, 0.0, 0.0, 0.0, 0.0, 0.0, 1.0, 2.0, 0.0, 0.0, 0.0, 1.0, 0.0, 1.0, 0.0, 0.0, 1.0, 1.0, 2.0, 0.0, 1.0, 1.0, 0.0, 0.0, 2.0, 2.0, 0.0, 0.0, 2.0, 1.0, 2.0, 1.0, 2.0, 2.0, 2.0, 1.0, 4.0, 3.0, 2.0, 7.0, 3.0, 9.0, 6.0, 1.0, 0.0, 0.0, 958.0], "bins": [-460.7850646972656, -453.5852966308594, -446.3855285644531, -439.1857604980469, -431.9859924316406, -424.7862243652344, -417.5864562988281, -410.3866882324219, -403.1869201660156, -395.9871826171875, -388.78741455078125, -381.587646484375, -374.38787841796875, -367.1881103515625, -359.98834228515625, -352.78857421875, -345.58880615234375, -338.3890380859375, -331.18927001953125, -323.989501953125, -316.78973388671875, -309.5899658203125, -302.39019775390625, -295.1904296875, -287.99066162109375, -280.7908935546875, -273.59112548828125, -266.391357421875, -259.19158935546875, -251.99183654785156, -244.7920684814453, -237.59230041503906, -230.3925323486328, -223.19276428222656, -215.9929962158203, -208.79322814941406, -201.5934600830078, -194.39369201660156, -187.19393920898438, -179.99417114257812, -172.79440307617188, -165.59463500976562, -158.39486694335938, -151.19509887695312, -143.99533081054688, -136.79556274414062, -129.59579467773438, -122.39603424072266, -115.1962661743164, -107.99649810791016, -100.7967300415039, -93.59696960449219, -86.39720153808594, -79.19743347167969, -71.99766540527344, -64.79789733886719, -57.5981330871582, -50.39836502075195, -43.19860076904297, -35.99883270263672, -28.7990665435791, -21.599300384521484, -14.39953327178955, -7.199766635894775, 0.0]}, "gradients/linear.0.bias": {"_type": "histogram", "values": [1.0, 0.0, 0.0, 0.0, 0.0, 0.0, 0.0, 0.0, 0.0, 0.0, 0.0, 0.0, 0.0, 0.0, 0.0, 0.0, 0.0, 0.0, 0.0, 0.0, 0.0, 0.0, 0.0, 0.0, 0.0, 0.0, 0.0, 0.0, 0.0, 0.0, 0.0, 1.0, 0.0, 0.0, 0.0, 0.0, 0.0, 0.0, 0.0, 26.0, 0.0, 0.0, 0.0, 1.0, 0.0, 0.0, 2.0, 0.0, 0.0, 0.0, 0.0, 0.0, 0.0, 0.0, 0.0, 0.0, 0.0, 0.0, 0.0, 0.0, 0.0, 0.0, 0.0, 1.0],