{"gradients/graph_8linear.5.bias": {"_type": "histogram", "values": [3.0, 1.0, 3.0, 1.0, 3.0, 1.0, 1.0, 0.0, 1.0, 1.0, 2.0, 2.0, 10.0, 28.0, 12.0, 6.0, 3.0, 3.0, 3.0, 1.0, 1.0, 2.0, 0.0, 0.0, 1.0, 0.0, 2.0, 1.0, 0.0, 0.0, 0.0, 0.0, 1.0, 0.0, 0.0, 0.0, 0.0, 0.0, 0.0, 0.0, 1.0, 1.0, 0.0, 0.0, 0.0, 0.0, 0.0, 0.0, 0.0, 0.0, 0.0, 0.0, 0.0, 0.0, 0.0, 0.0, 0.0, 0.0, 0.0, 0.0, 0.0, 0.0, 0.0, 1.0], "bins": [-0.614469051361084, -0.5774924755096436, -0.5405158400535583, -0.5035392642021179, -0.4665626585483551, -0.4295860528945923, -0.39260947704315186, -0.35563287138938904, -0.3186562657356262, -0.2816796600818634, -0.24470305442810059, -0.20772647857666016, -0.17074987292289734, -0.13377326726913452, -0.09679669141769409, -0.05982005596160889, -0.022843480110168457, 0.014133095741271973, 0.05110973119735718, 0.08808630704879761, 0.1250629425048828, 0.16203951835632324, 0.19901609420776367, 0.23599272966384888, 0.2729693055152893, 0.30994588136672974, 0.34692251682281494, 0.38389909267425537, 0.4208756685256958, 0.45785224437713623, 0.4948289394378662, 0.5318055152893066, 0.5687820911407471, 0.6057586669921875, 0.6427352428436279, 0.6797119379043579, 0.7166885137557983, 0.7536650896072388, 0.7906416654586792, 0.8276183009147644, 0.8645948767662048, 0.9015714526176453, 0.9385480880737305, 0.9755246639251709, 1.0125012397766113, 1.0494778156280518, 1.0864543914794922, 1.1234310865402222, 1.1604076623916626, 1.197384238243103, 1.234360933303833, 1.2713375091552734, 1.3083140850067139, 1.3452906608581543, 1.3822672367095947, 1.4192438125610352, 1.4562203884124756, 1.4931970834732056, 1.530173659324646, 1.5671502351760864, 1.6041268110275269, 1.6411033868789673, 1.6780800819396973, 1.7150566577911377, 1.7520332336425781]}, "_timestamp": 1715779346.2861602, "gradients/graph_8linear.5.weight": {"_type": "histogram", "values": [9.0, 19.0, 43.0, 60.0, 88.0, 110.0, 124.0, 134.0, 137.0, 126.0, 156.0, 203.0, 368.0, 1243.0, 1970.0, 1908.0, 3907.0, 487.0, 252.0, 168.0, 110.0, 77.0, 73.0, 74.0, 73.0, 44.0, 37.0, 26.0, 21.0, 20.0, 23.0, 16.0, 13.0, 19.0, 17.0, 16.0, 8.0, 18.0, 12.0, 9.0, 6.0, 3.0, 3.0, 4.0, 0.0, 3.0, 2.0, 3.0, 2.0, 5.0, 6.0, 3.0, 3.0, 4.0, 3.0, 1.0, 2.0, 6.0, 3.0, 1.0, 3.0, 1.0, 1.0, 2.0], "bins": [-4.877236843109131, -4.583741664886475, -4.290246963500977, -3.9967517852783203, -3.703256607055664, -3.409761428833008, -3.1162664890289307, -2.8227715492248535, -2.5292763710021973, -2.235781192779541, -1.9422862529754639, -1.6487913131713867, -1.3552961349487305, -1.0618009567260742, -0.7683062553405762, -0.4748110771179199, -0.18131589889526367, 0.11217927932739258, 0.40567445755004883, 0.6991691589355469, 0.9926643371582031, 1.2861595153808594, 1.5796542167663574, 1.8731493949890137, 2.16664457321167, 2.460139751434326, 2.7536349296569824, 3.0471296310424805, 3.3406243324279785, 3.6341195106506348, 3.927614688873291, 4.221109867095947, 4.514605522155762, 4.808100700378418, 5.101595878601074, 5.3950910568237305, 5.688586235046387, 5.982080936431885, 6.275575637817383, 6.569070816040039, 6.862565994262695, 7.156061172485352, 7.449556350708008, 7.743051052093506, 8.03654670715332, 8.330041885375977, 8.623536109924316, 8.917031288146973, 9.210526466369629, 9.504021644592285, 9.797516822814941, 10.091011047363281, 10.384506225585938, 10.678001403808594, 10.97149658203125, 11.264991760253906, 11.558486938476562, 11.851982116699219, 12.145477294921875, 12.438972473144531, 12.732467651367188, 13.025961875915527, 13.319457054138184, 13.61295223236084, 13.906447410583496]}, "gradients/graph_8linear.3.bias": {"_type": "histogram", "values": [2.0, 0.0, 1.0, 2.0, 0.0, 2.0, 2.0, 3.0, 2.0, 3.0, 3.0, 3.0, 1.0, 5.0, 3.0, 1.0, 7.0, 3.0, 5.0, 3.0, 4.0, 2.0, 3.0, 1.0, 3.0, 0.0, 2.0, 1.0, 3.0, 1.0, 0.0, 0.0, 1.0, 3.0, 3.0, 2.0, 2.0, 0.0, 4.0, 3.0, 1.0, 0.0, 1.0, 1.0, 2.0, 1.0, 1.0, 1.0, 1.0, 1.0, 1.0, 0.0, 1.0, 1.0, 0.0, 0.0, 0.0, 23.0, 0.0, 1.0, 0.0, 0.0, 0.0, 2.0], "bins": [-2.7824368476867676, -2.7338297367095947, -2.685222625732422, -2.636615753173828, -2.5880086421966553, -2.5394015312194824, -2.4907944202423096, -2.4421873092651367, -2.393580436706543, -2.34497332572937, -2.2963662147521973, -2.2477591037750244, -2.1991519927978516, -2.150545120239258, -2.101938009262085, -2.053330898284912, -2.0047237873077393, -1.956116795539856, -1.9075098037719727, -1.8589026927947998, -1.810295581817627, -1.7616885900497437, -1.7130814790725708, -1.664474368095398, -1.6158673763275146, -1.5672602653503418, -1.5186532735824585, -1.4700461626052856, -1.4214390516281128, -1.3728320598602295, -1.3242249488830566, -1.2756179571151733, -1.22701096534729, -1.1784038543701172, -1.1297968626022339, -1.081189751625061, -1.0325827598571777, -0.9839756488800049, -0.935368537902832, -0.8867615461349487, -0.8381544351577759, -0.7895474433898926, -0.7409403324127197, -0.6923332214355469, -0.6437262296676636, -0.5951191186904907, -0.5465120077133179, -0.4979049861431122, -0.4492979347705841, -0.40069088339805603, -0.35208383202552795, -0.3034767210483551, -0.254869669675827, -0.20626261830329895, -0.15765556693077087, -0.10904848575592041, -0.060441434383392334, -0.011834383010864258, 0.036772698163986206, 0.08537974953651428, 0.13398681581020355, 0.18259388208389282, 0.2312009334564209, 0.27980801463127136, 0.32841506600379944]}, "gradients/graph_8linear.3.weight": {"_type": "histogram", "values": [2.0, 0.0, 1.0, 2.0, 4.0, 2.0, 4.0, 7.0, 4.0, 8.0, 10.0, 9.0, 10.0, 18.0, 12.0, 13.0, 23.0, 25.0, 22.0, 29.0, 33.0, 39.0, 33.0, 40.0, 49.0, 38.0, 48.0, 50.0, 57.0, 57.0, 54.0, 56.0, 63.0, 52.0, 64.0, 59.0, 66.0, 69.0, 72.0, 81.0, 91.0, 111.0, 136.0, 135.0, 152.0, 181.0, 166.0, 165.0, 198.0, 193.0, 228.0, 206.0, 173.0, 202.0, 183.0, 117.0, 138.0, 12229.0, 34.0, 29.0, 6.0, 11.0, 9.0, 6.0], "bins": [-14.360486030578613, -14.109619140625, -13.858752250671387, -13.607885360717773, -13.35701847076416, -13.106151580810547, -12.85528564453125, -12.604418754577637, -12.353551864624023, -12.10268497467041, -11.851818084716797, -11.600951194763184, -11.35008430480957, -11.099217414855957, -10.848350524902344, -10.597484588623047, -10.346616744995117, -10.09575080871582, -9.84488296508789, -9.594017028808594, -9.34315013885498, -9.092283248901367, -8.841416358947754, -8.59054946899414, -8.339682579040527, -8.088815689086914, -7.837949275970459, -7.587082386016846, -7.336215496063232, -7.085348606109619, -6.834482192993164, -6.583615303039551, -6.3327484130859375, -6.081881523132324, -5.831014633178711, -5.580148220062256, -5.329281330108643, -5.078414440155029, -4.827547550201416, -4.576680660247803, -4.325814247131348, -4.074947357177734, -3.824080467224121, -3.573213577270508, -3.3223466873168945, -3.0714797973632812, -2.820613384246826, -2.569746494293213, -2.3188796043395996, -2.0680127143859863, -1.8171461820602417, -1.5662792921066284, -1.3154126405715942, -1.064545750617981, -0.8136788606643677, -0.5628122091293335, -0.3119453191757202, -0.061078548431396484, 0.18978822231292725, 0.4406551122665405, 0.6915218830108643, 0.942388653755188, 1.1932554244995117, 1.444122314453125, 1.6949890851974487]}, "gradients/graph_8linear.0.bias": {"_type": "histogram", "values": [1.0, 0.0, 0.0, 1.0, 0.0, 0.0, 1.0, 0.0, 0.0, 0.0, 0.0, 0.0, 1.0, 0.0, 0.0, 0.0, 0.0, 0.0, 1.0, 2.0, 0.0, 1.0, 0.0, 0.0, 0.0, 1.0, 0.0, 1.0, 1.0, 0.0, 2.0, 2.0, 2.0, 1.0, 1.0, 2.0, 2.0, 2.0, 1.0, 1.0, 1.0, 2.0, 1.0, 0.0, 2.0, 0.0, 1.0, 1.0, 1.0, 0.0, 0.0, 1.0, 0.0, 0.0, 1.0, 0.0, 0.0, 1.0, 1.0, 0.0, 0.0, 0.0, 0.0, 88.0],