{"gradients/graph_17linear.3.bias": {"_type": "histogram", "values": [1.0, 0.0, 0.0, 0.0, 0.0, 0.0, 1.0, 0.0, 0.0, 0.0, 0.0, 0.0, 0.0, 0.0, 0.0, 0.0, 0.0, 0.0, 0.0, 0.0, 0.0, 0.0, 0.0, 0.0, 0.0, 14.0, 3.0, 1.0, 13.0, 1.0, 0.0, 9.0, 32.0, 1.0, 2.0, 19.0, 0.0, 1.0, 10.0, 0.0, 0.0, 0.0, 0.0, 0.0, 0.0, 0.0, 0.0, 0.0, 0.0, 0.0, 0.0, 0.0, 0.0, 0.0, 0.0, 0.0, 0.0, 3.0, 0.0, 0.0, 2.0, 0.0, 0.0, 7.0], "bins": [-200.0, -193.75, -187.5, -181.25, -175.0, -168.75, -162.5, -156.25, -150.0, -143.75, -137.5, -131.25, -125.0, -118.75, -112.5, -106.25, -100.0, -93.75, -87.5, -81.25, -75.0, -68.75, -62.5, -56.25, -50.0, -43.75, -37.5, -31.25, -25.0, -18.75, -12.5, -6.25, 0.0, 6.25, 12.5, 18.75, 25.0, 31.25, 37.5, 43.75, 50.0, 56.25, 62.5, 68.75, 75.0, 81.25, 87.5, 93.75, 100.0, 106.25, 112.5, 118.75, 125.0, 131.25, 137.5, 143.75, 150.0, 156.25, 162.5, 168.75, 175.0, 181.25, 187.5, 193.75, 200.0]}, "_timestamp": 1715869574.3341796, "gradients/graph_17linear.3.weight": {"_type": "histogram", "values": [1.0, 0.0, 0.0, 0.0, 0.0, 0.0, 1.0, 1.0, 0.0, 0.0, 1.0, 1.0, 1.0, 0.0, 1.0, 1.0, 0.0, 1.0, 0.0, 0.0, 1.0, 0.0, 0.0, 0.0, 0.0, 15.0, 4.0, 43.0, 25.0, 57.0, 39.0, 151.0, 7068.0, 53.0, 68.0, 27.0, 37.0, 4.0, 19.0, 0.0, 0.0, 0.0, 0.0, 3.0, 2.0, 0.0, 7.0, 0.0, 3.0, 3.0, 2.0, 5.0, 7.0, 7.0, 2.0, 0.0, 7.0, 3.0, 0.0, 0.0, 2.0, 0.0, 0.0, 7.0], "bins": [-3947.934326171875, -3824.561279296875, -3701.1884765625, -3577.8154296875, -3454.442626953125, -3331.069580078125, -3207.69677734375, -3084.32373046875, -2960.95068359375, -2837.57763671875, -2714.204833984375, -2590.83203125, -2467.458984375, -2344.0859375, -2220.712890625, -2097.340087890625, -1973.9671630859375, -1850.59423828125, -1727.22119140625, -1603.848388671875, -1480.475341796875, -1357.1025390625, -1233.7294921875, -1110.3564453125, -986.983642578125, -863.610595703125, -740.23779296875, -616.86474609375, -493.49169921875, -370.118896484375, -246.745849609375, -123.373046875, 0.0, 123.373046875, 246.745849609375, 370.118896484375, 493.49169921875, 616.86474609375, 740.23779296875, 863.610595703125, 986.983642578125, 1110.3564453125, 1233.7294921875, 1357.1025390625, 1480.475341796875, 1603.848388671875, 1727.22119140625, 1850.59423828125, 1973.9671630859375, 2097.340087890625, 2220.712890625, 2344.0859375, 2467.458984375, 2590.83203125, 2714.204833984375, 2837.57763671875, 2960.95068359375, 3084.32373046875, 3207.69677734375, 3331.069580078125, 3454.442626953125, 3577.8154296875, 3701.1884765625, 3824.561279296875, 3947.934326171875]}, "gradients/graph_17linear.0.bias": {"_type": "histogram", "values": [1.0, 0.0, 0.0, 0.0, 0.0, 0.0, 0.0, 0.0, 0.0, 0.0, 0.0, 0.0, 0.0, 0.0, 0.0, 0.0, 0.0, 0.0, 0.0, 0.0, 0.0, 0.0, 0.0, 0.0, 0.0, 0.0, 0.0, 1.0, 0.0, 0.0, 0.0, 1.0, 0.0, 0.0, 0.0, 0.0, 0.0, 0.0, 0.0, 0.0, 0.0, 0.0, 56.0, 0.0, 0.0, 2.0, 0.0, 1.0, 0.0, 0.0, 1.0, 0.0, 0.0, 0.0, 0.0, 0.0, 0.0, 0.0, 0.0, 0.0, 0.0, 0.0, 0.0, 1.0], "bins": [-560.3375244140625, -547.0574340820312, -533.7772827148438, -520.4971923828125, -507.2170715332031, -493.93695068359375, -480.6568298339844, -467.376708984375, -454.09661865234375, -440.8164978027344, -427.536376953125, -414.25628662109375, -400.97613525390625, -387.696044921875, -374.4159240722656, -361.13580322265625, -347.855712890625, -334.5755615234375, -321.29547119140625, -308.0153503417969, -294.7352294921875, -281.45513916015625, -268.1750183105469, -254.8948974609375, -241.61477661132812, -228.33465576171875, -215.0545654296875, -201.77444458007812, -188.49432373046875, -175.21420288085938, -161.93411254882812, -148.65399169921875, -135.37387084960938, -122.09375, -108.81362915039062, -95.53353881835938, -82.25341796875, -68.97329711914062, -55.69317626953125, -42.4130859375, -29.132965087890625, -15.85284423828125, -2.572723388671875, 10.7073974609375, 23.98748779296875, 37.267608642578125, 50.5477294921875, 63.82783508300781, 77.10795593261719, 90.38807678222656, 103.66818237304688, 116.94830322265625, 130.22840881347656, 143.50852966308594, 156.78863525390625, 170.06875610351562, 183.348876953125, 196.6289825439453, 209.90908813476562, 223.189208984375, 236.46932983398438, 249.7494354248047, 263.029541015625, 276.3096618652344, 289.58978271484375]}, "gradients/graph_17linear.0.weight": {"_type": "histogram", "values": [7.0, 2.0, 2.0, 1.0, 2.0, 2.0, 1.0, 3.0, 2.0, 0.0, 2.0, 17.0, 7.0, 27.0, 3.0, 1.0, 8.0, 14.0, 1.0, 4.0, 3.0, 4.0, 1.0, 4.0, 0.0, 1.0, 1.0, 9.0, 6.0, 6.0, 24.0, 49.0, 29.0, 43.0, 50.0, 15.0, 13.0, 6.0, 7.0, 18.0, 55.0, 8115.0, 46.0, 203.0, 112.0, 62.0, 64.0, 21.0, 10.0, 10.0, 7.0, 7.0, 6.0, 19.0, 5.0, 32.0, 23.0, 2.0, 5.0, 2.0, 3.0, 4.0, 7.0, 1.0], "bins": [-1486.147705078125, -1450.1068115234375, -1414.0657958984375, -1378.02490234375, -1341.9840087890625, -1305.943115234375, -1269.902099609375, -1233.8612060546875, -1197.8203125, -1161.779296875, -1125.7384033203125, -1089.697509765625, -1053.656494140625, -1017.6156005859375, -981.5746459960938, -945.5337524414062, -909.4927978515625, -873.4518432617188, -837.4109497070312, -801.3699951171875, -765.3291015625, -729.2881469726562, -693.2471923828125, -657.206298828125, -621.1653442382812, -585.1243896484375, -549.08349609375, -513.0425415039062, -477.0015869140625, -440.960693359375, -404.9197998046875, -368.8787841796875, -332.8380126953125, -296.797119140625, -260.756103515625, -224.7152099609375, -188.67431640625, -152.63336181640625, -116.5924072265625, -80.551513671875, -44.51055908203125, -8.4696044921875, 27.5712890625, 63.61224365234375, 99.6531982421875, 135.694091796875, 171.73504638671875, 207.77593994140625, 243.81689453125, 279.85784912109375, 315.89874267578125, 351.939697265625, 387.9806213378906, 424.02154541015625, 460.0625, 496.1034240722656, 532.1443481445312, 568.185302734375, 604.2261962890625, 640.2671508789062, 676.30810546875, 712.3489990234375, 748.3899536132812, 784.4308471679688, 820.4718017578125]}, "SPO+ loss (training)": 8117.4021939212325, "_runtime": 668.2770125865936, "_step": 74, "SPO+ loss (validation)": 21398.29223030822, "Regret": 0.13759190484499215, "_wandb": {"runtime": 667}}