{"gradients/graph_3linear.5.bias": {"_type": "histogram", "values": [1.0, 0.0, 1.0, 0.0, 1.0, 1.0, 1.0, 0.0, 0.0, 0.0, 1.0, 1.0, 0.0, 0.0, 0.0, 0.0, 0.0, 1.0, 1.0, 0.0, 0.0, 1.0, 1.0, 0.0, 2.0, 1.0, 3.0, 4.0, 1.0, 3.0, 5.0, 3.0, 4.0, 10.0, 9.0, 7.0, 4.0, 4.0, 3.0, 2.0, 1.0, 1.0, 0.0, 0.0, 0.0, 0.0, 1.0, 1.0, 0.0, 0.0, 3.0, 3.0, 1.0, 1.0, 2.0, 2.0, 0.0, 0.0, 1.0, 0.0, 1.0, 0.0, 1.0, 1.0], "bins": [-0.9552268385887146, -0.9251184463500977, -0.8950100541114807, -0.8649016618728638, -0.8347933292388916, -0.8046849370002747, -0.7745765447616577, -0.7444681525230408, -0.7143597602844238, -0.6842514276504517, -0.6541430354118347, -0.6240346431732178, -0.5939262509346008, -0.5638178586959839, -0.5337095260620117, -0.5036011338233948, -0.47349274158477783, -0.4433843493461609, -0.41327595710754395, -0.3831676244735718, -0.35305923223495483, -0.3229508399963379, -0.29284244775772095, -0.262734055519104, -0.23262566328048706, -0.2025173306465149, -0.17240893840789795, -0.142300546169281, -0.11219215393066406, -0.08208376169204712, -0.05197542905807495, -0.021867036819458008, 0.00824129581451416, 0.038349688053131104, 0.06845808029174805, 0.09856641292572021, 0.12867480516433716, 0.1587831974029541, 0.18889158964157104, 0.218999981880188, 0.24910831451416016, 0.2792167067527771, 0.30932509899139404, 0.339433491230011, 0.36954188346862793, 0.3996502757072449, 0.42975860834121704, 0.459867000579834, 0.4899753928184509, 0.5200837850570679, 0.55019211769104, 0.5803005695343018, 0.6104089021682739, 0.6405172944068909, 0.6706256866455078, 0.70073401927948, 0.7308424711227417, 0.7609508037567139, 0.7910591959953308, 0.8211675882339478, 0.8512759804725647, 0.8813843727111816, 0.9114927053451538, 0.9416010975837708, 0.9717094898223877]}, "_timestamp": 1715778925.806667, "gradients/graph_3linear.5.weight": {"_type": "histogram", "values": [3.0, 0.0, 3.0, 1.0, 2.0, 3.0, 6.0, 2.0, 0.0, 1.0, 3.0, 4.0, 5.0, 7.0, 7.0, 11.0, 11.0, 14.0, 10.0, 11.0, 13.0, 7.0, 17.0, 11.0, 18.0, 15.0, 31.0, 52.0, 56.0, 92.0, 119.0, 1272.0, 314.0, 260.0, 151.0, 110.0, 49.0, 36.0, 24.0, 26.0, 24.0, 29.0, 41.0, 32.0, 24.0, 23.0, 16.0, 13.0, 11.0, 15.0, 16.0, 12.0, 6.0, 6.0, 6.0, 5.0, 1.0, 2.0, 2.0, 2.0, 2.0, 3.0, 2.0, 2.0], "bins": [-18.64556121826172, -18.057861328125, -17.47015953063965, -16.882457733154297, -16.294757843017578, -15.707056999206543, -15.119356155395508, -14.531655311584473, -13.943954467773438, -13.356253623962402, -12.768552780151367, -12.180851936340332, -11.593151092529297, -11.005450248718262, -10.417749404907227, -9.830048561096191, -9.242347717285156, -8.654646873474121, -8.066946029663086, -7.479245185852051, -6.891544342041016, -6.3038434982299805, -5.716142654418945, -5.12844181060791, -4.540740966796875, -3.95304012298584, -3.3653392791748047, -2.7776384353637695, -2.1899375915527344, -1.6022377014160156, -1.014535903930664, -0.4268341064453125, 0.16086769104003906, 0.7485675811767578, 1.3362693786621094, 1.923971176147461, 2.5116710662841797, 3.099371910095215, 3.68707275390625, 4.274773597717285, 4.86247444152832, 5.4501752853393555, 6.037876129150391, 6.625576972961426, 7.213277816772461, 7.800978660583496, 8.388679504394531, 8.976380348205566, 9.564081192016602, 10.151782035827637, 10.739482879638672, 11.327183723449707, 11.914884567260742, 12.502585411071777, 13.090286254882812, 13.677987098693848, 14.265687942504883, 14.853388786315918, 15.441089630126953, 16.028789520263672, 16.616491317749023, 17.204193115234375, 17.791893005371094, 18.379592895507812, 18.967294692993164]}, "gradients/graph_3linear.3.bias": {"_type": "histogram", "values": [10.0, 0.0, 0.0, 0.0, 0.0, 0.0, 0.0, 0.0, 0.0, 0.0, 0.0, 0.0, 0.0, 0.0, 0.0, 0.0, 0.0, 0.0, 0.0, 0.0, 0.0, 0.0, 0.0, 0.0, 0.0, 0.0, 0.0, 0.0, 0.0, 0.0, 0.0, 0.0, 1.0, 0.0, 0.0, 0.0, 0.0, 0.0, 0.0, 0.0, 1.0, 2.0, 1.0, 2.0, 4.0, 1.0, 3.0, 1.0, 0.0, 1.0, 0.0, 1.0, 0.0, 1.0, 0.0, 0.0, 0.0, 1.0, 0.0, 0.0, 1.0, 0.0, 0.0, 1.0], "bins": [0.0, 0.10589925944805145, 0.2117985188961029, 0.31769776344299316, 0.4235970377922058, 0.5294963121414185, 0.6353955268859863, 0.741294801235199, 0.8471940755844116, 0.9530933499336243, 1.058992624282837, 1.1648918390274048, 1.2707910537719727, 1.37669038772583, 1.482589602470398, 1.5884889364242554, 1.6943881511688232, 1.8002873659133911, 1.9061866998672485, 2.0120859146118164, 2.117985248565674, 2.223884344100952, 2.3297836780548096, 2.435683012008667, 2.5415821075439453, 2.6474814414978027, 2.75338077545166, 2.8592801094055176, 2.965179204940796, 3.0710785388946533, 3.1769778728485107, 3.282876968383789, 3.3887763023376465, 3.494675636291504, 3.6005747318267822, 3.7064740657806396, 3.812373399734497, 3.9182724952697754, 4.024171829223633, 4.13007116317749, 4.235970497131348, 4.341869354248047, 4.4477691650390625, 4.553668022155762, 4.659567356109619, 4.765466690063477, 4.871366024017334, 4.977265357971191, 5.083164215087891, 5.189063549041748, 5.2949628829956055, 5.400862216949463, 5.50676155090332, 5.612660884857178, 5.718560218811035, 5.824459075927734, 5.930358409881592, 6.036257743835449, 6.142157077789307, 6.248056411743164, 6.3539557456970215, 6.459855079650879, 6.565753936767578, 6.6716532707214355, 6.777552604675293]}, "gradients/graph_3linear.3.weight": {"_type": "histogram", "values": [958.0, 0.0, 2.0, 17.0, 3.0, 0.0, 0.0, 0.0, 0.0, 0.0, 0.0, 0.0, 0.0, 0.0, 0.0, 0.0, 0.0, 1.0, 0.0, 0.0, 0.0, 1.0, 2.0, 3.0, 5.0, 4.0, 0.0, 2.0, 0.0, 1.0, 0.0, 1.0, 1.0, 1.0, 1.0, 0.0, 0.0, 0.0, 0.0, 0.0, 1.0, 2.0, 1.0, 2.0, 4.0, 1.0, 3.0, 1.0, 0.0, 1.0, 0.0, 1.0, 0.0, 1.0, 0.0, 0.0, 0.0, 1.0, 0.0, 0.0, 1.0, 0.0, 0.0, 1.0], "bins": [0.0, 5.528958797454834, 11.057917594909668, 16.586875915527344, 22.115835189819336, 27.644794464111328, 33.17375183105469, 38.70271301269531, 44.23167037963867, 49.76062774658203, 55.289588928222656, 60.818546295166016, 66.34750366210938, 71.87646484375, 77.40542602539062, 82.93437957763672, 88.46334075927734, 93.99230194091797, 99.52125549316406, 105.05021667480469, 110.57917785644531, 116.1081314086914, 121.63709259033203, 127.16605377197266, 132.69500732421875, 138.22396850585938, 143.7529296875, 149.28189086914062, 154.81085205078125, 160.3397979736328, 165.86875915527344, 171.39772033691406, 176.9266815185547, 182.4556427001953, 187.98460388183594, 193.51356506347656, 199.04251098632812, 204.57147216796875, 210.10043334960938, 215.62939453125, 221.15835571289062, 226.68731689453125, 232.21627807617188, 237.7452392578125, 243.27418518066406, 248.8031463623047, 254.3321075439453, 259.8610534667969, 265.3900146484375, 270.9189758300781, 276.44793701171875, 281.9768981933594, 287.505859375, 293.0348205566406, 298.56378173828125, 304.0927429199219, 309.6217041015625, 315.150634765625, 320.67962646484375, 326.20855712890625, 331.7375183105469, 337.2664794921875, 342.7954406738281, 348.32440185546875, 353.8533630371094]}, "gradients/graph_3linear.0.bias": {"_type": "histogram", "values": [29.0, 0.0, 0.0, 0.0, 0.0, 0.0, 0.0, 0.0, 0.0, 0.0, 1.0, 0.0, 0.0, 0.0, 0.0, 0.0, 0.0, 0.0, 0.0, 0.0, 0.0, 0.0, 0.0, 0.0, 0.0, 0.0, 0.0, 0.0, 0.0, 0.0, 0.0, 0.0, 0.0, 1.0, 0.0, 0.0, 0.0, 0.0, 0.0, 0.0, 0.0, 0.0, 0.0, 0.0, 0.0, 0.0, 0.0, 0.0, 0.0, 0.0, 0.0, 0.0, 0.0, 0.0, 0.0, 0.0, 0.0, 0.0, 0.0, 0.0, 0.0, 0.0, 0.0, 1.0],