{"gradients/graph_19linear.5.bias": {"_type": "histogram", "values": [5.0, 3.0, 4.0, 1.0, 1.0, 0.0, 5.0, 14.0, 11.0, 3.0, 1.0, 1.0, 21.0, 2.0, 0.0, 0.0, 0.0, 0.0, 0.0, 0.0, 0.0, 0.0, 0.0, 0.0, 0.0, 0.0, 0.0, 0.0, 0.0, 0.0, 0.0, 0.0, 0.0, 0.0, 0.0, 1.0, 8.0, 3.0, 3.0, 0.0, 1.0, 1.0, 2.0, 1.0, 1.0, 0.0, 0.0, 0.0, 0.0, 0.0, 1.0, 1.0, 0.0, 0.0, 0.0, 0.0, 0.0, 0.0, 0.0, 0.0, 0.0, 0.0, 0.0, 1.0], "bins": [-1.4470818042755127, -1.3823771476745605, -1.3176724910736084, -1.2529678344726562, -1.188263177871704, -1.123558521270752, -1.0588538646697998, -0.9941492080688477, -0.9294445514678955, -0.8647398948669434, -0.8000352382659912, -0.7353305816650391, -0.6706259250640869, -0.6059212684631348, -0.5412166118621826, -0.47651195526123047, -0.4118072986602783, -0.34710264205932617, -0.282397985458374, -0.21769332885742188, -0.15298867225646973, -0.08828401565551758, -0.02357935905456543, 0.04112529754638672, 0.10582995414733887, 0.17053461074829102, 0.23523926734924316, 0.2999439239501953, 0.36464858055114746, 0.4293532371520996, 0.49405789375305176, 0.5587625503540039, 0.623467206954956, 0.6881718635559082, 0.7528765201568604, 0.8175811767578125, 0.8822858333587646, 0.9469904899597168, 1.011695146560669, 1.076399803161621, 1.1411044597625732, 1.2058091163635254, 1.2705137729644775, 1.3352184295654297, 1.3999230861663818, 1.464627742767334, 1.5293323993682861, 1.5940370559692383, 1.6587417125701904, 1.7234463691711426, 1.7881510257720947, 1.8528556823730469, 1.917560338973999, 1.9822649955749512, 2.0469696521759033, 2.1116743087768555, 2.1763789653778076, 2.2410836219787598, 2.305788278579712, 2.370492935180664, 2.435197591781616, 2.4999022483825684, 2.5646069049835205, 2.6293115615844727, 2.694016218185425]}, "_timestamp": 1715780408.7533782, "gradients/graph_19linear.5.weight": {"_type": "histogram", "values": [5.0, 3.0, 4.0, 1.0, 1.0, 2.0, 16.0, 33.0, 27.0, 10.0, 21.0, 76.0, 108.0, 60.0, 116.0, 238.0, 175.0, 323.0, 270.0, 250.0, 243.0, 135.0, 256.0, 41.0, 47.0, 66.0, 61.0, 89.0, 78.0, 73.0, 39.0, 36.0, 47.0, 28.0, 11.0, 13.0, 21.0, 14.0, 7.0, 0.0, 3.0, 4.0, 7.0, 3.0, 3.0, 1.0, 0.0, 0.0, 0.0, 1.0, 1.0, 2.0, 1.0, 1.0, 0.0, 0.0, 0.0, 0.0, 0.0, 0.0, 0.0, 0.0, 0.0, 1.0], "bins": [-4.724876880645752, -4.513609409332275, -4.302341461181641, -4.091073989868164, -3.8798065185546875, -3.668538808822632, -3.457271099090576, -3.2460036277770996, -3.034735918045044, -2.8234682083129883, -2.6122007369995117, -2.400933027267456, -2.1896653175354004, -1.9783978462219238, -1.7671301364898682, -1.5558626651763916, -1.344594955444336, -1.1333272457122803, -0.9220597743988037, -0.710792064666748, -0.4995245933532715, -0.2882566452026367, -0.07698917388916016, 0.1342782974243164, 0.34554624557495117, 0.5568137168884277, 0.7680811882019043, 0.9793486595153809, 1.1906166076660156, 1.4018840789794922, 1.6131515502929688, 1.8244194984436035, 2.0356874465942383, 2.246954917907715, 2.4582228660583496, 2.669490337371826, 2.8807578086853027, 3.0920257568359375, 3.303293228149414, 3.5145606994628906, 3.725828170776367, 3.937096118927002, 4.1483635902404785, 4.359631061553955, 4.57089900970459, 4.782166481018066, 4.993433952331543, 5.2047014236450195, 5.415969371795654, 5.627237319946289, 5.838504791259766, 6.049772262573242, 6.261039733886719, 6.472307205200195, 6.68357515335083, 6.894842624664307, 7.106110572814941, 7.317378044128418, 7.5286455154418945, 7.739912986755371, 7.951180934906006, 8.16244888305664, 8.373716354370117, 8.584983825683594, 8.79625129699707]}, "gradients/graph_19linear.3.bias": {"_type": "histogram", "values": [2.0, 0.0, 0.0, 2.0, 1.0, 2.0, 3.0, 2.0, 0.0, 1.0, 0.0, 0.0, 0.0, 1.0, 3.0, 0.0, 3.0, 2.0, 1.0, 1.0, 0.0, 1.0, 1.0, 1.0, 1.0, 1.0, 0.0, 0.0, 1.0, 0.0, 0.0, 0.0, 0.0, 0.0, 0.0, 0.0, 0.0, 0.0, 0.0, 0.0, 0.0, 0.0, 0.0, 0.0, 0.0, 0.0, 0.0, 0.0, 0.0, 0.0, 0.0, 0.0, 0.0, 0.0, 0.0, 0.0, 0.0, 0.0, 0.0, 0.0, 0.0, 0.0, 0.0, 2.0], "bins": [-14.453914642333984, -14.228072166442871, -14.002229690551758, -13.776387214660645, -13.550544738769531, -13.324702262878418, -13.098859786987305, -12.873018264770508, -12.647174835205078, -12.421333312988281, -12.195489883422852, -11.969648361206055, -11.743805885314941, -11.517963409423828, -11.292120933532715, -11.066278457641602, -10.840435981750488, -10.614593505859375, -10.388751029968262, -10.162908554077148, -9.937066078186035, -9.711223602294922, -9.485382080078125, -9.259538650512695, -9.033697128295898, -8.807853698730469, -8.582012176513672, -8.356168746948242, -8.130327224731445, -7.904484748840332, -7.678642272949219, -7.4527997970581055, -7.226957321166992, -7.001114845275879, -6.775272369384766, -6.549429893493652, -6.323587417602539, -6.097745418548584, -5.871902942657471, -5.646060466766357, -5.420217990875244, -5.194375514984131, -4.968533039093018, -4.742690563201904, -4.516848564147949, -4.291006088256836, -4.065163612365723, -3.8393211364746094, -3.613478660583496, -3.387636184692383, -3.1617937088012695, -2.9359514713287354, -2.710108995437622, -2.484266519546509, -2.2584242820739746, -2.0325818061828613, -1.806739330291748, -1.5808968544006348, -1.355054497718811, -1.1292121410369873, -0.903369665145874, -0.6775272488594055, -0.451684832572937, -0.2258424162864685, 0.0]}, "gradients/graph_19linear.3.weight": {"_type": "histogram", "values": [2.0, 0.0, 0.0, 2.0, 1.0, 2.0, 3.0, 2.0, 0.0, 2.0, 1.0, 0.0, 1.0, 3.0, 5.0, 3.0, 5.0, 3.0, 1.0, 1.0, 0.0, 3.0, 3.0, 3.0, 3.0, 3.0, 1.0, 0.0, 2.0, 1.0, 2.0, 1.0, 0.0, 0.0, 1.0, 2.0, 0.0, 3.0, 5.0, 3.0, 0.0, 2.0, 4.0, 4.0, 1.0, 2.0, 5.0, 3.0, 8.0, 1.0, 4.0, 7.0, 2.0, 3.0, 1.0, 0.0, 0.0, 0.0, 0.0, 0.0, 0.0, 0.0, 0.0, 904.0], "bins": [-105.67981719970703, -104.02857208251953, -102.3773193359375, -100.72607421875, -99.0748291015625, -97.423583984375, -95.77233123779297, -94.12108612060547, -92.46984100341797, -90.81859588623047, -89.16734313964844, -87.51609802246094, -85.86485290527344, -84.21360778808594, -82.5623550415039, -80.9111099243164, -79.2598648071289, -77.60861206054688, -75.95736694335938, -74.30612182617188, -72.65487670898438, -71.00363159179688, -69.35237884521484, -67.70113372802734, -66.04988098144531, -64.39863586425781, -62.74739074707031, -61.09614562988281, -59.44489669799805, -57.79365158081055, -56.14240264892578, -54.49115753173828, -52.839908599853516, -51.18865966796875, -49.53741455078125, -47.886165618896484, -46.234920501708984, -44.58367156982422, -42.93242645263672, -41.28117752075195, -39.62993240356445, -37.97868347167969, -36.32743835449219, -34.67618942260742, -33.02494430541992, -31.373695373535156, -29.722448348999023, -28.07120132446289, -26.419954299926758, -24.768707275390625, -23.117460250854492, -21.46621322631836, -19.814966201782227, -18.163719177246094, -16.51247215270996, -14.861224174499512, -13.209977149963379, -11.558730125427246, -9.907483100891113, -8.25623607635498, -6.6049885749816895, -4.953741550445557, -3.3024942874908447, -1.6512471437454224, -0.0]}, "gradients/graph_19linear.0.bias": {"_type": "histogram", "values": [1.0, 0.0, 0.0, 0.0, 0.0, 0.0, 0.0, 0.0, 0.0, 0.0, 0.0, 0.0, 0.0, 0.0, 0.0, 0.0, 1.0, 0.0, 0.0, 0.0, 0.0, 0.0, 0.0, 1.0, 0.0, 0.0, 0.0, 0.0, 0.0, 1.0, 0.0, 0.0, 0.0, 0.0, 0.0, 0.0, 0.0, 0.0, 0.0, 0.0, 0.0, 0.0, 0.0, 0.0, 0.0, 0.0, 0.0, 0.0, 0.0, 0.0, 0.0, 0.0, 0.0, 0.0, 0.0, 0.0, 0.0, 0.0, 0.0, 0.0, 0.0, 0.0, 0.0, 28.0],