{"gradients/graph_14linear.5.bias": {"_type": "histogram", "values": [1.0, 1.0, 1.0, 0.0, 1.0, 1.0, 1.0, 2.0, 2.0, 4.0, 7.0, 2.0, 2.0, 6.0, 2.0, 0.0, 2.0, 25.0, 0.0, 1.0, 2.0, 0.0, 0.0, 3.0, 4.0, 3.0, 0.0, 4.0, 4.0, 2.0, 1.0, 3.0, 2.0, 1.0, 1.0, 1.0, 0.0, 0.0, 0.0, 0.0, 1.0, 1.0, 0.0, 0.0, 0.0, 0.0, 0.0, 0.0, 0.0, 0.0, 0.0, 0.0, 0.0, 0.0, 0.0, 1.0, 0.0, 0.0, 0.0, 0.0, 0.0, 0.0, 0.0, 1.0], "bins": [-0.4043487012386322, -0.3842529356479645, -0.36415719985961914, -0.3440614342689514, -0.3239656686782837, -0.30386990308761597, -0.28377413749694824, -0.2636784017086029, -0.24358263611793518, -0.22348687052726746, -0.20339111983776093, -0.1832953691482544, -0.16319960355758667, -0.14310383796691895, -0.12300810217857361, -0.10291233658790588, -0.08281657099723816, -0.06272080540657043, -0.04262503981590271, -0.022529304027557373, -0.0024335384368896484, 0.017662227153778076, 0.03775796294212341, 0.05785372853279114, 0.07794949412345886, 0.09804525971412659, 0.11814102530479431, 0.13823679089546204, 0.15833249688148499, 0.1784282624721527, 0.19852402806282043, 0.21861979365348816, 0.23871558904647827, 0.258811354637146, 0.2789071202278137, 0.29900288581848145, 0.31909865140914917, 0.3391943573951721, 0.35929012298583984, 0.37938588857650757, 0.3994816541671753, 0.419577419757843, 0.43967318534851074, 0.4597689211368561, 0.4798646867275238, 0.49996045231819153, 0.5200561881065369, 0.5401519536972046, 0.5602477192878723, 0.58034348487854, 0.6004392504692078, 0.6205350160598755, 0.6406307220458984, 0.6607265472412109, 0.6808222532272339, 0.7009180188179016, 0.7210137844085693, 0.7411095499992371, 0.7612053155899048, 0.7813010811805725, 0.8013968467712402, 0.8214925527572632, 0.8415883183479309, 0.8616840839385986, 0.8817798495292664]}, "_timestamp": 1715850043.296871, "gradients/graph_14linear.5.weight": {"_type": "histogram", "values": [1.0, 1.0, 1.0, 1.0, 1.0, 5.0, 5.0, 4.0, 7.0, 11.0, 20.0, 18.0, 36.0, 42.0, 64.0, 71.0, 96.0, 128.0, 240.0, 344.0, 1425.0, 98.0, 104.0, 80.0, 67.0, 42.0, 41.0, 21.0, 21.0, 13.0, 11.0, 12.0, 7.0, 2.0, 3.0, 5.0, 4.0, 1.0, 3.0, 2.0, 2.0, 1.0, 0.0, 2.0, 1.0, 1.0, 1.0, 0.0, 1.0, 0.0, 0.0, 0.0, 2.0, 0.0, 0.0, 2.0, 0.0, 0.0, 0.0, 0.0, 0.0, 0.0, 0.0, 1.0], "bins": [-7.2556538581848145, -6.895054340362549, -6.534455299377441, -6.173855781555176, -5.81325626373291, -5.452657222747803, -5.092057704925537, -4.73145866394043, -4.370859146118164, -4.010259628295898, -3.649660587310791, -3.2890610694885254, -2.9284615516662598, -2.5678625106811523, -2.2072629928588867, -1.8466639518737793, -1.4860644340515137, -1.125464916229248, -0.7648658752441406, -0.404266357421875, -0.04366731643676758, 0.31693220138549805, 0.6775317192077637, 1.0381312370300293, 1.398730754852295, 1.7593293190002441, 2.1199288368225098, 2.4805283546447754, 2.841127872467041, 3.2017273902893066, 3.562325954437256, 3.9229254722595215, 4.283524513244629, 4.6441240310668945, 5.00472354888916, 5.365322113037109, 5.725921630859375, 6.086521148681641, 6.447120666503906, 6.807720184326172, 7.168318748474121, 7.528918266296387, 7.889517784118652, 8.250117301940918, 8.610716819763184, 8.971315383911133, 9.331914901733398, 9.692514419555664, 10.05311393737793, 10.413713455200195, 10.774312973022461, 11.134912490844727, 11.495511054992676, 11.856110572814941, 12.216710090637207, 12.577309608459473, 12.937908172607422, 13.298507690429688, 13.659107208251953, 14.019706726074219, 14.380306243896484, 14.74090576171875, 15.1015043258667, 15.462103843688965, 15.82270336151123]}, "gradients/graph_14linear.3.bias": {"_type": "histogram", "values": [2.0, 0.0, 0.0, 0.0, 0.0, 0.0, 0.0, 0.0, 0.0, 0.0, 0.0, 0.0, 0.0, 0.0, 0.0, 0.0, 1.0, 0.0, 1.0, 0.0, 0.0, 1.0, 0.0, 1.0, 0.0, 0.0, 1.0, 0.0, 1.0, 1.0, 2.0, 0.0, 1.0, 1.0, 1.0, 1.0, 0.0, 0.0, 0.0, 0.0, 0.0, 1.0, 0.0, 0.0, 0.0, 0.0, 0.0, 0.0, 0.0, 0.0, 0.0, 0.0, 14.0, 0.0, 0.0, 1.0, 0.0, 0.0, 0.0, 0.0, 0.0, 0.0, 0.0, 1.0], "bins": [-3.4621753692626953, -3.39569354057312, -3.329211950302124, -3.262730121612549, -3.1962482929229736, -3.1297664642333984, -3.0632848739624023, -2.996803045272827, -2.930321216583252, -2.863839626312256, -2.7973577976226807, -2.7308759689331055, -2.6643943786621094, -2.597912549972534, -2.531430721282959, -2.464949131011963, -2.3984673023223877, -2.3319854736328125, -2.2655038833618164, -2.199022054672241, -2.132540225982666, -2.06605863571167, -1.9995768070220947, -1.9330949783325195, -1.8666132688522339, -1.8001315593719482, -1.733649730682373, -1.6671680212020874, -1.6006863117218018, -1.5342044830322266, -1.467722773551941, -1.4012410640716553, -1.3347594738006592, -1.268277645111084, -1.2017958164215088, -1.1353142261505127, -1.0688323974609375, -1.0023505687713623, -0.9358689188957214, -0.8693870902061462, -0.8029053807258606, -0.736423671245575, -0.6699418425559998, -0.6034601330757141, -0.5369784235954285, -0.47049659490585327, -0.4040148854255676, -0.33753305673599243, -0.2710513472557068, -0.20456957817077637, -0.13808780908584595, -0.0716060996055603, -0.005124330520629883, 0.06135743856430054, 0.12783914804458618, 0.1943209171295166, 0.260802686214447, 0.32728445529937744, 0.3937661945819855, 0.4602479338645935, 0.5267297029495239, 0.5932114720344543, 0.6596932411193848, 0.7261749505996704, 0.7926567196846008]}, "gradients/graph_14linear.3.weight": {"_type": "histogram", "values": [2.0, 0.0, 0.0, 0.0, 0.0, 0.0, 0.0, 0.0, 0.0, 0.0, 0.0, 0.0, 0.0, 0.0, 0.0, 0.0, 1.0, 0.0, 1.0, 0.0, 0.0, 1.0, 0.0, 1.0, 0.0, 0.0, 1.0, 0.0, 1.0, 1.0, 2.0, 0.0, 1.0, 1.0, 1.0, 1.0, 0.0, 0.0, 0.0, 0.0, 0.0, 1.0, 0.0, 0.0, 0.0, 0.0, 0.0, 2.0, 1.0, 5.0, 7.0, 1.0, 989.0, 1.0, 0.0, 1.0, 0.0, 0.0, 0.0, 0.0, 0.0, 0.0, 0.0, 1.0], "bins": [-123.90523529052734, -121.52597045898438, -119.1467056274414, -116.7674331665039, -114.38816833496094, -112.00890350341797, -109.629638671875, -107.25037384033203, -104.87110900878906, -102.49183654785156, -100.1125717163086, -97.73330688476562, -95.35404205322266, -92.97477722167969, -90.59550476074219, -88.21623992919922, -85.83697509765625, -83.45771026611328, -81.07844543457031, -78.69917297363281, -76.31990814208984, -73.94064331054688, -71.5613784790039, -69.18211364746094, -66.80284118652344, -64.423583984375, -62.0443115234375, -59.66504669189453, -57.28578186035156, -54.906517028808594, -52.527244567871094, -50.147979736328125, -47.768714904785156, -45.38945007324219, -43.01018524169922, -40.63091278076172, -38.25164794921875, -35.87238311767578, -33.49311828613281, -31.113849639892578, -28.73458480834961, -26.35531997680664, -23.976051330566406, -21.596786499023438, -19.21752166748047, -16.838253021240234, -14.458988189697266, -12.079719543457031, -9.700454711914062, -7.321189880371094, -4.941921234130859, -2.5626564025878906, -0.18338966369628906, 2.1958770751953125, 4.575141906738281, 6.954408645629883, 9.333675384521484, 11.712942123413086, 14.092207908630371, 16.471473693847656, 18.850740432739258, 21.23000717163086, 23.609272003173828, 25.98853874206543, 28.36780548095703]}, "gradients/graph_14linear.0.bias": {"_type": "histogram", "values": [30.0, 0.0, 1.0, 0.0, 0.0, 0.0, 0.0, 0.0, 0.0, 0.0, 0.0, 0.0, 0.0, 0.0, 0.0, 0.0, 0.0, 0.0, 0.0, 0.0, 0.0, 0.0, 0.0, 0.0, 0.0, 0.0, 0.0, 0.0, 0.0, 0.0, 0.0, 0.0, 0.0, 0.0, 0.0, 0.0, 0.0, 0.0, 0.0, 0.0, 0.0, 0.0, 0.0, 0.0, 0.0, 0.0, 0.0, 0.0, 0.0, 0.0, 0.0, 0.0, 0.0, 0.0, 0.0, 0.0, 0.0, 0.0, 0.0, 0.0, 0.0, 0.0, 0.0, 1.0],