{"gradients/graph_13linear.5.bias": {"_type": "histogram", "values": [4.0, 0.0, 0.0, 3.0, 0.0, 0.0, 1.0, 0.0, 0.0, 0.0, 0.0, 0.0, 0.0, 0.0, 0.0, 0.0, 0.0, 0.0, 0.0, 0.0, 0.0, 0.0, 0.0, 0.0, 0.0, 11.0, 0.0, 0.0, 17.0, 0.0, 0.0, 8.0, 45.0, 0.0, 0.0, 11.0, 0.0, 0.0, 14.0, 0.0, 0.0, 0.0, 0.0, 0.0, 0.0, 0.0, 0.0, 0.0, 0.0, 0.0, 0.0, 0.0, 0.0, 0.0, 0.0, 0.0, 0.0, 2.0, 0.0, 0.0, 1.0, 0.0, 0.0, 3.0], "bins": [-200.0, -193.75, -187.5, -181.25, -175.0, -168.75, -162.5, -156.25, -150.0, -143.75, -137.5, -131.25, -125.0, -118.75, -112.5, -106.25, -100.0, -93.75, -87.5, -81.25, -75.0, -68.75, -62.5, -56.25, -50.0, -43.75, -37.5, -31.25, -25.0, -18.75, -12.5, -6.25, 0.0, 6.25, 12.5, 18.75, 25.0, 31.25, 37.5, 43.75, 50.0, 56.25, 62.5, 68.75, 75.0, 81.25, 87.5, 93.75, 100.0, 106.25, 112.5, 118.75, 125.0, 131.25, 137.5, 143.75, 150.0, 156.25, 162.5, 168.75, 175.0, 181.25, 187.5, 193.75, 200.0]}, "_timestamp": 1715867552.7341273, "gradients/graph_13linear.5.weight": {"_type": "histogram", "values": [4.0, 0.0, 0.0, 3.0, 0.0, 0.0, 5.0, 0.0, 7.0, 0.0, 4.0, 16.0, 3.0, 10.0, 9.0, 15.0, 9.0, 14.0, 7.0, 8.0, 17.0, 13.0, 15.0, 15.0, 21.0, 38.0, 30.0, 62.0, 90.0, 201.0, 356.0, 788.0, 5047.0, 319.0, 178.0, 93.0, 78.0, 27.0, 33.0, 17.0, 10.0, 15.0, 6.0, 14.0, 6.0, 9.0, 8.0, 3.0, 15.0, 8.0, 5.0, 1.0, 12.0, 3.0, 0.0, 4.0, 0.0, 5.0, 0.0, 0.0, 1.0, 0.0, 0.0, 3.0], "bins": [-1063.1844482421875, -1029.9599609375, -996.7354125976562, -963.5109252929688, -930.286376953125, -897.0618896484375, -863.83740234375, -830.6128540039062, -797.3883056640625, -764.163818359375, -730.9393310546875, -697.7147827148438, -664.4902954101562, -631.2657470703125, -598.041259765625, -564.8167724609375, -531.5922241210938, -498.36773681640625, -465.1431884765625, -431.918701171875, -398.69415283203125, -365.46966552734375, -332.2451171875, -299.0206298828125, -265.796142578125, -232.57159423828125, -199.34710693359375, -166.12255859375, -132.8980712890625, -99.67352294921875, -66.44903564453125, -33.2244873046875, 0.0, 33.2244873046875, 66.44903564453125, 99.67352294921875, 132.8980712890625, 166.12255859375, 199.34710693359375, 232.57159423828125, 265.796142578125, 299.0206298828125, 332.2451171875, 365.46966552734375, 398.69415283203125, 431.918701171875, 465.1431884765625, 498.36773681640625, 531.5922241210938, 564.8167724609375, 598.041259765625, 631.2657470703125, 664.4902954101562, 697.7147827148438, 730.9393310546875, 764.163818359375, 797.3883056640625, 830.6128540039062, 863.83740234375, 897.0618896484375, 930.286376953125, 963.5109252929688, 996.7354125976562, 1029.9599609375, 1063.1844482421875]}, "gradients/graph_13linear.3.bias": {"_type": "histogram", "values": [1.0, 0.0, 0.0, 0.0, 0.0, 0.0, 1.0, 0.0, 0.0, 1.0, 0.0, 0.0, 1.0, 0.0, 0.0, 0.0, 0.0, 0.0, 1.0, 0.0, 1.0, 1.0, 0.0, 0.0, 0.0, 1.0, 0.0, 2.0, 0.0, 1.0, 0.0, 0.0, 25.0, 3.0, 2.0, 3.0, 1.0, 1.0, 1.0, 2.0, 1.0, 1.0, 0.0, 0.0, 2.0, 3.0, 2.0, 0.0, 1.0, 1.0, 0.0, 0.0, 1.0, 0.0, 2.0, 0.0, 0.0, 0.0, 0.0, 0.0, 0.0, 0.0, 0.0, 1.0], "bins": [-132.82713317871094, -128.70970153808594, -124.59227752685547, -120.474853515625, -116.357421875, -112.239990234375, -108.12256622314453, -104.00514221191406, -99.88771057128906, -95.77027893066406, -91.6528549194336, -87.53543090820312, -83.41799926757812, -79.30056762695312, -75.18314361572266, -71.06571960449219, -66.94828796386719, -62.83085632324219, -58.71343231201172, -54.59600830078125, -50.47857666015625, -46.36114501953125, -42.24372100830078, -38.12629699707031, -34.00886535644531, -29.891433715820312, -25.774009704589844, -21.656585693359375, -17.539154052734375, -13.421722412109375, -9.304298400878906, -5.1868743896484375, -1.0694427490234375, 3.0479888916015625, 7.165412902832031, 11.2828369140625, 15.4002685546875, 19.5177001953125, 23.63512420654297, 27.752548217773438, 31.869979858398438, 35.98741149902344, 40.104835510253906, 44.222259521484375, 48.339691162109375, 52.457122802734375, 56.574546813964844, 60.69197082519531, 64.80940246582031, 68.92683410644531, 73.04425811767578, 77.16168212890625, 81.27911376953125, 85.39654541015625, 89.51396942138672, 93.63139343261719, 97.74882507324219, 101.86625671386719, 105.98368072509766, 110.10110473632812, 114.21853637695312, 118.33596801757812, 122.4533920288086, 126.57081604003906, 130.68824768066406]}, "gradients/graph_13linear.3.weight": {"_type": "histogram", "values": [1.0, 1.0, 1.0, 0.0, 1.0, 0.0, 1.0, 1.0, 1.0, 4.0, 1.0, 1.0, 3.0, 3.0, 3.0, 3.0, 4.0, 5.0, 5.0, 7.0, 9.0, 7.0, 6.0, 5.0, 7.0, 14.0, 15.0, 11.0, 17.0, 30.0, 23.0, 32.0, 3403.0, 90.0, 67.0, 54.0, 35.0, 21.0, 32.0, 30.0, 28.0, 14.0, 12.0, 18.0, 18.0, 8.0, 10.0, 6.0, 5.0, 3.0, 3.0, 4.0, 3.0, 3.0, 3.0, 0.0, 0.0, 0.0, 0.0, 1.0, 0.0, 1.0, 1.0, 1.0], "bins": [-661.1033325195312, -640.6101684570312, -620.1170654296875, -599.6239013671875, -579.1307373046875, -558.6376342773438, -538.1444702148438, -517.6513671875, -497.158203125, -476.6650695800781, -456.17193603515625, -435.67877197265625, -415.1856384277344, -394.6925048828125, -374.1993408203125, -353.7062072753906, -333.21307373046875, -312.7199401855469, -292.226806640625, -271.733642578125, -251.24050903320312, -230.74737548828125, -210.25421142578125, -189.76107788085938, -169.2679443359375, -148.7747802734375, -128.28167724609375, -107.78851318359375, -87.29534912109375, -66.80224609375, -46.30908203125, -25.81597900390625, -5.32275390625, 15.17041015625, 35.66351318359375, 56.15667724609375, 76.6497802734375, 97.1429443359375, 117.6361083984375, 138.12921142578125, 158.62237548828125, 179.11550903320312, 199.608642578125, 220.101806640625, 240.59494018554688, 261.08807373046875, 281.58123779296875, 302.0743713378906, 322.5675048828125, 343.0606384277344, 363.55377197265625, 384.04693603515625, 404.5400695800781, 425.033203125, 445.5263671875, 466.0195007324219, 486.51263427734375, 507.0057678222656, 527.4989013671875, 547.9920654296875, 568.4852294921875, 588.9783325195312, 609.4714965820312, 629.964599609375, 650.457763671875]}, "gradients/graph_13linear.0.bias": {"_type": "histogram", "values": [1.0, 0.0, 0.0, 0.0, 0.0, 0.0, 0.0, 0.0, 0.0, 0.0, 0.0, 0.0, 0.0, 0.0, 0.0, 1.0, 1.0, 0.0, 0.0, 0.0, 1.0, 1.0, 0.0, 1.0, 0.0, 43.0, 0.0, 0.0, 0.0, 0.0, 0.0, 0.0, 0.0, 0.0, 0.0, 0.0, 0.0, 0.0, 0.0, 3.0, 0.0, 0.0, 1.0, 2.0, 0.0, 1.0, 1.0, 0.0, 0.0, 0.0, 2.0, 1.0, 0.0, 0.0, 0.0, 0.0, 0.0, 0.0, 1.0, 1.0, 0.0, 0.0, 1.0, 1.0], "bins": [-177.43942260742188, -170.5714569091797, -163.70350646972656, -156.83554077148438, -149.9675750732422, -143.099609375, -136.23165893554688, -129.3636932373047, -122.4957275390625, -115.62776947021484, -108.75981140136719, -101.891845703125, -95.02388763427734, -88.15592193603516, -81.2879638671875, -74.41999816894531, -67.55204010009766, -60.68408203125, -53.81611633300781, -46.948150634765625, -40.0802001953125, -33.21223449707031, -26.344268798828125, -19.476303100585938, -12.608352661132812, -5.740386962890625, 1.1275787353515625, 7.9955291748046875, 14.863494873046875, 21.731460571289062, 28.59942626953125, 35.467376708984375, 42.33534240722656, 49.20330810546875, 56.071258544921875, 62.93922424316406, 69.80718994140625, 76.67515563964844, 83.54310607910156, 90.41107177734375, 97.27903747558594, 104.14698791503906, 111.01495361328125, 117.88291931152344, 124.75088500976562, 131.61883544921875, 138.48680114746094, 145.35476684570312, 152.22271728515625, 159.09068298339844, 165.95864868164062, 172.82659912109375, 179.694580078125, 186.56253051757812, 193.4304962158203, 200.2984619140625, 207.16641235351562, 214.0343780517578, 220.90234375, 227.77029418945312, 234.6382598876953, 241.5062255859375, 248.3741912841797, 255.2421417236328, 262.110107421875]}, "gradients/graph_13linear.0.weight": {"_type": "histogram",