qF1,qF2,qF3,qH1,qH2,qH3
-0.0020829354601146015,-0.03493256344567167,2.732690741234717,0.0,0.0,2.0833333333333313
