qF1,qF2,qF3,qH1,qH2,qH3
9.914917516205158,-0.0039029086527820355,-1.8595015220962834,0.0,0.0,2.083333333333333
