{"Linear loss": 4814.18408203125, "_timestamp": 1715724271.7565138, "_runtime": 21.454134941101074, "_step": 509, "Regret": 0.2831411671171372, "gradients/linear.5.bias": {"_type": "histogram", "values": [5.0, 2.0, 0.0, 1.0, 0.0, 0.0, 0.0, 0.0, 0.0, 0.0, 0.0, 0.0, 0.0, 0.0, 0.0, 0.0, 0.0, 0.0, 0.0, 0.0, 0.0, 0.0, 0.0, 0.0, 0.0, 0.0, 0.0, 0.0, 9.0, 5.0, 4.0, 2.0, 73.0, 3.0, 0.0, 8.0, 0.0, 0.0, 0.0, 0.0, 0.0, 0.0, 0.0, 0.0, 0.0, 0.0, 0.0, 0.0, 0.0, 0.0, 0.0, 0.0, 0.0, 0.0, 0.0, 0.0, 0.0, 0.0, 0.0, 0.0, 0.0, 4.0, 2.0, 2.0], "bins": [-200.0, -193.75, -187.5, -181.25, -175.0, -168.75, -162.5, -156.25, -150.0, -143.75, -137.5, -131.25, -125.0, -118.75, -112.5, -106.25, -100.0, -93.75, -87.5, -81.25, -75.0, -68.75, -62.5, -56.25, -50.0, -43.75, -37.5, -31.25, -25.0, -18.75, -12.5, -6.25, 0.0, 6.25, 12.5, 18.75, 25.0, 31.25, 37.5, 43.75, 50.0, 56.25, 62.5, 68.75, 75.0, 81.25, 87.5, 93.75, 100.0, 106.25, 112.5, 118.75, 125.0, 131.25, 137.5, 143.75, 150.0, 156.25, 162.5, 168.75, 175.0, 181.25, 187.5, 193.75, 200.0]}, "gradients/linear.5.weight": {"_type": "histogram", "values": [8.0, 6.0, 0.0, 2.0, 0.0, 0.0, 0.0, 0.0, 2.0, 5.0, 0.0, 1.0, 0.0, 0.0, 0.0, 0.0, 0.0, 0.0, 0.0, 0.0, 0.0, 3.0, 5.0, 7.0, 1.0, 0.0, 11.0, 5.0, 18.0, 20.0, 33.0, 153.0, 4416.0, 24.0, 8.0, 16.0, 7.0, 9.0, 0.0, 4.0, 4.0, 7.0, 1.0, 0.0, 0.0, 0.0, 0.0, 0.0, 0.0, 0.0, 0.0, 0.0, 0.0, 6.0, 1.0, 1.0, 0.0, 0.0, 0.0, 0.0, 0.0, 8.0, 5.0, 3.0], "bins": [-2059.996826171875, -1995.6219482421875, -1931.2470703125, -1866.8720703125, -1802.4971923828125, -1738.122314453125, -1673.7474365234375, -1609.37255859375, -1544.99755859375, -1480.622802734375, -1416.247802734375, -1351.8729248046875, -1287.498046875, -1223.123046875, -1158.748291015625, -1094.373291015625, -1029.9984130859375, -965.62353515625, -901.2486572265625, -836.8736572265625, -772.498779296875, -708.1239013671875, -643.7490234375, -579.3741455078125, -514.999267578125, -450.624267578125, -386.2493896484375, -321.87451171875, -257.4996337890625, -193.124755859375, -128.749755859375, -64.3748779296875, 0.0, 64.3748779296875, 128.749755859375, 193.124755859375, 257.4996337890625, 321.87451171875, 386.2493896484375, 450.624267578125, 514.999267578125, 579.3741455078125, 643.7490234375, 708.1239013671875, 772.498779296875, 836.8736572265625, 901.2486572265625, 965.62353515625, 1029.9984130859375, 1094.373291015625, 1158.748291015625, 1223.123046875, 1287.498046875, 1351.8729248046875, 1416.247802734375, 1480.622802734375, 1544.99755859375, 1609.37255859375, 1673.7474365234375, 1738.122314453125, 1802.4971923828125, 1866.8720703125, 1931.2470703125, 1995.6219482421875, 2059.996826171875]}, "gradients/linear.3.bias": {"_type": "histogram", "values": [1.0, 0.0, 0.0, 0.0, 0.0, 0.0, 0.0, 0.0, 0.0, 0.0, 0.0, 0.0, 1.0, 0.0, 0.0, 0.0, 0.0, 0.0, 0.0, 1.0, 0.0, 0.0, 0.0, 0.0, 0.0, 0.0, 1.0, 0.0, 31.0, 0.0, 0.0, 0.0, 1.0, 1.0, 1.0, 1.0, 0.0, 0.0, 0.0, 0.0, 0.0, 0.0, 0.0, 0.0, 0.0, 0.0, 0.0, 0.0, 0.0, 0.0, 0.0, 0.0, 0.0, 0.0, 0.0, 0.0, 0.0, 0.0, 0.0, 0.0, 0.0, 0.0, 0.0, 1.0], "bins": [-205.10865783691406, -197.84107971191406, -190.573486328125, -183.305908203125, -176.03831481933594, -168.77073669433594, -161.50314331054688, -154.23556518554688, -146.96798706054688, -139.7003936767578, -132.43280029296875, -125.16522216796875, -117.89764404296875, -110.63005828857422, -103.36247253417969, -96.09488677978516, -88.82730102539062, -81.5597152709961, -74.29212951660156, -67.02455139160156, -59.7569580078125, -52.4893798828125, -45.22178649902344, -37.95420837402344, -30.686630249023438, -23.419036865234375, -16.151458740234375, -8.883865356445312, -1.6162872314453125, 5.65130615234375, 12.91888427734375, 20.186477661132812, 27.45404052734375, 34.72161865234375, 41.98921203613281, 49.25679016113281, 56.524383544921875, 63.791961669921875, 71.05955505371094, 78.32713317871094, 85.5947265625, 92.8623046875, 100.1298828125, 107.39747619628906, 114.66505432128906, 121.93264770507812, 129.20022583007812, 136.46780395507812, 143.7353973388672, 151.00299072265625, 158.27056884765625, 165.53814697265625, 172.8057403564453, 180.0733184814453, 187.34091186523438, 194.60848999023438, 201.87606811523438, 209.14366149902344, 216.4112548828125, 223.6788330078125, 230.9464111328125, 238.21400451660156, 245.48158264160156, 252.74917602539062, 260.0167541503906]}, "gradients/linear.3.weight": {"_type": "histogram", "values": [1.0, 0.0, 0.0, 0.0, 0.0, 0.0, 0.0, 0.0, 0.0, 0.0, 0.0, 0.0, 1.0, 1.0, 0.0, 0.0, 0.0, 1.0, 2.0, 1.0, 2.0, 2.0, 2.0, 0.0, 5.0, 3.0, 5.0, 9.0, 1527.0, 10.0, 12.0, 3.0, 3.0, 1.0, 1.0, 1.0, 0.0, 2.0, 0.0, 0.0, 1.0, 1.0, 1.0, 0.0, 0.0, 0.0, 1.0, 0.0, 0.0, 0.0, 0.0, 0.0, 0.0, 0.0, 0.0, 0.0, 0.0, 0.0, 0.0, 0.0, 0.0, 0.0, 0.0, 1.0], "bins": [-3689.23388671875, -3558.513916015625, -3427.793701171875, -3297.07373046875, -3166.353515625, -3035.633544921875, -2904.91357421875, -2774.193359375, -2643.473388671875, -2512.75341796875, -2382.033203125, -2251.313232421875, -2120.59326171875, -1989.873046875, -1859.153076171875, -1728.4329833984375, -1597.712890625, -1466.992919921875, -1336.272705078125, -1205.552734375, -1074.83251953125, -944.112548828125, -813.392578125, -682.67236328125, -551.952392578125, -421.232421875, -290.51220703125, -159.792236328125, -29.072265625, 101.64794921875, 232.367919921875, 363.088134765625, 493.80859375, 624.528564453125, 755.248779296875, 885.96875, 1016.68896484375, 1147.408935546875, 1278.12890625, 1408.84912109375, 1539.569091796875, 1670.2890625, 1801.00927734375, 1931.729248046875, 2062.44921875, 2193.16943359375, 2323.889404296875, 2454.609619140625, 2585.32958984375, 2716.0498046875, 2846.769775390625, 2977.48974609375, 3108.2099609375, 3238.929931640625, 3369.64990234375, 3500.3701171875, 3631.090087890625, 3761.81005859375, 3892.5302734375, 4023.250244140625, 4153.97021484375, 4284.6904296875, 4415.41064453125, 4546.13037109375, 4676.8505859375]}, "gradients/linear.0.bias": {"_type": "histogram", "values": [1.0, 1.0, 0.0, 0.0, 0.0, 2.0, 1.0, 0.0, 0.0, 0.0, 0.0, 0.0, 1.0, 0.0, 0.0, 0.0, 0.0, 0.0, 0.0, 0.0, 0.0, 0.0, 0.0, 0.0, 0.0, 0.0, 0.0, 0.0, 0.0, 0.0, 0.0, 0.0, 0.0, 0.0, 0.0, 0.0, 31.0, 0.0, 0.0, 0.0, 0.0, 0.0, 0.0, 0.0, 0.0, 0.0, 0.0, 1.0, 0.0, 0.0, 0.0, 0.0, 0.0, 0.0, 0.0, 0.0, 0.0, 0.0, 1.0, 0.0, 0.0, 0.0, 0.0, 1.0], "bins": [-125.71168518066406, -122.27616882324219, -118.84066009521484, -115.40514373779297, -111.96963500976562, -108.53411865234375, -105.09860229492188, -101.6630859375, -98.22757720947266, -94.79206848144531, -91.35655212402344, -87.92103576660156, -84.48551940917969, -81.05001068115234, -77.61449432373047, -74.17898559570312, -70.74346923828125, -67.30795288085938, -63.87244415283203, -60.436927795410156, -57.00141906738281, -53.56590270996094, -50.13038635253906, -46.69487762451172, -43.259361267089844, -39.82384490966797, -36.388336181640625, -32.95281982421875, -29.517303466796875, -26.08179473876953, -22.646278381347656, -19.210769653320312, -15.775245666503906, -12.339729309082031, -8.904220581054688, -5.4687042236328125, -2.0331954956054688, 1.4023208618164062, 4.837837219238281, 8.273345947265625, 11.7088623046875, 15.144378662109375, 18.57988739013672, 22.015403747558594, 25.45092010498047, 28.886428833007812, 32.32194519042969, 35.7574577331543, 39.192970275878906, 42.628482818603516, 46.063995361328125, 49.49951171875, 52.93502426147461, 56.37053680419922, 59.806053161621094, 63.2415657043457, 66.67707824707031, 70.11259460449219, 73.54810333251953, 76.9836196899414, 80.41912841796875, 83.85464477539062, 87.2901611328125, 90.72566986083984, 94.16118621826172]}, "gradients/linear.0.weight": {"_type": "histogram", "values": [2.0, 3.0, 1.0, 1.0, 1.0, 10.0, 19.0, 23.0, 21.0, 15.0, 40.0, 66.0, 20.0, 34.0, 39.0, 40.0, 32.0, 46.0, 24.0, 13.0, 25.0, 23.0, 14.0, 15.0, 18.0, 14.0, 19.0, 16.0, 16.0, 19.0, 35.0, 26.0, 20.0, 11.0, 4498.0, 20.0, 15.0, 24.0, 28.0, 35.0, 41.0, 32.0, 49.0, 26.0, 14.0, 27.0, 32.0, 15.0, 24.0, 32.0, 32.0, 15.0, 18.0, 11.0, 18.0, 14.0, 6.0, 3.0, 1.0, 4.0, 2.0, 1.0, 1.0, 1.0],