{"Linear loss": 10899.025390625, "_timestamp": 1715772180.13464, "_runtime": 987.4557518959045, "_step": 1809, "gradients/graph_23linear.5.bias": {"_type": "histogram", "values": [7.0, 0.0, 0.0, 3.0, 0.0, 0.0, 0.0, 0.0, 0.0, 0.0, 0.0, 0.0, 0.0, 0.0, 0.0, 0.0, 0.0, 0.0, 0.0, 0.0, 0.0, 0.0, 0.0, 0.0, 0.0, 0.0, 0.0, 0.0, 12.0, 0.0, 0.0, 2.0, 46.0, 0.0, 0.0, 14.0, 0.0, 0.0, 0.0, 0.0, 0.0, 0.0, 0.0, 0.0, 0.0, 0.0, 0.0, 0.0, 0.0, 0.0, 0.0, 0.0, 0.0, 0.0, 0.0, 0.0, 0.0, 2.0, 0.0, 0.0, 3.0, 0.0, 0.0, 7.0], "bins": [-200.0, -193.75, -187.5, -181.25, -175.0, -168.75, -162.5, -156.25, -150.0, -143.75, -137.5, -131.25, -125.0, -118.75, -112.5, -106.25, -100.0, -93.75, -87.5, -81.25, -75.0, -68.75, -62.5, -56.25, -50.0, -43.75, -37.5, -31.25, -25.0, -18.75, -12.5, -6.25, 0.0, 6.25, 12.5, 18.75, 25.0, 31.25, 37.5, 43.75, 50.0, 56.25, 62.5, 68.75, 75.0, 81.25, 87.5, 93.75, 100.0, 106.25, 112.5, 118.75, 125.0, 131.25, 137.5, 143.75, 150.0, 156.25, 162.5, 168.75, 175.0, 181.25, 187.5, 193.75, 200.0]}, "gradients/graph_23linear.5.weight": {"_type": "histogram", "values": [14.0, 21.0, 7.0, 27.0, 23.0, 13.0, 13.0, 27.0, 3.0, 9.0, 31.0, 7.0, 40.0, 52.0, 36.0, 49.0, 41.0, 32.0, 47.0, 33.0, 26.0, 37.0, 26.0, 34.0, 19.0, 17.0, 13.0, 10.0, 80.0, 239.0, 545.0, 565.0, 8295.0, 639.0, 279.0, 92.0, 14.0, 17.0, 25.0, 23.0, 44.0, 30.0, 49.0, 32.0, 45.0, 55.0, 48.0, 51.0, 51.0, 44.0, 52.0, 46.0, 11.0, 33.0, 15.0, 7.0, 33.0, 17.0, 13.0, 23.0, 27.0, 7.0, 21.0, 14.0], "bins": [-649.2504272460938, -628.9613647460938, -608.6723022460938, -588.3831787109375, -568.0941162109375, -547.8050537109375, -527.5159912109375, -507.2268981933594, -486.93780517578125, -466.64874267578125, -446.35968017578125, -426.0705871582031, -405.7815246582031, -385.492431640625, -365.203369140625, -344.9142761230469, -324.6252136230469, -304.3361511230469, -284.04705810546875, -263.75799560546875, -243.46890258789062, -223.17984008789062, -202.8907470703125, -182.6016845703125, -162.3126220703125, -142.02352905273438, -121.73443603515625, -101.44537353515625, -81.15631103515625, -60.86724853515625, -40.578125, -20.2890625, 0.0, 20.2890625, 40.578125, 60.86724853515625, 81.15631103515625, 101.44537353515625, 121.73443603515625, 142.02352905273438, 162.3126220703125, 182.6016845703125, 202.8907470703125, 223.17984008789062, 243.46890258789062, 263.75799560546875, 284.04705810546875, 304.3361511230469, 324.6252136230469, 344.9142761230469, 365.203369140625, 385.492431640625, 405.7815246582031, 426.0705871582031, 446.35968017578125, 466.64874267578125, 486.93780517578125, 507.2268981933594, 527.5159912109375, 547.8050537109375, 568.0941162109375, 588.3831787109375, 608.6723022460938, 628.9613647460938, 649.2504272460938]}, "gradients/graph_23linear.3.bias": {"_type": "histogram", "values": [1.0, 1.0, 1.0, 0.0, 0.0, 0.0, 0.0, 1.0, 0.0, 0.0, 2.0, 0.0, 1.0, 0.0, 2.0, 0.0, 1.0, 2.0, 0.0, 2.0, 2.0, 2.0, 3.0, 1.0, 2.0, 4.0, 4.0, 2.0, 1.0, 2.0, 4.0, 2.0, 1.0, 2.0, 6.0, 2.0, 1.0, 6.0, 1.0, 43.0, 3.0, 1.0, 1.0, 1.0, 1.0, 2.0, 1.0, 3.0, 0.0, 3.0, 2.0, 1.0, 0.0, 1.0, 0.0, 0.0, 1.0, 0.0, 0.0, 0.0, 0.0, 1.0, 0.0, 1.0], "bins": [-150.83580017089844, -146.99562072753906, -143.1554412841797, -139.31527709960938, -135.47509765625, -131.63491821289062, -127.79473876953125, -123.95455932617188, -120.11438751220703, -116.27421569824219, -112.43403625488281, -108.59385681152344, -104.75367736816406, -100.91350555419922, -97.07332611083984, -93.233154296875, -89.39297485351562, -85.55279541015625, -81.7126235961914, -77.87244415283203, -74.03227233886719, -70.19209289550781, -66.35191345214844, -62.511741638183594, -58.67156219482422, -54.831382751464844, -50.9912109375, -47.151031494140625, -43.31085205078125, -39.470680236816406, -35.63050079345703, -31.790328979492188, -27.950149536132812, -24.109970092773438, -20.269798278808594, -16.42961883544922, -12.589447021484375, -8.749267578125, -4.909088134765625, -1.0689163208007812, 2.7712631225585938, 6.611442565917969, 10.451614379882812, 14.291793823242188, 18.131973266601562, 21.972145080566406, 25.81232452392578, 29.652496337890625, 33.49267578125, 37.33285140991211, 41.17302703857422, 45.013206481933594, 48.8533821105957, 52.69355773925781, 56.53373718261719, 60.3739128112793, 64.2140884399414, 68.05426025390625, 71.89443969726562, 75.734619140625, 79.57479858398438, 83.41497039794922, 87.2551498413086, 91.09532165527344, 94.93550109863281]}, "gradients/graph_23linear.3.weight": {"_type": "histogram", "values": [1.0, 1.0, 2.0, 1.0, 0.0, 3.0, 1.0, 6.0, 2.0, 5.0, 4.0, 4.0, 8.0, 9.0, 12.0, 8.0, 11.0, 11.0, 14.0, 20.0, 26.0, 24.0, 34.0, 44.0, 43.0, 50.0, 63.0, 78.0, 93.0, 102.0, 120.0, 131.0, 153.0, 183.0, 183.0, 265.0, 282.0, 394.0, 553.0, 12511.0, 217.0, 126.0, 121.0, 98.0, 90.0, 58.0, 53.0, 39.0, 32.0, 23.0, 19.0, 11.0, 7.0, 4.0, 6.0, 6.0, 4.0, 4.0, 2.0, 3.0, 3.0, 1.0, 1.0, 1.0], "bins": [-492.3030700683594, -479.7693786621094, -467.23565673828125, -454.70196533203125, -442.16827392578125, -429.63458251953125, -417.1008605957031, -404.5671691894531, -392.033447265625, -379.499755859375, -366.966064453125, -354.432373046875, -341.8986511230469, -329.3649597167969, -316.83123779296875, -304.29754638671875, -291.76385498046875, -279.23016357421875, -266.69647216796875, -254.16275024414062, -241.62905883789062, -229.0953369140625, -216.5616455078125, -204.0279541015625, -191.49423217773438, -178.96054077148438, -166.42684936523438, -153.89315795898438, -141.35943603515625, -128.82574462890625, -116.29205322265625, -103.75833129882812, -91.22467041015625, -78.69097900390625, -66.15725708007812, -53.623565673828125, -41.089874267578125, -28.55615234375, -16.0224609375, -3.48876953125, 9.044921875, 21.578643798828125, 34.112335205078125, 46.646026611328125, 59.17974853515625, 71.71343994140625, 84.24714660644531, 96.78083801269531, 109.31454467773438, 121.84825134277344, 134.38194274902344, 146.9156494140625, 159.4493408203125, 171.98304748535156, 184.51675415039062, 197.05044555664062, 209.5841522216797, 222.11785888671875, 234.65155029296875, 247.1852569580078, 259.7189636230469, 272.2526550292969, 284.7863464355469, 297.320068359375, 309.853759765625]}, "gradients/graph_23linear.0.bias": {"_type": "histogram", "values": [1.0, 0.0, 0.0, 0.0, 0.0, 0.0, 0.0, 0.0, 0.0, 0.0, 0.0, 1.0, 1.0, 0.0, 0.0, 1.0, 0.0, 1.0, 1.0, 1.0, 1.0, 0.0, 2.0, 1.0, 1.0, 3.0, 0.0, 1.0, 3.0, 1.0, 1.0, 0.0, 2.0, 0.0, 1.0, 2.0, 1.0, 1.0, 1.0, 1.0, 1.0, 0.0, 4.0, 3.0, 1.0, 1.0, 3.0, 0.0, 0.0, 0.0, 1.0, 0.0, 0.0, 0.0, 0.0, 3.0, 2.0, 0.0, 1.0, 0.0, 0.0, 0.0, 77.0, 1.0], "bins": [-159.66905212402344, -157.09999084472656, -154.5309295654297, -151.9618682861328, -149.39280700683594, -146.82374572753906, -144.2546844482422, -141.6856231689453, -139.11656188964844, -136.54750061035156, -133.97842407226562, -131.40936279296875, -128.84030151367188, -126.27124786376953, -123.70217895507812, -121.13311767578125, -118.56405639648438, -115.9949951171875, -113.42593383789062, -110.85687255859375, -108.28781127929688, -105.71875, -103.14968872070312, -100.58062744140625, -98.01156616210938, -95.4425048828125, -92.87344360351562, -90.30437469482422, -87.73531341552734, -85.16625213623047, -82.5971908569336, -80.02812957763672, -77.45907592773438, -74.8900146484375, -72.32095336914062, -69.75189208984375, -67.18283081054688, -64.61376953125, -62.04469680786133, -59.47563552856445, -56.90657424926758, -54.3375129699707, -51.76845169067383, -49.19939041137695, -46.63032913208008, -44.0612678527832, -41.49220275878906, -38.92314147949219, -36.35408020019531, -33.78501892089844, -31.215959548950195, -28.646894454956055, -26.07783317565918, -23.508771896362305, -20.93971061706543, -18.370647430419922, -15.801586151123047, -13.232524871826172, -10.663461685180664, -8.094400405883789, -5.5253376960754395, -2.956275463104248, -0.38721370697021484, 2.1818482875823975, 4.75091028213501]}, "gradients/graph_23linear.0.weight": {"_type": "histogram",