{"gradients/linear.5.bias": {"_type": "histogram", "values": [3.0, 1.0, 2.0, 3.0, 2.0, 5.0, 6.0, 10.0, 8.0, 1.0, 4.0, 3.0, 0.0, 4.0, 7.0, 4.0, 5.0, 3.0, 0.0, 0.0, 1.0, 0.0, 0.0, 0.0, 0.0, 0.0, 0.0, 0.0, 0.0, 0.0, 0.0, 0.0, 0.0, 0.0, 0.0, 1.0, 0.0, 5.0, 2.0, 3.0, 4.0, 0.0, 0.0, 1.0, 1.0, 0.0, 1.0, 0.0, 1.0, 1.0, 0.0, 0.0, 0.0, 0.0, 0.0, 0.0, 0.0, 1.0, 1.0, 0.0, 0.0, 0.0, 1.0, 1.0], "bins": [-0.9845520257949829, -0.9419450163841248, -0.8993380069732666, -0.8567309975624084, -0.8141239881515503, -0.7715169787406921, -0.728909969329834, -0.6863029599189758, -0.6436959505081177, -0.6010889410972595, -0.5584819316864014, -0.5158749222755432, -0.47326791286468506, -0.4306609034538269, -0.38805389404296875, -0.3454468846321106, -0.30283987522125244, -0.2602328658103943, -0.21762585639953613, -0.17501884698867798, -0.13241183757781982, -0.08980482816696167, -0.047197818756103516, -0.004590809345245361, 0.03801620006561279, 0.08062326908111572, 0.1232302188873291, 0.16583716869354248, 0.2084442377090454, 0.25105130672454834, 0.2936582565307617, 0.3362652063369751, 0.378872275352478, 0.42147934436798096, 0.46408629417419434, 0.5066932439804077, 0.5493003129959106, 0.5919073820114136, 0.634514331817627, 0.6771212816238403, 0.7197283506393433, 0.7623353600502014, 0.8049423694610596, 0.8475493788719177, 0.8901563882827759, 0.932763397693634, 0.9753704071044922, 1.0179774761199951, 1.0605844259262085, 1.1031913757324219, 1.1457984447479248, 1.1884055137634277, 1.2310124635696411, 1.2736194133758545, 1.3162264823913574, 1.3588335514068604, 1.4014405012130737, 1.444047451019287, 1.48665452003479, 1.529261589050293, 1.5718685388565063, 1.6144754886627197, 1.6570825576782227, 1.6996896266937256, 1.742296576499939]}, "_timestamp": 1715778637.0132, "gradients/linear.5.weight": {"_type": "histogram", "values": [3.0, 1.0, 6.0, 8.0, 16.0, 24.0, 26.0, 48.0, 72.0, 90.0, 106.0, 93.0, 109.0, 115.0, 62.0, 115.0, 88.0, 154.0, 110.0, 76.0, 72.0, 41.0, 73.0, 1084.0, 0.0, 7.0, 8.0, 17.0, 18.0, 6.0, 13.0, 22.0, 35.0, 39.0, 52.0, 37.0, 42.0, 31.0, 19.0, 17.0, 17.0, 6.0, 6.0, 9.0, 8.0, 12.0, 6.0, 3.0, 6.0, 7.0, 4.0, 5.0, 4.0, 2.0, 6.0, 2.0, 4.0, 3.0, 3.0, 1.0, 1.0, 0.0, 1.0, 1.0], "bins": [-12.347114562988281, -11.812787055969238, -11.278458595275879, -10.744131088256836, -10.209802627563477, -9.675475120544434, -9.14114761352539, -8.606819152832031, -8.072491645812988, -7.538163661956787, -7.003835678100586, -6.469508171081543, -5.935180187225342, -5.400852203369141, -4.866524696350098, -4.332196235656738, -3.7978687286376953, -3.2635412216186523, -2.729212760925293, -2.19488525390625, -1.6605567932128906, -1.1262292861938477, -0.5919017791748047, -0.05757331848144531, 0.47675418853759766, 1.0110816955566406, 1.54541015625, 2.079737663269043, 2.614065170288086, 3.1483936309814453, 3.6827220916748047, 4.217048645019531, 4.751379013061523, 5.285707473754883, 5.820034027099609, 6.354362487792969, 6.888690948486328, 7.423018455505371, 7.957345962524414, 8.491674423217773, 9.026001930236816, 9.56032943725586, 10.094657897949219, 10.628985404968262, 11.163312911987305, 11.697641372680664, 12.231968879699707, 12.766297340393066, 13.30062484741211, 13.834952354431152, 14.369280815124512, 14.903608322143555, 15.437936782836914, 15.972264289855957, 16.506591796875, 17.04092025756836, 17.57524871826172, 18.109575271606445, 18.643903732299805, 19.17823028564453, 19.71255874633789, 20.24688720703125, 20.78121566772461, 21.315542221069336, 21.849870681762695]}, "gradients/linear.3.bias": {"_type": "histogram", "values": [1.0, 0.0, 0.0, 0.0, 0.0, 0.0, 1.0, 2.0, 1.0, 1.0, 0.0, 1.0, 0.0, 0.0, 1.0, 0.0, 0.0, 1.0, 1.0, 1.0, 1.0, 3.0, 0.0, 1.0, 0.0, 2.0, 0.0, 0.0, 0.0, 0.0, 0.0, 0.0, 2.0, 0.0, 0.0, 0.0, 0.0, 0.0, 0.0, 0.0, 0.0, 0.0, 1.0, 0.0, 0.0, 0.0, 0.0, 0.0, 0.0, 0.0, 0.0, 0.0, 0.0, 0.0, 0.0, 0.0, 0.0, 0.0, 0.0, 0.0, 0.0, 0.0, 0.0, 11.0], "bins": [-8.754096031188965, -8.617313385009766, -8.480530738830566, -8.343748092651367, -8.206965446472168, -8.070181846618652, -7.933399677276611, -7.796616554260254, -7.659833908081055, -7.5230512619018555, -7.386268615722656, -7.249485969543457, -7.112703323364258, -6.9759202003479, -6.839137554168701, -6.702354431152344, -6.5655717849731445, -6.428789138793945, -6.292006492614746, -6.155223846435547, -6.018441200256348, -5.881658554077148, -5.744875431060791, -5.608092784881592, -5.471310138702393, -5.334527015686035, -5.197744369506836, -5.060961723327637, -4.9241790771484375, -4.787396430969238, -4.650613307952881, -4.513830661773682, -4.377048015594482, -4.240265369415283, -4.103482723236084, -3.9666998386383057, -3.8299169540405273, -3.693134307861328, -3.55635142326355, -3.4195687770843506, -3.2827858924865723, -3.146003246307373, -3.009220600128174, -2.8724377155303955, -2.7356550693511963, -2.598872184753418, -2.4620895385742188, -2.3253066539764404, -2.188524007797241, -2.051741361618042, -1.9149584770202637, -1.778175711631775, -1.6413929462432861, -1.504610300064087, -1.3678275346755981, -1.2310447692871094, -1.0942620038986206, -0.9574792385101318, -0.8206964731216431, -0.6839137673377991, -0.5471310019493103, -0.41034823656082153, -0.27356550097465515, -0.13678275048732758, 0.0]}, "gradients/linear.3.weight": {"_type": "histogram", "values": [1.0, 0.0, 0.0, 0.0, 0.0, 0.0, 1.0, 2.0, 1.0, 1.0, 0.0, 1.0, 0.0, 0.0, 1.0, 0.0, 0.0, 1.0, 1.0, 1.0, 1.0, 3.0, 0.0, 1.0, 0.0, 2.0, 0.0, 0.0, 0.0, 0.0, 0.0, 0.0, 2.0, 0.0, 0.0, 0.0, 0.0, 0.0, 0.0, 0.0, 0.0, 0.0, 1.0, 0.0, 0.0, 0.0, 0.0, 0.0, 0.0, 0.0, 0.0, 0.0, 0.0, 0.0, 0.0, 0.0, 0.0, 0.0, 0.0, 0.0, 0.0, 0.0, 0.0, 1003.0], "bins": [-517.3372802734375, -509.2538757324219, -501.1705017089844, -493.08709716796875, -485.0036926269531, -476.9202880859375, -468.8369140625, -460.7535095214844, -452.67010498046875, -444.58673095703125, -436.5033264160156, -428.419921875, -420.3365478515625, -412.2531433105469, -404.16973876953125, -396.08636474609375, -388.0029602050781, -379.9195556640625, -371.836181640625, -363.7527770996094, -355.66937255859375, -347.58599853515625, -339.5025939941406, -331.419189453125, -323.3358154296875, -315.2524108886719, -307.16900634765625, -299.08563232421875, -291.0022277832031, -282.9188232421875, -274.83544921875, -266.75201416015625, -258.66864013671875, -250.5852508544922, -242.50184631347656, -234.41845703125, -226.33505249023438, -218.2516632080078, -210.16827392578125, -202.08486938476562, -194.00148010253906, -185.9180908203125, -177.83468627929688, -169.7512969970703, -161.66790771484375, -153.58450317382812, -145.50111389160156, -137.41770935058594, -129.33432006835938, -121.25092315673828, -113.16752624511719, -105.08413696289062, -97.00074005126953, -88.91734313964844, -80.83395385742188, -72.75055694580078, -64.66716003417969, -56.583763122558594, -48.500370025634766, -40.41697692871094, -32.333580017089844, -24.250185012817383, -16.166790008544922, -8.083395004272461, -0.0]}, "gradients/linear.0.bias": {"_type": "histogram", "values": [1.0, 0.0, 0.0, 0.0, 0.0, 0.0, 0.0, 0.0, 0.0, 0.0, 0.0, 0.0, 0.0, 0.0, 0.0, 0.0, 0.0, 0.0, 0.0, 0.0, 0.0, 0.0, 0.0, 0.0, 0.0, 0.0, 0.0, 0.0, 0.0, 0.0, 0.0, 0.0, 0.0, 0.0, 0.0, 0.0, 0.0, 0.0, 0.0, 0.0, 0.0, 0.0, 0.0, 0.0, 0.0, 0.0, 0.0, 0.0, 0.0, 0.0, 0.0, 0.0, 0.0, 0.0, 0.0, 0.0, 0.0, 0.0, 0.0, 0.0, 0.0, 0.0, 0.0, 31.0],