{"Linear loss": 10830.572265625, "_timestamp": 1715770494.6470592, "_runtime": 200.33069610595703, "_step": 5429, "gradients/graph_27linear.5.bias": {"_type": "histogram", "values": [6.0, 0.0, 0.0, 4.0, 0.0, 0.0, 0.0, 0.0, 0.0, 0.0, 0.0, 0.0, 0.0, 0.0, 0.0, 0.0, 0.0, 0.0, 0.0, 0.0, 0.0, 0.0, 0.0, 0.0, 0.0, 0.0, 0.0, 0.0, 11.0, 0.0, 0.0, 2.0, 49.0, 0.0, 0.0, 12.0, 0.0, 0.0, 0.0, 0.0, 0.0, 0.0, 0.0, 0.0, 0.0, 0.0, 0.0, 0.0, 0.0, 0.0, 0.0, 0.0, 0.0, 0.0, 0.0, 0.0, 0.0, 0.0, 0.0, 0.0, 5.0, 0.0, 0.0, 7.0], "bins": [-200.0, -193.75, -187.5, -181.25, -175.0, -168.75, -162.5, -156.25, -150.0, -143.75, -137.5, -131.25, -125.0, -118.75, -112.5, -106.25, -100.0, -93.75, -87.5, -81.25, -75.0, -68.75, -62.5, -56.25, -50.0, -43.75, -37.5, -31.25, -25.0, -18.75, -12.5, -6.25, 0.0, 6.25, 12.5, 18.75, 25.0, 31.25, 37.5, 43.75, 50.0, 56.25, 62.5, 68.75, 75.0, 81.25, 87.5, 93.75, 100.0, 106.25, 112.5, 118.75, 125.0, 131.25, 137.5, 143.75, 150.0, 156.25, 162.5, 168.75, 175.0, 181.25, 187.5, 193.75, 200.0]}, "gradients/graph_27linear.5.weight": {"_type": "histogram", "values": [6.0, 6.0, 0.0, 10.0, 10.0, 6.0, 10.0, 4.0, 8.0, 12.0, 6.0, 4.0, 8.0, 6.0, 6.0, 8.0, 24.0, 8.0, 8.0, 6.0, 16.0, 26.0, 24.0, 30.0, 24.0, 16.0, 30.0, 8.0, 22.0, 77.0, 138.0, 215.0, 4707.0, 151.0, 84.0, 24.0, 10.0, 36.0, 19.0, 29.0, 36.0, 29.0, 31.0, 19.0, 7.0, 10.0, 10.0, 28.0, 10.0, 7.0, 7.0, 10.0, 5.0, 7.0, 14.0, 10.0, 5.0, 12.0, 7.0, 12.0, 12.0, 0.0, 7.0, 7.0], "bins": [-992.390625, -961.37841796875, -930.3662109375, -899.35400390625, -868.341796875, -837.32958984375, -806.3173828125, -775.30517578125, -744.29296875, -713.28076171875, -682.2685546875, -651.25634765625, -620.244140625, -589.23193359375, -558.2197265625, -527.20751953125, -496.1953125, -465.18310546875, -434.1708984375, -403.15869140625, -372.146484375, -341.13427734375, -310.1220703125, -279.10986328125, -248.09765625, -217.08544921875, -186.0732421875, -155.06103515625, -124.048828125, -93.03662109375, -62.0244140625, -31.01220703125, 0.0, 31.01220703125, 62.0244140625, 93.03662109375, 124.048828125, 155.06103515625, 186.0732421875, 217.08544921875, 248.09765625, 279.10986328125, 310.1220703125, 341.13427734375, 372.146484375, 403.15869140625, 434.1708984375, 465.18310546875, 496.1953125, 527.20751953125, 558.2197265625, 589.23193359375, 620.244140625, 651.25634765625, 682.2685546875, 713.28076171875, 744.29296875, 775.30517578125, 806.3173828125, 837.32958984375, 868.341796875, 899.35400390625, 930.3662109375, 961.37841796875, 992.390625]}, "gradients/graph_27linear.3.bias": {"_type": "histogram", "values": [1.0, 0.0, 0.0, 0.0, 0.0, 0.0, 0.0, 0.0, 0.0, 0.0, 1.0, 0.0, 0.0, 1.0, 0.0, 0.0, 1.0, 0.0, 0.0, 0.0, 0.0, 1.0, 0.0, 0.0, 2.0, 2.0, 0.0, 1.0, 0.0, 2.0, 2.0, 3.0, 1.0, 1.0, 2.0, 0.0, 0.0, 0.0, 1.0, 1.0, 1.0, 0.0, 2.0, 2.0, 0.0, 1.0, 30.0, 1.0, 1.0, 0.0, 0.0, 0.0, 0.0, 0.0, 0.0, 1.0, 0.0, 0.0, 0.0, 0.0, 1.0, 0.0, 0.0, 1.0], "bins": [-199.16693115234375, -194.91419982910156, -190.6614532470703, -186.40872192382812, -182.15599060058594, -177.90325927734375, -173.6505126953125, -169.3977813720703, -165.14505004882812, -160.89230346679688, -156.6395721435547, -152.3868408203125, -148.13409423828125, -143.88136291503906, -139.62863159179688, -135.37588500976562, -131.12315368652344, -126.87041473388672, -122.61768341064453, -118.36494445800781, -114.11221313476562, -109.8594741821289, -105.60673522949219, -101.35400390625, -97.10126495361328, -92.84852600097656, -88.59579467773438, -84.34305572509766, -80.09031677246094, -75.83758544921875, -71.58484649658203, -67.33210754394531, -63.079383850097656, -58.82665252685547, -54.57391357421875, -50.32117462158203, -46.068443298339844, -41.815704345703125, -37.562965393066406, -33.31023406982422, -29.0574951171875, -24.80475616455078, -20.552024841308594, -16.299285888671875, -12.046546936035156, -7.793815612792969, -3.54107666015625, 0.7116546630859375, 4.964393615722656, 9.21712875366211, 13.469863891601562, 17.72260284423828, 21.975337982177734, 26.228073120117188, 30.480812072753906, 34.73354721069336, 38.98628234863281, 43.239017486572266, 47.49175262451172, 51.74449157714844, 55.99722671508789, 60.249961853027344, 64.50270080566406, 68.75543212890625, 73.00817108154297]}, "gradients/graph_27linear.3.weight": {"_type": "histogram", "values": [1.0, 0.0, 0.0, 0.0, 0.0, 0.0, 0.0, 2.0, 0.0, 0.0, 1.0, 0.0, 0.0, 1.0, 0.0, 0.0, 3.0, 0.0, 2.0, 0.0, 0.0, 3.0, 0.0, 0.0, 2.0, 4.0, 0.0, 5.0, 3.0, 3.0, 4.0, 3.0, 9.0, 5.0, 6.0, 2.0, 4.0, 0.0, 1.0, 3.0, 3.0, 2.0, 4.0, 6.0, 2.0, 3.0, 3994.0, 3.0, 3.0, 0.0, 0.0, 0.0, 0.0, 2.0, 0.0, 1.0, 0.0, 0.0, 2.0, 0.0, 1.0, 2.0, 0.0, 1.0], "bins": [-3321.7158203125, -3250.78857421875, -3179.861083984375, -3108.933837890625, -3038.00634765625, -2967.0791015625, -2896.15185546875, -2825.224365234375, -2754.297119140625, -2683.36962890625, -2612.4423828125, -2541.51513671875, -2470.587890625, -2399.660400390625, -2328.733154296875, -2257.8056640625, -2186.87841796875, -2115.951171875, -2045.023681640625, -1974.096435546875, -1903.1690673828125, -1832.24169921875, -1761.314453125, -1690.3870849609375, -1619.459716796875, -1548.5323486328125, -1477.60498046875, -1406.677734375, -1335.7503662109375, -1264.822998046875, -1193.895751953125, -1122.96826171875, -1052.0408935546875, -981.1136474609375, -910.1861572265625, -839.2589111328125, -768.33154296875, -697.4041748046875, -626.4769287109375, -555.549560546875, -484.6221923828125, -413.69482421875, -342.7674560546875, -271.8402099609375, -200.912841796875, -129.9854736328125, -59.0582275390625, 11.869140625, 82.7965087890625, 153.723876953125, 224.65118408203125, 295.5784912109375, 366.505859375, 437.4332275390625, 508.36053466796875, 579.287841796875, 650.2152099609375, 721.142578125, 792.0698852539062, 862.9971923828125, 933.924560546875, 1004.8519287109375, 1075.779296875, 1146.70654296875, 1217.6339111328125]}, "gradients/graph_27linear.0.bias": {"_type": "histogram", "values": [1.0, 0.0, 0.0, 0.0, 1.0, 0.0, 0.0, 0.0, 0.0, 0.0, 0.0, 0.0, 0.0, 0.0, 0.0, 0.0, 0.0, 0.0, 0.0, 0.0, 0.0, 0.0, 0.0, 0.0, 0.0, 0.0, 1.0, 0.0, 0.0, 0.0, 0.0, 0.0, 0.0, 0.0, 0.0, 0.0, 0.0, 0.0, 0.0, 0.0, 0.0, 0.0, 0.0, 0.0, 0.0, 0.0, 0.0, 0.0, 0.0, 0.0, 0.0, 0.0, 0.0, 0.0, 0.0, 0.0, 0.0, 0.0, 0.0, 0.0, 0.0, 0.0, 0.0, 61.0], "bins": [-1110.960205078125, -1093.6014404296875, -1076.24267578125, -1058.8839111328125, -1041.525146484375, -1024.16650390625, -1006.8076782226562, -989.4489135742188, -972.0902099609375, -954.7314453125, -937.3726806640625, -920.013916015625, -902.6551513671875, -885.29638671875, -867.9376220703125, -850.5789184570312, -833.2201538085938, -815.8613891601562, -798.502685546875, -781.1439208984375, -763.78515625, -746.4263916015625, -729.067626953125, -711.7088623046875, -694.35009765625, -676.9913330078125, -659.6326293945312, -642.2738647460938, -624.9151000976562, -607.556396484375, -590.1976318359375, -572.8388671875, -555.4801025390625, -538.121337890625, -520.7625732421875, -503.4038391113281, -486.04510498046875, -468.68634033203125, -451.32757568359375, -433.9688415527344, -416.6100769042969, -399.2513122558594, -381.892578125, -364.5338134765625, -347.175048828125, -329.8163146972656, -312.4575500488281, -295.09881591796875, -277.74005126953125, -260.38128662109375, -243.02255249023438, -225.66378784179688, -208.30503845214844, -190.9462890625, -173.5875244140625, -156.22877502441406, -138.87002563476562, -121.51127624511719, -104.15251922607422, -86.79376220703125, -69.43501281738281, -52.07625961303711, -34.717506408691406, -17.358753204345703, 0.0]}, "gradients/graph_27linear.0.weight": {"_type": "histogram", "values": [1.0, 0.0, 1.0, 0.0, 0.0, 0.0, 0.0, 0.0, 0.0, 0.0, 0.0, 1.0, 1.0, 1.0, 0.0, 0.0, 0.0, 0.0, 0.0, 1.0, 1.0, 1.0, 1.0, 2.0, 2.0, 2.0, 2.0, 1.0, 1.0, 2.0, 8784.0, 4.0, 4.0, 5.0, 3.0, 8.0, 5.0, 10.0, 15.0, 19.0, 16.0, 15.0, 11.0, 15.0, 34.0, 28.0, 19.0, 15.0, 18.0, 18.0, 10.0, 8.0, 18.0, 17.0, 23.0, 10.0, 12.0, 6.0, 10.0, 5.0, 13.0, 6.0, 7.0, 4.0],