{"gradients/graph_2linear.5.bias": {"_type": "histogram", "values": [6.0, 2.0, 4.0, 1.0, 1.0, 0.0, 1.0, 10.0, 14.0, 5.0, 4.0, 0.0, 4.0, 20.0, 0.0, 0.0, 0.0, 0.0, 0.0, 0.0, 0.0, 0.0, 0.0, 0.0, 0.0, 0.0, 0.0, 0.0, 0.0, 0.0, 0.0, 0.0, 0.0, 7.0, 6.0, 2.0, 0.0, 1.0, 0.0, 1.0, 3.0, 1.0, 0.0, 0.0, 0.0, 0.0, 0.0, 0.0, 0.0, 2.0, 0.0, 0.0, 0.0, 0.0, 0.0, 0.0, 0.0, 0.0, 0.0, 0.0, 0.0, 0.0, 0.0, 1.0], "bins": [-1.254820704460144, -1.1965813636779785, -1.1383419036865234, -1.0801024436950684, -1.0218631029129028, -0.9636237025260925, -0.9053843021392822, -0.8471449017524719, -0.7889055013656616, -0.7306661009788513, -0.672426700592041, -0.6141873002052307, -0.5559478998184204, -0.4977084994316101, -0.4394690990447998, -0.3812296986579895, -0.3229902982711792, -0.2647508978843689, -0.2065114974975586, -0.14827215671539307, -0.09003269672393799, -0.03179323673248291, 0.026446104049682617, 0.08468544483184814, 0.14292490482330322, 0.2011643648147583, 0.25940370559692383, 0.31764304637908936, 0.37588250637054443, 0.4341219663619995, 0.49236130714416504, 0.5506006479263306, 0.6088399887084961, 0.6670794486999512, 0.7253187894821167, 0.7835581302642822, 0.8417975902557373, 0.9000370502471924, 0.9582763910293579, 1.0165157318115234, 1.0747551918029785, 1.1329946517944336, 1.1912339925765991, 1.2494733333587646, 1.3077127933502197, 1.3659522533416748, 1.4241915941238403, 1.4824309349060059, 1.540670394897461, 1.598909854888916, 1.6571491956710815, 1.715388536453247, 1.7736279964447021, 1.8318674564361572, 1.8901067972183228, 1.9483461380004883, 2.0065855979919434, 2.0648250579833984, 2.1230645179748535, 2.1813037395477295, 2.2395431995391846, 2.2977826595306396, 2.3560218811035156, 2.4142613410949707, 2.472500801086426]}, "_timestamp": 1715778868.874675, "gradients/graph_2linear.5.weight": {"_type": "histogram", "values": [17.0, 11.0, 31.0, 49.0, 40.0, 56.0, 48.0, 107.0, 141.0, 195.0, 244.0, 289.0, 448.0, 502.0, 631.0, 884.0, 928.0, 969.0, 1050.0, 643.0, 405.0, 2007.0, 102.0, 123.0, 194.0, 223.0, 343.0, 288.0, 188.0, 207.0, 179.0, 151.0, 118.0, 118.0, 72.0, 48.0, 33.0, 29.0, 32.0, 27.0, 25.0, 11.0, 11.0, 7.0, 6.0, 10.0, 4.0, 7.0, 4.0, 9.0, 3.0, 1.0, 3.0, 2.0, 1.0, 0.0, 2.0, 3.0, 2.0, 1.0, 3.0, 0.0, 1.0, 2.0], "bins": [-3.9210915565490723, -3.7391037940979004, -3.5571160316467285, -3.3751282691955566, -3.1931405067443848, -3.011152744293213, -2.829164981842041, -2.647177219390869, -2.4651894569396973, -2.2832016944885254, -2.1012139320373535, -1.9192261695861816, -1.7372384071350098, -1.555250644683838, -1.373262882232666, -1.1912751197814941, -1.0092873573303223, -0.8272995948791504, -0.6453118324279785, -0.46332406997680664, -0.28133630752563477, -0.09934854507446289, 0.08263921737670898, 0.26462697982788086, 0.44661474227905273, 0.6286025047302246, 0.8105902671813965, 0.9925780296325684, 1.1745657920837402, 1.356553554534912, 1.538541316986084, 1.7205290794372559, 1.9025168418884277, 2.0845046043395996, 2.2664923667907715, 2.4484801292419434, 2.6304678916931152, 2.812455654144287, 2.994443416595459, 3.176431179046631, 3.3584189414978027, 3.5404067039489746, 3.7223944664001465, 3.9043822288513184, 4.08636999130249, 4.268357753753662, 4.450345516204834, 4.632333278656006, 4.814321041107178, 4.99630880355835, 5.1782965660095215, 5.360284328460693, 5.542272090911865, 5.724259853363037, 5.906247615814209, 6.088235378265381, 6.270223140716553, 6.452210903167725, 6.6341986656188965, 6.816186428070068, 6.99817419052124, 7.180161952972412, 7.362149715423584, 7.544137477874756, 7.726125240325928]}, "gradients/graph_2linear.3.bias": {"_type": "histogram", "values": [1.0, 0.0, 1.0, 0.0, 4.0, 3.0, 8.0, 6.0, 7.0, 7.0, 8.0, 9.0, 5.0, 7.0, 5.0, 12.0, 6.0, 10.0, 4.0, 1.0, 1.0, 1.0, 0.0, 2.0, 0.0, 0.0, 1.0, 1.0, 0.0, 0.0, 0.0, 0.0, 0.0, 0.0, 0.0, 0.0, 0.0, 0.0, 0.0, 0.0, 0.0, 0.0, 0.0, 0.0, 0.0, 0.0, 0.0, 0.0, 0.0, 0.0, 0.0, 0.0, 0.0, 0.0, 0.0, 0.0, 0.0, 0.0, 0.0, 0.0, 0.0, 0.0, 0.0, 18.0], "bins": [-8.030074119567871, -7.904604434967041, -7.779134273529053, -7.653664588928223, -7.528194427490234, -7.402724742889404, -7.277254581451416, -7.151784896850586, -7.026314735412598, -6.900845050811768, -6.775374889373779, -6.649905204772949, -6.524435043334961, -6.398965358734131, -6.273495674133301, -6.1480255126953125, -6.022555351257324, -5.897085666656494, -5.771615982055664, -5.646145820617676, -5.5206756591796875, -5.395205974578857, -5.269736289978027, -5.144266128540039, -5.018796443939209, -4.893326759338379, -4.767856597900391, -4.642386436462402, -4.516916751861572, -4.391447067260742, -4.265976905822754, -4.140506744384766, -4.0150370597839355, -3.8895671367645264, -3.764097213745117, -3.638627290725708, -3.513157367706299, -3.3876874446868896, -3.2622175216674805, -3.1367475986480713, -3.011277675628662, -2.885807991027832, -2.760338068008423, -2.6348681449890137, -2.5093982219696045, -2.3839282989501953, -2.258458375930786, -2.132988452911377, -2.0075185298919678, -1.8820486068725586, -1.7565786838531494, -1.6311087608337402, -1.505638837814331, -1.3801690340042114, -1.2546991109848022, -1.129229187965393, -1.0037592649459839, -0.8782893419265747, -0.7528194189071655, -0.6273495554924011, -0.5018796324729919, -0.37640970945358276, -0.25093981623649597, -0.12546990811824799, 0.0]}, "gradients/graph_2linear.3.weight": {"_type": "histogram", "values": [1.0, 0.0, 1.0, 0.0, 4.0, 3.0, 8.0, 6.0, 7.0, 7.0, 8.0, 9.0, 5.0, 8.0, 6.0, 12.0, 9.0, 14.0, 13.0, 11.0, 8.0, 11.0, 10.0, 7.0, 9.0, 14.0, 10.0, 11.0, 2.0, 1.0, 1.0, 2.0, 2.0, 6.0, 13.0, 14.0, 13.0, 13.0, 12.0, 18.0, 14.0, 2.0, 1.0, 2.0, 1.0, 1.0, 0.0, 0.0, 0.0, 0.0, 0.0, 0.0, 0.0, 0.0, 2.0, 30.0, 51.0, 23.0, 6.0, 69.0, 38.0, 1.0, 46.0, 15788.0], "bins": [-98.0483169555664, -96.51631164550781, -94.98430633544922, -93.45230102539062, -91.92029571533203, -90.38829040527344, -88.85628509521484, -87.32427978515625, -85.79227447509766, -84.26026916503906, -82.728271484375, -81.19625854492188, -79.66426086425781, -78.13224792480469, -76.60025024414062, -75.06824493408203, -73.53623962402344, -72.00423431396484, -70.47222900390625, -68.94022369384766, -67.40821838378906, -65.87621307373047, -64.34420776367188, -62.81220245361328, -61.28019714355469, -59.748191833496094, -58.2161865234375, -56.68418502807617, -55.15217971801758, -53.620174407958984, -52.08816909790039, -50.5561637878418, -49.0241584777832, -47.49215316772461, -45.960147857666016, -44.42814254760742, -42.89613723754883, -41.364131927490234, -39.832130432128906, -38.30012512207031, -36.76811981201172, -35.236114501953125, -33.70410919189453, -32.17210388183594, -30.640098571777344, -29.10809326171875, -27.57608985900879, -26.044084548950195, -24.5120792388916, -22.980073928833008, -21.448068618774414, -19.916065216064453, -18.38405990600586, -16.852054595947266, -15.320049285888672, -13.788044929504395, -12.2560396194458, -10.724034309387207, -9.19202995300293, -7.660024642944336, -6.1280198097229, -4.596014976501465, -3.06400990486145, -1.532004952430725, 0.0]}, "gradients/graph_2linear.0.bias": {"_type": "histogram", "values": [1.0, 0.0, 0.0, 1.0, 0.0, 0.0, 0.0, 0.0, 0.0, 0.0, 0.0, 0.0, 1.0, 1.0, 0.0, 0.0, 0.0, 0.0, 0.0, 0.0, 1.0, 0.0, 0.0, 0.0, 0.0, 0.0, 0.0, 0.0, 1.0, 0.0, 0.0, 0.0, 0.0, 0.0, 0.0, 0.0, 0.0, 0.0, 0.0, 0.0, 0.0, 0.0, 0.0, 0.0, 0.0, 0.0, 0.0, 0.0, 0.0, 0.0, 0.0, 0.0, 0.0, 0.0, 0.0, 0.0, 0.0, 0.0, 0.0, 0.0, 0.0, 0.0, 0.0, 122.0],