{"Linear loss": 14850.03125, "_timestamp": 1715771365.307114, "_runtime": 124.66553092002869, "_step": 3619, "gradients/graph_34linear.5.bias": {"_type": "histogram", "values": [7.0, 0.0, 0.0, 3.0, 0.0, 0.0, 0.0, 0.0, 0.0, 0.0, 0.0, 0.0, 0.0, 0.0, 0.0, 0.0, 0.0, 0.0, 0.0, 0.0, 0.0, 0.0, 0.0, 0.0, 0.0, 0.0, 0.0, 0.0, 13.0, 0.0, 0.0, 2.0, 39.0, 0.0, 0.0, 16.0, 0.0, 0.0, 0.0, 0.0, 0.0, 0.0, 0.0, 0.0, 0.0, 0.0, 0.0, 0.0, 0.0, 0.0, 0.0, 0.0, 0.0, 0.0, 0.0, 0.0, 0.0, 1.0, 0.0, 0.0, 4.0, 0.0, 0.0, 11.0], "bins": [-200.0, -193.75, -187.5, -181.25, -175.0, -168.75, -162.5, -156.25, -150.0, -143.75, -137.5, -131.25, -125.0, -118.75, -112.5, -106.25, -100.0, -93.75, -87.5, -81.25, -75.0, -68.75, -62.5, -56.25, -50.0, -43.75, -37.5, -31.25, -25.0, -18.75, -12.5, -6.25, 0.0, 6.25, 12.5, 18.75, 25.0, 31.25, 37.5, 43.75, 50.0, 56.25, 62.5, 68.75, 75.0, 81.25, 87.5, 93.75, 100.0, 106.25, 112.5, 118.75, 125.0, 131.25, 137.5, 143.75, 150.0, 156.25, 162.5, 168.75, 175.0, 181.25, 187.5, 193.75, 200.0]}, "gradients/graph_34linear.5.weight": {"_type": "histogram", "values": [7.0, 0.0, 7.0, 3.0, 7.0, 3.0, 0.0, 3.0, 0.0, 0.0, 0.0, 7.0, 0.0, 3.0, 0.0, 7.0, 0.0, 10.0, 10.0, 0.0, 24.0, 13.0, 6.0, 0.0, 7.0, 10.0, 3.0, 7.0, 16.0, 49.0, 91.0, 82.0, 2281.0, 112.0, 64.0, 21.0, 11.0, 6.0, 15.0, 11.0, 4.0, 8.0, 20.0, 38.0, 0.0, 16.0, 15.0, 0.0, 12.0, 0.0, 4.0, 0.0, 11.0, 1.0, 0.0, 1.0, 4.0, 1.0, 4.0, 11.0, 4.0, 11.0, 0.0, 11.0], "bins": [-1370.739990234375, -1327.9044189453125, -1285.0687255859375, -1242.233154296875, -1199.3974609375, -1156.5618896484375, -1113.726318359375, -1070.890625, -1028.054931640625, -985.2193603515625, -942.3837280273438, -899.548095703125, -856.7125244140625, -813.8768920898438, -771.041259765625, -728.2056274414062, -685.3699951171875, -642.5343627929688, -599.69873046875, -556.8630981445312, -514.0274658203125, -471.19189453125, -428.35626220703125, -385.5206298828125, -342.68505859375, -299.849365234375, -257.0137939453125, -214.1781005859375, -171.342529296875, -128.5068359375, -85.6712646484375, -42.8355712890625, 0.0, 42.8355712890625, 85.6712646484375, 128.5068359375, 171.342529296875, 214.1781005859375, 257.0137939453125, 299.849365234375, 342.68505859375, 385.5206298828125, 428.35626220703125, 471.19189453125, 514.0274658203125, 556.8630981445312, 599.69873046875, 642.5343627929688, 685.3699951171875, 728.2056274414062, 771.041259765625, 813.8768920898438, 856.7125244140625, 899.548095703125, 942.3837280273438, 985.2193603515625, 1028.054931640625, 1070.890625, 1113.726318359375, 1156.5618896484375, 1199.3974609375, 1242.233154296875, 1285.0687255859375, 1327.9044189453125, 1370.739990234375]}, "gradients/graph_34linear.3.bias": {"_type": "histogram", "values": [1.0, 0.0, 0.0, 0.0, 0.0, 0.0, 0.0, 1.0, 0.0, 0.0, 1.0, 0.0, 0.0, 0.0, 0.0, 0.0, 1.0, 0.0, 0.0, 0.0, 1.0, 1.0, 0.0, 0.0, 1.0, 0.0, 0.0, 0.0, 0.0, 0.0, 0.0, 1.0, 0.0, 1.0, 0.0, 0.0, 0.0, 0.0, 0.0, 0.0, 1.0, 1.0, 0.0, 0.0, 1.0, 0.0, 0.0, 0.0, 0.0, 17.0, 0.0, 0.0, 0.0, 0.0, 0.0, 0.0, 1.0, 0.0, 0.0, 0.0, 1.0, 0.0, 0.0, 1.0], "bins": [-233.35122680664062, -228.67974853515625, -224.00828552246094, -219.33680725097656, -214.66534423828125, -209.99386596679688, -205.32240295410156, -200.6509246826172, -195.97946166992188, -191.3079833984375, -186.6365203857422, -181.9650421142578, -177.2935791015625, -172.62210083007812, -167.95062255859375, -163.27915954589844, -158.60769653320312, -153.93621826171875, -149.26473999023438, -144.59327697753906, -139.92181396484375, -135.25033569335938, -130.578857421875, -125.90739440917969, -121.23591613769531, -116.56444549560547, -111.89297485351562, -107.22150421142578, -102.55003356933594, -97.87857055664062, -93.20709228515625, -88.53562927246094, -83.86415100097656, -79.19267272949219, -74.52120971679688, -69.8497314453125, -65.17826843261719, -60.506797790527344, -55.8353271484375, -51.163856506347656, -46.49238586425781, -41.82090759277344, -37.149436950683594, -32.47796630859375, -27.806495666503906, -23.135025024414062, -18.46355438232422, -13.792083740234375, -9.120613098144531, -4.4491424560546875, 0.22232818603515625, 4.893798828125, 9.565269470214844, 14.236743927001953, 18.908214569091797, 23.57968521118164, 28.251155853271484, 32.92262649536133, 37.59409713745117, 42.26557159423828, 46.937042236328125, 51.60851287841797, 56.27998352050781, 60.951454162597656, 65.6229248046875]}, "gradients/graph_34linear.3.weight": {"_type": "histogram", "values": [1.0, 0.0, 0.0, 0.0, 0.0, 1.0, 0.0, 1.0, 0.0, 0.0, 1.0, 1.0, 0.0, 0.0, 1.0, 0.0, 1.0, 0.0, 0.0, 0.0, 2.0, 1.0, 0.0, 1.0, 2.0, 0.0, 1.0, 1.0, 0.0, 0.0, 0.0, 2.0, 1.0, 2.0, 0.0, 2.0, 1.0, 1.0, 1.0, 0.0, 1.0, 3.0, 2.0, 0.0, 1.0, 2.0, 1.0, 1.0, 0.0, 979.0, 0.0, 0.0, 1.0, 0.0, 1.0, 1.0, 2.0, 0.0, 0.0, 1.0, 1.0, 0.0, 1.0, 1.0], "bins": [-4659.08447265625, -4565.81396484375, -4472.54345703125, -4379.27294921875, -4286.00244140625, -4192.73193359375, -4099.4619140625, -4006.191162109375, -3912.920654296875, -3819.650390625, -3726.3798828125, -3633.109375, -3539.8388671875, -3446.568359375, -3353.2978515625, -3260.02734375, -3166.7568359375, -3073.486328125, -2980.216064453125, -2886.945556640625, -2793.675048828125, -2700.40478515625, -2607.134033203125, -2513.86376953125, -2420.59326171875, -2327.32275390625, -2234.05224609375, -2140.78173828125, -2047.51123046875, -1954.240966796875, -1860.970458984375, -1767.699951171875, -1674.4293212890625, -1581.1588134765625, -1487.8883056640625, -1394.6177978515625, -1301.3475341796875, -1208.0770263671875, -1114.8065185546875, -1021.5360107421875, -928.2655029296875, -834.9949951171875, -741.7247314453125, -648.4541015625, -555.1837158203125, -461.9132080078125, -368.6427001953125, -275.372314453125, -182.101806640625, -88.831298828125, 4.4390869140625, 97.7095947265625, 190.9801025390625, 284.25048828125, 377.52099609375, 470.79150390625, 564.0619506835938, 657.3323974609375, 750.6029052734375, 843.8733520507812, 937.143798828125, 1030.414306640625, 1123.684814453125, 1216.9552001953125, 1310.2257080078125]}, "gradients/graph_34linear.0.bias": {"_type": "histogram", "values": [1.0, 0.0, 0.0, 0.0, 0.0, 0.0, 0.0, 0.0, 0.0, 0.0, 0.0, 0.0, 0.0, 0.0, 0.0, 0.0, 0.0, 0.0, 0.0, 0.0, 0.0, 0.0, 0.0, 0.0, 0.0, 0.0, 0.0, 0.0, 0.0, 0.0, 0.0, 0.0, 0.0, 0.0, 0.0, 0.0, 0.0, 0.0, 0.0, 0.0, 0.0, 0.0, 0.0, 0.0, 0.0, 0.0, 0.0, 0.0, 1.0, 0.0, 0.0, 0.0, 0.0, 0.0, 0.0, 0.0, 0.0, 0.0, 0.0, 1.0, 0.0, 0.0, 0.0, 29.0], "bins": [-1244.788330078125, -1225.3385009765625, -1205.888671875, -1186.4388427734375, -1166.989013671875, -1147.539306640625, -1128.0894775390625, -1108.6396484375, -1089.1898193359375, -1069.739990234375, -1050.2901611328125, -1030.84033203125, -1011.3905029296875, -991.940673828125, -972.4908447265625, -953.0410766601562, -933.5912475585938, -914.1414184570312, -894.691650390625, -875.2418212890625, -855.7919921875, -836.3421630859375, -816.892333984375, -797.4425048828125, -777.99267578125, -758.5428466796875, -739.0930786132812, -719.6432495117188, -700.1934204101562, -680.7435913085938, -661.2938232421875, -641.843994140625, -622.3941650390625, -602.9443359375, -583.4945068359375, -564.0447387695312, -544.5949096679688, -525.1450805664062, -505.69525146484375, -486.2454528808594, -466.7956237792969, -447.3457946777344, -427.89599609375, -408.4461669921875, -388.996337890625, -369.5465393066406, -350.0967102050781, -330.64691162109375, -311.19708251953125, -291.74725341796875, -272.2974548339844, -252.84762573242188, -233.39781188964844, -213.947998046875, -194.4981689453125, -175.04835510253906, -155.59854125976562, -136.1487274169922, -116.69890594482422, -97.24908447265625, -77.79927062988281, -58.34945297241211, -38.899635314941406, -19.449817657470703, 0.0]}, "gradients/graph_34linear.0.weight": {"_type": "histogram",