{"gradients/graph_5linear.5.bias": {"_type": "histogram", "values": [1.0, 0.0, 0.0, 2.0, 1.0, 3.0, 0.0, 1.0, 0.0, 1.0, 1.0, 0.0, 4.0, 6.0, 2.0, 2.0, 3.0, 5.0, 3.0, 9.0, 2.0, 4.0, 7.0, 6.0, 1.0, 0.0, 0.0, 0.0, 0.0, 0.0, 0.0, 0.0, 0.0, 0.0, 0.0, 0.0, 0.0, 0.0, 0.0, 0.0, 0.0, 0.0, 1.0, 0.0, 1.0, 0.0, 0.0, 0.0, 1.0, 3.0, 3.0, 0.0, 0.0, 2.0, 1.0, 1.0, 2.0, 4.0, 2.0, 3.0, 2.0, 3.0, 1.0, 2.0], "bins": [-0.7529864311218262, -0.7306657433509827, -0.7083451151847839, -0.6860244274139404, -0.6637037992477417, -0.6413831114768982, -0.6190624237060547, -0.596741795539856, -0.5744211077690125, -0.552100419998169, -0.5297797918319702, -0.5074591040611267, -0.4851384460926056, -0.4628177881240845, -0.44049710035324097, -0.41817644238471985, -0.39585578441619873, -0.3735351264476776, -0.3512144684791565, -0.328893780708313, -0.30657312273979187, -0.28425246477127075, -0.26193177700042725, -0.23961114883422852, -0.217290461063385, -0.1949697732925415, -0.17264914512634277, -0.15032845735549927, -0.12800776958465576, -0.10568714141845703, -0.08336645364761353, -0.061045825481414795, -0.03872513771057129, -0.016404449939727783, 0.005916178226470947, 0.028236865997314453, 0.050557494163513184, 0.07287818193435669, 0.0951988697052002, 0.11751949787139893, 0.13984018564224243, 0.16216087341308594, 0.18448150157928467, 0.20680218935012817, 0.2291228473186493, 0.2514435052871704, 0.2737641930580139, 0.29608485102653503, 0.31840550899505615, 0.34072616696357727, 0.3630468249320984, 0.3853675127029419, 0.407688170671463, 0.43000882863998413, 0.45232951641082764, 0.47465017437934875, 0.4969708323478699, 0.5192915201187134, 0.5416121482849121, 0.5639328360557556, 0.5862535238265991, 0.6085741519927979, 0.6308948397636414, 0.6532154679298401, 0.6755361557006836]}, "_timestamp": 1715845423.1588511, "gradients/graph_5linear.5.weight": {"_type": "histogram", "values": [1.0, 0.0, 0.0, 2.0, 3.0, 3.0, 0.0, 3.0, 4.0, 9.0, 3.0, 3.0, 15.0, 15.0, 5.0, 18.0, 19.0, 16.0, 35.0, 52.0, 47.0, 64.0, 59.0, 97.0, 107.0, 116.0, 166.0, 154.0, 199.0, 157.0, 138.0, 98.0, 54.0, 537.0, 50.0, 30.0, 20.0, 48.0, 57.0, 64.0, 75.0, 66.0, 38.0, 51.0, 62.0, 66.0, 43.0, 31.0, 25.0, 13.0, 24.0, 16.0, 14.0, 18.0, 16.0, 11.0, 4.0, 13.0, 3.0, 7.0, 2.0, 3.0, 1.0, 2.0], "bins": [-11.953598976135254, -11.599260330200195, -11.244921684265137, -10.890583038330078, -10.536243438720703, -10.181904792785645, -9.827566146850586, -9.473227500915527, -9.118888854980469, -8.76455020904541, -8.410211563110352, -8.055871963500977, -7.701533794403076, -7.347195148468018, -6.992856025695801, -6.638517379760742, -6.284178733825684, -5.929840087890625, -5.575501441955566, -5.22116231918335, -4.866823673248291, -4.512485027313232, -4.158145904541016, -3.803807258605957, -3.4494686126708984, -3.09512996673584, -2.7407913208007812, -2.3864526748657227, -2.0321130752563477, -1.677774429321289, -1.3234357833862305, -0.9690971374511719, -0.6147584915161133, -0.2604198455810547, 0.0939188003540039, 0.4482574462890625, 0.8025960922241211, 1.156935691833496, 1.5112743377685547, 1.8656129837036133, 2.219951629638672, 2.5742902755737305, 2.928628921508789, 3.282968044281006, 3.6373066902160645, 3.991645336151123, 4.34598445892334, 4.700323104858398, 5.054661750793457, 5.409000396728516, 5.763339042663574, 6.117678165435791, 6.47201681137085, 6.826355457305908, 7.180694580078125, 7.535033226013184, 7.889371871948242, 8.2437105178833, 8.59804916381836, 8.952387809753418, 9.306726455688477, 9.661066055297852, 10.01540470123291, 10.369743347167969, 10.724081993103027]}, "gradients/graph_5linear.3.bias": {"_type": "histogram", "values": [1.0, 0.0, 1.0, 0.0, 0.0, 1.0, 1.0, 0.0, 0.0, 0.0, 2.0, 1.0, 0.0, 0.0, 0.0, 0.0, 1.0, 0.0, 1.0, 1.0, 2.0, 0.0, 1.0, 1.0, 0.0, 0.0, 2.0, 1.0, 0.0, 0.0, 0.0, 1.0, 1.0, 0.0, 0.0, 1.0, 0.0, 0.0, 0.0, 1.0, 0.0, 2.0, 0.0, 2.0, 0.0, 0.0, 0.0, 1.0, 1.0, 1.0, 0.0, 0.0, 0.0, 0.0, 0.0, 0.0, 0.0, 0.0, 0.0, 0.0, 0.0, 0.0, 0.0, 4.0], "bins": [-2.245912551879883, -2.210820198059082, -2.1757278442382812, -2.1406354904174805, -2.1055431365966797, -2.0704505443573, -2.035358190536499, -2.0002658367156982, -1.9651734828948975, -1.9300811290740967, -1.894988775253296, -1.8598963022232056, -1.8248039484024048, -1.789711594581604, -1.7546191215515137, -1.719526767730713, -1.684434413909912, -1.6493420600891113, -1.6142497062683105, -1.5791572332382202, -1.5440648794174194, -1.5089725255966187, -1.4738800525665283, -1.4387876987457275, -1.4036953449249268, -1.368602991104126, -1.3335106372833252, -1.2984181642532349, -1.263325810432434, -1.2282334566116333, -1.193140983581543, -1.1580486297607422, -1.1229562759399414, -1.0878639221191406, -1.0527715682983398, -1.0176790952682495, -0.9825867414474487, -0.947494387626648, -0.9124019742012024, -0.8773095607757568, -0.842217206954956, -0.8071248531341553, -0.7720324397087097, -0.7369400262832642, -0.7018476724624634, -0.6667553186416626, -0.631662905216217, -0.5965704917907715, -0.5614781379699707, -0.5263857841491699, -0.49129337072372437, -0.4562009871006012, -0.421108603477478, -0.38601621985435486, -0.3509238362312317, -0.3158314526081085, -0.28073906898498535, -0.24564668536186218, -0.210554301738739, -0.17546191811561584, -0.14036953449249268, -0.1052771508693695, -0.07018476724624634, -0.03509238362312317, 0.0]}, "gradients/graph_5linear.3.weight": {"_type": "histogram", "values": [1.0, 0.0, 1.0, 0.0, 0.0, 1.0, 1.0, 1.0, 0.0, 1.0, 2.0, 1.0, 1.0, 2.0, 1.0, 0.0, 2.0, 3.0, 2.0, 1.0, 2.0, 4.0, 1.0, 1.0, 2.0, 2.0, 3.0, 4.0, 1.0, 2.0, 1.0, 5.0, 1.0, 0.0, 3.0, 2.0, 1.0, 1.0, 2.0, 1.0, 0.0, 3.0, 1.0, 3.0, 2.0, 2.0, 2.0, 3.0, 1.0, 2.0, 2.0, 2.0, 1.0, 0.0, 0.0, 0.0, 0.0, 0.0, 0.0, 0.0, 0.0, 0.0, 0.0, 940.0], "bins": [-57.219913482666016, -56.32585144042969, -55.43178939819336, -54.5377311706543, -53.64366912841797, -52.74960708618164, -51.85554504394531, -50.96148681640625, -50.06742477416992, -49.173362731933594, -48.279300689697266, -47.38523864746094, -46.491180419921875, -45.59711837768555, -44.70305633544922, -43.808998107910156, -42.91493606567383, -42.0208740234375, -41.12681198120117, -40.232749938964844, -39.33869171142578, -38.44462966918945, -37.550567626953125, -36.65650939941406, -35.76244354248047, -34.868385314941406, -33.97432327270508, -33.08026123046875, -32.18620300292969, -31.29214096069336, -30.39807891845703, -29.504018783569336, -28.609956741333008, -27.71589469909668, -26.821834564208984, -25.927772521972656, -25.03371238708496, -24.139650344848633, -23.245590209960938, -22.35152816772461, -21.457468032836914, -20.563405990600586, -19.66934585571289, -18.775283813476562, -17.881223678588867, -16.98716163635254, -16.093101501464844, -15.199039459228516, -14.304978370666504, -13.410917282104492, -12.51685619354248, -11.622795104980469, -10.728734016418457, -9.834672927856445, -8.940611839294434, -8.046550750732422, -7.152489185333252, -6.25842809677124, -5.3643670082092285, -4.470305919647217, -3.576244592666626, -2.6821835041046143, -1.788122296333313, -0.8940611481666565, -0.0]}, "gradients/graph_5linear.0.bias": {"_type": "histogram", "values": [1.0, 0.0, 0.0, 0.0, 0.0, 0.0, 0.0, 0.0, 0.0, 0.0, 0.0, 0.0, 0.0, 0.0, 1.0, 1.0, 0.0, 0.0, 0.0, 0.0, 0.0, 0.0, 0.0, 0.0, 0.0, 0.0, 0.0, 0.0, 0.0, 0.0, 0.0, 0.0, 0.0, 0.0, 1.0, 0.0, 0.0, 0.0, 0.0, 0.0, 0.0, 0.0, 0.0, 0.0, 0.0, 0.0, 0.0, 0.0, 0.0, 0.0, 0.0, 0.0, 0.0, 0.0, 0.0, 0.0, 0.0, 0.0, 0.0, 0.0, 0.0, 0.0, 0.0, 28.0],