{"gradients/graph_12linear.5.bias": {"_type": "histogram", "values": [3.0, 0.0, 1.0, 0.0, 0.0, 0.0, 0.0, 0.0, 0.0, 0.0, 0.0, 0.0, 0.0, 0.0, 0.0, 0.0, 0.0, 1.0, 2.0, 4.0, 6.0, 9.0, 3.0, 2.0, 3.0, 3.0, 0.0, 20.0, 6.0, 3.0, 2.0, 0.0, 0.0, 0.0, 0.0, 0.0, 0.0, 0.0, 0.0, 0.0, 0.0, 0.0, 2.0, 7.0, 7.0, 3.0, 1.0, 0.0, 0.0, 0.0, 0.0, 0.0, 0.0, 0.0, 0.0, 0.0, 0.0, 0.0, 0.0, 0.0, 1.0, 2.0, 3.0, 2.0], "bins": [-0.8570605516433716, -0.8309074640274048, -0.804754376411438, -0.7786012887954712, -0.7524481415748596, -0.7262950539588928, -0.700141966342926, -0.6739888787269592, -0.6478357911109924, -0.6216826438903809, -0.5955295562744141, -0.5693764686584473, -0.5432233810424805, -0.5170702934265137, -0.4909172058105469, -0.4647640883922577, -0.4386110007762909, -0.4124579131603241, -0.3863047957420349, -0.3601517081260681, -0.3339986205101013, -0.3078455328941345, -0.2816924452781677, -0.25553929805755615, -0.22938621044158936, -0.20323312282562256, -0.17708003520965576, -0.15092694759368896, -0.12477385997772217, -0.0986207127571106, -0.0724676251411438, -0.046314537525177, -0.020161449909210205, 0.005991637706756592, 0.03214472532272339, 0.058297812938690186, 0.08445096015930176, 0.11060404777526855, 0.13675713539123535, 0.16291022300720215, 0.18906331062316895, 0.21521639823913574, 0.24136954545974731, 0.2675226330757141, 0.2936757206916809, 0.3198288083076477, 0.3459818959236145, 0.3721350133419037, 0.3982881009578705, 0.4244411885738373, 0.45059430599212646, 0.47674739360809326, 0.5029004812240601, 0.5290535688400269, 0.5552066564559937, 0.5813597440719604, 0.607512891292572, 0.6336659789085388, 0.6598190665245056, 0.6859721541404724, 0.7121252417564392, 0.7382783889770508, 0.7644314765930176, 0.7905845642089844, 0.8167376518249512]}, "_timestamp": 1715849347.88881, "gradients/graph_12linear.5.weight": {"_type": "histogram", "values": [5.0, 1.0, 2.0, 0.0, 4.0, 2.0, 5.0, 4.0, 10.0, 11.0, 5.0, 3.0, 9.0, 8.0, 11.0, 9.0, 14.0, 16.0, 11.0, 24.0, 32.0, 57.0, 58.0, 110.0, 142.0, 173.0, 248.0, 305.0, 397.0, 524.0, 787.0, 653.0, 880.0, 87.0, 105.0, 144.0, 111.0, 191.0, 188.0, 150.0, 111.0, 90.0, 70.0, 55.0, 47.0, 29.0, 28.0, 29.0, 23.0, 21.0, 22.0, 15.0, 9.0, 15.0, 19.0, 16.0, 14.0, 7.0, 7.0, 4.0, 3.0, 5.0, 5.0, 4.0], "bins": [-5.969883918762207, -5.787713527679443, -5.60554313659668, -5.423373222351074, -5.2412028312683105, -5.059032440185547, -4.876862525939941, -4.694692134857178, -4.512521743774414, -4.33035135269165, -4.148180961608887, -3.9660110473632812, -3.7838406562805176, -3.601670265197754, -3.4195001125335693, -3.2373299598693848, -3.055159568786621, -2.8729891777038574, -2.690819025039673, -2.5086488723754883, -2.3264784812927246, -2.144308090209961, -1.9621381759643555, -1.7799677848815918, -1.5977973937988281, -1.4156270027160645, -1.2334566116333008, -1.0512866973876953, -0.8691163063049316, -0.686945915222168, -0.5047760009765625, -0.32260560989379883, -0.14043521881103516, 0.041735172271728516, 0.2239055633544922, 0.40607547760009766, 0.5882458686828613, 0.770416259765625, 0.9525861740112305, 1.1347565650939941, 1.3169269561767578, 1.4990973472595215, 1.6812677383422852, 1.8634376525878906, 2.0456080436706543, 2.227778434753418, 2.4099485874176025, 2.592118740081787, 2.774289131164551, 2.9564595222473145, 3.138629674911499, 3.3207998275756836, 3.5029702186584473, 3.685140609741211, 3.8673107624053955, 4.04948091506958, 4.231651306152344, 4.413821697235107, 4.595992088317871, 4.778162002563477, 4.96033239364624, 5.142502784729004, 5.324672698974609, 5.506843090057373, 5.689013481140137]}, "gradients/graph_12linear.3.bias": {"_type": "histogram", "values": [1.0, 1.0, 0.0, 0.0, 0.0, 0.0, 1.0, 1.0, 1.0, 1.0, 2.0, 0.0, 2.0, 2.0, 4.0, 0.0, 2.0, 0.0, 1.0, 0.0, 0.0, 0.0, 1.0, 0.0, 1.0, 2.0, 5.0, 2.0, 1.0, 1.0, 2.0, 0.0, 0.0, 1.0, 1.0, 2.0, 0.0, 0.0, 1.0, 0.0, 0.0, 1.0, 0.0, 2.0, 1.0, 2.0, 6.0, 0.0, 1.0, 0.0, 1.0, 2.0, 2.0, 0.0, 0.0, 1.0, 0.0, 3.0, 0.0, 0.0, 2.0, 0.0, 0.0, 1.0], "bins": [-3.1368420124053955, -3.0697004795074463, -3.002559185028076, -2.935417652130127, -2.8682761192321777, -2.8011345863342285, -2.7339932918548584, -2.666851758956909, -2.599710464477539, -2.53256893157959, -2.4654273986816406, -2.3982858657836914, -2.3311445713043213, -2.264003038406372, -2.196861743927002, -2.1297202110290527, -2.0625786781311035, -1.9954372644424438, -1.9282957315444946, -1.861154317855835, -1.7940127849578857, -1.726871371269226, -1.6597299575805664, -1.5925884246826172, -1.5254470109939575, -1.4583055973052979, -1.3911640644073486, -1.324022650718689, -1.2568812370300293, -1.18973970413208, -1.1225981712341309, -1.0554568767547607, -0.988315224647522, -0.9211736917495728, -0.8540323972702026, -0.7868908643722534, -0.7197493314743042, -0.6526079177856445, -0.5854665040969849, -0.5183249711990356, -0.451183557510376, -0.3840421438217163, -0.3169006109237671, -0.24975919723510742, -0.18261778354644775, -0.11547625064849854, -0.04833483695983887, 0.01880669593811035, 0.08594810962677002, 0.1530895233154297, 0.2202310562133789, 0.2873724699020386, 0.354513943195343, 0.42165541648864746, 0.48879683017730713, 0.5559383034706116, 0.623079776763916, 0.6902212500572205, 0.7573627233505249, 0.8245041370391846, 0.891645610332489, 0.9587870836257935, 1.0259284973144531, 1.0930700302124023, 1.160211443901062]}, "gradients/graph_12linear.3.weight": {"_type": "histogram", "values": [1.0, 1.0, 0.0, 0.0, 0.0, 1.0, 2.0, 1.0, 1.0, 1.0, 3.0, 1.0, 2.0, 4.0, 7.0, 2.0, 3.0, 2.0, 5.0, 5.0, 4.0, 5.0, 2.0, 7.0, 13.0, 11.0, 17.0, 16.0, 21.0, 22.0, 22.0, 10.0, 24.0, 14.0, 21.0, 47.0, 39.0, 44.0, 22.0, 40.0, 62.0, 49.0, 40.0, 53.0, 31.0, 62.0, 3132.0, 40.0, 46.0, 42.0, 22.0, 18.0, 18.0, 8.0, 9.0, 4.0, 7.0, 3.0, 2.0, 1.0, 2.0, 0.0, 1.0, 1.0], "bins": [-24.42940902709961, -23.906518936157227, -23.38362693786621, -22.860736846923828, -22.337844848632812, -21.81495475769043, -21.292062759399414, -20.76917266845703, -20.246280670166016, -19.723390579223633, -19.20050048828125, -18.677608489990234, -18.15471839904785, -17.631826400756836, -17.108936309814453, -16.586044311523438, -16.063154220581055, -15.540263175964355, -15.017372131347656, -14.494481086730957, -13.971590042114258, -13.448699951171875, -12.925808906555176, -12.402917861938477, -11.880026817321777, -11.357135772705078, -10.834244728088379, -10.31135368347168, -9.788463592529297, -9.265572547912598, -8.742681503295898, -8.219789505004883, -7.696900367736816, -7.174010276794434, -6.651118278503418, -6.128227233886719, -5.6053361892700195, -5.082446098327637, -4.5595550537109375, -4.036664009094238, -3.513772964477539, -2.99088191986084, -2.4679908752441406, -1.9450998306274414, -1.4222097396850586, -0.8993186950683594, -0.37642765045166016, 0.14646339416503906, 0.6693544387817383, 1.1922454833984375, 1.7151365280151367, 2.2380270957946777, 2.760918140411377, 3.283809185028076, 3.806699752807617, 4.329590797424316, 4.852481842041016, 5.375372886657715, 5.898263931274414, 6.421154499053955, 6.944045543670654, 7.4669365882873535, 7.9898271560668945, 8.512718200683594, 9.035609245300293]}, "gradients/graph_12linear.0.bias": {"_type": "histogram", "values": [1.0, 0.0, 0.0, 0.0, 0.0, 0.0, 0.0, 0.0, 0.0, 0.0, 0.0, 0.0, 0.0, 0.0, 0.0, 0.0, 0.0, 2.0, 0.0, 1.0, 0.0, 0.0, 0.0, 0.0, 3.0, 1.0, 0.0, 1.0, 0.0, 1.0, 0.0, 0.0, 0.0, 1.0, 0.0, 1.0, 1.0, 0.0, 3.0, 0.0, 0.0, 0.0, 1.0, 1.0, 0.0, 1.0, 0.0, 0.0, 0.0, 0.0, 0.0, 0.0, 0.0, 0.0, 0.0, 0.0, 0.0, 0.0, 0.0, 0.0, 0.0, 0.0, 0.0, 45.0],