{"Linear loss": 12850.9833984375, "_timestamp": 1715769879.0813947, "_runtime": 137.70215368270874, "_step": 3619, "gradients/graph_22linear.5.bias": {"_type": "histogram", "values": [7.0, 0.0, 0.0, 3.0, 0.0, 0.0, 0.0, 0.0, 0.0, 0.0, 0.0, 0.0, 0.0, 0.0, 0.0, 0.0, 0.0, 0.0, 0.0, 0.0, 0.0, 0.0, 0.0, 0.0, 0.0, 0.0, 0.0, 0.0, 13.0, 0.0, 0.0, 2.0, 42.0, 0.0, 0.0, 17.0, 0.0, 0.0, 0.0, 0.0, 0.0, 0.0, 0.0, 0.0, 0.0, 0.0, 0.0, 0.0, 0.0, 0.0, 0.0, 0.0, 0.0, 0.0, 0.0, 0.0, 0.0, 1.0, 0.0, 0.0, 3.0, 0.0, 0.0, 8.0], "bins": [-200.0, -193.75, -187.5, -181.25, -175.0, -168.75, -162.5, -156.25, -150.0, -143.75, -137.5, -131.25, -125.0, -118.75, -112.5, -106.25, -100.0, -93.75, -87.5, -81.25, -75.0, -68.75, -62.5, -56.25, -50.0, -43.75, -37.5, -31.25, -25.0, -18.75, -12.5, -6.25, 0.0, 6.25, 12.5, 18.75, 25.0, 31.25, 37.5, 43.75, 50.0, 56.25, 62.5, 68.75, 75.0, 81.25, 87.5, 93.75, 100.0, 106.25, 112.5, 118.75, 125.0, 131.25, 137.5, 143.75, 150.0, 156.25, 162.5, 168.75, 175.0, 181.25, 187.5, 193.75, 200.0]}, "gradients/graph_22linear.5.weight": {"_type": "histogram", "values": [7.0, 0.0, 0.0, 3.0, 7.0, 7.0, 0.0, 3.0, 3.0, 0.0, 0.0, 0.0, 0.0, 0.0, 7.0, 7.0, 3.0, 3.0, 7.0, 17.0, 20.0, 6.0, 14.0, 13.0, 20.0, 10.0, 17.0, 6.0, 13.0, 26.0, 101.0, 155.0, 2199.0, 131.0, 34.0, 17.0, 8.0, 21.0, 12.0, 25.0, 14.0, 18.0, 8.0, 23.0, 19.0, 9.0, 4.0, 3.0, 8.0, 8.0, 0.0, 0.0, 0.0, 2.0, 0.0, 3.0, 3.0, 1.0, 8.0, 8.0, 3.0, 0.0, 0.0, 8.0], "bins": [-1385.03271484375, -1341.75048828125, -1298.4681396484375, -1255.1859130859375, -1211.903564453125, -1168.621337890625, -1125.339111328125, -1082.056884765625, -1038.7745361328125, -995.4922485351562, -952.2099609375, -908.927734375, -865.6454467773438, -822.3631591796875, -779.0809326171875, -735.7986450195312, -692.516357421875, -649.2340698242188, -605.9517822265625, -562.6695556640625, -519.3872680664062, -476.10498046875, -432.82275390625, -389.54046630859375, -346.2581787109375, -302.9759521484375, -259.693603515625, -216.411376953125, -173.129150390625, -129.8468017578125, -86.5645751953125, -43.2822265625, 0.0, 43.2822265625, 86.5645751953125, 129.8468017578125, 173.129150390625, 216.411376953125, 259.693603515625, 302.9759521484375, 346.2581787109375, 389.54046630859375, 432.82275390625, 476.10498046875, 519.3872680664062, 562.6695556640625, 605.9517822265625, 649.2340698242188, 692.516357421875, 735.7986450195312, 779.0809326171875, 822.3631591796875, 865.6454467773438, 908.927734375, 952.2099609375, 995.4922485351562, 1038.7745361328125, 1082.056884765625, 1125.339111328125, 1168.621337890625, 1211.903564453125, 1255.1859130859375, 1298.4681396484375, 1341.75048828125, 1385.03271484375]}, "gradients/graph_22linear.3.bias": {"_type": "histogram", "values": [1.0, 0.0, 0.0, 1.0, 0.0, 0.0, 0.0, 0.0, 0.0, 0.0, 0.0, 0.0, 0.0, 0.0, 0.0, 1.0, 1.0, 1.0, 0.0, 0.0, 0.0, 1.0, 1.0, 0.0, 2.0, 0.0, 0.0, 0.0, 0.0, 1.0, 1.0, 1.0, 0.0, 0.0, 0.0, 1.0, 0.0, 0.0, 13.0, 1.0, 2.0, 0.0, 0.0, 0.0, 0.0, 0.0, 0.0, 1.0, 0.0, 0.0, 0.0, 1.0, 0.0, 0.0, 0.0, 0.0, 0.0, 0.0, 0.0, 0.0, 0.0, 0.0, 0.0, 1.0], "bins": [-185.71971130371094, -180.94459533691406, -176.1694793701172, -171.3943634033203, -166.61924743652344, -161.8441162109375, -157.06900024414062, -152.29388427734375, -147.51876831054688, -142.74365234375, -137.96853637695312, -133.19342041015625, -128.41830444335938, -123.6431884765625, -118.8680648803711, -114.09294891357422, -109.31783294677734, -104.54271697998047, -99.7676010131836, -94.99247741699219, -90.21736145019531, -85.44224548339844, -80.66712951660156, -75.89201354980469, -71.11689758300781, -66.3417739868164, -61.56665802001953, -56.791534423828125, -52.01641845703125, -47.241302490234375, -42.4661865234375, -37.691070556640625, -32.91594696044922, -28.140830993652344, -23.36571502685547, -18.590599060058594, -13.815483093261719, -9.040367126464844, -4.2652435302734375, 0.5098724365234375, 5.284996032714844, 10.060111999511719, 14.835227966308594, 19.61034393310547, 24.385459899902344, 29.16057586669922, 33.935699462890625, 38.7108154296875, 43.485931396484375, 48.26104736328125, 53.036163330078125, 57.811283111572266, 62.586402893066406, 67.36151885986328, 72.13663482666016, 76.91175842285156, 81.68687438964844, 86.46199035644531, 91.23710632324219, 96.01222229003906, 100.78733825683594, 105.56245422363281, 110.33757781982422, 115.1126937866211, 119.88780975341797]}, "gradients/graph_22linear.3.weight": {"_type": "histogram", "values": [2.0, 0.0, 0.0, 2.0, 1.0, 0.0, 0.0, 1.0, 0.0, 0.0, 0.0, 0.0, 0.0, 0.0, 1.0, 2.0, 3.0, 2.0, 1.0, 2.0, 0.0, 1.0, 3.0, 1.0, 6.0, 3.0, 1.0, 0.0, 2.0, 3.0, 4.0, 3.0, 2.0, 1.0, 3.0, 3.0, 6.0, 4.0, 930.0, 11.0, 7.0, 1.0, 0.0, 0.0, 1.0, 0.0, 2.0, 2.0, 0.0, 0.0, 1.0, 2.0, 0.0, 0.0, 1.0, 0.0, 0.0, 0.0, 0.0, 0.0, 0.0, 1.0, 0.0, 2.0], "bins": [-2144.182861328125, -2089.052978515625, -2033.9228515625, -1978.79296875, -1923.6629638671875, -1868.532958984375, -1813.4029541015625, -1758.27294921875, -1703.1429443359375, -1648.012939453125, -1592.883056640625, -1537.7529296875, -1482.623046875, -1427.4930419921875, -1372.363037109375, -1317.233154296875, -1262.10302734375, -1206.97314453125, -1151.8431396484375, -1096.713134765625, -1041.5831298828125, -986.453125, -931.3231201171875, -876.1932373046875, -821.063232421875, -765.9332275390625, -710.80322265625, -655.6732177734375, -600.543212890625, -545.413330078125, -490.2833251953125, -435.1533203125, -380.0233154296875, -324.893310546875, -269.7633056640625, -214.63330078125, -159.50341796875, -104.3734130859375, -49.243408203125, 5.8865966796875, 61.0166015625, 116.1466064453125, 171.2764892578125, 226.406494140625, 281.5364990234375, 336.66650390625, 391.7965087890625, 446.92645263671875, 502.05645751953125, 557.1864624023438, 612.31640625, 667.4464111328125, 722.576416015625, 777.7063598632812, 832.8363647460938, 887.9663696289062, 943.0963134765625, 998.226318359375, 1053.3563232421875, 1108.486328125, 1163.6163330078125, 1218.746337890625, 1273.876220703125, 1329.0062255859375, 1384.13623046875]}, "gradients/graph_22linear.0.bias": {"_type": "histogram", "values": [1.0, 0.0, 0.0, 0.0, 0.0, 0.0, 0.0, 0.0, 0.0, 0.0, 0.0, 2.0, 0.0, 0.0, 0.0, 0.0, 0.0, 0.0, 1.0, 0.0, 0.0, 1.0, 0.0, 0.0, 0.0, 0.0, 0.0, 0.0, 0.0, 0.0, 0.0, 0.0, 0.0, 0.0, 0.0, 0.0, 0.0, 0.0, 26.0, 0.0, 0.0, 0.0, 0.0, 0.0, 0.0, 0.0, 0.0, 0.0, 0.0, 0.0, 0.0, 0.0, 0.0, 0.0, 0.0, 0.0, 0.0, 0.0, 0.0, 0.0, 0.0, 0.0, 0.0, 1.0], "bins": [-382.63140869140625, -372.7136535644531, -362.7958679199219, -352.87811279296875, -342.9603576660156, -333.0426025390625, -323.12481689453125, -313.2070617675781, -303.289306640625, -293.37152099609375, -283.4537658691406, -273.5360107421875, -263.61822509765625, -253.70046997070312, -243.78269958496094, -233.8649444580078, -223.94717407226562, -214.02940368652344, -204.1116485595703, -194.19387817382812, -184.276123046875, -174.3583526611328, -164.44058227539062, -154.5228271484375, -144.6050567626953, -134.68728637695312, -124.76953125, -114.85177612304688, -104.93399047851562, -95.0162353515625, -85.09848022460938, -75.18069458007812, -65.26290893554688, -55.34515380859375, -45.4273681640625, -35.509613037109375, -25.59185791015625, -15.674072265625, -5.756317138671875, 4.16143798828125, 14.079208374023438, 23.996978759765625, 33.91473388671875, 43.83250427246094, 53.750274658203125, 63.66802978515625, 73.58580017089844, 83.50355529785156, 93.42132568359375, 103.33909606933594, 113.25685119628906, 123.17462158203125, 133.09237670898438, 143.01014709472656, 152.92791748046875, 162.84567260742188, 172.76344299316406, 182.68121337890625, 192.59896850585938, 202.51673889160156, 212.43450927734375, 222.35226440429688, 232.27003479003906, 242.1877899169922, 252.10556030273438]}, "gradients/graph_22linear.0.weight": {"_type": "histogram",