{"Linear loss": 16960.078125, "_timestamp": 1715766902.983502, "_runtime": 204.02334785461426, "_step": 3619, "gradients/graph_3linear.5.bias": {"_type": "histogram", "values": [7.0, 0.0, 0.0, 3.0, 0.0, 0.0, 0.0, 0.0, 0.0, 0.0, 0.0, 0.0, 0.0, 0.0, 0.0, 0.0, 0.0, 0.0, 0.0, 0.0, 0.0, 0.0, 0.0, 0.0, 0.0, 0.0, 0.0, 0.0, 12.0, 0.0, 0.0, 2.0, 41.0, 0.0, 0.0, 13.0, 0.0, 0.0, 0.0, 0.0, 0.0, 0.0, 0.0, 0.0, 0.0, 0.0, 0.0, 0.0, 0.0, 0.0, 0.0, 0.0, 0.0, 0.0, 0.0, 0.0, 0.0, 0.0, 0.0, 0.0, 6.0, 0.0, 0.0, 12.0], "bins": [-200.0, -193.75, -187.5, -181.25, -175.0, -168.75, -162.5, -156.25, -150.0, -143.75, -137.5, -131.25, -125.0, -118.75, -112.5, -106.25, -100.0, -93.75, -87.5, -81.25, -75.0, -68.75, -62.5, -56.25, -50.0, -43.75, -37.5, -31.25, -25.0, -18.75, -12.5, -6.25, 0.0, 6.25, 12.5, 18.75, 25.0, 31.25, 37.5, 43.75, 50.0, 56.25, 62.5, 68.75, 75.0, 81.25, 87.5, 93.75, 100.0, 106.25, 112.5, 118.75, 125.0, 131.25, 137.5, 143.75, 150.0, 156.25, 162.5, 168.75, 175.0, 181.25, 187.5, 193.75, 200.0]}, "gradients/graph_3linear.5.weight": {"_type": "histogram", "values": [7.0, 0.0, 0.0, 3.0, 7.0, 0.0, 0.0, 3.0, 7.0, 0.0, 0.0, 3.0, 0.0, 14.0, 0.0, 6.0, 0.0, 14.0, 13.0, 0.0, 17.0, 13.0, 3.0, 0.0, 0.0, 14.0, 13.0, 13.0, 19.0, 41.0, 119.0, 199.0, 2047.0, 146.0, 56.0, 25.0, 24.0, 24.0, 24.0, 0.0, 0.0, 6.0, 24.0, 30.0, 0.0, 24.0, 24.0, 0.0, 12.0, 0.0, 24.0, 0.0, 6.0, 0.0, 0.0, 12.0, 6.0, 0.0, 0.0, 12.0, 6.0, 0.0, 0.0, 12.0], "bins": [-690.5100708007812, -668.931640625, -647.3532104492188, -625.7747802734375, -604.1962890625, -582.6178588867188, -561.0394287109375, -539.4609985351562, -517.882568359375, -496.3041076660156, -474.7256774902344, -453.147216796875, -431.56878662109375, -409.9903564453125, -388.41192626953125, -366.8334655761719, -345.2550354003906, -323.6766052246094, -302.09814453125, -280.51971435546875, -258.9412841796875, -237.36282348632812, -215.78439331054688, -194.20596313476562, -172.62750244140625, -151.049072265625, -129.47064208984375, -107.8922119140625, -86.31378173828125, -64.73529052734375, -43.1568603515625, -21.57843017578125, 0.0, 21.57843017578125, 43.1568603515625, 64.73529052734375, 86.31378173828125, 107.8922119140625, 129.47064208984375, 151.049072265625, 172.62750244140625, 194.20596313476562, 215.78439331054688, 237.36282348632812, 258.9412841796875, 280.51971435546875, 302.09814453125, 323.6766052246094, 345.2550354003906, 366.8334655761719, 388.41192626953125, 409.9903564453125, 431.56878662109375, 453.147216796875, 474.7256774902344, 496.3041076660156, 517.882568359375, 539.4609985351562, 561.0394287109375, 582.6178588867188, 604.1962890625, 625.7747802734375, 647.3532104492188, 668.931640625, 690.5100708007812]}, "gradients/graph_3linear.3.bias": {"_type": "histogram", "values": [2.0, 0.0, 0.0, 0.0, 0.0, 1.0, 0.0, 0.0, 0.0, 0.0, 1.0, 1.0, 0.0, 0.0, 0.0, 2.0, 1.0, 0.0, 0.0, 2.0, 0.0, 1.0, 0.0, 0.0, 1.0, 0.0, 0.0, 1.0, 0.0, 0.0, 0.0, 0.0, 1.0, 0.0, 0.0, 0.0, 1.0, 0.0, 2.0, 0.0, 0.0, 0.0, 0.0, 0.0, 0.0, 0.0, 11.0, 1.0, 0.0, 0.0, 0.0, 0.0, 0.0, 0.0, 0.0, 0.0, 0.0, 0.0, 0.0, 0.0, 0.0, 1.0, 0.0, 2.0], "bins": [-223.23863220214844, -218.4247283935547, -213.61082458496094, -208.79690551757812, -203.98300170898438, -199.16909790039062, -194.35519409179688, -189.54129028320312, -184.72738647460938, -179.91346740722656, -175.0995635986328, -170.28565979003906, -165.4717559814453, -160.6578369140625, -155.84393310546875, -151.030029296875, -146.21612548828125, -141.4022216796875, -136.58831787109375, -131.7744140625, -126.96049499511719, -122.14659118652344, -117.33268737792969, -112.5187759399414, -107.70487213134766, -102.8909683227539, -98.07705688476562, -93.26315307617188, -88.44924926757812, -83.63534545898438, -78.82142639160156, -74.00752258300781, -69.1936264038086, -64.37972259521484, -59.565818786621094, -54.75189971923828, -49.93799591064453, -45.12409210205078, -40.31018829345703, -35.49627685546875, -30.682373046875, -25.86846923828125, -21.05455780029297, -16.24065399169922, -11.426750183105469, -6.6128387451171875, -1.7989349365234375, 3.0149765014648438, 7.828880310058594, 12.642784118652344, 17.456695556640625, 22.270599365234375, 27.08450698852539, 31.898414611816406, 36.712318420410156, 41.52622604370117, 46.34013366699219, 51.1540412902832, 55.96794891357422, 60.78185272216797, 65.59576416015625, 70.40966796875, 75.22357177734375, 80.03748321533203, 84.85138702392578]}, "gradients/graph_3linear.3.weight": {"_type": "histogram", "values": [2.0, 0.0, 0.0, 0.0, 0.0, 1.0, 0.0, 0.0, 0.0, 1.0, 2.0, 1.0, 0.0, 1.0, 0.0, 2.0, 1.0, 1.0, 1.0, 2.0, 0.0, 3.0, 1.0, 0.0, 3.0, 0.0, 1.0, 1.0, 0.0, 1.0, 0.0, 1.0, 1.0, 0.0, 2.0, 1.0, 2.0, 2.0, 5.0, 3.0, 3.0, 2.0, 1.0, 1.0, 2.0, 0.0, 962.0, 2.0, 0.0, 0.0, 3.0, 0.0, 0.0, 0.0, 0.0, 0.0, 0.0, 0.0, 1.0, 1.0, 1.0, 1.0, 0.0, 2.0], "bins": [-1885.3690185546875, -1844.7130126953125, -1804.0570068359375, -1763.4010009765625, -1722.7449951171875, -1682.0889892578125, -1641.4329833984375, -1600.7769775390625, -1560.1209716796875, -1519.4649658203125, -1478.8089599609375, -1438.1529541015625, -1397.4970703125, -1356.841064453125, -1316.18505859375, -1275.529052734375, -1234.873046875, -1194.217041015625, -1153.56103515625, -1112.905029296875, -1072.2490234375, -1031.593017578125, -990.9369506835938, -950.2809448242188, -909.625, -868.968994140625, -828.31298828125, -787.656982421875, -747.0009765625, -706.344970703125, -665.68896484375, -625.032958984375, -584.376953125, -543.720947265625, -503.06494140625, -462.408935546875, -421.7529296875, -381.096923828125, -340.44091796875, -299.784912109375, -259.12890625, -218.47296142578125, -177.81695556640625, -137.16094970703125, -96.50494384765625, -55.84893798828125, -15.19293212890625, 25.46307373046875, 66.11907958984375, 106.77508544921875, 147.43109130859375, 188.08709716796875, 228.74310302734375, 269.3990783691406, 310.0550842285156, 350.7110900878906, 391.3670959472656, 432.0231018066406, 472.6791076660156, 513.3350830078125, 553.9910888671875, 594.6470947265625, 635.3031005859375, 675.9591064453125, 716.6151123046875]}, "gradients/graph_3linear.0.bias": {"_type": "histogram", "values": [1.0, 0.0, 0.0, 0.0, 0.0, 0.0, 0.0, 0.0, 0.0, 0.0, 1.0, 0.0, 0.0, 0.0, 0.0, 0.0, 0.0, 0.0, 0.0, 0.0, 0.0, 0.0, 0.0, 0.0, 0.0, 0.0, 0.0, 0.0, 0.0, 0.0, 0.0, 0.0, 0.0, 0.0, 0.0, 0.0, 0.0, 0.0, 0.0, 0.0, 0.0, 0.0, 0.0, 0.0, 0.0, 0.0, 0.0, 29.0, 0.0, 0.0, 0.0, 0.0, 0.0, 0.0, 0.0, 0.0, 0.0, 0.0, 0.0, 0.0, 0.0, 0.0, 0.0, 1.0], "bins": [-458.8932189941406, -449.21502685546875, -439.53680419921875, -429.85858154296875, -420.1803894042969, -410.502197265625, -400.823974609375, -391.145751953125, -381.4675598144531, -371.78936767578125, -362.11114501953125, -352.43292236328125, -342.7547302246094, -333.0765380859375, -323.3983154296875, -313.7200927734375, -304.0419006347656, -294.36370849609375, -284.68548583984375, -275.00726318359375, -265.3290710449219, -255.65086364746094, -245.97265625, -236.29444885253906, -226.61624145507812, -216.9380340576172, -207.25982666015625, -197.58163452148438, -187.90341186523438, -178.22518920898438, -168.5469970703125, -158.86880493164062, -149.19058227539062, -139.51235961914062, -129.83416748046875, -120.15597534179688, -110.47775268554688, -100.79953002929688, -91.121337890625, -81.44313049316406, -71.76492309570312, -62.08671569824219, -52.40850830078125, -42.73030090332031, -33.052093505859375, -23.373886108398438, -13.6956787109375, -4.0174713134765625, 5.660736083984375, 15.338943481445312, 25.01715087890625, 34.69535827636719, 44.373565673828125, 54.05177307128906, 63.72998046875, 73.40818786621094, 83.08639526367188, 92.76460266113281, 102.44281005859375, 112.12101745605469, 121.79922485351562, 131.47743225097656, 141.1556396484375, 150.83384704589844, 160.51205444335938]}, "gradients/graph_3linear.0.weight": {"_type": "histogram",