{"Linear loss": 16136.8603515625, "_timestamp": 1715769950.075657, "_runtime": 59.655117988586426, "_step": 1809, "gradients/graph_23linear.5.bias": {"_type": "histogram", "values": [6.0, 0.0, 0.0, 4.0, 0.0, 0.0, 0.0, 0.0, 0.0, 0.0, 0.0, 0.0, 0.0, 0.0, 0.0, 0.0, 0.0, 0.0, 0.0, 0.0, 0.0, 0.0, 0.0, 0.0, 0.0, 0.0, 0.0, 0.0, 13.0, 0.0, 0.0, 2.0, 40.0, 0.0, 0.0, 15.0, 0.0, 0.0, 0.0, 0.0, 0.0, 0.0, 0.0, 0.0, 0.0, 0.0, 0.0, 0.0, 0.0, 0.0, 0.0, 0.0, 0.0, 0.0, 0.0, 0.0, 0.0, 1.0, 0.0, 0.0, 4.0, 0.0, 0.0, 11.0], "bins": [-200.0, -193.75, -187.5, -181.25, -175.0, -168.75, -162.5, -156.25, -150.0, -143.75, -137.5, -131.25, -125.0, -118.75, -112.5, -106.25, -100.0, -93.75, -87.5, -81.25, -75.0, -68.75, -62.5, -56.25, -50.0, -43.75, -37.5, -31.25, -25.0, -18.75, -12.5, -6.25, 0.0, 6.25, 12.5, 18.75, 25.0, 31.25, 37.5, 43.75, 50.0, 56.25, 62.5, 68.75, 75.0, 81.25, 87.5, 93.75, 100.0, 106.25, 112.5, 118.75, 125.0, 131.25, 137.5, 143.75, 150.0, 156.25, 162.5, 168.75, 175.0, 181.25, 187.5, 193.75, 200.0]}, "gradients/graph_23linear.5.weight": {"_type": "histogram", "values": [6.0, 0.0, 0.0, 16.0, 0.0, 6.0, 8.0, 6.0, 10.0, 6.0, 4.0, 14.0, 0.0, 10.0, 0.0, 4.0, 6.0, 4.0, 0.0, 6.0, 4.0, 0.0, 0.0, 0.0, 6.0, 4.0, 10.0, 0.0, 13.0, 101.0, 45.0, 136.0, 2247.0, 56.0, 121.0, 15.0, 1.0, 16.0, 4.0, 11.0, 0.0, 0.0, 1.0, 4.0, 12.0, 0.0, 5.0, 11.0, 5.0, 0.0, 17.0, 1.0, 19.0, 5.0, 13.0, 15.0, 11.0, 9.0, 11.0, 0.0, 26.0, 0.0, 0.0, 11.0], "bins": [-480.6707763671875, -465.6498107910156, -450.62884521484375, -435.6078796386719, -420.5869140625, -405.56597900390625, -390.5450134277344, -375.5240478515625, -360.5030822753906, -345.48211669921875, -330.4611511230469, -315.440185546875, -300.41925048828125, -285.39825439453125, -270.3773193359375, -255.35635375976562, -240.33538818359375, -225.31442260742188, -210.29345703125, -195.27249145507812, -180.25152587890625, -165.2305908203125, -150.20962524414062, -135.18865966796875, -120.16769409179688, -105.146728515625, -90.12576293945312, -75.10479736328125, -60.0838623046875, -45.062896728515625, -30.04193115234375, -15.020965576171875, 0.0, 15.020965576171875, 30.04193115234375, 45.062896728515625, 60.0838623046875, 75.10479736328125, 90.12576293945312, 105.146728515625, 120.16769409179688, 135.18865966796875, 150.20962524414062, 165.2305908203125, 180.25152587890625, 195.27249145507812, 210.29345703125, 225.31442260742188, 240.33538818359375, 255.35635375976562, 270.3773193359375, 285.39825439453125, 300.41925048828125, 315.440185546875, 330.4611511230469, 345.48211669921875, 360.5030822753906, 375.5240478515625, 390.5450134277344, 405.56597900390625, 420.5869140625, 435.6078796386719, 450.62884521484375, 465.6498107910156, 480.6707763671875]}, "gradients/graph_23linear.3.bias": {"_type": "histogram", "values": [2.0, 0.0, 0.0, 0.0, 0.0, 0.0, 0.0, 0.0, 1.0, 0.0, 0.0, 0.0, 1.0, 1.0, 0.0, 0.0, 0.0, 0.0, 1.0, 0.0, 2.0, 0.0, 1.0, 0.0, 1.0, 0.0, 0.0, 0.0, 0.0, 0.0, 1.0, 0.0, 1.0, 0.0, 0.0, 0.0, 0.0, 0.0, 0.0, 15.0, 1.0, 1.0, 0.0, 0.0, 0.0, 0.0, 0.0, 0.0, 0.0, 0.0, 1.0, 0.0, 0.0, 0.0, 0.0, 0.0, 0.0, 0.0, 0.0, 1.0, 0.0, 0.0, 0.0, 1.0], "bins": [-191.5072479248047, -186.7166748046875, -181.9261016845703, -177.13552856445312, -172.34494018554688, -167.5543670654297, -162.7637939453125, -157.9732208251953, -153.18264770507812, -148.39207458496094, -143.60150146484375, -138.8109130859375, -134.02035522460938, -129.22976684570312, -124.43919372558594, -119.64862060546875, -114.85804748535156, -110.06747436523438, -105.27690124511719, -100.48632049560547, -95.69574737548828, -90.9051742553711, -86.11459350585938, -81.32402038574219, -76.533447265625, -71.74287414550781, -66.95230102539062, -62.16172790527344, -57.37113952636719, -52.58056640625, -47.78999328613281, -42.999420166015625, -38.20884704589844, -33.41827392578125, -28.627700805664062, -23.837127685546875, -19.046554565429688, -14.255966186523438, -9.46539306640625, -4.6748199462890625, 0.115753173828125, 4.9063262939453125, 9.6968994140625, 14.487480163574219, 19.278053283691406, 24.068626403808594, 28.859207153320312, 33.6497802734375, 38.44035339355469, 43.230926513671875, 48.02149963378906, 52.81208038330078, 57.60265350341797, 62.393226623535156, 67.18380737304688, 71.97438049316406, 76.76495361328125, 81.55552673339844, 86.34609985351562, 91.13668060302734, 95.92725372314453, 100.71782684326172, 105.50840759277344, 110.29898071289062, 115.08955383300781]}, "gradients/graph_23linear.3.weight": {"_type": "histogram", "values": [2.0, 0.0, 0.0, 0.0, 0.0, 0.0, 0.0, 0.0, 3.0, 0.0, 0.0, 0.0, 1.0, 1.0, 0.0, 1.0, 0.0, 1.0, 2.0, 0.0, 2.0, 0.0, 1.0, 1.0, 3.0, 1.0, 0.0, 1.0, 0.0, 0.0, 1.0, 0.0, 2.0, 1.0, 0.0, 2.0, 3.0, 4.0, 2.0, 974.0, 4.0, 3.0, 2.0, 0.0, 0.0, 0.0, 0.0, 0.0, 1.0, 0.0, 1.0, 0.0, 0.0, 0.0, 0.0, 1.0, 0.0, 0.0, 0.0, 2.0, 0.0, 0.0, 0.0, 1.0], "bins": [-1723.2496337890625, -1680.142333984375, -1637.0350341796875, -1593.927734375, -1550.820556640625, -1507.7132568359375, -1464.60595703125, -1421.4986572265625, -1378.391357421875, -1335.2841796875, -1292.1767578125, -1249.069580078125, -1205.9622802734375, -1162.85498046875, -1119.7476806640625, -1076.640380859375, -1033.533203125, -990.4258422851562, -947.318603515625, -904.2113037109375, -861.10400390625, -817.9967651367188, -774.8894653320312, -731.7821655273438, -688.6749267578125, -645.567626953125, -602.4603271484375, -559.35302734375, -516.2457275390625, -473.1385498046875, -430.03125, -386.9239501953125, -343.816650390625, -300.7093505859375, -257.60205078125, -214.4947509765625, -171.3875732421875, -128.2802734375, -85.1729736328125, -42.065673828125, 1.0416259765625, 44.14886474609375, 87.25616455078125, 130.36346435546875, 173.470703125, 216.5780029296875, 259.685302734375, 302.79254150390625, 345.89984130859375, 389.00714111328125, 432.1143798828125, 475.2216796875, 518.3289794921875, 561.436279296875, 604.5435180664062, 647.6508178710938, 690.758056640625, 733.8653564453125, 776.97265625, 820.0799560546875, 863.1871948242188, 906.2944946289062, 949.4017944335938, 992.509033203125, 1035.6163330078125]}, "gradients/graph_23linear.0.bias": {"_type": "histogram", "values": [1.0, 0.0, 0.0, 0.0, 0.0, 0.0, 0.0, 0.0, 0.0, 0.0, 0.0, 0.0, 0.0, 0.0, 0.0, 0.0, 0.0, 0.0, 0.0, 0.0, 0.0, 0.0, 0.0, 0.0, 0.0, 0.0, 0.0, 0.0, 0.0, 0.0, 1.0, 0.0, 0.0, 0.0, 0.0, 0.0, 0.0, 0.0, 0.0, 0.0, 0.0, 0.0, 0.0, 0.0, 0.0, 0.0, 0.0, 0.0, 0.0, 0.0, 0.0, 0.0, 0.0, 0.0, 0.0, 0.0, 0.0, 0.0, 0.0, 0.0, 1.0, 0.0, 0.0, 29.0], "bins": [-471.67864990234375, -464.3086853027344, -456.9386901855469, -449.5687255859375, -442.19873046875, -434.8287658691406, -427.4587707519531, -420.08880615234375, -412.71881103515625, -405.3488464355469, -397.9788513183594, -390.60888671875, -383.2388916015625, -375.8689270019531, -368.49896240234375, -361.12896728515625, -353.75897216796875, -346.3890075683594, -339.01904296875, -331.6490478515625, -324.279052734375, -316.9090881347656, -309.53912353515625, -302.16912841796875, -294.7991638183594, -287.42919921875, -280.0592041015625, -272.689208984375, -265.3192443847656, -257.94927978515625, -250.57928466796875, -243.2093048095703, -235.83932495117188, -228.46934509277344, -221.099365234375, -213.72938537597656, -206.35940551757812, -198.9894256591797, -191.61944580078125, -184.2494659423828, -176.87948608398438, -169.509521484375, -162.13954162597656, -154.76956176757812, -147.3995819091797, -140.02960205078125, -132.6596221923828, -125.28964233398438, -117.91966247558594, -110.5496826171875, -103.17970275878906, -95.80972290039062, -88.43974304199219, -81.06977081298828, -73.69979095458984, -66.3298110961914, -58.95983123779297, -51.58985137939453, -44.219871520996094, -36.84989547729492, -29.479915618896484, -22.109935760498047, -14.739957809448242, -7.369978904724121, 0.0]}, "gradients/graph_23linear.0.weight": {"_type": "histogram",