{"Linear loss": 9556.6826171875, "_timestamp": 1715769130.9479878, "_runtime": 82.86655974388123, "_step": 3619, "gradients/graph_16linear.5.bias": {"_type": "histogram", "values": [7.0, 0.0, 0.0, 3.0, 0.0, 0.0, 0.0, 0.0, 0.0, 0.0, 0.0, 0.0, 0.0, 0.0, 0.0, 0.0, 0.0, 0.0, 0.0, 0.0, 0.0, 0.0, 0.0, 0.0, 0.0, 0.0, 0.0, 0.0, 11.0, 0.0, 0.0, 2.0, 46.0, 0.0, 0.0, 15.0, 0.0, 0.0, 0.0, 0.0, 0.0, 0.0, 0.0, 0.0, 0.0, 0.0, 0.0, 0.0, 0.0, 0.0, 0.0, 0.0, 0.0, 0.0, 0.0, 0.0, 0.0, 2.0, 0.0, 0.0, 3.0, 0.0, 0.0, 7.0], "bins": [-200.0, -193.75, -187.5, -181.25, -175.0, -168.75, -162.5, -156.25, -150.0, -143.75, -137.5, -131.25, -125.0, -118.75, -112.5, -106.25, -100.0, -93.75, -87.5, -81.25, -75.0, -68.75, -62.5, -56.25, -50.0, -43.75, -37.5, -31.25, -25.0, -18.75, -12.5, -6.25, 0.0, 6.25, 12.5, 18.75, 25.0, 31.25, 37.5, 43.75, 50.0, 56.25, 62.5, 68.75, 75.0, 81.25, 87.5, 93.75, 100.0, 106.25, 112.5, 118.75, 125.0, 131.25, 137.5, 143.75, 150.0, 156.25, 162.5, 168.75, 175.0, 181.25, 187.5, 193.75, 200.0]}, "gradients/graph_16linear.5.weight": {"_type": "histogram", "values": [7.0, 0.0, 0.0, 3.0, 0.0, 0.0, 0.0, 0.0, 7.0, 7.0, 10.0, 17.0, 10.0, 6.0, 10.0, 21.0, 16.0, 24.0, 26.0, 17.0, 20.0, 30.0, 30.0, 16.0, 17.0, 6.0, 7.0, 30.0, 34.0, 112.0, 231.0, 344.0, 4188.0, 311.0, 142.0, 46.0, 32.0, 9.0, 10.0, 23.0, 22.0, 36.0, 36.0, 26.0, 19.0, 32.0, 26.0, 18.0, 25.0, 12.0, 10.0, 10.0, 17.0, 10.0, 7.0, 7.0, 0.0, 2.0, 0.0, 0.0, 3.0, 0.0, 0.0, 7.0], "bins": [-1195.9344482421875, -1158.5615234375, -1121.1885986328125, -1083.8155517578125, -1046.442626953125, -1009.0697021484375, -971.69677734375, -934.3237915039062, -896.9508056640625, -859.577880859375, -822.2049560546875, -784.8319702148438, -747.4590454101562, -710.0860595703125, -672.713134765625, -635.3401489257812, -597.9672241210938, -560.5942993164062, -523.2213134765625, -485.848388671875, -448.47540283203125, -411.10247802734375, -373.7294921875, -336.3565673828125, -298.983642578125, -261.61065673828125, -224.23773193359375, -186.86474609375, -149.4918212890625, -112.118896484375, -74.745849609375, -37.3729248046875, 0.0, 37.3729248046875, 74.745849609375, 112.118896484375, 149.4918212890625, 186.86474609375, 224.23773193359375, 261.61065673828125, 298.983642578125, 336.3565673828125, 373.7294921875, 411.10247802734375, 448.47540283203125, 485.848388671875, 523.2213134765625, 560.5942993164062, 597.9672241210938, 635.3401489257812, 672.713134765625, 710.0860595703125, 747.4590454101562, 784.8319702148438, 822.2049560546875, 859.577880859375, 896.9508056640625, 934.3237915039062, 971.69677734375, 1009.0697021484375, 1046.442626953125, 1083.8155517578125, 1121.1885986328125, 1158.5615234375, 1195.9344482421875]}, "gradients/graph_16linear.3.bias": {"_type": "histogram", "values": [2.0, 0.0, 0.0, 0.0, 0.0, 0.0, 0.0, 1.0, 0.0, 0.0, 0.0, 0.0, 0.0, 0.0, 0.0, 0.0, 1.0, 0.0, 1.0, 0.0, 1.0, 1.0, 1.0, 0.0, 1.0, 0.0, 1.0, 2.0, 1.0, 2.0, 0.0, 1.0, 1.0, 1.0, 3.0, 1.0, 0.0, 2.0, 0.0, 0.0, 1.0, 2.0, 0.0, 2.0, 2.0, 2.0, 1.0, 0.0, 0.0, 4.0, 18.0, 0.0, 0.0, 1.0, 0.0, 0.0, 0.0, 2.0, 0.0, 1.0, 2.0, 1.0, 0.0, 1.0], "bins": [-205.45135498046875, -201.3497314453125, -197.24810791015625, -193.146484375, -189.04486083984375, -184.9432373046875, -180.84161376953125, -176.73997497558594, -172.6383514404297, -168.53672790527344, -164.4351043701172, -160.33348083496094, -156.2318572998047, -152.13023376464844, -148.0286102294922, -143.92697143554688, -139.82534790039062, -135.72372436523438, -131.62210083007812, -127.52047729492188, -123.41885375976562, -119.31723022460938, -115.21560668945312, -111.11398315429688, -107.01235961914062, -102.91072845458984, -98.8091049194336, -94.70748138427734, -90.6058578491211, -86.50423431396484, -82.40260314941406, -78.30097961425781, -74.19935607910156, -70.09773254394531, -65.99610900878906, -61.894474029541016, -57.792850494384766, -53.691226959228516, -49.589603424072266, -45.487979888916016, -41.386348724365234, -37.284725189208984, -33.183101654052734, -29.081478118896484, -24.979854583740234, -20.878231048583984, -16.776599884033203, -12.674976348876953, -8.573352813720703, -4.471729278564453, -0.3701019287109375, 3.7315216064453125, 7.833148956298828, 11.934772491455078, 16.036396026611328, 20.138023376464844, 24.239646911621094, 28.341272354125977, 32.44289779663086, 36.54452133178711, 40.646148681640625, 44.747772216796875, 48.849395751953125, 52.95102310180664, 57.05264663696289]}, "gradients/graph_16linear.3.weight": {"_type": "histogram", "values": [2.0, 0.0, 0.0, 1.0, 1.0, 0.0, 0.0, 1.0, 2.0, 0.0, 1.0, 0.0, 0.0, 2.0, 2.0, 2.0, 2.0, 0.0, 3.0, 0.0, 4.0, 1.0, 4.0, 5.0, 2.0, 3.0, 7.0, 7.0, 7.0, 8.0, 4.0, 10.0, 6.0, 12.0, 15.0, 13.0, 12.0, 17.0, 13.0, 18.0, 16.0, 25.0, 16.0, 27.0, 30.0, 43.0, 43.0, 43.0, 43.0, 126.0, 3388.0, 15.0, 21.0, 12.0, 7.0, 14.0, 8.0, 11.0, 6.0, 5.0, 5.0, 3.0, 1.0, 1.0], "bins": [-1396.7493896484375, -1368.86474609375, -1340.9801025390625, -1313.095458984375, -1285.210693359375, -1257.3260498046875, -1229.44140625, -1201.5567626953125, -1173.672119140625, -1145.787353515625, -1117.9027099609375, -1090.01806640625, -1062.1334228515625, -1034.248779296875, -1006.3640747070312, -978.4794311523438, -950.5947265625, -922.7100830078125, -894.825439453125, -866.9407348632812, -839.0560913085938, -811.1714477539062, -783.2867431640625, -755.402099609375, -727.5174560546875, -699.6327514648438, -671.7481079101562, -643.8634643554688, -615.978759765625, -588.0941162109375, -560.20947265625, -532.3247680664062, -504.4400939941406, -476.5554504394531, -448.6707458496094, -420.7861022949219, -392.9014587402344, -365.0167541503906, -337.1321105957031, -309.2474670410156, -281.3627624511719, -253.47811889648438, -225.59347534179688, -197.70877075195312, -169.82412719726562, -141.93948364257812, -114.05477905273438, -86.17013549804688, -58.28546142578125, -30.400787353515625, -2.516143798828125, 25.3685302734375, 53.253204345703125, 81.13784790039062, 109.02252197265625, 136.90719604492188, 164.79185485839844, 192.676513671875, 220.56118774414062, 248.4458465576172, 276.33050537109375, 304.2151794433594, 332.099853515625, 359.9844970703125, 387.8691711425781]}, "gradients/graph_16linear.0.bias": {"_type": "histogram", "values": [1.0, 0.0, 0.0, 0.0, 0.0, 0.0, 0.0, 0.0, 1.0, 0.0, 0.0, 1.0, 2.0, 0.0, 0.0, 0.0, 0.0, 0.0, 1.0, 0.0, 1.0, 0.0, 0.0, 0.0, 1.0, 0.0, 1.0, 1.0, 0.0, 1.0, 1.0, 0.0, 0.0, 0.0, 0.0, 0.0, 0.0, 0.0, 0.0, 0.0, 0.0, 0.0, 0.0, 0.0, 1.0, 1.0, 0.0, 0.0, 0.0, 0.0, 0.0, 0.0, 0.0, 0.0, 0.0, 0.0, 1.0, 0.0, 0.0, 1.0, 0.0, 0.0, 0.0, 48.0], "bins": [-331.6202392578125, -326.43865966796875, -321.2571105957031, -316.0755310058594, -310.89398193359375, -305.71240234375, -300.5308532714844, -295.3492736816406, -290.167724609375, -284.98614501953125, -279.8045654296875, -274.6230163574219, -269.4414367675781, -264.2598876953125, -259.07830810546875, -253.89674377441406, -248.71517944335938, -243.5336151123047, -238.35205078125, -233.17047119140625, -227.98892211914062, -222.80734252929688, -217.6257781982422, -212.4442138671875, -207.2626495361328, -202.08108520507812, -196.89952087402344, -191.71795654296875, -186.536376953125, -181.3548126220703, -176.17324829101562, -170.99168395996094, -165.81011962890625, -160.62855529785156, -155.44699096679688, -150.2654266357422, -145.0838623046875, -139.90228271484375, -134.72071838378906, -129.53915405273438, -124.35758972167969, -119.176025390625, -113.99446105957031, -108.8128890991211, -103.6313247680664, -98.44976043701172, -93.2681884765625, -88.08662414550781, -82.90505981445312, -77.72349548339844, -72.54193115234375, -67.36035919189453, -62.178794860839844, -56.997230529785156, -51.8156623840332, -46.63409423828125, -41.45252990722656, -36.270965576171875, -31.089397430419922, -25.9078311920166, -20.72626495361328, -15.544698715209961, -10.36313247680664, -5.18156623840332, 0.0]}, "gradients/graph_16linear.0.weight": {"_type": "histogram",