{"gradients/graph_27linear.5.bias": {"_type": "histogram", "values": [3.0, 1.0, 0.0, 0.0, 0.0, 0.0, 0.0, 0.0, 0.0, 0.0, 0.0, 0.0, 0.0, 0.0, 0.0, 0.0, 0.0, 0.0, 0.0, 4.0, 12.0, 6.0, 2.0, 2.0, 5.0, 0.0, 11.0, 14.0, 1.0, 1.0, 1.0, 2.0, 3.0, 0.0, 0.0, 0.0, 0.0, 0.0, 0.0, 1.0, 1.0, 5.0, 4.0, 4.0, 1.0, 3.0, 1.0, 0.0, 0.0, 0.0, 0.0, 0.0, 0.0, 0.0, 0.0, 0.0, 0.0, 0.0, 0.0, 0.0, 2.0, 1.0, 2.0, 3.0], "bins": [-0.8433984518051147, -0.8174702525138855, -0.7915419936180115, -0.7656137943267822, -0.739685595035553, -0.713757336139679, -0.6878291368484497, -0.6619008779525757, -0.6359726786613464, -0.6100444793701172, -0.5841162204742432, -0.5581880211830139, -0.5322598218917847, -0.5063315629959106, -0.4804033637046814, -0.45447516441345215, -0.4285469353199005, -0.4026187062263489, -0.37669050693511963, -0.350762277841568, -0.32483404874801636, -0.2989058494567871, -0.2729775905609131, -0.24704939126968384, -0.2211211919784546, -0.19519293308258057, -0.16926473379135132, -0.14333653450012207, -0.11740827560424805, -0.0914800763130188, -0.06555187702178955, -0.03962361812591553, -0.01369541883468628, 0.012232780456542969, 0.03816103935241699, 0.06408923864364624, 0.09001743793487549, 0.11594569683074951, 0.14187389612197876, 0.167802095413208, 0.19373035430908203, 0.21965855360031128, 0.24558675289154053, 0.27151501178741455, 0.2974432110786438, 0.32337144017219543, 0.34929966926574707, 0.3752278685569763, 0.40115609765052795, 0.4270843267440796, 0.45301252603530884, 0.4789407551288605, 0.5048689842224121, 0.5307971835136414, 0.5567253828048706, 0.5826536417007446, 0.6085818409919739, 0.6345100402832031, 0.6604382991790771, 0.6863664984703064, 0.7122947573661804, 0.7382229566574097, 0.7641511559486389, 0.7900794148445129, 0.8160076141357422]}, "_timestamp": 1715854305.281012, "gradients/graph_27linear.5.weight": {"_type": "histogram", "values": [4.0, 11.0, 5.0, 0.0, 0.0, 4.0, 4.0, 0.0, 10.0, 6.0, 10.0, 7.0, 4.0, 3.0, 0.0, 5.0, 8.0, 3.0, 0.0, 18.0, 45.0, 65.0, 54.0, 93.0, 135.0, 92.0, 157.0, 177.0, 300.0, 274.0, 198.0, 205.0, 335.0, 20.0, 54.0, 67.0, 48.0, 63.0, 77.0, 103.0, 68.0, 66.0, 46.0, 31.0, 18.0, 11.0, 10.0, 13.0, 7.0, 5.0, 7.0, 13.0, 14.0, 17.0, 16.0, 11.0, 5.0, 4.0, 8.0, 7.0, 7.0, 9.0, 9.0, 6.0], "bins": [-8.245617866516113, -7.99212646484375, -7.738635063171387, -7.485143661499023, -7.231652736663818, -6.978161334991455, -6.724669933319092, -6.4711785316467285, -6.217687606811523, -5.96419620513916, -5.710704803466797, -5.457213401794434, -5.20372200012207, -4.950230598449707, -4.696739196777344, -4.443248271942139, -4.189756870269775, -3.936265468597412, -3.682774066925049, -3.4292831420898438, -3.1757917404174805, -2.922300338745117, -2.668808937072754, -2.4153175354003906, -2.1618261337280273, -1.9083352088928223, -1.654843807220459, -1.4013524055480957, -1.1478610038757324, -0.8943696022033691, -0.6408786773681641, -0.3873872756958008, -0.1338953971862793, 0.11959600448608398, 0.37308740615844727, 0.6265783309936523, 0.8800697326660156, 1.133561134338379, 1.3870525360107422, 1.6405439376831055, 1.8940348625183105, 2.147526264190674, 2.401017665863037, 2.6545090675354004, 2.9080004692077637, 3.161491870880127, 3.414982795715332, 3.6684741973876953, 3.9219655990600586, 4.175457000732422, 4.428948402404785, 4.682439804077148, 4.9359307289123535, 5.189422130584717, 5.44291353225708, 5.696404457092285, 5.949895858764648, 6.203387260437012, 6.456878662109375, 6.710370063781738, 6.963861465454102, 7.217352867126465, 7.47084379196167, 7.724335193634033, 7.9778265953063965]}, "gradients/graph_27linear.3.bias": {"_type": "histogram", "values": [1.0, 0.0, 0.0, 0.0, 1.0, 0.0, 0.0, 1.0, 0.0, 0.0, 2.0, 0.0, 0.0, 0.0, 0.0, 1.0, 1.0, 0.0, 0.0, 2.0, 2.0, 0.0, 1.0, 1.0, 1.0, 1.0, 4.0, 0.0, 1.0, 0.0, 0.0, 0.0, 0.0, 1.0, 0.0, 1.0, 1.0, 1.0, 1.0, 1.0, 0.0, 0.0, 0.0, 1.0, 0.0, 0.0, 0.0, 0.0, 0.0, 1.0, 0.0, 0.0, 1.0, 0.0, 0.0, 0.0, 0.0, 0.0, 2.0, 0.0, 0.0, 0.0, 0.0, 1.0], "bins": [-2.68868350982666, -2.6430726051330566, -2.597461700439453, -2.5518510341644287, -2.506240129470825, -2.4606292247772217, -2.4150185585021973, -2.3694076538085938, -2.3237967491149902, -2.2781858444213867, -2.232574939727783, -2.186964273452759, -2.1413533687591553, -2.0957424640655518, -2.0501317977905273, -2.004520893096924, -1.9589099884033203, -1.9132990837097168, -1.8676882982254028, -1.8220775127410889, -1.7764666080474854, -1.7308557033538818, -1.6852449178695679, -1.639634132385254, -1.5940232276916504, -1.5484123229980469, -1.502801537513733, -1.457190752029419, -1.4115798473358154, -1.365968942642212, -1.320358157157898, -1.274747371673584, -1.229136347770691, -1.1835254430770874, -1.1379146575927734, -1.0923038721084595, -1.046692967414856, -1.0010820627212524, -0.9554712772369385, -0.9098604917526245, -0.864249587059021, -0.8186386823654175, -0.7730278968811035, -0.7274170517921448, -0.681806206703186, -0.6361953616142273, -0.5905845165252686, -0.5449736714363098, -0.4993628263473511, -0.45375198125839233, -0.4081411361694336, -0.36253029108047485, -0.3169194459915161, -0.2713086009025574, -0.22569775581359863, -0.1800869107246399, -0.13447606563568115, -0.08886522054672241, -0.04325437545776367, 0.0023564696311950684, 0.04796731472015381, 0.09357815980911255, 0.1391890048980713, 0.18479984998703003, 0.23041069507598877]}, "gradients/graph_27linear.3.weight": {"_type": "histogram", "values": [1.0, 0.0, 0.0, 0.0, 2.0, 0.0, 0.0, 1.0, 1.0, 0.0, 2.0, 1.0, 1.0, 0.0, 2.0, 1.0, 2.0, 0.0, 2.0, 4.0, 4.0, 2.0, 4.0, 5.0, 3.0, 6.0, 7.0, 7.0, 8.0, 4.0, 6.0, 6.0, 5.0, 14.0, 7.0, 6.0, 12.0, 16.0, 12.0, 8.0, 12.0, 7.0, 10.0, 10.0, 11.0, 13.0, 12.0, 11.0, 5.0, 5.0, 5.0, 7.0, 5.0, 6.0, 8.0, 14.0, 22.0, 18.0, 669.0, 2.0, 2.0, 2.0, 4.0, 2.0], "bins": [-25.54591941833496, -25.112558364868164, -24.679197311401367, -24.24583625793457, -23.812475204467773, -23.379114151000977, -22.94575309753418, -22.51239013671875, -22.079029083251953, -21.645668029785156, -21.21230697631836, -20.778945922851562, -20.345584869384766, -19.91222381591797, -19.478862762451172, -19.045501708984375, -18.612140655517578, -18.17877960205078, -17.745418548583984, -17.312057495117188, -16.87869644165039, -16.445335388183594, -16.011974334716797, -15.578612327575684, -15.145251274108887, -14.71189022064209, -14.278529167175293, -13.845168113708496, -13.411806106567383, -12.978445053100586, -12.545083999633789, -12.111722946166992, -11.678361892700195, -11.245000839233398, -10.811639785766602, -10.378278732299805, -9.944917678833008, -9.511556625366211, -9.078195571899414, -8.644834518432617, -8.21147346496582, -7.778111934661865, -7.344750881195068, -6.9113898277282715, -6.478027820587158, -6.044666767120361, -5.6113057136535645, -5.177944660186768, -4.744583606719971, -4.311222553253174, -3.877861499786377, -3.444499969482422, -3.011138916015625, -2.577777862548828, -2.144416332244873, -1.7110552787780762, -1.2776942253112793, -0.8443331718444824, -0.41097187995910645, 0.02238941192626953, 0.4557504653930664, 0.8891116380691528, 1.3224728107452393, 1.7558339834213257, 2.189195156097412]}, "gradients/graph_27linear.0.bias": {"_type": "histogram", "values": [2.0, 0.0, 0.0, 0.0, 0.0, 0.0, 0.0, 0.0, 1.0, 0.0, 1.0, 0.0, 0.0, 0.0, 2.0, 0.0, 0.0, 0.0, 0.0, 0.0, 0.0, 0.0, 0.0, 0.0, 1.0, 1.0, 0.0, 0.0, 0.0, 1.0, 0.0, 0.0, 2.0, 0.0, 0.0, 0.0, 0.0, 0.0, 0.0, 0.0, 0.0, 0.0, 0.0, 0.0, 1.0, 0.0, 0.0, 0.0, 0.0, 0.0, 0.0, 0.0, 0.0, 0.0, 0.0, 0.0, 0.0, 0.0, 0.0, 0.0, 0.0, 0.0, 0.0, 20.0],