{"gradients/graph_17linear.5.bias": {"_type": "histogram", "values": [1.0, 0.0, 1.0, 2.0, 0.0, 4.0, 5.0, 4.0, 2.0, 4.0, 7.0, 1.0, 2.0, 1.0, 3.0, 0.0, 0.0, 1.0, 0.0, 25.0, 0.0, 1.0, 1.0, 0.0, 0.0, 1.0, 0.0, 1.0, 1.0, 0.0, 1.0, 1.0, 0.0, 0.0, 0.0, 1.0, 0.0, 0.0, 0.0, 1.0, 0.0, 1.0, 1.0, 3.0, 3.0, 3.0, 3.0, 5.0, 1.0, 0.0, 0.0, 0.0, 0.0, 0.0, 0.0, 3.0, 0.0, 0.0, 0.0, 0.0, 0.0, 0.0, 0.0, 1.0], "bins": [-0.5130278468132019, -0.4941245913505554, -0.47522133588790894, -0.45631805062294006, -0.4374147951602936, -0.4185115396976471, -0.3996082544326782, -0.38070499897003174, -0.36180174350738525, -0.34289848804473877, -0.3239952325820923, -0.3050919473171234, -0.28618869185447693, -0.26728543639183044, -0.24838215112686157, -0.2294788956642151, -0.2105756402015686, -0.19167238473892212, -0.17276912927627563, -0.15386584401130676, -0.13496258854866028, -0.1160593330860138, -0.09715604782104492, -0.07825279235839844, -0.05934953689575195, -0.04044628143310547, -0.021543025970458984, -0.0026397705078125, 0.01626354455947876, 0.035166800022125244, 0.05407005548477173, 0.07297331094741821, 0.09187662601470947, 0.11077988147735596, 0.12968313694000244, 0.14858639240264893, 0.1674896478652954, 0.18639296293258667, 0.20529621839523315, 0.22419947385787964, 0.24310272932052612, 0.2620059847831726, 0.2809092402458191, 0.29981252551078796, 0.31871578097343445, 0.33761903643608093, 0.3565223217010498, 0.3754255771636963, 0.3943288326263428, 0.41323208808898926, 0.43213534355163574, 0.4510386288166046, 0.4699418842792511, 0.4888451397418976, 0.5077484250068665, 0.5266516804695129, 0.5455549359321594, 0.5644581913948059, 0.5833614468574524, 0.6022647023200989, 0.6211680173873901, 0.6400712728500366, 0.6589745283126831, 0.6778777837753296, 0.6967810392379761]}, "_timestamp": 1715850946.2712905, "gradients/graph_17linear.5.weight": {"_type": "histogram", "values": [2.0, 0.0, 2.0, 4.0, 0.0, 7.0, 8.0, 10.0, 4.0, 9.0, 12.0, 4.0, 4.0, 1.0, 6.0, 1.0, 0.0, 2.0, 1.0, 53.0, 13.0, 15.0, 18.0, 44.0, 47.0, 87.0, 200.0, 11568.0, 30.0, 10.0, 33.0, 10.0, 15.0, 11.0, 1.0, 2.0, 3.0, 0.0, 1.0, 2.0, 0.0, 2.0, 2.0, 6.0, 7.0, 7.0, 5.0, 10.0, 1.0, 0.0, 0.0, 0.0, 0.0, 0.0, 2.0, 4.0, 0.0, 0.0, 0.0, 0.0, 0.0, 0.0, 0.0, 2.0], "bins": [-32.14210510253906, -30.957782745361328, -29.77345848083496, -28.589136123657227, -27.40481185913086, -26.220489501953125, -25.03616714477539, -23.851844787597656, -22.66752052307129, -21.483196258544922, -20.298873901367188, -19.114551544189453, -17.93022918701172, -16.74590492248535, -15.561582565307617, -14.37725830078125, -13.192935943603516, -12.008613586425781, -10.824289321899414, -9.63996696472168, -8.455642700195312, -7.271320343017578, -6.086997985839844, -4.902673721313477, -3.718351364135742, -2.534029006958008, -1.3497047424316406, -0.16538238525390625, 1.0189399719238281, 2.2032623291015625, 3.3875885009765625, 4.571910858154297, 5.756229400634766, 6.9405517578125, 8.124874114990234, 9.309200286865234, 10.493522644042969, 11.677845001220703, 12.862167358398438, 14.046491622924805, 15.230813980102539, 16.415136337280273, 17.59946060180664, 18.783782958984375, 19.96810531616211, 21.152429580688477, 22.33675193786621, 23.521076202392578, 24.705398559570312, 25.889720916748047, 27.074045181274414, 28.25836753845215, 29.442691802978516, 30.62701416015625, 31.811336517333984, 32.99565887451172, 34.17998504638672, 35.36430740356445, 36.54862976074219, 37.73295211791992, 38.917274475097656, 40.10159683227539, 41.28592300415039, 42.470245361328125, 43.65456771850586]}, "gradients/graph_17linear.3.bias": {"_type": "histogram", "values": [1.0, 0.0, 0.0, 0.0, 0.0, 0.0, 0.0, 0.0, 0.0, 0.0, 0.0, 0.0, 0.0, 1.0, 0.0, 0.0, 0.0, 0.0, 0.0, 0.0, 0.0, 0.0, 0.0, 0.0, 0.0, 0.0, 1.0, 0.0, 0.0, 0.0, 0.0, 0.0, 1.0, 0.0, 0.0, 0.0, 0.0, 1.0, 0.0, 0.0, 0.0, 2.0, 0.0, 0.0, 0.0, 0.0, 1.0, 0.0, 0.0, 1.0, 0.0, 0.0, 0.0, 0.0, 0.0, 0.0, 0.0, 0.0, 0.0, 0.0, 0.0, 0.0, 0.0, 119.0], "bins": [-5.093307971954346, -5.0137248039245605, -4.934142112731934, -4.854558944702148, -4.7749762535095215, -4.695393085479736, -4.615810394287109, -4.536227226257324, -4.456644535064697, -4.377061367034912, -4.297478675842285, -4.2178955078125, -4.138312816619873, -4.058729648590088, -3.979146957397461, -3.899563789367676, -3.819981098175049, -3.7403979301452637, -3.6608152389526367, -3.5812320709228516, -3.5016493797302246, -3.4220662117004395, -3.3424835205078125, -3.2629003524780273, -3.1833174228668213, -3.1037344932556152, -3.024151563644409, -2.944568634033203, -2.864985704421997, -2.785402774810791, -2.705819845199585, -2.626236915588379, -2.546653985977173, -2.467071056365967, -2.3874881267547607, -2.3079051971435547, -2.2283222675323486, -2.1487393379211426, -2.0691564083099365, -1.9895734786987305, -1.9099905490875244, -1.8304075002670288, -1.7508245706558228, -1.6712416410446167, -1.5916587114334106, -1.5120757818222046, -1.4324928522109985, -1.3529099225997925, -1.2733269929885864, -1.1937440633773804, -1.1141611337661743, -1.0345782041549683, -0.9549952745437622, -0.8754122853279114, -0.7958293557167053, -0.7162464261054993, -0.6366634964942932, -0.5570805668830872, -0.4774976372718811, -0.39791467785835266, -0.3183317482471466, -0.23874881863594055, -0.1591658741235733, -0.07958293706178665, 0.0]}, "gradients/graph_17linear.3.weight": {"_type": "histogram", "values": [1.0, 0.0, 0.0, 0.0, 0.0, 0.0, 1.0, 0.0, 0.0, 0.0, 0.0, 0.0, 0.0, 1.0, 0.0, 0.0, 0.0, 0.0, 1.0, 1.0, 0.0, 0.0, 1.0, 1.0, 0.0, 1.0, 1.0, 0.0, 1.0, 0.0, 1.0, 1.0, 4.0, 1.0, 0.0, 1.0, 0.0, 2.0, 3.0, 2.0, 2.0, 4.0, 0.0, 6.0, 1.0, 6.0, 2.0, 4.0, 7.0, 8.0, 4.0, 6.0, 8.0, 7.0, 9.0, 6.0, 11.0, 7.0, 9.0, 9.0, 8.0, 9.0, 12.0, 16214.0], "bins": [-247.7999725341797, -243.9281005859375, -240.0562286376953, -236.18435668945312, -232.31246948242188, -228.4405975341797, -224.5687255859375, -220.6968536376953, -216.82498168945312, -212.95309448242188, -209.0812225341797, -205.2093505859375, -201.3374786376953, -197.46560668945312, -193.59371948242188, -189.72186279296875, -185.8499755859375, -181.9781036376953, -178.10623168945312, -174.23434448242188, -170.36248779296875, -166.4906005859375, -162.6187286376953, -158.74685668945312, -154.87498474121094, -151.00311279296875, -147.1312255859375, -143.25936889648438, -139.38748168945312, -135.51560974121094, -131.64373779296875, -127.77185821533203, -123.89998626708984, -120.02811431884766, -116.15623474121094, -112.28436279296875, -108.41249084472656, -104.54061126708984, -100.66873931884766, -96.79686737060547, -92.92498779296875, -89.05311584472656, -85.18124389648438, -81.30936431884766, -77.43749237060547, -73.56562042236328, -69.69374084472656, -65.82186889648438, -61.94999313354492, -58.07811737060547, -54.20624542236328, -50.33436965942383, -46.462493896484375, -42.59062194824219, -38.718746185302734, -34.84687042236328, -30.97499656677246, -27.10312271118164, -23.231246948242188, -19.359373092651367, -15.48749828338623, -11.615623474121094, -7.743749141693115, -3.8718745708465576, -0.0]}, "gradients/graph_17linear.0.bias": {"_type": "histogram", "values": [1.0, 0.0, 0.0, 0.0, 0.0, 1.0, 0.0, 0.0, 0.0, 0.0, 0.0, 0.0, 0.0, 0.0, 0.0, 0.0, 0.0, 0.0, 1.0, 0.0, 0.0, 0.0, 0.0, 1.0, 1.0, 0.0, 0.0, 0.0, 2.0, 1.0, 1.0, 0.0, 1.0, 0.0, 0.0, 1.0, 1.0, 0.0, 0.0, 0.0, 1.0, 0.0, 1.0, 1.0, 108.0, 0.0, 0.0, 0.0, 0.0, 0.0, 0.0, 2.0, 1.0, 0.0, 0.0, 0.0, 0.0, 0.0, 0.0, 0.0, 1.0, 0.0, 0.0, 1.0],