{"gradients/graph_42linear.5.bias": {"_type": "histogram", "values": [1.0, 0.0, 0.0, 1.0, 0.0, 0.0, 0.0, 0.0, 0.0, 0.0, 0.0, 0.0, 0.0, 0.0, 0.0, 0.0, 0.0, 0.0, 0.0, 0.0, 0.0, 0.0, 0.0, 0.0, 0.0, 0.0, 0.0, 0.0, 15.0, 0.0, 0.0, 0.0, 61.0, 0.0, 0.0, 30.0, 0.0, 0.0, 0.0, 0.0, 0.0, 0.0, 0.0, 0.0, 0.0, 0.0, 0.0, 0.0, 0.0, 0.0, 0.0, 0.0, 0.0, 0.0, 0.0, 0.0, 0.0, 0.0, 0.0, 0.0, 2.0, 0.0, 0.0, 10.0], "bins": [-200.0, -193.75, -187.5, -181.25, -175.0, -168.75, -162.5, -156.25, -150.0, -143.75, -137.5, -131.25, -125.0, -118.75, -112.5, -106.25, -100.0, -93.75, -87.5, -81.25, -75.0, -68.75, -62.5, -56.25, -50.0, -43.75, -37.5, -31.25, -25.0, -18.75, -12.5, -6.25, 0.0, 6.25, 12.5, 18.75, 25.0, 31.25, 37.5, 43.75, 50.0, 56.25, 62.5, 68.75, 75.0, 81.25, 87.5, 93.75, 100.0, 106.25, 112.5, 118.75, 125.0, 131.25, 137.5, 143.75, 150.0, 156.25, 162.5, 168.75, 175.0, 181.25, 187.5, 193.75, 200.0]}, "_timestamp": 1715859606.63707, "gradients/graph_42linear.5.weight": {"_type": "histogram", "values": [1.0, 1.0, 0.0, 1.0, 2.0, 0.0, 0.0, 3.0, 0.0, 1.0, 2.0, 1.0, 0.0, 0.0, 0.0, 0.0, 1.0, 1.0, 2.0, 0.0, 0.0, 0.0, 0.0, 2.0, 1.0, 1.0, 2.0, 4.0, 32.0, 62.0, 32.0, 137.0, 3119.0, 72.0, 124.0, 80.0, 24.0, 12.0, 2.0, 10.0, 12.0, 0.0, 0.0, 0.0, 0.0, 4.0, 10.0, 10.0, 0.0, 0.0, 0.0, 0.0, 2.0, 4.0, 10.0, 0.0, 22.0, 0.0, 0.0, 12.0, 2.0, 0.0, 10.0, 10.0], "bins": [-658.3082275390625, -637.736083984375, -617.1639404296875, -596.5918579101562, -576.0197143554688, -555.4475708007812, -534.8754272460938, -514.3032836914062, -493.7311706542969, -473.1590576171875, -452.5869140625, -432.0147705078125, -411.442626953125, -390.8705139160156, -370.2983703613281, -349.72625732421875, -329.15411376953125, -308.58197021484375, -288.0098571777344, -267.4377136230469, -246.8656005859375, -226.29345703125, -205.7213134765625, -185.14920043945312, -164.57705688476562, -144.00494384765625, -123.43280029296875, -102.86065673828125, -82.28851318359375, -61.71636962890625, -41.144287109375, -20.5721435546875, 0.0, 20.5721435546875, 41.144287109375, 61.71636962890625, 82.28851318359375, 102.86065673828125, 123.43280029296875, 144.00494384765625, 164.57705688476562, 185.14920043945312, 205.7213134765625, 226.29345703125, 246.8656005859375, 267.4377136230469, 288.0098571777344, 308.58197021484375, 329.15411376953125, 349.72625732421875, 370.2983703613281, 390.8705139160156, 411.442626953125, 432.0147705078125, 452.5869140625, 473.1590576171875, 493.7311706542969, 514.3032836914062, 534.8754272460938, 555.4475708007812, 576.0197143554688, 596.5918579101562, 617.1639404296875, 637.736083984375, 658.3082275390625]}, "gradients/graph_42linear.3.bias": {"_type": "histogram", "values": [1.0, 1.0, 0.0, 0.0, 0.0, 0.0, 0.0, 0.0, 1.0, 0.0, 0.0, 0.0, 0.0, 0.0, 1.0, 1.0, 0.0, 1.0, 0.0, 0.0, 0.0, 0.0, 0.0, 0.0, 1.0, 1.0, 2.0, 0.0, 0.0, 0.0, 1.0, 0.0, 0.0, 0.0, 0.0, 1.0, 1.0, 0.0, 0.0, 1.0, 0.0, 0.0, 0.0, 0.0, 0.0, 0.0, 0.0, 0.0, 0.0, 0.0, 0.0, 0.0, 0.0, 0.0, 0.0, 1.0, 1.0, 0.0, 0.0, 1.0, 0.0, 0.0, 0.0, 15.0], "bins": [-278.7476501464844, -274.3922119140625, -270.0367736816406, -265.6813659667969, -261.325927734375, -256.9704895019531, -252.61505126953125, -248.25962829589844, -243.90419006347656, -239.54876708984375, -235.19332885742188, -230.837890625, -226.4824676513672, -222.1270294189453, -217.7716064453125, -213.41616821289062, -209.06072998046875, -204.70530700683594, -200.34988403320312, -195.99444580078125, -191.63900756835938, -187.2835693359375, -182.9281463623047, -178.57272338867188, -174.21728515625, -169.86184692382812, -165.50640869140625, -161.15098571777344, -156.79556274414062, -152.44012451171875, -148.08468627929688, -143.72926330566406, -139.3738250732422, -135.0183868408203, -130.6629638671875, -126.30752563476562, -121.95209503173828, -117.59666442871094, -113.2412338256836, -108.88580322265625, -104.53036499023438, -100.17493438720703, -95.81950378417969, -91.46407318115234, -87.108642578125, -82.75321197509766, -78.39777374267578, -74.04234313964844, -69.6869125366211, -65.33148193359375, -60.97604751586914, -56.6206169128418, -52.26518249511719, -47.909751892089844, -43.5543212890625, -39.19888687133789, -34.84345626831055, -30.48802375793457, -26.132591247558594, -21.77716064453125, -17.421728134155273, -13.066295623779297, -8.710864067077637, -4.355432033538818, 0.0]}, "gradients/graph_42linear.3.weight": {"_type": "histogram", "values": [1.0, 1.0, 0.0, 1.0, 1.0, 0.0, 0.0, 0.0, 1.0, 0.0, 0.0, 1.0, 0.0, 0.0, 1.0, 1.0, 0.0, 3.0, 0.0, 0.0, 1.0, 0.0, 0.0, 0.0, 1.0, 1.0, 3.0, 1.0, 2.0, 0.0, 1.0, 1.0, 0.0, 0.0, 0.0, 1.0, 1.0, 2.0, 0.0, 1.0, 0.0, 1.0, 0.0, 0.0, 0.0, 0.0, 0.0, 0.0, 0.0, 0.0, 0.0, 0.0, 0.0, 0.0, 0.0, 2.0, 2.0, 0.0, 0.0, 2.0, 0.0, 0.0, 0.0, 990.0], "bins": [-2572.257080078125, -2532.065673828125, -2491.8740234375, -2451.6826171875, -2411.490966796875, -2371.299560546875, -2331.10791015625, -2290.91650390625, -2250.724853515625, -2210.533447265625, -2170.341796875, -2130.150390625, -2089.958984375, -2049.767333984375, -2009.575927734375, -1969.38427734375, -1929.19287109375, -1889.001220703125, -1848.809814453125, -1808.6182861328125, -1768.4267578125, -1728.2352294921875, -1688.043701171875, -1647.8521728515625, -1607.66064453125, -1567.46923828125, -1527.277587890625, -1487.086181640625, -1446.8946533203125, -1406.703125, -1366.5115966796875, -1326.320068359375, -1286.1285400390625, -1245.93701171875, -1205.7454833984375, -1165.553955078125, -1125.3624267578125, -1085.1708984375, -1044.9794921875, -1004.7879028320312, -964.596435546875, -924.4049072265625, -884.21337890625, -844.0218505859375, -803.830322265625, -763.6387939453125, -723.4473266601562, -683.2557983398438, -643.0642700195312, -602.8727416992188, -562.6812133789062, -522.48974609375, -482.2982177734375, -442.106689453125, -401.9151611328125, -361.7236633300781, -321.5321350097656, -281.3406066894531, -241.14910888671875, -200.95758056640625, -160.7660675048828, -120.57455444335938, -80.3830337524414, -40.1915168762207, 0.0]}, "gradients/graph_42linear.0.bias": {"_type": "histogram", "values": [1.0, 0.0, 0.0, 0.0, 0.0, 0.0, 0.0, 0.0, 0.0, 0.0, 0.0, 0.0, 0.0, 0.0, 0.0, 0.0, 0.0, 0.0, 0.0, 0.0, 0.0, 0.0, 0.0, 0.0, 1.0, 0.0, 0.0, 0.0, 0.0, 0.0, 0.0, 0.0, 0.0, 0.0, 0.0, 0.0, 0.0, 0.0, 0.0, 0.0, 0.0, 0.0, 0.0, 0.0, 0.0, 0.0, 0.0, 0.0, 0.0, 0.0, 0.0, 0.0, 0.0, 0.0, 0.0, 0.0, 0.0, 0.0, 0.0, 0.0, 0.0, 0.0, 0.0, 30.0], "bins": [-748.5385131835938, -736.8425903320312, -725.1466674804688, -713.4507446289062, -701.7548828125, -690.0589599609375, -678.363037109375, -666.6671142578125, -654.97119140625, -643.2752685546875, -631.579345703125, -619.8834228515625, -608.1875610351562, -596.4916381835938, -584.7957153320312, -573.0997924804688, -561.4038696289062, -549.7080078125, -538.0120849609375, -526.316162109375, -514.6202392578125, -502.92431640625, -491.2283935546875, -479.532470703125, -467.8365783691406, -456.1406555175781, -444.4447326660156, -432.74884033203125, -421.05291748046875, -409.35699462890625, -397.66107177734375, -385.9651794433594, -374.2692565917969, -362.5733337402344, -350.87744140625, -339.1815185546875, -327.485595703125, -315.7896728515625, -304.0937805175781, -292.3978576660156, -280.7019348144531, -269.00604248046875, -257.31011962890625, -245.61419677734375, -233.9182891845703, -222.2223663330078, -210.52645874023438, -198.83053588867188, -187.13462829589844, -175.438720703125, -163.7427978515625, -152.04689025878906, -140.35096740722656, -128.65505981445312, -116.95914459228516, -105.26322937011719, -93.56731414794922, -81.87139892578125, -70.17548370361328, -58.47957229614258, -46.78365707397461, -35.08774185180664, -23.391828536987305, -11.695914268493652, 0.0]}, "gradients/graph_42linear.0.weight": {"_type": "histogram",