{"Linear loss": 10041.5185546875, "_timestamp": 1715770771.7216954, "_runtime": 193.30956745147705, "_step": 3619, "gradients/graph_19linear.5.bias": {"_type": "histogram", "values": [7.0, 0.0, 0.0, 3.0, 0.0, 0.0, 0.0, 0.0, 0.0, 0.0, 0.0, 0.0, 0.0, 0.0, 0.0, 0.0, 0.0, 0.0, 0.0, 0.0, 0.0, 0.0, 0.0, 0.0, 0.0, 0.0, 0.0, 0.0, 12.0, 0.0, 0.0, 2.0, 44.0, 0.0, 0.0, 16.0, 0.0, 0.0, 0.0, 0.0, 0.0, 0.0, 0.0, 0.0, 0.0, 0.0, 0.0, 0.0, 0.0, 0.0, 0.0, 0.0, 0.0, 0.0, 0.0, 0.0, 0.0, 1.0, 0.0, 0.0, 3.0, 0.0, 0.0, 8.0], "bins": [-200.0, -193.75, -187.5, -181.25, -175.0, -168.75, -162.5, -156.25, -150.0, -143.75, -137.5, -131.25, -125.0, -118.75, -112.5, -106.25, -100.0, -93.75, -87.5, -81.25, -75.0, -68.75, -62.5, -56.25, -50.0, -43.75, -37.5, -31.25, -25.0, -18.75, -12.5, -6.25, 0.0, 6.25, 12.5, 18.75, 25.0, 31.25, 37.5, 43.75, 50.0, 56.25, 62.5, 68.75, 75.0, 81.25, 87.5, 93.75, 100.0, 106.25, 112.5, 118.75, 125.0, 131.25, 137.5, 143.75, 150.0, 156.25, 162.5, 168.75, 175.0, 181.25, 187.5, 193.75, 200.0]}, "gradients/graph_19linear.5.weight": {"_type": "histogram", "values": [7.0, 7.0, 7.0, 10.0, 3.0, 17.0, 10.0, 0.0, 37.0, 7.0, 34.0, 16.0, 9.0, 48.0, 7.0, 39.0, 41.0, 22.0, 27.0, 33.0, 37.0, 33.0, 51.0, 42.0, 33.0, 20.0, 37.0, 67.0, 127.0, 246.0, 398.0, 880.0, 8098.0, 525.0, 321.0, 156.0, 79.0, 43.0, 26.0, 43.0, 48.0, 63.0, 39.0, 43.0, 42.0, 32.0, 29.0, 47.0, 44.0, 11.0, 58.0, 10.0, 20.0, 38.0, 9.0, 42.0, 1.0, 12.0, 19.0, 3.0, 11.0, 8.0, 8.0, 8.0], "bins": [-698.747802734375, -676.9119262695312, -655.0760498046875, -633.2401733398438, -611.404296875, -589.5684814453125, -567.7326049804688, -545.896728515625, -524.0608520507812, -502.2249755859375, -480.38909912109375, -458.5532531738281, -436.7173767089844, -414.8815002441406, -393.045654296875, -371.20977783203125, -349.3739013671875, -327.53802490234375, -305.7021484375, -283.8663024902344, -262.0304260253906, -240.19454956054688, -218.35870361328125, -196.5228271484375, -174.68695068359375, -152.85107421875, -131.01519775390625, -109.1793212890625, -87.343505859375, -65.50762939453125, -43.6717529296875, -21.83587646484375, 0.0, 21.83587646484375, 43.6717529296875, 65.50762939453125, 87.343505859375, 109.1793212890625, 131.01519775390625, 152.85107421875, 174.68695068359375, 196.5228271484375, 218.35870361328125, 240.19454956054688, 262.0304260253906, 283.8663024902344, 305.7021484375, 327.53802490234375, 349.3739013671875, 371.20977783203125, 393.045654296875, 414.8815002441406, 436.7173767089844, 458.5532531738281, 480.38909912109375, 502.2249755859375, 524.0608520507812, 545.896728515625, 567.7326049804688, 589.5684814453125, 611.404296875, 633.2401733398438, 655.0760498046875, 676.9119262695312, 698.747802734375]}, "gradients/graph_19linear.3.bias": {"_type": "histogram", "values": [1.0, 0.0, 1.0, 2.0, 0.0, 1.0, 1.0, 1.0, 1.0, 1.0, 1.0, 2.0, 1.0, 2.0, 4.0, 2.0, 5.0, 2.0, 3.0, 2.0, 0.0, 1.0, 6.0, 3.0, 3.0, 5.0, 1.0, 4.0, 2.0, 4.0, 5.0, 0.0, 33.0, 0.0, 2.0, 2.0, 3.0, 1.0, 3.0, 1.0, 0.0, 0.0, 1.0, 3.0, 0.0, 3.0, 1.0, 2.0, 2.0, 1.0, 0.0, 1.0, 0.0, 0.0, 1.0, 0.0, 0.0, 0.0, 0.0, 0.0, 0.0, 0.0, 0.0, 1.0], "bins": [-121.8346176147461, -118.1108169555664, -114.38700866699219, -110.6632080078125, -106.93939971923828, -103.2155990600586, -99.49179077148438, -95.76799011230469, -92.044189453125, -88.32038116455078, -84.59657287597656, -80.87277221679688, -77.14897155761719, -73.4251708984375, -69.70136260986328, -65.97755432128906, -62.253753662109375, -58.52994918823242, -54.80614471435547, -51.08234405517578, -47.35853576660156, -43.634735107421875, -39.910926818847656, -36.18712615966797, -32.46332550048828, -28.739517211914062, -25.015716552734375, -21.291908264160156, -17.56810760498047, -13.84429931640625, -10.120498657226562, -6.396690368652344, -2.672882080078125, 1.0509185791015625, 4.774726867675781, 8.498527526855469, 12.222335815429688, 15.946136474609375, 19.669944763183594, 23.39374542236328, 27.1175537109375, 30.841354370117188, 34.565155029296875, 38.288963317871094, 42.01276397705078, 45.736572265625, 49.46037292480469, 53.18417739868164, 56.907981872558594, 60.63178634643555, 64.3555908203125, 68.07939147949219, 71.8031997680664, 75.5270004272461, 79.25080871582031, 82.974609375, 86.69841003417969, 90.4222183227539, 94.14602661132812, 97.86982727050781, 101.5936279296875, 105.31743621826172, 109.0412368774414, 112.76504516601562, 116.48884582519531]}, "gradients/graph_19linear.3.weight": {"_type": "histogram", "values": [1.0, 0.0, 1.0, 2.0, 2.0, 1.0, 1.0, 7.0, 1.0, 4.0, 6.0, 8.0, 10.0, 13.0, 24.0, 22.0, 34.0, 36.0, 55.0, 51.0, 67.0, 84.0, 101.0, 125.0, 132.0, 139.0, 159.0, 217.0, 245.0, 265.0, 371.0, 575.0, 12390.0, 305.0, 211.0, 127.0, 111.0, 75.0, 86.0, 70.0, 59.0, 56.0, 33.0, 29.0, 13.0, 17.0, 8.0, 7.0, 7.0, 3.0, 4.0, 5.0, 1.0, 2.0, 2.0, 1.0, 0.0, 0.0, 0.0, 2.0, 0.0, 0.0, 0.0, 1.0], "bins": [-411.5401611328125, -398.961669921875, -386.3831787109375, -373.8046875, -361.2262268066406, -348.6477355957031, -336.0692443847656, -323.4907531738281, -310.91229248046875, -298.33380126953125, -285.75531005859375, -273.17681884765625, -260.59832763671875, -248.0198516845703, -235.4413604736328, -222.86288452148438, -210.28439331054688, -197.70590209960938, -185.12742614746094, -172.54893493652344, -159.970458984375, -147.3919677734375, -134.8134765625, -122.2349853515625, -109.656494140625, -97.07803344726562, -84.49954223632812, -71.92105102539062, -59.342559814453125, -46.764068603515625, -34.18560791015625, -21.60711669921875, -9.02862548828125, 3.54986572265625, 16.12835693359375, 28.706817626953125, 41.285308837890625, 53.863800048828125, 66.44229125976562, 79.02078247070312, 91.5992431640625, 104.177734375, 116.7562255859375, 129.334716796875, 141.9132080078125, 154.49168395996094, 167.07017517089844, 179.64865112304688, 192.22714233398438, 204.80563354492188, 217.3841094970703, 229.9626007080078, 242.54107666015625, 255.11956787109375, 267.69805908203125, 280.27655029296875, 292.85504150390625, 305.4335021972656, 318.0119934082031, 330.5904846191406, 343.1689758300781, 355.7474365234375, 368.325927734375, 380.9044189453125, 393.48291015625]}, "gradients/graph_19linear.0.bias": {"_type": "histogram", "values": [1.0, 0.0, 0.0, 0.0, 0.0, 0.0, 0.0, 0.0, 0.0, 0.0, 0.0, 0.0, 0.0, 0.0, 2.0, 3.0, 0.0, 2.0, 0.0, 0.0, 2.0, 2.0, 2.0, 0.0, 1.0, 4.0, 0.0, 2.0, 0.0, 3.0, 0.0, 0.0, 5.0, 1.0, 1.0, 0.0, 2.0, 1.0, 0.0, 1.0, 1.0, 1.0, 1.0, 2.0, 1.0, 2.0, 1.0, 1.0, 80.0, 0.0, 0.0, 0.0, 0.0, 0.0, 0.0, 0.0, 0.0, 0.0, 0.0, 1.0, 0.0, 1.0, 0.0, 1.0], "bins": [-174.98910522460938, -171.40431213378906, -167.81951904296875, -164.2347412109375, -160.6499481201172, -157.06515502929688, -153.48036193847656, -149.89556884765625, -146.310791015625, -142.7259979248047, -139.14120483398438, -135.55642700195312, -131.97161865234375, -128.3868408203125, -124.80204772949219, -121.21725463867188, -117.6324691772461, -114.04768371582031, -110.462890625, -106.87809753417969, -103.2933120727539, -99.7085189819336, -96.12373352050781, -92.5389404296875, -88.95414733886719, -85.3693618774414, -81.7845687866211, -78.19978332519531, -74.614990234375, -71.03020477294922, -67.4454116821289, -63.860626220703125, -60.27582931518555, -56.691036224365234, -53.10625076293945, -49.52145767211914, -45.93667221069336, -42.35187911987305, -38.767093658447266, -35.18230056762695, -31.597515106201172, -28.01272201538086, -24.427928924560547, -20.843143463134766, -17.258350372314453, -13.673564910888672, -10.08877182006836, -6.5039825439453125, -2.9191932678222656, 0.6655960083007812, 4.250385284423828, 7.835174560546875, 11.419963836669922, 15.004756927490234, 18.58954620361328, 22.174335479736328, 25.759124755859375, 29.343914031982422, 32.92870330810547, 36.51349639892578, 40.09828186035156, 43.683074951171875, 47.26786422729492, 50.85265350341797, 54.437442779541016]}, "gradients/graph_19linear.0.weight": {"_type": "histogram",