{"Linear loss": 18460.166015625, "_timestamp": 1715763528.5177116, "_runtime": 24.840338706970215, "_step": 509, "Regret": 0.5330716593190014, "gradients/graph_5linear.5.bias": {"_type": "histogram", "values": [6.0, 0.0, 0.0, 0.0, 1.0, 0.0, 3.0, 0.0, 0.0, 0.0, 0.0, 0.0, 0.0, 0.0, 0.0, 0.0, 0.0, 0.0, 0.0, 0.0, 0.0, 0.0, 0.0, 0.0, 0.0, 0.0, 0.0, 0.0, 0.0, 10.0, 0.0, 0.0, 4.0, 78.0, 2.0, 1.0, 8.0, 1.0, 1.0, 1.0, 0.0, 0.0, 0.0, 0.0, 0.0, 0.0, 0.0, 0.0, 0.0, 0.0, 0.0, 0.0, 0.0, 0.0, 0.0, 0.0, 0.0, 0.0, 0.0, 0.0, 0.0, 0.0, 0.0, 4.0], "bins": [-200.0, -193.99203491210938, -187.98406982421875, -181.97610473632812, -175.9681396484375, -169.96017456054688, -163.95220947265625, -157.94424438476562, -151.936279296875, -145.92831420898438, -139.92034912109375, -133.91238403320312, -127.90440368652344, -121.89643859863281, -115.88847351074219, -109.88050842285156, -103.87254333496094, -97.86457824707031, -91.85661315917969, -85.84864807128906, -79.84068298339844, -73.83271026611328, -67.82475280761719, -61.81678771972656, -55.808807373046875, -49.80084228515625, -43.792877197265625, -37.784912109375, -31.776947021484375, -25.76898193359375, -19.761016845703125, -13.7530517578125, -7.7451019287109375, -1.7371368408203125, 4.2708282470703125, 10.278793334960938, 16.286758422851562, 22.294723510742188, 28.302688598632812, 34.31065368652344, 40.31861877441406, 46.32659912109375, 52.334564208984375, 58.34252166748047, 64.35049438476562, 70.35845947265625, 76.36642456054688, 82.3743896484375, 88.38235473632812, 94.39031982421875, 100.39828491210938, 106.40625, 112.41421508789062, 118.42218780517578, 124.4301528930664, 130.4381103515625, 136.44607543945312, 142.45404052734375, 148.46200561523438, 154.46998596191406, 160.4779510498047, 166.4859161376953, 172.49388122558594, 178.50184631347656, 184.5098114013672]}, "gradients/graph_5linear.5.weight": {"_type": "histogram", "values": [9.0, 3.0, 5.0, 1.0, 1.0, 6.0, 9.0, 8.0, 6.0, 11.0, 10.0, 8.0, 13.0, 27.0, 37.0, 20.0, 27.0, 51.0, 24.0, 18.0, 33.0, 17.0, 44.0, 30.0, 48.0, 32.0, 56.0, 39.0, 49.0, 63.0, 112.0, 298.0, 540.0, 12709.0, 381.0, 235.0, 85.0, 41.0, 15.0, 33.0, 12.0, 14.0, 14.0, 24.0, 10.0, 8.0, 4.0, 20.0, 2.0, 18.0, 18.0, 18.0, 4.0, 4.0, 6.0, 6.0, 4.0, 4.0, 2.0, 2.0, 0.0, 2.0, 2.0, 8.0], "bins": [-1794.105712890625, -1740.2110595703125, -1686.31640625, -1632.421875, -1578.5272216796875, -1524.632568359375, -1470.7379150390625, -1416.84326171875, -1362.94873046875, -1309.0540771484375, -1255.159423828125, -1201.2647705078125, -1147.3701171875, -1093.4755859375, -1039.580810546875, -985.686279296875, -931.7916259765625, -877.89697265625, -824.0023803710938, -770.1077270507812, -716.213134765625, -662.3184814453125, -608.423828125, -554.5291748046875, -500.634521484375, -446.739990234375, -392.8453369140625, -338.95068359375, -285.0560302734375, -231.161376953125, -177.266845703125, -123.3721923828125, -69.4776611328125, -15.5830078125, 38.3116455078125, 92.2061767578125, 146.100830078125, 199.9954833984375, 253.89013671875, 307.7847900390625, 361.6793212890625, 415.573974609375, 469.4686279296875, 523.36328125, 577.2579345703125, 631.1525268554688, 685.0471801757812, 738.9417724609375, 792.83642578125, 846.7310791015625, 900.6256713867188, 954.5203247070312, 1008.4149169921875, 1062.3095703125, 1116.2042236328125, 1170.098876953125, 1223.993408203125, 1277.8880615234375, 1331.78271484375, 1385.6773681640625, 1439.572021484375, 1493.466552734375, 1547.3612060546875, 1601.255859375, 1655.1505126953125]}, "gradients/graph_5linear.3.bias": {"_type": "histogram", "values": [1.0, 0.0, 1.0, 0.0, 1.0, 0.0, 0.0, 0.0, 1.0, 0.0, 0.0, 0.0, 0.0, 0.0, 3.0, 1.0, 1.0, 0.0, 0.0, 1.0, 1.0, 1.0, 2.0, 2.0, 2.0, 0.0, 1.0, 2.0, 1.0, 2.0, 3.0, 5.0, 1.0, 1.0, 4.0, 48.0, 2.0, 3.0, 2.0, 4.0, 0.0, 0.0, 2.0, 2.0, 1.0, 2.0, 4.0, 4.0, 5.0, 0.0, 2.0, 1.0, 2.0, 1.0, 0.0, 2.0, 0.0, 2.0, 0.0, 0.0, 0.0, 0.0, 0.0, 1.0], "bins": [-157.59024047851562, -153.1282958984375, -148.66635131835938, -144.20440673828125, -139.74246215820312, -135.280517578125, -130.81857299804688, -126.35662078857422, -121.8946762084961, -117.43273162841797, -112.97078704833984, -108.50883483886719, -104.04689025878906, -99.58494567871094, -95.12300109863281, -90.66105651855469, -86.19911193847656, -81.73716735839844, -77.27522277832031, -72.81327819824219, -68.35133361816406, -63.889381408691406, -59.42743682861328, -54.965492248535156, -50.50354766845703, -46.041603088378906, -41.57965850830078, -37.117713928222656, -32.65576171875, -28.193817138671875, -23.73187255859375, -19.269927978515625, -14.807998657226562, -10.346054077148438, -5.8841094970703125, -1.4221649169921875, 3.0397796630859375, 7.501731872558594, 11.963676452636719, 16.425621032714844, 20.88756561279297, 25.349510192871094, 29.81145477294922, 34.273399353027344, 38.7353515625, 43.197296142578125, 47.65924072265625, 52.121185302734375, 56.5831298828125, 61.045074462890625, 65.50701904296875, 69.96896362304688, 74.430908203125, 78.89285278320312, 83.35480499267578, 87.8167495727539, 92.27869415283203, 96.74063873291016, 101.20258331298828, 105.66453552246094, 110.12648010253906, 114.58842468261719, 119.05036926269531, 123.51231384277344, 127.97425842285156]}, "gradients/graph_5linear.3.weight": {"_type": "histogram", "values": [2.0, 0.0, 2.0, 1.0, 3.0, 2.0, 2.0, 1.0, 5.0, 1.0, 4.0, 4.0, 4.0, 5.0, 12.0, 10.0, 15.0, 9.0, 12.0, 14.0, 15.0, 22.0, 31.0, 30.0, 41.0, 30.0, 58.0, 59.0, 68.0, 98.0, 128.0, 173.0, 254.0, 370.0, 654.0, 12078.0, 529.0, 435.0, 250.0, 178.0, 126.0, 114.0, 116.0, 86.0, 68.0, 60.0, 39.0, 48.0, 33.0, 13.0, 17.0, 9.0, 16.0, 6.0, 4.0, 9.0, 2.0, 4.0, 0.0, 0.0, 2.0, 1.0, 0.0, 2.0], "bins": [-797.7376098632812, -775.1508178710938, -752.56396484375, -729.9771728515625, -707.390380859375, -684.8035278320312, -662.2167358398438, -639.6298828125, -617.0430908203125, -594.456298828125, -571.8694458007812, -549.2826538085938, -526.69580078125, -504.1090087890625, -481.522216796875, -458.9353942871094, -436.34857177734375, -413.7617492675781, -391.1749267578125, -368.588134765625, -346.0013122558594, -323.41448974609375, -300.82769775390625, -278.2408447265625, -255.654052734375, -233.0672607421875, -210.48040771484375, -187.89361572265625, -165.30682373046875, -142.719970703125, -120.1331787109375, -97.54632568359375, -74.95953369140625, -52.37274169921875, -29.785888671875, -7.1990966796875, 15.38775634765625, 37.97454833984375, 60.56134033203125, 83.148193359375, 105.7349853515625, 128.32177734375, 150.90863037109375, 173.49542236328125, 196.08224487304688, 218.6690673828125, 241.255859375, 263.8426818847656, 286.42950439453125, 309.0163269042969, 331.6031494140625, 354.18994140625, 376.7767639160156, 399.36358642578125, 421.95037841796875, 444.5372009277344, 467.1240234375, 489.7108459472656, 512.2976684570312, 534.8844604492188, 557.4713134765625, 580.05810546875, 602.6448974609375, 625.2317504882812, 647.8185424804688]}, "gradients/graph_5linear.0.bias": {"_type": "histogram", "values": [1.0, 0.0, 0.0, 0.0, 0.0, 0.0, 1.0, 0.0, 0.0, 0.0, 0.0, 1.0, 0.0, 1.0, 0.0, 1.0, 1.0, 2.0, 3.0, 1.0, 2.0, 1.0, 1.0, 0.0, 0.0, 2.0, 2.0, 0.0, 0.0, 0.0, 2.0, 3.0, 3.0, 62.0, 0.0, 1.0, 1.0, 4.0, 3.0, 2.0, 5.0, 1.0, 2.0, 3.0, 1.0, 1.0, 2.0, 2.0, 1.0, 1.0, 1.0, 0.0, 0.0, 0.0, 0.0, 2.0, 1.0, 0.0, 1.0, 1.0, 0.0, 0.0, 1.0, 1.0],