{"Linear loss": 17089.859375, "_timestamp": 1715763464.0371735, "_runtime": 20.95960545539856, "_step": 509, "Regret": 0.5476972817136199, "gradients/graph_3linear.5.bias": {"_type": "histogram", "values": [4.0, 0.0, 0.0, 2.0, 2.0, 0.0, 0.0, 0.0, 0.0, 0.0, 0.0, 0.0, 0.0, 0.0, 0.0, 0.0, 0.0, 0.0, 0.0, 0.0, 0.0, 0.0, 0.0, 0.0, 0.0, 0.0, 0.0, 0.0, 4.0, 3.0, 0.0, 5.0, 84.0, 1.0, 1.0, 10.0, 1.0, 1.0, 0.0, 0.0, 0.0, 0.0, 0.0, 0.0, 0.0, 0.0, 0.0, 0.0, 0.0, 0.0, 0.0, 0.0, 0.0, 0.0, 0.0, 0.0, 0.0, 0.0, 0.0, 0.0, 1.0, 0.0, 0.0, 1.0], "bins": [-200.0, -193.75, -187.5, -181.25, -175.0, -168.75, -162.5, -156.25, -150.0, -143.75, -137.5, -131.25, -125.0, -118.75, -112.5, -106.25, -100.0, -93.75, -87.5, -81.25, -75.0, -68.75, -62.5, -56.25, -50.0, -43.75, -37.5, -31.25, -25.0, -18.75, -12.5, -6.25, 0.0, 6.25, 12.5, 18.75, 25.0, 31.25, 37.5, 43.75, 50.0, 56.25, 62.5, 68.75, 75.0, 81.25, 87.5, 93.75, 100.0, 106.25, 112.5, 118.75, 125.0, 131.25, 137.5, 143.75, 150.0, 156.25, 162.5, 168.75, 175.0, 181.25, 187.5, 193.75, 200.0]}, "gradients/graph_3linear.5.weight": {"_type": "histogram", "values": [4.0, 0.0, 0.0, 2.0, 2.0, 0.0, 0.0, 0.0, 0.0, 0.0, 0.0, 0.0, 0.0, 4.0, 0.0, 3.0, 1.0, 0.0, 3.0, 1.0, 11.0, 7.0, 2.0, 3.0, 4.0, 4.0, 9.0, 4.0, 11.0, 12.0, 24.0, 109.0, 7370.0, 53.0, 6.0, 13.0, 2.0, 3.0, 1.0, 1.0, 1.0, 1.0, 1.0, 3.0, 0.0, 1.0, 0.0, 0.0, 1.0, 0.0, 1.0, 0.0, 0.0, 0.0, 0.0, 0.0, 0.0, 0.0, 0.0, 0.0, 1.0, 0.0, 0.0, 1.0], "bins": [-7477.92138671875, -7244.236328125, -7010.55126953125, -6776.8662109375, -6543.18115234375, -6309.49609375, -6075.81103515625, -5842.1259765625, -5608.44091796875, -5374.755859375, -5141.0712890625, -4907.3857421875, -4673.701171875, -4440.015625, -4206.3310546875, -3972.645751953125, -3738.960693359375, -3505.275634765625, -3271.5908203125, -3037.90576171875, -2804.220703125, -2570.53564453125, -2336.8505859375, -2103.16552734375, -1869.48046875, -1635.79541015625, -1402.1103515625, -1168.42529296875, -934.740234375, -701.05517578125, -467.3701171875, -233.68505859375, 0.0, 233.68505859375, 467.3701171875, 701.05517578125, 934.740234375, 1168.42529296875, 1402.1103515625, 1635.79541015625, 1869.48046875, 2103.16552734375, 2336.8505859375, 2570.53564453125, 2804.220703125, 3037.90576171875, 3271.5908203125, 3505.275634765625, 3738.960693359375, 3972.645751953125, 4206.3310546875, 4440.015625, 4673.701171875, 4907.3857421875, 5141.0712890625, 5374.755859375, 5608.44091796875, 5842.1259765625, 6075.81103515625, 6309.49609375, 6543.18115234375, 6776.8662109375, 7010.55126953125, 7244.236328125, 7477.92138671875]}, "gradients/graph_3linear.3.bias": {"_type": "histogram", "values": [1.0, 1.0, 0.0, 1.0, 0.0, 0.0, 0.0, 0.0, 0.0, 0.0, 0.0, 0.0, 0.0, 0.0, 0.0, 1.0, 0.0, 1.0, 0.0, 0.0, 1.0, 53.0, 0.0, 0.0, 0.0, 0.0, 0.0, 0.0, 0.0, 0.0, 0.0, 0.0, 0.0, 0.0, 0.0, 1.0, 0.0, 0.0, 0.0, 0.0, 0.0, 0.0, 0.0, 0.0, 0.0, 0.0, 0.0, 0.0, 0.0, 0.0, 0.0, 0.0, 0.0, 0.0, 1.0, 0.0, 0.0, 0.0, 0.0, 0.0, 0.0, 0.0, 1.0, 2.0], "bins": [-109.822998046875, -104.61668395996094, -99.4103775024414, -94.20406341552734, -88.99775695800781, -83.79144287109375, -78.58512878417969, -73.37881469726562, -68.1725082397461, -62.9661979675293, -57.7598876953125, -52.55357360839844, -47.34726333618164, -42.140953063964844, -36.93463897705078, -31.72833251953125, -26.522018432617188, -21.315704345703125, -16.109397888183594, -10.903083801269531, -5.69677734375, -0.4904632568359375, 4.715850830078125, 9.922157287597656, 15.128471374511719, 20.33477783203125, 25.541091918945312, 30.747406005859375, 35.95372009277344, 41.1600341796875, 46.3663330078125, 51.57264709472656, 56.778961181640625, 61.98527526855469, 67.19158935546875, 72.39788818359375, 77.60420227050781, 82.81051635742188, 88.01683044433594, 93.22314453125, 98.42945098876953, 103.6357650756836, 108.84207153320312, 114.04838562011719, 119.25469970703125, 124.46100616455078, 129.66732788085938, 134.87362670898438, 140.07994079589844, 145.2862548828125, 150.4925537109375, 155.69888305664062, 160.90518188476562, 166.1114959716797, 171.31781005859375, 176.5241241455078, 181.73043823242188, 186.93673706054688, 192.14305114746094, 197.349365234375, 202.55567932128906, 207.76199340820312, 212.96829223632812, 218.1746063232422, 223.38092041015625]}, "gradients/graph_3linear.3.weight": {"_type": "histogram", "values": [1.0, 1.0, 0.0, 2.0, 2.0, 0.0, 4.0, 4.0, 3.0, 4.0, 4.0, 5.0, 4.0, 4.0, 9.0, 11.0, 12.0, 11.0, 12.0, 26.0, 51.0, 3784.0, 9.0, 4.0, 8.0, 6.0, 5.0, 5.0, 4.0, 6.0, 10.0, 7.0, 9.0, 8.0, 4.0, 7.0, 4.0, 1.0, 4.0, 0.0, 4.0, 0.0, 5.0, 3.0, 3.0, 2.0, 0.0, 3.0, 2.0, 5.0, 4.0, 0.0, 0.0, 1.0, 3.0, 0.0, 1.0, 2.0, 0.0, 0.0, 0.0, 0.0, 1.0, 2.0], "bins": [-1295.3253173828125, -1233.9185791015625, -1172.511962890625, -1111.105224609375, -1049.698486328125, -988.2918701171875, -926.8851318359375, -865.4784545898438, -804.07177734375, -742.6651000976562, -681.2584228515625, -619.8516845703125, -558.4450073242188, -497.038330078125, -435.631591796875, -374.22491455078125, -312.8182373046875, -251.4114990234375, -190.0048828125, -128.59814453125, -67.1915283203125, -5.7847900390625, 55.6219482421875, 117.028564453125, 178.435302734375, 239.842041015625, 301.2486572265625, 362.6553955078125, 424.0621337890625, 485.46875, 546.87548828125, 608.2821044921875, 669.688720703125, 731.095458984375, 792.5020751953125, 853.9088134765625, 915.3154296875, 976.72216796875, 1038.12890625, 1099.5355224609375, 1160.9422607421875, 1222.3489990234375, 1283.755615234375, 1345.162353515625, 1406.569091796875, 1467.9757080078125, 1529.3824462890625, 1590.7890625, 1652.19580078125, 1713.6025390625, 1775.0091552734375, 1836.4158935546875, 1897.822509765625, 1959.229248046875, 2020.635986328125, 2082.042724609375, 2143.44921875, 2204.85595703125, 2266.2626953125, 2327.66943359375, 2389.076171875, 2450.48291015625, 2511.889404296875, 2573.296142578125, 2634.702880859375]}, "gradients/graph_3linear.0.bias": {"_type": "histogram", "values": [1.0, 0.0, 0.0, 0.0, 0.0, 0.0, 0.0, 0.0, 0.0, 0.0, 0.0, 1.0, 1.0, 0.0, 0.0, 1.0, 0.0, 0.0, 1.0, 1.0, 0.0, 1.0, 0.0, 0.0, 1.0, 1.0, 0.0, 0.0, 0.0, 1.0, 0.0, 0.0, 35.0, 0.0, 1.0, 2.0, 1.0, 0.0, 1.0, 2.0, 0.0, 0.0, 0.0, 2.0, 0.0, 1.0, 0.0, 1.0, 0.0, 0.0, 1.0, 1.0, 0.0, 0.0, 0.0, 1.0, 1.0, 1.0, 0.0, 0.0, 0.0, 0.0, 0.0, 3.0], "bins": [-174.72695922851562, -169.37753295898438, -164.0281219482422, -158.67869567871094, -153.32928466796875, -147.9798583984375, -142.63043212890625, -137.281005859375, -131.9315948486328, -126.5821762084961, -121.23275756835938, -115.88333129882812, -110.5339126586914, -105.18449401855469, -99.83506774902344, -94.48564910888672, -89.13623046875, -83.78681182861328, -78.43739318847656, -73.08796691894531, -67.7385482788086, -62.389129638671875, -57.039703369140625, -51.690284729003906, -46.34086608886719, -40.99143981933594, -35.64202880859375, -30.2926025390625, -24.94317626953125, -19.593765258789062, -14.244338989257812, -8.894927978515625, -3.5454864501953125, 1.8039398193359375, 7.153350830078125, 12.502777099609375, 17.852188110351562, 23.201614379882812, 28.551040649414062, 33.90045166015625, 39.2498779296875, 44.59929656982422, 49.94871520996094, 55.29814147949219, 60.647560119628906, 65.99697875976562, 71.34640502929688, 76.6958236694336, 82.04524230957031, 87.39466094970703, 92.74407958984375, 98.093505859375, 103.44292449951172, 108.79234313964844, 114.14176940917969, 119.4911880493164, 124.84060668945312, 130.19003295898438, 135.53944396972656, 140.8888702392578, 146.23828125, 151.58770751953125, 156.9371337890625, 162.2865447998047, 167.63597106933594]}, "gradients/graph_3linear.0.weight": {"_type": "histogram", "values": [2.0, 1.0, 0.0, 1.0, 2.0, 4.0, 21.0, 8.0, 5.0, 9.0, 5.0, 8.0, 12.0, 16.0, 10.0, 32.0, 46.0, 27.0, 39.0, 58.0, 54.0, 87.0, 67.0, 86.0, 99.0, 69.0, 124.0, 138.0, 110.0, 122.0, 207.0, 185.0, 5283.0, 244.0, 293.0, 182.0, 164.0, 185.0, 101.0, 85.0, 88.0, 123.0, 59.0, 85.0, 59.0, 55.0, 64.0, 70.0, 46.0, 33.0, 71.0, 62.0, 36.0, 18.0, 33.0, 11.0, 30.0, 44.0, 21.0, 4.0, 4.0, 0.0, 3.0, 6.0],