{"Linear loss": 15380.6484375, "_timestamp": 1715766694.3239, "_runtime": 186.96253609657288, "_step": 3619, "gradients/graph_2linear.5.bias": {"_type": "histogram", "values": [7.0, 0.0, 0.0, 3.0, 0.0, 0.0, 0.0, 0.0, 0.0, 0.0, 0.0, 0.0, 0.0, 0.0, 0.0, 0.0, 0.0, 0.0, 0.0, 0.0, 0.0, 0.0, 0.0, 0.0, 0.0, 0.0, 0.0, 0.0, 13.0, 0.0, 0.0, 2.0, 39.0, 0.0, 0.0, 16.0, 0.0, 0.0, 0.0, 0.0, 0.0, 0.0, 0.0, 0.0, 0.0, 0.0, 0.0, 0.0, 0.0, 0.0, 0.0, 0.0, 0.0, 0.0, 0.0, 0.0, 0.0, 1.0, 0.0, 0.0, 4.0, 0.0, 0.0, 11.0], "bins": [-200.0, -193.75, -187.5, -181.25, -175.0, -168.75, -162.5, -156.25, -150.0, -143.75, -137.5, -131.25, -125.0, -118.75, -112.5, -106.25, -100.0, -93.75, -87.5, -81.25, -75.0, -68.75, -62.5, -56.25, -50.0, -43.75, -37.5, -31.25, -25.0, -18.75, -12.5, -6.25, 0.0, 6.25, 12.5, 18.75, 25.0, 31.25, 37.5, 43.75, 50.0, 56.25, 62.5, 68.75, 75.0, 81.25, 87.5, 93.75, 100.0, 106.25, 112.5, 118.75, 125.0, 131.25, 137.5, 143.75, 150.0, 156.25, 162.5, 168.75, 175.0, 181.25, 187.5, 193.75, 200.0]}, "gradients/graph_2linear.5.weight": {"_type": "histogram", "values": [7.0, 0.0, 0.0, 17.0, 7.0, 0.0, 6.0, 3.0, 7.0, 0.0, 10.0, 0.0, 10.0, 0.0, 3.0, 0.0, 7.0, 0.0, 10.0, 3.0, 7.0, 10.0, 24.0, 16.0, 20.0, 17.0, 6.0, 10.0, 13.0, 65.0, 65.0, 182.0, 2052.0, 79.0, 80.0, 17.0, 17.0, 9.0, 28.0, 33.0, 24.0, 38.0, 15.0, 12.0, 5.0, 15.0, 0.0, 12.0, 0.0, 5.0, 1.0, 15.0, 0.0, 15.0, 3.0, 11.0, 4.0, 9.0, 0.0, 11.0, 26.0, 0.0, 0.0, 11.0], "bins": [-805.7988891601562, -780.61767578125, -755.4364624023438, -730.2552490234375, -705.0740356445312, -679.892822265625, -654.7116088867188, -629.5303955078125, -604.3491821289062, -579.16796875, -553.9867553710938, -528.8055419921875, -503.6242980957031, -478.4430847167969, -453.2618713378906, -428.0806579589844, -402.8994445800781, -377.7182312011719, -352.5370178222656, -327.3558044433594, -302.1745910644531, -276.99334716796875, -251.8121337890625, -226.63092041015625, -201.44970703125, -176.26849365234375, -151.0872802734375, -125.90606689453125, -100.724853515625, -75.54364013671875, -50.3624267578125, -25.18121337890625, 0.0, 25.18121337890625, 50.3624267578125, 75.54364013671875, 100.724853515625, 125.90606689453125, 151.0872802734375, 176.26849365234375, 201.44970703125, 226.63092041015625, 251.8121337890625, 276.99334716796875, 302.1745910644531, 327.3558044433594, 352.5370178222656, 377.7182312011719, 402.8994445800781, 428.0806579589844, 453.2618713378906, 478.4430847167969, 503.6242980957031, 528.8055419921875, 553.9867553710938, 579.16796875, 604.3491821289062, 629.5303955078125, 654.7116088867188, 679.892822265625, 705.0740356445312, 730.2552490234375, 755.4364624023438, 780.61767578125, 805.7988891601562]}, "gradients/graph_2linear.3.bias": {"_type": "histogram", "values": [1.0, 0.0, 0.0, 1.0, 0.0, 0.0, 0.0, 0.0, 1.0, 0.0, 0.0, 0.0, 0.0, 0.0, 0.0, 0.0, 0.0, 0.0, 0.0, 0.0, 1.0, 1.0, 0.0, 0.0, 0.0, 1.0, 3.0, 0.0, 0.0, 0.0, 1.0, 0.0, 0.0, 1.0, 0.0, 0.0, 1.0, 0.0, 0.0, 1.0, 0.0, 0.0, 1.0, 0.0, 1.0, 1.0, 0.0, 0.0, 11.0, 0.0, 1.0, 1.0, 0.0, 1.0, 1.0, 0.0, 0.0, 0.0, 0.0, 0.0, 0.0, 0.0, 0.0, 1.0], "bins": [-238.25057983398438, -233.3628692626953, -228.4751434326172, -223.58743286132812, -218.69972229003906, -213.81201171875, -208.92428588867188, -204.0365753173828, -199.14886474609375, -194.26113891601562, -189.37342834472656, -184.4857177734375, -179.59799194335938, -174.7102813720703, -169.82257080078125, -164.93484497070312, -160.04713439941406, -155.159423828125, -150.27169799804688, -145.3839874267578, -140.49627685546875, -135.60855102539062, -130.72084045410156, -125.8331298828125, -120.9454116821289, -116.05769348144531, -111.16998291015625, -106.28227233886719, -101.39454650878906, -96.5068359375, -91.61912536621094, -86.73139953613281, -81.84370422363281, -76.95599365234375, -72.06826782226562, -67.18055725097656, -62.2928466796875, -57.405120849609375, -52.51741027832031, -47.62969970703125, -42.741981506347656, -37.85426330566406, -32.966552734375, -28.078834533691406, -23.191116333007812, -18.30340576171875, -13.415687561035156, -8.527976989746094, -3.6402587890625, 1.2474594116210938, 6.135169982910156, 11.02288818359375, 15.910602569580078, 20.798316955566406, 25.68603515625, 30.573749542236328, 35.461463928222656, 40.349178314208984, 45.23689270019531, 50.124610900878906, 55.012325286865234, 59.90003967285156, 64.78775787353516, 69.67546844482422, 74.56318664550781]}, "gradients/graph_2linear.3.weight": {"_type": "histogram", "values": [1.0, 0.0, 0.0, 1.0, 1.0, 0.0, 0.0, 0.0, 2.0, 0.0, 2.0, 0.0, 1.0, 2.0, 0.0, 0.0, 0.0, 2.0, 0.0, 0.0, 1.0, 1.0, 0.0, 1.0, 1.0, 1.0, 3.0, 5.0, 3.0, 0.0, 3.0, 6.0, 1.0, 1.0, 2.0, 1.0, 3.0, 1.0, 0.0, 3.0, 1.0, 2.0, 1.0, 3.0, 1.0, 9.0, 7.0, 14.0, 912.0, 5.0, 4.0, 4.0, 3.0, 4.0, 1.0, 0.0, 0.0, 0.0, 0.0, 0.0, 2.0, 0.0, 1.0, 1.0], "bins": [-1932.23193359375, -1892.5921630859375, -1852.952392578125, -1813.3126220703125, -1773.6728515625, -1734.0330810546875, -1694.393310546875, -1654.7535400390625, -1615.11376953125, -1575.4739990234375, -1535.834228515625, -1496.1944580078125, -1456.5546875, -1416.914794921875, -1377.275146484375, -1337.63525390625, -1297.99560546875, -1258.355712890625, -1218.716064453125, -1179.076171875, -1139.4365234375, -1099.796630859375, -1060.156982421875, -1020.5171508789062, -980.8773193359375, -941.237548828125, -901.5977783203125, -861.9580078125, -822.3182373046875, -782.678466796875, -743.0386962890625, -703.39892578125, -663.7591552734375, -624.119384765625, -584.4796142578125, -544.83984375, -505.2000732421875, -465.560302734375, -425.9205322265625, -386.28076171875, -346.6409912109375, -307.00115966796875, -267.36138916015625, -227.72161865234375, -188.08184814453125, -148.44207763671875, -108.80230712890625, -69.16253662109375, -29.52276611328125, 10.11700439453125, 49.75677490234375, 89.39654541015625, 129.03631591796875, 168.67611694335938, 208.31588745117188, 247.95565795898438, 287.5954284667969, 327.2351989746094, 366.8749694824219, 406.5147705078125, 446.154541015625, 485.7943115234375, 525.43408203125, 565.0738525390625, 604.713623046875]}, "gradients/graph_2linear.0.bias": {"_type": "histogram", "values": [2.0, 0.0, 0.0, 0.0, 0.0, 0.0, 0.0, 0.0, 0.0, 0.0, 0.0, 0.0, 0.0, 0.0, 0.0, 0.0, 1.0, 0.0, 0.0, 0.0, 0.0, 1.0, 0.0, 0.0, 0.0, 0.0, 0.0, 0.0, 0.0, 1.0, 0.0, 0.0, 0.0, 0.0, 0.0, 0.0, 0.0, 0.0, 0.0, 0.0, 26.0, 0.0, 0.0, 0.0, 0.0, 0.0, 0.0, 0.0, 0.0, 0.0, 0.0, 0.0, 0.0, 0.0, 0.0, 0.0, 0.0, 0.0, 0.0, 0.0, 0.0, 0.0, 0.0, 1.0], "bins": [-408.66632080078125, -398.50042724609375, -388.33453369140625, -378.16864013671875, -368.00274658203125, -357.83685302734375, -347.67095947265625, -337.5050964355469, -327.3392028808594, -317.1733093261719, -307.0074157714844, -296.8415222167969, -286.6756286621094, -276.5097351074219, -266.3438720703125, -256.177978515625, -246.01206970214844, -235.84617614746094, -225.68028259277344, -215.514404296875, -205.3485107421875, -195.1826171875, -185.0167236328125, -174.850830078125, -164.6849365234375, -154.51905822753906, -144.3531494140625, -134.18728637695312, -124.02139282226562, -113.85549926757812, -103.68960571289062, -93.52371215820312, -83.35781860351562, -73.19192504882812, -63.026031494140625, -52.860137939453125, -42.694244384765625, -32.528350830078125, -22.36248779296875, -12.196578979492188, -2.03070068359375, 8.13519287109375, 18.30108642578125, 28.46697998046875, 38.63287353515625, 48.79876708984375, 58.96464538574219, 69.13053894042969, 79.29643249511719, 89.46232604980469, 99.62821960449219, 109.79409790039062, 119.95999145507812, 130.12588500976562, 140.29177856445312, 150.45767211914062, 160.62356567382812, 170.78945922851562, 180.95533752441406, 191.12123107910156, 201.28712463378906, 211.4530029296875, 221.618896484375, 231.7847900390625, 241.95068359375]}, "gradients/graph_2linear.0.weight": {"_type": "histogram",