{"gradients/graph_37linear.5.bias": {"_type": "histogram", "values": [2.0, 0.0, 0.0, 2.0, 0.0, 0.0, 0.0, 0.0, 0.0, 0.0, 0.0, 0.0, 0.0, 0.0, 0.0, 0.0, 0.0, 0.0, 0.0, 0.0, 0.0, 0.0, 0.0, 0.0, 0.0, 0.0, 0.0, 0.0, 16.0, 2.0, 0.0, 6.0, 25.0, 1.0, 3.0, 13.0, 0.0, 0.0, 0.0, 0.0, 0.0, 0.0, 0.0, 0.0, 0.0, 0.0, 0.0, 0.0, 0.0, 0.0, 0.0, 0.0, 0.0, 0.0, 0.0, 0.0, 0.0, 0.0, 0.0, 0.0, 7.0, 0.0, 1.0, 18.0], "bins": [-200.0, -193.75, -187.5, -181.25, -175.0, -168.75, -162.5, -156.25, -150.0, -143.75, -137.5, -131.25, -125.0, -118.75, -112.5, -106.25, -100.0, -93.75, -87.5, -81.25, -75.0, -68.75, -62.5, -56.25, -50.0, -43.75, -37.5, -31.25, -25.0, -18.75, -12.5, -6.25, 0.0, 6.25, 12.5, 18.75, 25.0, 31.25, 37.5, 43.75, 50.0, 56.25, 62.5, 68.75, 75.0, 81.25, 87.5, 93.75, 100.0, 106.25, 112.5, 118.75, 125.0, 131.25, 137.5, 143.75, 150.0, 156.25, 162.5, 168.75, 175.0, 181.25, 187.5, 193.75, 200.0]}, "_timestamp": 1715787719.6350453, "gradients/graph_37linear.5.weight": {"_type": "histogram", "values": [2.0, 4.0, 0.0, 2.0, 6.0, 2.0, 2.0, 2.0, 2.0, 0.0, 2.0, 1.0, 5.0, 5.0, 7.0, 7.0, 1.0, 2.0, 0.0, 2.0, 1.0, 5.0, 6.0, 2.0, 2.0, 7.0, 9.0, 4.0, 44.0, 75.0, 169.0, 266.0, 1569.0, 150.0, 72.0, 46.0, 26.0, 57.0, 47.0, 19.0, 10.0, 30.0, 42.0, 5.0, 17.0, 0.0, 7.0, 3.0, 37.0, 38.0, 44.0, 37.0, 16.0, 7.0, 1.0, 18.0, 7.0, 8.0, 19.0, 32.0, 7.0, 4.0, 35.0, 18.0], "bins": [-313.88934326171875, -304.0802917480469, -294.2712707519531, -284.46221923828125, -274.6531677246094, -264.8441162109375, -255.03509521484375, -245.22604370117188, -235.41700744628906, -225.60797119140625, -215.79891967773438, -205.98988342285156, -196.18084716796875, -186.37179565429688, -176.56275939941406, -166.7537078857422, -156.94467163085938, -147.13563537597656, -137.3265838623047, -127.51754760742188, -117.70849609375, -107.89945983886719, -98.09042358398438, -88.2813720703125, -78.47233581542969, -68.66329956054688, -58.854248046875, -49.045196533203125, -39.236175537109375, -29.4271240234375, -19.618072509765625, -9.809051513671875, 0.0, 9.809051513671875, 19.618072509765625, 29.4271240234375, 39.236175537109375, 49.045196533203125, 58.854248046875, 68.66329956054688, 78.47233581542969, 88.2813720703125, 98.09042358398438, 107.89945983886719, 117.70849609375, 127.51754760742188, 137.3265838623047, 147.13563537597656, 156.94467163085938, 166.7537078857422, 176.56275939941406, 186.37179565429688, 196.18084716796875, 205.98988342285156, 215.79891967773438, 225.60797119140625, 235.41700744628906, 245.22604370117188, 255.03509521484375, 264.8441162109375, 274.6531677246094, 284.46221923828125, 294.2712707519531, 304.0802917480469, 313.88934326171875]}, "gradients/graph_37linear.3.bias": {"_type": "histogram", "values": [1.0, 0.0, 0.0, 0.0, 0.0, 0.0, 0.0, 1.0, 1.0, 0.0, 0.0, 2.0, 1.0, 0.0, 0.0, 0.0, 0.0, 1.0, 0.0, 1.0, 0.0, 0.0, 1.0, 1.0, 0.0, 0.0, 0.0, 0.0, 1.0, 0.0, 1.0, 0.0, 1.0, 0.0, 1.0, 1.0, 1.0, 2.0, 0.0, 0.0, 1.0, 0.0, 1.0, 0.0, 0.0, 0.0, 0.0, 0.0, 2.0, 0.0, 0.0, 0.0, 0.0, 1.0, 0.0, 0.0, 0.0, 0.0, 0.0, 0.0, 0.0, 0.0, 0.0, 9.0], "bins": [-433.04681396484375, -426.28045654296875, -419.51409912109375, -412.74774169921875, -405.98138427734375, -399.21502685546875, -392.44866943359375, -385.68231201171875, -378.91595458984375, -372.14959716796875, -365.38323974609375, -358.61688232421875, -351.85052490234375, -345.08416748046875, -338.31781005859375, -331.55145263671875, -324.78509521484375, -318.01873779296875, -311.25238037109375, -304.48602294921875, -297.71966552734375, -290.95330810546875, -284.18695068359375, -277.42059326171875, -270.6542663574219, -263.8879089355469, -257.1215515136719, -250.35519409179688, -243.58883666992188, -236.82247924804688, -230.05612182617188, -223.28976440429688, -216.52340698242188, -209.75704956054688, -202.99069213867188, -196.22433471679688, -189.45797729492188, -182.69161987304688, -175.92526245117188, -169.15890502929688, -162.39254760742188, -155.62620544433594, -148.85984802246094, -142.09349060058594, -135.32713317871094, -128.56077575683594, -121.79441833496094, -115.02806091308594, -108.26170349121094, -101.49534606933594, -94.72898864746094, -87.96263122558594, -81.19627380371094, -74.42992401123047, -67.66356658935547, -60.89720916748047, -54.13085174560547, -47.36449432373047, -40.59813690185547, -33.831783294677734, -27.065425872802734, -20.299068450927734, -13.532712936401367, -6.766356468200684, 0.0]}, "gradients/graph_37linear.3.weight": {"_type": "histogram", "values": [1.0, 0.0, 0.0, 0.0, 0.0, 0.0, 0.0, 1.0, 1.0, 0.0, 0.0, 2.0, 1.0, 0.0, 0.0, 0.0, 0.0, 1.0, 0.0, 1.0, 0.0, 0.0, 1.0, 1.0, 0.0, 0.0, 0.0, 0.0, 1.0, 0.0, 1.0, 0.0, 1.0, 0.0, 1.0, 1.0, 1.0, 2.0, 0.0, 0.0, 1.0, 0.0, 1.0, 0.0, 0.0, 0.0, 0.0, 0.0, 2.0, 0.0, 0.0, 0.0, 0.0, 1.0, 0.0, 0.0, 0.0, 0.0, 0.0, 0.0, 0.0, 0.0, 0.0, 1001.0], "bins": [-3081.3017578125, -3033.156494140625, -2985.010986328125, -2936.86572265625, -2888.720458984375, -2840.574951171875, -2792.4296875, -2744.284423828125, -2696.13916015625, -2647.99365234375, -2599.848388671875, -2551.703125, -2503.5576171875, -2455.412353515625, -2407.26708984375, -2359.12158203125, -2310.976318359375, -2262.8310546875, -2214.685546875, -2166.540283203125, -2118.39501953125, -2070.24951171875, -2022.104248046875, -1973.958984375, -1925.8135986328125, -1877.668212890625, -1829.52294921875, -1781.3775634765625, -1733.232177734375, -1685.0869140625, -1636.9415283203125, -1588.7962646484375, -1540.65087890625, -1492.5054931640625, -1444.3602294921875, -1396.21484375, -1348.069580078125, -1299.9241943359375, -1251.77880859375, -1203.633544921875, -1155.4881591796875, -1107.3427734375, -1059.197509765625, -1011.0521240234375, -962.9067993164062, -914.761474609375, -866.6160888671875, -818.4707641601562, -770.325439453125, -722.1801147460938, -674.0347900390625, -625.889404296875, -577.7440795898438, -529.5987548828125, -481.4533996582031, -433.30804443359375, -385.1627197265625, -337.01739501953125, -288.8720397949219, -240.72669982910156, -192.58135986328125, -144.43601989746094, -96.29067993164062, -48.14533996582031, 0.0]}, "gradients/graph_37linear.0.bias": {"_type": "histogram", "values": [1.0, 0.0, 0.0, 0.0, 0.0, 0.0, 0.0, 0.0, 0.0, 0.0, 0.0, 0.0, 0.0, 0.0, 0.0, 0.0, 0.0, 0.0, 0.0, 0.0, 0.0, 0.0, 0.0, 0.0, 0.0, 0.0, 0.0, 0.0, 0.0, 0.0, 0.0, 0.0, 0.0, 0.0, 0.0, 0.0, 0.0, 0.0, 0.0, 0.0, 0.0, 0.0, 0.0, 0.0, 0.0, 0.0, 0.0, 0.0, 0.0, 0.0, 0.0, 0.0, 0.0, 0.0, 0.0, 0.0, 0.0, 0.0, 0.0, 0.0, 0.0, 0.0, 0.0, 31.0], "bins": [-4776.72900390625, -4702.0927734375, -4627.4560546875, -4552.81982421875, -4478.18359375, -4403.546875, -4328.91064453125, -4254.2744140625, -4179.6376953125, -4105.00146484375, -4030.365234375, -3955.728759765625, -3881.09228515625, -3806.4560546875, -3731.819580078125, -3657.18310546875, -3582.546875, -3507.910400390625, -3433.27392578125, -3358.6376953125, -3284.001220703125, -3209.36474609375, -3134.728515625, -3060.092041015625, -2985.45556640625, -2910.8193359375, -2836.182861328125, -2761.54638671875, -2686.91015625, -2612.273681640625, -2537.63720703125, -2463.0009765625, -2388.364501953125, -2313.72802734375, -2239.091796875, -2164.455322265625, -2089.81884765625, -2015.1824951171875, -1940.546142578125, -1865.9097900390625, -1791.2734375, -1716.636962890625, -1642.0006103515625, -1567.3642578125, -1492.727783203125, -1418.0914306640625, -1343.455078125, -1268.818603515625, -1194.1822509765625, -1119.5458984375, -1044.909423828125, -970.2730712890625, -895.63671875, -821.0003051757812, -746.3638916015625, -671.7275390625, -597.0911254882812, -522.4547119140625, -447.818359375, -373.18194580078125, -298.5455627441406, -223.9091796875, -149.2727813720703, -74.63639068603516, 0.0]}, "gradients/graph_37linear.0.weight": {"_type": "histogram",