{"gradients/graph_10linear.5.bias": {"_type": "histogram", "values": [1.0, 0.0, 3.0, 9.0, 6.0, 3.0, 5.0, 3.0, 1.0, 2.0, 1.0, 2.0, 1.0, 13.0, 8.0, 4.0, 1.0, 1.0, 0.0, 0.0, 0.0, 0.0, 0.0, 1.0, 2.0, 1.0, 0.0, 0.0, 0.0, 0.0, 0.0, 0.0, 0.0, 0.0, 0.0, 0.0, 0.0, 2.0, 2.0, 2.0, 2.0, 0.0, 0.0, 0.0, 0.0, 0.0, 0.0, 0.0, 0.0, 0.0, 0.0, 0.0, 0.0, 0.0, 0.0, 0.0, 0.0, 0.0, 3.0, 4.0, 6.0, 2.0, 2.0, 3.0], "bins": [-0.9401657581329346, -0.9106913805007935, -0.8812169432640076, -0.8517425656318665, -0.8222681283950806, -0.7927937507629395, -0.7633193731307983, -0.7338449954986572, -0.7043705582618713, -0.6748961210250854, -0.6454217433929443, -0.6159473657608032, -0.5864729881286621, -0.5569985508918762, -0.5275241732597351, -0.4980497658252716, -0.4685753583908081, -0.439100980758667, -0.4096265435218811, -0.38015216588974, -0.3506777286529541, -0.321203351020813, -0.2917289733886719, -0.262254536151886, -0.23278015851974487, -0.20330578088760376, -0.17383134365081787, -0.14435696601867676, -0.11488258838653564, -0.08540815114974976, -0.05593377351760864, -0.026459336280822754, 0.003014981746673584, 0.0324893593788147, 0.061963796615600586, 0.0914381742477417, 0.12091261148452759, 0.1503869891166687, 0.17986136674880981, 0.2093358039855957, 0.23881018161773682, 0.26828455924987793, 0.2977589964866638, 0.32723337411880493, 0.35670775175094604, 0.38618218898773193, 0.41565656661987305, 0.44513100385665894, 0.47460538148880005, 0.5040798187255859, 0.533554196357727, 0.5630285739898682, 0.5925029516220093, 0.6219773888587952, 0.6514517664909363, 0.6809262037277222, 0.7104005813598633, 0.7398749589920044, 0.7693493962287903, 0.7988237738609314, 0.8282982110977173, 0.8577725887298584, 0.8872469663619995, 0.9167214035987854, 0.9461957812309265]}, "_timestamp": 1715848939.2643473, "gradients/graph_10linear.5.weight": {"_type": "histogram", "values": [1.0, 0.0, 3.0, 10.0, 6.0, 5.0, 16.0, 11.0, 20.0, 26.0, 22.0, 21.0, 19.0, 25.0, 41.0, 53.0, 43.0, 51.0, 66.0, 55.0, 93.0, 84.0, 51.0, 94.0, 103.0, 70.0, 78.0, 64.0, 53.0, 30.0, 10.0, 1316.0, 31.0, 24.0, 33.0, 32.0, 39.0, 25.0, 22.0, 13.0, 27.0, 13.0, 16.0, 35.0, 28.0, 24.0, 7.0, 10.0, 22.0, 18.0, 7.0, 9.0, 6.0, 16.0, 13.0, 15.0, 10.0, 11.0, 6.0, 5.0, 8.0, 2.0, 2.0, 3.0], "bins": [-7.23632287979126, -7.009462356567383, -6.782602310180664, -6.555742263793945, -6.328881740570068, -6.102021217346191, -5.875161170959473, -5.648301124572754, -5.421440601348877, -5.194580078125, -4.967720031738281, -4.7408599853515625, -4.5139994621276855, -4.287138938903809, -4.06027889251709, -3.833418607711792, -3.606558322906494, -3.3796980381011963, -3.1528377532958984, -2.9259772300720215, -2.6991171836853027, -2.472257137298584, -2.245396614074707, -2.01853609085083, -1.7916760444641113, -1.5648159980773926, -1.3379554748535156, -1.1110949516296387, -0.8842349052429199, -0.6573748588562012, -0.4305143356323242, -0.20365381240844727, 0.02320575714111328, 0.25006580352783203, 0.476926326751709, 0.7037868499755859, 0.9306468963623047, 1.1575069427490234, 1.3843674659729004, 1.6112279891967773, 1.838088035583496, 2.064948081970215, 2.291808605194092, 2.5186691284179688, 2.7455291748046875, 2.9723892211914062, 3.199249744415283, 3.426110029220581, 3.652970314025879, 3.8798305988311768, 4.106690883636475, 4.333551406860352, 4.56041145324707, 4.787271499633789, 5.014132022857666, 5.240992546081543, 5.467852592468262, 5.6947126388549805, 5.921573162078857, 6.148433685302734, 6.375293731689453, 6.602153778076172, 6.829014301300049, 7.055874824523926, 7.2827348709106445]}, "gradients/graph_10linear.3.bias": {"_type": "histogram", "values": [1.0, 0.0, 1.0, 0.0, 0.0, 1.0, 2.0, 1.0, 2.0, 0.0, 1.0, 0.0, 0.0, 0.0, 3.0, 0.0, 3.0, 1.0, 0.0, 1.0, 0.0, 0.0, 1.0, 1.0, 0.0, 0.0, 0.0, 0.0, 0.0, 0.0, 0.0, 0.0, 0.0, 0.0, 0.0, 0.0, 0.0, 0.0, 0.0, 0.0, 0.0, 0.0, 0.0, 0.0, 0.0, 0.0, 0.0, 0.0, 0.0, 0.0, 0.0, 0.0, 0.0, 0.0, 0.0, 0.0, 0.0, 0.0, 0.0, 0.0, 0.0, 0.0, 0.0, 13.0], "bins": [-9.935575485229492, -9.780332565307617, -9.625088691711426, -9.46984577178955, -9.31460189819336, -9.159358978271484, -9.004115104675293, -8.848872184753418, -8.693628311157227, -8.538385391235352, -8.38314151763916, -8.227898597717285, -8.072654724121094, -7.917411804199219, -7.7621684074401855, -7.606925010681152, -7.451681613922119, -7.296438217163086, -7.141194820404053, -6.9859514236450195, -6.830708026885986, -6.675464630126953, -6.520221710205078, -6.364977836608887, -6.209734916687012, -6.05449104309082, -5.899248123168945, -5.744004726409912, -5.588761329650879, -5.433517932891846, -5.2782745361328125, -5.123031139373779, -4.967787742614746, -4.812544345855713, -4.65730094909668, -4.5020575523376465, -4.346814155578613, -4.19157075881958, -4.036327362060547, -3.8810842037200928, -3.7258408069610596, -3.5705974102020264, -3.415354013442993, -3.26011061668396, -3.104867458343506, -2.9496240615844727, -2.7943806648254395, -2.6391372680664062, -2.483893871307373, -2.32865047454834, -2.1734070777893066, -2.0181636810302734, -1.8629204034805298, -1.7076770067214966, -1.552433729171753, -1.3971903324127197, -1.2419469356536865, -1.0867035388946533, -0.9314602017402649, -0.7762168645858765, -0.6209734678268433, -0.46573010087013245, -0.31048673391342163, -0.15524336695671082, 0.0]}, "gradients/graph_10linear.3.weight": {"_type": "histogram", "values": [1.0, 0.0, 1.0, 0.0, 0.0, 1.0, 2.0, 1.0, 2.0, 0.0, 1.0, 0.0, 0.0, 0.0, 3.0, 0.0, 3.0, 1.0, 0.0, 1.0, 0.0, 0.0, 1.0, 1.0, 0.0, 0.0, 0.0, 0.0, 0.0, 0.0, 0.0, 0.0, 0.0, 0.0, 0.0, 0.0, 0.0, 0.0, 0.0, 0.0, 0.0, 0.0, 0.0, 0.0, 0.0, 0.0, 0.0, 0.0, 0.0, 0.0, 0.0, 0.0, 0.0, 0.0, 0.0, 0.0, 0.0, 0.0, 0.0, 0.0, 0.0, 0.0, 0.0, 1005.0], "bins": [-310.0578918457031, -305.2132263183594, -300.36859130859375, -295.52392578125, -290.67926025390625, -285.8346252441406, -280.9899597167969, -276.14532470703125, -271.3006591796875, -266.45599365234375, -261.6113586425781, -256.7666931152344, -251.92202758789062, -247.07737731933594, -242.23272705078125, -237.38807678222656, -232.54342651367188, -227.69876098632812, -222.85411071777344, -218.00946044921875, -213.164794921875, -208.3201446533203, -203.47549438476562, -198.63082885742188, -193.7861785888672, -188.9415283203125, -184.09686279296875, -179.25221252441406, -174.40756225585938, -169.5629119873047, -164.71826171875, -159.87359619140625, -155.02894592285156, -150.18429565429688, -145.33963012695312, -140.49497985839844, -135.65032958984375, -130.80567932128906, -125.96102142333984, -121.11636352539062, -116.27171325683594, -111.42705535888672, -106.5823974609375, -101.73774719238281, -96.8930892944336, -92.0484390258789, -87.20378112792969, -82.359130859375, -77.51447296142578, -72.66981506347656, -67.82516479492188, -62.98051071166992, -58.13585662841797, -53.29119873046875, -48.4465446472168, -43.601890563964844, -38.75723648071289, -33.91258239746094, -29.067928314208984, -24.2232723236084, -19.378618240356445, -14.533964157104492, -9.689309120178223, -4.844654560089111, 0.0]}, "gradients/graph_10linear.0.bias": {"_type": "histogram", "values": [1.0, 0.0, 0.0, 0.0, 0.0, 0.0, 0.0, 0.0, 0.0, 0.0, 0.0, 0.0, 0.0, 0.0, 0.0, 0.0, 0.0, 0.0, 0.0, 0.0, 0.0, 0.0, 0.0, 0.0, 0.0, 0.0, 0.0, 0.0, 0.0, 0.0, 0.0, 0.0, 0.0, 0.0, 0.0, 0.0, 0.0, 0.0, 0.0, 0.0, 0.0, 0.0, 0.0, 0.0, 0.0, 0.0, 0.0, 0.0, 0.0, 0.0, 0.0, 0.0, 0.0, 0.0, 0.0, 0.0, 0.0, 0.0, 0.0, 0.0, 0.0, 0.0, 0.0, 31.0],