{"Linear loss": 187.17799377441406, "_timestamp": 1715777326.6706378, "_runtime": 134.1095929145813, "_step": 5489, "gradients/graph_5linear.5.bias": {"_type": "histogram", "values": [1.0, 1.0, 1.0, 2.0, 0.0, 2.0, 2.0, 9.0, 4.0, 3.0, 9.0, 4.0, 3.0, 3.0, 2.0, 18.0, 8.0, 0.0, 0.0, 0.0, 0.0, 0.0, 0.0, 0.0, 0.0, 0.0, 0.0, 0.0, 0.0, 2.0, 4.0, 4.0, 2.0, 1.0, 3.0, 0.0, 0.0, 0.0, 1.0, 0.0, 1.0, 0.0, 0.0, 0.0, 1.0, 0.0, 0.0, 0.0, 1.0, 0.0, 0.0, 0.0, 0.0, 0.0, 0.0, 0.0, 0.0, 0.0, 0.0, 2.0, 1.0, 0.0, 0.0, 1.0], "bins": [-0.6820232272148132, -0.6505773067474365, -0.6191313862800598, -0.5876854658126831, -0.5562395453453064, -0.5247936248779297, -0.49334773421287537, -0.46190181374549866, -0.43045589327812195, -0.39900997281074524, -0.36756405234336853, -0.3361181318759918, -0.3046722412109375, -0.2732263207435608, -0.24178040027618408, -0.21033447980880737, -0.17888855934143066, -0.14744263887405396, -0.11599671840667725, -0.08455079793930054, -0.05310487747192383, -0.02165895700454712, 0.00978696346282959, 0.0412328839302063, 0.07267874479293823, 0.10412466526031494, 0.13557058572769165, 0.16701650619506836, 0.19846242666244507, 0.22990834712982178, 0.2613542675971985, 0.2928001880645752, 0.32424604892730713, 0.35569196939468384, 0.38713788986206055, 0.41858381032943726, 0.45002973079681396, 0.4814756512641907, 0.5129215717315674, 0.5443674921989441, 0.5758134126663208, 0.6072592735290527, 0.6387051939964294, 0.6701511144638062, 0.7015970349311829, 0.7330429553985596, 0.7644888758659363, 0.795934796333313, 0.8273807168006897, 0.8588266372680664, 0.8902725577354431, 0.9217184782028198, 0.9531643986701965, 0.9846103191375732, 1.0160561800003052, 1.0475021600723267, 1.0789480209350586, 1.11039400100708, 1.141839861869812, 1.1732858419418335, 1.2047317028045654, 1.236177682876587, 1.2676235437393188, 1.2990695238113403, 1.3305153846740723]}, "gradients/graph_5linear.5.weight": {"_type": "histogram", "values": [2.0, 2.0, 4.0, 7.0, 7.0, 13.0, 13.0, 25.0, 43.0, 57.0, 64.0, 91.0, 103.0, 115.0, 168.0, 168.0, 305.0, 292.0, 286.0, 278.0, 173.0, 112.0, 18.0, 45.0, 45.0, 74.0, 86.0, 65.0, 69.0, 55.0, 52.0, 30.0, 26.0, 15.0, 16.0, 14.0, 11.0, 14.0, 6.0, 8.0, 11.0, 8.0, 7.0, 6.0, 9.0, 1.0, 6.0, 4.0, 4.0, 5.0, 2.0, 2.0, 2.0, 5.0, 5.0, 1.0, 4.0, 3.0, 3.0, 3.0, 1.0, 1.0, 1.0, 1.0], "bins": [-5.877203464508057, -5.606224536895752, -5.335245132446289, -5.064266204833984, -4.79328727722168, -4.522307872772217, -4.251328945159912, -3.9803497791290283, -3.7093706130981445, -3.4383914470672607, -3.167412281036377, -2.8964333534240723, -2.6254541873931885, -2.3544750213623047, -2.08349609375, -1.812516689300537, -1.5415377616882324, -1.2705588340759277, -0.9995794296264648, -0.7286005020141602, -0.45762109756469727, -0.18664216995239258, 0.08433675765991211, 0.355316162109375, 0.6262950897216797, 0.8972740173339844, 1.1682534217834473, 1.439232349395752, 1.7102112770080566, 1.9811906814575195, 2.2521700859069824, 2.523149013519287, 2.7941274642944336, 3.0651063919067383, 3.336085319519043, 3.607064723968506, 3.8780441284179688, 4.149023056030273, 4.420001983642578, 4.690981388092041, 4.961960315704346, 5.23293924331665, 5.503918647766113, 5.774897575378418, 6.045876502990723, 6.3168559074401855, 6.58783483505249, 6.858814239501953, 7.129793167114258, 7.4007720947265625, 7.671751499176025, 7.94273042678833, 8.213709831237793, 8.484688758850098, 8.755667686462402, 9.026646614074707, 9.297626495361328, 9.568605422973633, 9.839584350585938, 10.110563278198242, 10.381542205810547, 10.652521133422852, 10.923501014709473, 11.194479942321777, 11.465458869934082]}, "gradients/graph_5linear.3.bias": {"_type": "histogram", "values": [1.0, 4.0, 0.0, 1.0, 1.0, 0.0, 0.0, 1.0, 3.0, 2.0, 0.0, 4.0, 4.0, 1.0, 1.0, 1.0, 2.0, 3.0, 0.0, 1.0, 0.0, 1.0, 0.0, 0.0, 0.0, 0.0, 0.0, 0.0, 0.0, 0.0, 0.0, 0.0, 0.0, 0.0, 0.0, 0.0, 0.0, 0.0, 0.0, 0.0, 0.0, 0.0, 0.0, 0.0, 0.0, 0.0, 0.0, 0.0, 0.0, 0.0, 0.0, 0.0, 0.0, 0.0, 0.0, 0.0, 0.0, 0.0, 0.0, 0.0, 0.0, 0.0, 0.0, 1.0], "bins": [-9.013440132141113, -8.872605323791504, -8.731770515441895, -8.590934753417969, -8.45009994506836, -8.30926513671875, -8.16843032836914, -8.027595520019531, -7.886760234832764, -7.745924949645996, -7.605090141296387, -7.464255332946777, -7.32342004776001, -7.1825852394104, -7.041749954223633, -6.900915145874023, -6.760080337524414, -6.6192450523376465, -6.478409767150879, -6.3375749588012695, -6.19674015045166, -6.055905342102051, -5.915070056915283, -5.774234771728516, -5.633399963378906, -5.492565155029297, -5.3517303466796875, -5.21089506149292, -5.070059776306152, -4.929224967956543, -4.788390159606934, -4.647554874420166, -4.506720066070557, -4.365885257720947, -4.22504997253418, -4.08421516418457, -3.943380117416382, -3.8025450706481934, -3.661710023880005, -3.5208749771118164, -3.380040168762207, -3.2392051219940186, -3.09837007522583, -2.9575350284576416, -2.816699981689453, -2.6758649349212646, -2.5350301265716553, -2.394195079803467, -2.2533600330352783, -2.11252498626709, -1.971690058708191, -1.8308550119400024, -1.6900200843811035, -1.549185037612915, -1.4083499908447266, -1.2675150632858276, -1.1266800165176392, -0.9858450293540955, -0.8450100421905518, -0.7041749954223633, -0.5633400082588196, -0.4225050210952759, -0.2816700041294098, -0.1408350020647049, 0.0]}, "gradients/graph_5linear.3.weight": {"_type": "histogram", "values": [1.0, 4.0, 0.0, 1.0, 1.0, 0.0, 0.0, 1.0, 3.0, 2.0, 0.0, 5.0, 4.0, 5.0, 2.0, 2.0, 2.0, 4.0, 3.0, 4.0, 5.0, 7.0, 4.0, 1.0, 2.0, 7.0, 3.0, 5.0, 5.0, 2.0, 3.0, 8.0, 2.0, 1.0, 4.0, 3.0, 7.0, 2.0, 3.0, 4.0, 1.0, 1.0, 0.0, 5.0, 2.0, 1.0, 6.0, 8.0, 4.0, 4.0, 1.0, 0.0, 0.0, 0.0, 0.0, 0.0, 0.0, 0.0, 0.0, 0.0, 0.0, 0.0, 0.0, 869.0], "bins": [-99.1015625, -97.5531005859375, -96.004638671875, -94.4561767578125, -92.90771484375, -91.3592529296875, -89.810791015625, -88.2623291015625, -86.7138671875, -85.1654052734375, -83.616943359375, -82.0684814453125, -80.52001953125, -78.9715576171875, -77.423095703125, -75.8746337890625, -74.326171875, -72.7777099609375, -71.229248046875, -69.6807861328125, -68.13232421875, -66.5838623046875, -65.035400390625, -63.4869384765625, -61.9384765625, -60.3900146484375, -58.841552734375, -57.2930908203125, -55.74462890625, -54.1961669921875, -52.647705078125, -51.0992431640625, -49.55078125, -48.0023193359375, -46.453857421875, -44.9053955078125, -43.35693359375, -41.8084716796875, -40.260009765625, -38.7115478515625, -37.1630859375, -35.6146240234375, -34.066162109375, -32.5177001953125, -30.96923828125, -29.4207763671875, -27.872314453125, -26.3238525390625, -24.775390625, -23.2269287109375, -21.678466796875, -20.1300048828125, -18.58154296875, -17.0330810546875, -15.484619140625, -13.9361572265625, -12.3876953125, -10.8392333984375, -9.290771484375, -7.7423095703125, -6.19384765625, -4.6453857421875, -3.096923828125, -1.5484619140625, -0.0]}, "gradients/graph_5linear.0.bias": {"_type": "histogram", "values": [2.0, 0.0, 1.0, 0.0, 0.0, 0.0, 0.0, 0.0, 0.0, 0.0, 0.0, 0.0, 0.0, 0.0, 0.0, 1.0, 0.0, 0.0, 1.0, 0.0, 0.0, 0.0, 0.0, 0.0, 0.0, 0.0, 0.0, 0.0, 0.0, 0.0, 0.0, 0.0, 0.0, 0.0, 0.0, 0.0, 0.0, 0.0, 0.0, 0.0, 0.0, 0.0, 0.0, 0.0, 0.0, 0.0, 0.0, 0.0, 0.0, 0.0, 0.0, 0.0, 0.0, 0.0, 0.0, 0.0, 0.0, 0.0, 0.0, 0.0, 0.0, 0.0, 0.0, 27.0],