{"Linear loss": 12701.556640625, "_timestamp": 1715766080.545525, "_runtime": 66.80403709411621, "_step": 1809, "gradients/graph_2linear.5.bias": {"_type": "histogram", "values": [7.0, 0.0, 0.0, 3.0, 0.0, 0.0, 0.0, 0.0, 0.0, 0.0, 0.0, 0.0, 0.0, 0.0, 0.0, 0.0, 0.0, 0.0, 0.0, 0.0, 0.0, 0.0, 0.0, 0.0, 0.0, 0.0, 0.0, 0.0, 13.0, 0.0, 0.0, 2.0, 46.0, 0.0, 0.0, 15.0, 0.0, 0.0, 0.0, 0.0, 0.0, 0.0, 0.0, 0.0, 0.0, 0.0, 0.0, 0.0, 0.0, 0.0, 0.0, 0.0, 0.0, 0.0, 0.0, 0.0, 0.0, 1.0, 0.0, 0.0, 3.0, 0.0, 0.0, 6.0], "bins": [-200.0, -193.75, -187.5, -181.25, -175.0, -168.75, -162.5, -156.25, -150.0, -143.75, -137.5, -131.25, -125.0, -118.75, -112.5, -106.25, -100.0, -93.75, -87.5, -81.25, -75.0, -68.75, -62.5, -56.25, -50.0, -43.75, -37.5, -31.25, -25.0, -18.75, -12.5, -6.25, 0.0, 6.25, 12.5, 18.75, 25.0, 31.25, 37.5, 43.75, 50.0, 56.25, 62.5, 68.75, 75.0, 81.25, 87.5, 93.75, 100.0, 106.25, 112.5, 118.75, 125.0, 131.25, 137.5, 143.75, 150.0, 156.25, 162.5, 168.75, 175.0, 181.25, 187.5, 193.75, 200.0]}, "gradients/graph_2linear.5.weight": {"_type": "histogram", "values": [7.0, 0.0, 0.0, 17.0, 7.0, 0.0, 6.0, 10.0, 7.0, 0.0, 10.0, 10.0, 17.0, 24.0, 16.0, 6.0, 3.0, 7.0, 0.0, 17.0, 20.0, 31.0, 36.0, 37.0, 29.0, 24.0, 16.0, 20.0, 23.0, 104.0, 215.0, 356.0, 4305.0, 244.0, 119.0, 26.0, 22.0, 16.0, 26.0, 30.0, 38.0, 35.0, 28.0, 19.0, 15.0, 1.0, 8.0, 6.0, 7.0, 16.0, 22.0, 16.0, 9.0, 10.0, 2.0, 6.0, 9.0, 7.0, 0.0, 6.0, 15.0, 0.0, 0.0, 6.0], "bins": [-966.649658203125, -936.4418334960938, -906.2340698242188, -876.0262451171875, -845.8184814453125, -815.6106567382812, -785.40283203125, -755.195068359375, -724.9872436523438, -694.7794189453125, -664.5716552734375, -634.3638305664062, -604.156005859375, -573.9482421875, -543.7404174804688, -513.5325927734375, -483.3248291015625, -453.11700439453125, -422.90924072265625, -392.701416015625, -362.49365234375, -332.28582763671875, -302.0780029296875, -271.8702392578125, -241.66241455078125, -211.45458984375, -181.246826171875, -151.03900146484375, -120.8311767578125, -90.6234130859375, -60.41558837890625, -30.20782470703125, 0.0, 30.20782470703125, 60.41558837890625, 90.6234130859375, 120.8311767578125, 151.03900146484375, 181.246826171875, 211.45458984375, 241.66241455078125, 271.8702392578125, 302.0780029296875, 332.28582763671875, 362.49365234375, 392.701416015625, 422.90924072265625, 453.11700439453125, 483.3248291015625, 513.5325927734375, 543.7404174804688, 573.9482421875, 604.156005859375, 634.3638305664062, 664.5716552734375, 694.7794189453125, 724.9872436523438, 755.195068359375, 785.40283203125, 815.6106567382812, 845.8184814453125, 876.0262451171875, 906.2340698242188, 936.4418334960938, 966.649658203125]}, "gradients/graph_2linear.3.bias": {"_type": "histogram", "values": [1.0, 0.0, 0.0, 0.0, 0.0, 0.0, 0.0, 0.0, 0.0, 0.0, 0.0, 1.0, 0.0, 1.0, 1.0, 1.0, 1.0, 0.0, 1.0, 0.0, 0.0, 1.0, 1.0, 0.0, 1.0, 1.0, 2.0, 2.0, 3.0, 0.0, 3.0, 0.0, 0.0, 1.0, 1.0, 1.0, 2.0, 22.0, 1.0, 3.0, 0.0, 1.0, 2.0, 1.0, 1.0, 2.0, 0.0, 0.0, 2.0, 0.0, 0.0, 0.0, 1.0, 1.0, 0.0, 0.0, 0.0, 0.0, 0.0, 0.0, 0.0, 0.0, 0.0, 1.0], "bins": [-173.05252075195312, -168.4473876953125, -163.84226989746094, -159.2371368408203, -154.6320037841797, -150.02688598632812, -145.4217529296875, -140.81661987304688, -136.21148681640625, -131.6063690185547, -127.00123596191406, -122.39611053466797, -117.79098510742188, -113.18585205078125, -108.58072662353516, -103.97559356689453, -99.37046813964844, -94.76534271240234, -90.16020965576172, -85.55508422851562, -80.949951171875, -76.3448257446289, -71.73970031738281, -67.13456726074219, -62.529441833496094, -57.92431640625, -53.319183349609375, -48.71405792236328, -44.10893249511719, -39.50379943847656, -34.89866638183594, -30.293548583984375, -25.68840789794922, -21.083274841308594, -16.47815704345703, -11.873023986816406, -7.267890930175781, -2.6627655029296875, 1.9423599243164062, 6.547492980957031, 11.152618408203125, 15.757743835449219, 20.362876892089844, 24.968002319335938, 29.57312774658203, 34.178260803222656, 38.78338623046875, 43.388519287109375, 47.99364471435547, 52.59877014160156, 57.20390319824219, 61.80902862548828, 66.41415405273438, 71.019287109375, 75.6244125366211, 80.22953796386719, 84.83467102050781, 89.43980407714844, 94.04492950439453, 98.65005493164062, 103.25518798828125, 107.86031341552734, 112.46543884277344, 117.07057189941406, 121.67569732666016]}, "gradients/graph_2linear.3.weight": {"_type": "histogram", "values": [1.0, 0.0, 0.0, 0.0, 0.0, 1.0, 0.0, 0.0, 0.0, 0.0, 1.0, 2.0, 0.0, 1.0, 2.0, 2.0, 2.0, 2.0, 3.0, 3.0, 4.0, 4.0, 5.0, 3.0, 9.0, 5.0, 11.0, 7.0, 12.0, 12.0, 18.0, 16.0, 21.0, 14.0, 16.0, 31.0, 34.0, 3711.0, 34.0, 18.0, 15.0, 16.0, 14.0, 9.0, 6.0, 8.0, 4.0, 2.0, 6.0, 0.0, 3.0, 0.0, 2.0, 2.0, 0.0, 0.0, 2.0, 0.0, 0.0, 0.0, 1.0, 0.0, 0.0, 1.0], "bins": [-1762.6124267578125, -1715.707275390625, -1668.8021240234375, -1621.89697265625, -1574.9918212890625, -1528.086669921875, -1481.181396484375, -1434.2762451171875, -1387.37109375, -1340.4659423828125, -1293.560791015625, -1246.6556396484375, -1199.75048828125, -1152.8453369140625, -1105.940185546875, -1059.034912109375, -1012.1298217773438, -965.2246704101562, -918.3195190429688, -871.414306640625, -824.5091552734375, -777.60400390625, -730.6988525390625, -683.793701171875, -636.8885498046875, -589.9833984375, -543.0782470703125, -496.1729736328125, -449.267822265625, -402.3626708984375, -355.45751953125, -308.5523681640625, -261.647216796875, -214.7420654296875, -167.8369140625, -120.9317626953125, -74.026611328125, -27.1214599609375, 19.7838134765625, 66.68896484375, 113.5941162109375, 160.499267578125, 207.4044189453125, 254.3095703125, 301.2147216796875, 348.119873046875, 395.02508544921875, 441.93023681640625, 488.83538818359375, 535.7405395507812, 582.6456909179688, 629.5509033203125, 676.4560546875, 723.3612060546875, 770.266357421875, 817.1715087890625, 864.07666015625, 910.9818115234375, 957.8870239257812, 1004.7921752929688, 1051.6973876953125, 1098.6025390625, 1145.5076904296875, 1192.412841796875, 1239.3179931640625]}, "gradients/graph_2linear.0.bias": {"_type": "histogram", "values": [1.0, 0.0, 0.0, 0.0, 0.0, 1.0, 0.0, 0.0, 1.0, 0.0, 0.0, 1.0, 0.0, 0.0, 0.0, 0.0, 1.0, 0.0, 0.0, 0.0, 0.0, 1.0, 0.0, 0.0, 0.0, 0.0, 0.0, 1.0, 0.0, 0.0, 1.0, 0.0, 0.0, 0.0, 0.0, 0.0, 0.0, 0.0, 0.0, 0.0, 0.0, 54.0, 0.0, 0.0, 0.0, 0.0, 0.0, 1.0, 0.0, 0.0, 0.0, 0.0, 0.0, 0.0, 0.0, 0.0, 0.0, 0.0, 0.0, 0.0, 0.0, 0.0, 0.0, 1.0], "bins": [-268.4001770019531, -261.9380187988281, -255.47584533691406, -249.01368713378906, -242.551513671875, -236.08935546875, -229.627197265625, -223.16502380371094, -216.70285034179688, -210.24069213867188, -203.77853393554688, -197.3163604736328, -190.8542022705078, -184.39202880859375, -177.92987060546875, -171.46771240234375, -165.0055389404297, -158.54336547851562, -152.08120727539062, -145.61904907226562, -139.15687561035156, -132.69471740722656, -126.2325439453125, -119.7703857421875, -113.3082275390625, -106.84605407714844, -100.38389587402344, -93.92172241210938, -87.45956420898438, -80.99739074707031, -74.53523254394531, -68.07305908203125, -61.61090087890625, -55.14874267578125, -48.68656921386719, -42.22441101074219, -35.762237548828125, -29.300079345703125, -22.837905883789062, -16.375747680664062, -9.91357421875, -3.451416015625, 3.0107421875, 9.472915649414062, 15.935073852539062, 22.397239685058594, 28.859405517578125, 35.321571350097656, 41.78373718261719, 48.24590301513672, 54.70806884765625, 61.17023468017578, 67.63240051269531, 74.09455871582031, 80.55672454833984, 87.01889038085938, 93.4810562133789, 99.94322204589844, 106.40538787841797, 112.8675537109375, 119.3297119140625, 125.79188537597656, 132.25404357910156, 138.71621704101562, 145.17837524414062]}, "gradients/graph_2linear.0.weight": {"_type": "histogram",