{"Linear loss": 9286.0283203125, "_timestamp": 1715773226.3916183, "_runtime": 51.40709614753723, "_step": 1809, "gradients/graph_27linear.5.bias": {"_type": "histogram", "values": [6.0, 0.0, 0.0, 4.0, 0.0, 0.0, 0.0, 0.0, 0.0, 0.0, 0.0, 0.0, 0.0, 0.0, 0.0, 0.0, 0.0, 0.0, 0.0, 0.0, 0.0, 0.0, 0.0, 0.0, 0.0, 0.0, 0.0, 0.0, 11.0, 0.0, 0.0, 2.0, 51.0, 0.0, 0.0, 12.0, 0.0, 0.0, 0.0, 0.0, 0.0, 0.0, 0.0, 0.0, 0.0, 0.0, 0.0, 0.0, 0.0, 0.0, 0.0, 0.0, 0.0, 0.0, 0.0, 0.0, 0.0, 0.0, 0.0, 0.0, 3.0, 0.0, 0.0, 7.0], "bins": [-200.0, -193.75, -187.5, -181.25, -175.0, -168.75, -162.5, -156.25, -150.0, -143.75, -137.5, -131.25, -125.0, -118.75, -112.5, -106.25, -100.0, -93.75, -87.5, -81.25, -75.0, -68.75, -62.5, -56.25, -50.0, -43.75, -37.5, -31.25, -25.0, -18.75, -12.5, -6.25, 0.0, 6.25, 12.5, 18.75, 25.0, 31.25, 37.5, 43.75, 50.0, 56.25, 62.5, 68.75, 75.0, 81.25, 87.5, 93.75, 100.0, 106.25, 112.5, 118.75, 125.0, 131.25, 137.5, 143.75, 150.0, 156.25, 162.5, 168.75, 175.0, 181.25, 187.5, 193.75, 200.0]}, "gradients/graph_27linear.5.weight": {"_type": "histogram", "values": [6.0, 6.0, 0.0, 4.0, 4.0, 0.0, 0.0, 0.0, 0.0, 12.0, 6.0, 24.0, 36.0, 34.0, 52.0, 42.0, 28.0, 32.0, 44.0, 28.0, 66.0, 50.0, 28.0, 36.0, 36.0, 84.0, 12.0, 22.0, 52.0, 103.0, 468.0, 525.0, 9083.0, 510.0, 107.0, 54.0, 24.0, 9.0, 83.0, 37.0, 37.0, 25.0, 46.0, 67.0, 31.0, 43.0, 34.0, 26.0, 39.0, 54.0, 33.0, 37.0, 28.0, 7.0, 14.0, 0.0, 0.0, 0.0, 0.0, 3.0, 3.0, 0.0, 7.0, 7.0], "bins": [-595.4199829101562, -576.8131103515625, -558.2062377929688, -539.599365234375, -520.9924926757812, -502.3856201171875, -483.77874755859375, -465.171875, -446.56500244140625, -427.9581298828125, -409.35125732421875, -390.744384765625, -372.1374816894531, -353.5306091308594, -334.9237365722656, -316.3168640136719, -297.7099914550781, -279.1031188964844, -260.4962463378906, -241.88937377929688, -223.28250122070312, -204.67562866210938, -186.06875610351562, -167.46188354492188, -148.85498046875, -130.24810791015625, -111.6412353515625, -93.03436279296875, -74.427490234375, -55.82061767578125, -37.2137451171875, -18.60687255859375, 0.0, 18.60687255859375, 37.2137451171875, 55.82061767578125, 74.427490234375, 93.03436279296875, 111.6412353515625, 130.24810791015625, 148.85498046875, 167.46188354492188, 186.06875610351562, 204.67562866210938, 223.28250122070312, 241.88937377929688, 260.4962463378906, 279.1031188964844, 297.7099914550781, 316.3168640136719, 334.9237365722656, 353.5306091308594, 372.1374816894531, 390.744384765625, 409.35125732421875, 427.9581298828125, 446.56500244140625, 465.171875, 483.77874755859375, 502.3856201171875, 520.9924926757812, 539.599365234375, 558.2062377929688, 576.8131103515625, 595.4199829101562]}, "gradients/graph_27linear.3.bias": {"_type": "histogram", "values": [1.0, 1.0, 0.0, 0.0, 0.0, 0.0, 0.0, 0.0, 1.0, 0.0, 0.0, 1.0, 0.0, 1.0, 0.0, 0.0, 1.0, 2.0, 1.0, 0.0, 1.0, 2.0, 1.0, 3.0, 1.0, 2.0, 0.0, 0.0, 1.0, 2.0, 1.0, 2.0, 0.0, 4.0, 4.0, 6.0, 1.0, 1.0, 4.0, 1.0, 4.0, 5.0, 1.0, 2.0, 5.0, 51.0, 2.0, 1.0, 1.0, 0.0, 0.0, 1.0, 0.0, 1.0, 2.0, 0.0, 0.0, 0.0, 2.0, 0.0, 1.0, 0.0, 1.0, 2.0], "bins": [-185.3498077392578, -181.23095703125, -177.11212158203125, -172.9932861328125, -168.8744354248047, -164.75558471679688, -160.63674926757812, -156.51791381835938, -152.39906311035156, -148.28021240234375, -144.161376953125, -140.04254150390625, -135.92369079589844, -131.80484008789062, -127.68600463867188, -123.5671615600586, -119.44831848144531, -115.32947540283203, -111.21063232421875, -107.09178924560547, -102.97294616699219, -98.8541030883789, -94.73526000976562, -90.61641693115234, -86.49757385253906, -82.37873077392578, -78.2598876953125, -74.14104461669922, -70.02220153808594, -65.90335845947266, -61.784515380859375, -57.665672302246094, -53.546836853027344, -49.42799377441406, -45.30915069580078, -41.1903076171875, -37.07146453857422, -32.95262145996094, -28.833778381347656, -24.714935302734375, -20.596092224121094, -16.477249145507812, -12.358406066894531, -8.23956298828125, -4.120719909667969, -0.0018768310546875, 4.116966247558594, 8.235809326171875, 12.354652404785156, 16.473495483398438, 20.59233856201172, 24.711181640625, 28.83002471923828, 32.94886779785156, 37.067710876464844, 41.186553955078125, 45.305397033691406, 49.42424011230469, 53.54308319091797, 57.66192626953125, 61.78076934814453, 65.89961242675781, 70.0184555053711, 74.13729858398438, 78.25614166259766]}, "gradients/graph_27linear.3.weight": {"_type": "histogram", "values": [1.0, 1.0, 0.0, 0.0, 0.0, 0.0, 0.0, 1.0, 1.0, 1.0, 0.0, 1.0, 0.0, 2.0, 2.0, 1.0, 2.0, 4.0, 4.0, 0.0, 1.0, 7.0, 7.0, 5.0, 6.0, 13.0, 7.0, 8.0, 16.0, 12.0, 16.0, 18.0, 21.0, 23.0, 33.0, 39.0, 38.0, 38.0, 53.0, 71.0, 78.0, 76.0, 103.0, 116.0, 181.0, 15199.0, 29.0, 21.0, 18.0, 21.0, 14.0, 18.0, 9.0, 15.0, 10.0, 3.0, 6.0, 4.0, 3.0, 1.0, 3.0, 0.0, 1.0, 2.0], "bins": [-1393.0782470703125, -1362.1212158203125, -1331.164306640625, -1300.207275390625, -1269.2503662109375, -1238.2933349609375, -1207.33642578125, -1176.37939453125, -1145.42236328125, -1114.4654541015625, -1083.5084228515625, -1052.551513671875, -1021.594482421875, -990.637451171875, -959.6805419921875, -928.7235107421875, -897.7665405273438, -866.8095703125, -835.8526000976562, -804.8955688476562, -773.9385986328125, -742.9816284179688, -712.024658203125, -681.0676879882812, -650.1107177734375, -619.1536865234375, -588.1967163085938, -557.23974609375, -526.2827758789062, -495.3258056640625, -464.3687744140625, -433.41180419921875, -402.454833984375, -371.49786376953125, -340.5408935546875, -309.5838623046875, -278.62689208984375, -247.669921875, -216.71295166015625, -185.7559814453125, -154.7989501953125, -123.84197998046875, -92.885009765625, -61.92803955078125, -30.9710693359375, -0.01409912109375, 30.94293212890625, 61.89990234375, 92.85687255859375, 123.8138427734375, 154.77084350585938, 185.72781372070312, 216.684814453125, 247.64178466796875, 278.5987548828125, 309.5557556152344, 340.5127258300781, 371.4697265625, 402.42669677734375, 433.3836669921875, 464.34063720703125, 495.2976379394531, 526.254638671875, 557.2116088867188, 588.1685791015625]}, "gradients/graph_27linear.0.bias": {"_type": "histogram", "values": [1.0, 0.0, 0.0, 0.0, 0.0, 0.0, 0.0, 0.0, 1.0, 0.0, 0.0, 0.0, 1.0, 0.0, 0.0, 0.0, 0.0, 0.0, 0.0, 0.0, 0.0, 0.0, 1.0, 0.0, 0.0, 1.0, 0.0, 0.0, 1.0, 0.0, 1.0, 1.0, 0.0, 0.0, 0.0, 0.0, 0.0, 0.0, 0.0, 0.0, 0.0, 0.0, 1.0, 2.0, 0.0, 0.0, 1.0, 112.0, 1.0, 0.0, 0.0, 0.0, 0.0, 1.0, 0.0, 0.0, 0.0, 0.0, 1.0, 0.0, 0.0, 0.0, 0.0, 1.0], "bins": [-623.068359375, -609.8232421875, -596.578125, -583.3330078125, -570.0879516601562, -556.8428344726562, -543.5977172851562, -530.3526000976562, -517.1074829101562, -503.86236572265625, -490.6172790527344, -477.3721618652344, -464.1270751953125, -450.8819580078125, -437.6368408203125, -424.3917236328125, -411.1466064453125, -397.9015197753906, -384.6564025878906, -371.41131591796875, -358.16619873046875, -344.92108154296875, -331.67596435546875, -318.43084716796875, -305.1857604980469, -291.9406433105469, -278.6955261230469, -265.450439453125, -252.205322265625, -238.960205078125, -225.715087890625, -212.47000122070312, -199.22486877441406, -185.97975158691406, -172.7346649169922, -159.4895477294922, -146.2444305419922, -132.9993133544922, -119.75422668457031, -106.50910949707031, -93.26399230957031, -80.01890563964844, -66.77378845214844, -53.52867126464844, -40.28355407714844, -27.0384521484375, -13.793350219726562, -0.5482330322265625, 12.696868896484375, 25.941970825195312, 39.18708801269531, 52.43218994140625, 65.67730712890625, 78.92240905761719, 92.16752624511719, 105.41262817382812, 118.6577377319336, 131.90284729003906, 145.14794921875, 158.39306640625, 171.63816833496094, 184.88328552246094, 198.12838745117188, 211.37350463867188, 224.6186065673828]}, "gradients/graph_27linear.0.weight": {"_type": "histogram",