{"gradients/graph_32linear.5.bias": {"_type": "histogram", "values": [3.0, 0.0, 1.0, 0.0, 0.0, 0.0, 5.0, 1.0, 8.0, 8.0, 3.0, 1.0, 1.0, 3.0, 1.0, 0.0, 1.0, 1.0, 0.0, 1.0, 0.0, 1.0, 2.0, 3.0, 4.0, 20.0, 0.0, 0.0, 0.0, 0.0, 0.0, 0.0, 0.0, 0.0, 0.0, 0.0, 0.0, 0.0, 0.0, 0.0, 0.0, 0.0, 0.0, 0.0, 0.0, 0.0, 0.0, 0.0, 0.0, 0.0, 0.0, 0.0, 1.0, 4.0, 5.0, 5.0, 0.0, 0.0, 5.0, 1.0, 2.0, 2.0, 0.0, 3.0], "bins": [-0.6640115976333618, -0.6435002684593201, -0.6229889392852783, -0.6024776101112366, -0.5819662809371948, -0.5614549517631531, -0.5409436225891113, -0.5204323530197144, -0.4999209940433502, -0.47940966486930847, -0.4588983356952667, -0.43838703632354736, -0.4178757071495056, -0.39736437797546387, -0.3768530488014221, -0.35634171962738037, -0.3358303904533386, -0.3153190612792969, -0.2948077321052551, -0.2742964029312134, -0.25378507375717163, -0.23327377438545227, -0.21276244521141052, -0.19225111603736877, -0.17173978686332703, -0.15122848749160767, -0.13071715831756592, -0.11020582914352417, -0.08969449996948242, -0.06918317079544067, -0.048671841621398926, -0.028160512447357178, -0.007649123668670654, 0.012862205505371094, 0.03337353467941284, 0.05388486385345459, 0.07439619302749634, 0.09490752220153809, 0.11541885137557983, 0.13593018054962158, 0.15644147992134094, 0.1769528090953827, 0.19746413826942444, 0.2179754674434662, 0.23848676681518555, 0.2589980959892273, 0.27950942516326904, 0.3000207543373108, 0.32053208351135254, 0.3410434126853943, 0.36155474185943604, 0.3820660710334778, 0.40257740020751953, 0.4230887293815613, 0.44360002875328064, 0.4641113579273224, 0.48462268710136414, 0.5051339864730835, 0.5256453156471252, 0.546156644821167, 0.5666679739952087, 0.5871793031692505, 0.6076906323432922, 0.628201961517334, 0.6487132906913757]}, "_timestamp": 1715855523.8099074, "gradients/graph_32linear.5.weight": {"_type": "histogram", "values": [3.0, 0.0, 1.0, 0.0, 0.0, 0.0, 5.0, 1.0, 8.0, 8.0, 3.0, 1.0, 1.0, 3.0, 1.0, 0.0, 1.0, 1.0, 0.0, 1.0, 0.0, 1.0, 2.0, 3.0, 4.0, 20.0, 0.0, 0.0, 0.0, 0.0, 0.0, 41.0, 12123.0, 28.0, 0.0, 0.0, 0.0, 0.0, 0.0, 0.0, 0.0, 0.0, 0.0, 0.0, 0.0, 0.0, 0.0, 0.0, 0.0, 0.0, 0.0, 0.0, 1.0, 4.0, 5.0, 5.0, 0.0, 0.0, 5.0, 1.0, 2.0, 2.0, 0.0, 3.0], "bins": [-78.02251434326172, -75.61239624023438, -73.20227813720703, -70.79216766357422, -68.38204956054688, -65.97193145751953, -63.56181335449219, -61.15169906616211, -58.74158477783203, -56.33146667480469, -53.921348571777344, -51.511234283447266, -49.10111618041992, -46.691001892089844, -44.2808837890625, -41.87076950073242, -39.46065139770508, -37.050533294677734, -34.640419006347656, -32.23030090332031, -29.820186614990234, -27.41006851196289, -24.999954223632812, -22.58983612060547, -20.179718017578125, -17.769603729248047, -15.359485626220703, -12.949371337890625, -10.539253234863281, -8.129135131835938, -5.719024658203125, -3.3089065551757812, -0.8987884521484375, 1.5113296508789062, 3.92144775390625, 6.3315582275390625, 8.741676330566406, 11.15179443359375, 13.561908721923828, 15.972026824951172, 18.38214111328125, 20.792259216308594, 23.202377319335938, 25.612491607666016, 28.02260971069336, 30.432723999023438, 32.84284210205078, 35.25295639038086, 37.6630744934082, 40.07319259643555, 42.483306884765625, 44.89342498779297, 47.30353927612305, 49.71365737915039, 52.12377166748047, 54.53388977050781, 56.944007873535156, 59.354122161865234, 61.76423645019531, 64.17435455322266, 66.58447265625, 68.99459075927734, 71.40470123291016, 73.8148193359375, 76.22493743896484]}, "gradients/graph_32linear.3.bias": {"_type": "histogram", "values": [1.0, 0.0, 0.0, 0.0, 0.0, 0.0, 0.0, 0.0, 0.0, 0.0, 0.0, 0.0, 0.0, 0.0, 0.0, 0.0, 0.0, 0.0, 0.0, 0.0, 0.0, 0.0, 0.0, 0.0, 0.0, 0.0, 0.0, 0.0, 0.0, 0.0, 0.0, 0.0, 0.0, 0.0, 0.0, 1.0, 0.0, 0.0, 0.0, 0.0, 0.0, 0.0, 0.0, 0.0, 0.0, 125.0, 0.0, 0.0, 0.0, 0.0, 0.0, 0.0, 0.0, 0.0, 0.0, 0.0, 0.0, 0.0, 0.0, 0.0, 0.0, 0.0, 0.0, 1.0], "bins": [-3.836879014968872, -3.753338575363159, -3.669797897338867, -3.5862574577331543, -3.5027167797088623, -3.4191763401031494, -3.3356356620788574, -3.2520952224731445, -3.1685547828674316, -3.0850141048431396, -3.0014734268188477, -2.9179329872131348, -2.834392547607422, -2.750852108001709, -2.667311429977417, -2.583770751953125, -2.500230312347412, -2.416689872741699, -2.3331491947174072, -2.2496085166931152, -2.1660680770874023, -2.0825276374816895, -1.998987078666687, -1.9154465198516846, -1.8319060802459717, -1.7483654022216797, -1.6648249626159668, -1.5812842845916748, -1.497743844985962, -1.41420316696167, -1.330662727355957, -1.247122049331665, -1.1635818481445312, -1.0800414085388184, -0.9965007305145264, -0.9129602909088135, -0.8294196128845215, -0.7458791732788086, -0.6623384952545166, -0.5787980556488037, -0.4952573776245117, -0.41171693801879883, -0.3281763792037964, -0.24463582038879395, -0.16109538078308105, -0.07755482196807861, 0.005985736846923828, 0.08952629566192627, 0.1730668544769287, 0.25660741329193115, 0.3401479721069336, 0.42368853092193604, 0.5072290897369385, 0.5907695889472961, 0.6743100881576538, 0.7578506469726562, 0.8413912057876587, 0.9249317646026611, 1.0084723234176636, 1.092012882232666, 1.175553321838379, 1.259093999862671, 1.3426344394683838, 1.4261749982833862, 1.5097155570983887]}, "gradients/graph_32linear.3.weight": {"_type": "histogram", "values": [1.0, 0.0, 0.0, 0.0, 0.0, 0.0, 0.0, 0.0, 0.0, 0.0, 0.0, 0.0, 1.0, 0.0, 0.0, 1.0, 0.0, 0.0, 0.0, 2.0, 0.0, 1.0, 0.0, 0.0, 1.0, 1.0, 3.0, 2.0, 2.0, 1.0, 0.0, 1.0, 0.0, 0.0, 1.0, 1.0, 1.0, 0.0, 2.0, 1.0, 3.0, 7.0, 5.0, 3.0, 1.0, 16319.0, 2.0, 1.0, 1.0, 1.0, 1.0, 1.0, 3.0, 6.0, 1.0, 1.0, 2.0, 0.0, 2.0, 0.0, 0.0, 0.0, 0.0, 1.0], "bins": [-196.26705932617188, -191.9937286376953, -187.72039794921875, -183.4470672607422, -179.17373657226562, -174.90040588378906, -170.6270751953125, -166.35372924804688, -162.08041381835938, -157.80706787109375, -153.53375244140625, -149.26040649414062, -144.98707580566406, -140.7137451171875, -136.44041442871094, -132.16708374023438, -127.89375305175781, -123.62042236328125, -119.34709167480469, -115.07376098632812, -110.80043029785156, -106.52709197998047, -102.2537612915039, -97.98043060302734, -93.70709991455078, -89.43376922607422, -85.16043853759766, -80.8871078491211, -76.61376953125, -72.34043884277344, -68.06710815429688, -63.79377746582031, -59.52045440673828, -55.24712371826172, -50.973793029785156, -46.700462341308594, -42.42713165283203, -38.15379333496094, -33.880462646484375, -29.607131958007812, -25.33380126953125, -21.060470581054688, -16.787139892578125, -12.513809204101562, -8.240470886230469, -3.9671401977539062, 0.30619049072265625, 4.579521179199219, 8.852851867675781, 13.126182556152344, 17.399513244628906, 21.672847747802734, 25.946178436279297, 30.21950912475586, 34.49284362792969, 38.76617431640625, 43.03950500488281, 47.312835693359375, 51.58616638183594, 55.859500885009766, 60.13283157348633, 64.40616607666016, 68.67949676513672, 72.95282745361328, 77.22615814208984]}, "gradients/graph_32linear.0.bias": {"_type": "histogram", "values": [2.0, 0.0, 1.0, 1.0, 0.0, 0.0, 0.0, 0.0, 0.0, 0.0, 0.0, 0.0, 0.0, 0.0, 0.0, 0.0, 1.0, 0.0, 0.0, 0.0, 1.0, 1.0, 0.0, 1.0, 0.0, 1.0, 0.0, 0.0, 0.0, 0.0, 0.0, 1.0, 1.0, 1.0, 0.0, 0.0, 1.0, 0.0, 0.0, 1.0, 2.0, 0.0, 3.0, 1.0, 0.0, 2.0, 0.0, 0.0, 0.0, 0.0, 0.0, 0.0, 0.0, 0.0, 0.0, 0.0, 0.0, 0.0, 0.0, 0.0, 105.0, 0.0, 0.0, 1.0],