{"Linear loss": 8421.4228515625, "_timestamp": 1715762447.86812, "_runtime": 50.29276990890503, "_step": 1019, "Regret": 0.22695416202444935, "gradients/graph_6linear.5.bias": {"_type": "histogram", "values": [6.0, 1.0, 0.0, 3.0, 0.0, 0.0, 0.0, 0.0, 0.0, 0.0, 0.0, 0.0, 0.0, 0.0, 0.0, 0.0, 0.0, 0.0, 0.0, 0.0, 0.0, 0.0, 0.0, 0.0, 0.0, 0.0, 0.0, 0.0, 11.0, 5.0, 0.0, 5.0, 55.0, 3.0, 4.0, 19.0, 0.0, 0.0, 0.0, 0.0, 0.0, 0.0, 0.0, 0.0, 0.0, 0.0, 0.0, 0.0, 0.0, 0.0, 0.0, 0.0, 0.0, 0.0, 0.0, 0.0, 0.0, 0.0, 0.0, 0.0, 1.0, 6.0, 0.0, 1.0], "bins": [-200.0, -193.75, -187.5, -181.25, -175.0, -168.75, -162.5, -156.25, -150.0, -143.75, -137.5, -131.25, -125.0, -118.75, -112.5, -106.25, -100.0, -93.75, -87.5, -81.25, -75.0, -68.75, -62.5, -56.25, -50.0, -43.75, -37.5, -31.25, -25.0, -18.75, -12.5, -6.25, 0.0, 6.25, 12.5, 18.75, 25.0, 31.25, 37.5, 43.75, 50.0, 56.25, 62.5, 68.75, 75.0, 81.25, 87.5, 93.75, 100.0, 106.25, 112.5, 118.75, 125.0, 131.25, 137.5, 143.75, 150.0, 156.25, 162.5, 168.75, 175.0, 181.25, 187.5, 193.75, 200.0]}, "gradients/graph_6linear.5.weight": {"_type": "histogram", "values": [6.0, 9.0, 5.0, 4.0, 6.0, 0.0, 0.0, 0.0, 0.0, 6.0, 4.0, 14.0, 0.0, 10.0, 15.0, 5.0, 6.0, 7.0, 3.0, 17.0, 20.0, 24.0, 29.0, 10.0, 7.0, 3.0, 10.0, 0.0, 43.0, 44.0, 178.0, 290.0, 2486.0, 268.0, 70.0, 65.0, 0.0, 8.0, 7.0, 1.0, 21.0, 12.0, 23.0, 21.0, 3.0, 7.0, 1.0, 3.0, 18.0, 2.0, 3.0, 13.0, 5.0, 3.0, 1.0, 0.0, 0.0, 0.0, 2.0, 6.0, 7.0, 6.0, 2.0, 1.0], "bins": [-1258.7421875, -1219.406494140625, -1180.07080078125, -1140.735107421875, -1101.3994140625, -1062.063720703125, -1022.72802734375, -983.392333984375, -944.056640625, -904.720947265625, -865.38525390625, -826.049560546875, -786.7138671875, -747.378173828125, -708.04248046875, -668.706787109375, -629.37109375, -590.035400390625, -550.69970703125, -511.364013671875, -472.0283203125, -432.692626953125, -393.35693359375, -354.021240234375, -314.685546875, -275.349853515625, -236.01416015625, -196.678466796875, -157.3427734375, -118.007080078125, -78.67138671875, -39.335693359375, 0.0, 39.335693359375, 78.67138671875, 118.007080078125, 157.3427734375, 196.678466796875, 236.01416015625, 275.349853515625, 314.685546875, 354.021240234375, 393.35693359375, 432.692626953125, 472.0283203125, 511.364013671875, 550.69970703125, 590.035400390625, 629.37109375, 668.706787109375, 708.04248046875, 747.378173828125, 786.7138671875, 826.049560546875, 865.38525390625, 904.720947265625, 944.056640625, 983.392333984375, 1022.72802734375, 1062.063720703125, 1101.3994140625, 1140.735107421875, 1180.07080078125, 1219.406494140625, 1258.7421875]}, "gradients/graph_6linear.3.bias": {"_type": "histogram", "values": [2.0, 0.0, 0.0, 0.0, 0.0, 0.0, 0.0, 0.0, 0.0, 0.0, 1.0, 0.0, 1.0, 1.0, 1.0, 1.0, 1.0, 0.0, 0.0, 0.0, 0.0, 0.0, 1.0, 0.0, 0.0, 0.0, 1.0, 0.0, 0.0, 0.0, 0.0, 0.0, 8.0, 0.0, 1.0, 0.0, 0.0, 1.0, 2.0, 1.0, 0.0, 0.0, 1.0, 1.0, 0.0, 1.0, 1.0, 0.0, 0.0, 0.0, 0.0, 0.0, 1.0, 0.0, 1.0, 0.0, 0.0, 1.0, 0.0, 0.0, 0.0, 1.0, 0.0, 1.0], "bins": [-201.95523071289062, -195.77854919433594, -189.60186767578125, -183.42520141601562, -177.24851989746094, -171.07183837890625, -164.89515686035156, -158.71847534179688, -152.54180908203125, -146.36512756347656, -140.18844604492188, -134.0117645263672, -127.8350830078125, -121.65840911865234, -115.48172760009766, -109.3050537109375, -103.12837219238281, -96.95169067382812, -90.77501678466797, -84.59833526611328, -78.42166137695312, -72.24497985839844, -66.06829833984375, -59.89161682128906, -53.714935302734375, -47.53826904296875, -41.36158752441406, -35.184906005859375, -29.008224487304688, -22.83154296875, -16.654876708984375, -10.478195190429688, -4.3015289306640625, 1.875152587890625, 8.051834106445312, 14.228500366210938, 20.405181884765625, 26.581863403320312, 32.758544921875, 38.93522644042969, 45.11189270019531, 51.28857421875, 57.46525573730469, 63.641937255859375, 69.81861877441406, 75.99529266357422, 82.1719741821289, 88.34864807128906, 94.52532958984375, 100.70201110839844, 106.8786849975586, 113.05536651611328, 119.23204040527344, 125.40872192382812, 131.5854034423828, 137.7620849609375, 143.93875122070312, 150.1154327392578, 156.2921142578125, 162.4687957763672, 168.64547729492188, 174.8221435546875, 180.9988250732422, 187.17550659179688, 193.35218811035156]}, "gradients/graph_6linear.3.weight": {"_type": "histogram", "values": [2.0, 0.0, 0.0, 0.0, 0.0, 0.0, 0.0, 3.0, 1.0, 0.0, 3.0, 0.0, 4.0, 7.0, 2.0, 3.0, 2.0, 4.0, 4.0, 9.0, 12.0, 11.0, 7.0, 6.0, 6.0, 6.0, 11.0, 3.0, 10.0, 8.0, 12.0, 11.0, 674.0, 26.0, 19.0, 16.0, 29.0, 12.0, 11.0, 11.0, 10.0, 9.0, 6.0, 4.0, 5.0, 6.0, 6.0, 3.0, 4.0, 4.0, 5.0, 3.0, 5.0, 0.0, 3.0, 1.0, 1.0, 2.0, 0.0, 0.0, 0.0, 1.0, 0.0, 1.0], "bins": [-1095.291259765625, -1061.79248046875, -1028.2935791015625, -994.7947998046875, -961.2960205078125, -927.7971801757812, -894.29833984375, -860.799560546875, -827.3007202148438, -793.8018798828125, -760.3031005859375, -726.8042602539062, -693.305419921875, -659.806640625, -626.3078002929688, -592.8089599609375, -559.3101806640625, -525.8113403320312, -492.31256103515625, -458.813720703125, -425.31494140625, -391.81610107421875, -358.3172607421875, -324.8184814453125, -291.31964111328125, -257.82080078125, -224.322021484375, -190.82318115234375, -157.3243408203125, -123.8255615234375, -90.32672119140625, -56.827880859375, -23.3289794921875, 10.1697998046875, 43.66864013671875, 77.16748046875, 110.666259765625, 144.16510009765625, 177.6639404296875, 211.1627197265625, 244.66156005859375, 278.160400390625, 311.6591796875, 345.15802001953125, 378.6568603515625, 412.1556396484375, 445.65447998046875, 479.15325927734375, 512.652099609375, 546.15087890625, 579.6497192382812, 613.1485595703125, 646.6473388671875, 680.1461791992188, 713.64501953125, 747.143798828125, 780.6426391601562, 814.1414794921875, 847.6402587890625, 881.1390991210938, 914.637939453125, 948.13671875, 981.6355590820312, 1015.1343383789062, 1048.6331787109375]}, "gradients/graph_6linear.0.bias": {"_type": "histogram", "values": [1.0, 0.0, 0.0, 0.0, 1.0, 0.0, 0.0, 0.0, 0.0, 0.0, 0.0, 1.0, 1.0, 0.0, 0.0, 0.0, 0.0, 0.0, 0.0, 0.0, 0.0, 0.0, 1.0, 0.0, 0.0, 0.0, 17.0, 1.0, 1.0, 0.0, 0.0, 1.0, 1.0, 0.0, 0.0, 0.0, 0.0, 0.0, 0.0, 0.0, 1.0, 1.0, 0.0, 0.0, 0.0, 0.0, 0.0, 0.0, 2.0, 0.0, 0.0, 0.0, 0.0, 0.0, 0.0, 0.0, 0.0, 0.0, 1.0, 0.0, 0.0, 0.0, 0.0, 1.0], "bins": [-95.19456481933594, -91.65151977539062, -88.10847473144531, -84.5654296875, -81.02238464355469, -77.47933959960938, -73.93629455566406, -70.39324951171875, -66.85020446777344, -63.307159423828125, -59.76411437988281, -56.2210693359375, -52.67802429199219, -49.134979248046875, -45.59193420410156, -42.04888916015625, -38.50584411621094, -34.962799072265625, -31.419754028320312, -27.876708984375, -24.333663940429688, -20.790618896484375, -17.247573852539062, -13.70452880859375, -10.161483764648438, -6.618438720703125, -3.0753936767578125, 0.4676513671875, 4.0106964111328125, 7.553741455078125, 11.096786499023438, 14.63983154296875, 18.182876586914062, 21.725921630859375, 25.268966674804688, 28.81201171875, 32.35505676269531, 35.898101806640625, 39.44114685058594, 42.98419189453125, 46.52723693847656, 50.070281982421875, 53.61332702636719, 57.1563720703125, 60.69941711425781, 64.24246215820312, 67.78550720214844, 71.32855224609375, 74.87159729003906, 78.41464233398438, 81.95768737792969, 85.500732421875, 89.04377746582031, 92.58682250976562, 96.12986755371094, 99.67291259765625, 103.21595764160156, 106.75900268554688, 110.30204772949219, 113.8450927734375, 117.38813781738281, 120.93118286132812, 124.47422790527344, 128.01727294921875, 131.56031799316406]}, "gradients/graph_6linear.0.weight": {"_type": "histogram",