{"Linear loss": 9599.5771484375, "_timestamp": 1715770182.515261, "_runtime": 250.5755100250244, "_step": 3619, "gradients/graph_16linear.5.bias": {"_type": "histogram", "values": [6.0, 0.0, 0.0, 4.0, 0.0, 0.0, 0.0, 0.0, 0.0, 0.0, 0.0, 0.0, 0.0, 0.0, 0.0, 0.0, 0.0, 0.0, 0.0, 0.0, 0.0, 0.0, 0.0, 0.0, 0.0, 0.0, 0.0, 0.0, 12.0, 0.0, 0.0, 2.0, 53.0, 0.0, 0.0, 11.0, 0.0, 0.0, 0.0, 0.0, 0.0, 0.0, 0.0, 0.0, 0.0, 0.0, 0.0, 0.0, 0.0, 0.0, 0.0, 0.0, 0.0, 0.0, 0.0, 0.0, 0.0, 0.0, 0.0, 0.0, 3.0, 0.0, 0.0, 5.0], "bins": [-200.0, -193.75, -187.5, -181.25, -175.0, -168.75, -162.5, -156.25, -150.0, -143.75, -137.5, -131.25, -125.0, -118.75, -112.5, -106.25, -100.0, -93.75, -87.5, -81.25, -75.0, -68.75, -62.5, -56.25, -50.0, -43.75, -37.5, -31.25, -25.0, -18.75, -12.5, -6.25, 0.0, 6.25, 12.5, 18.75, 25.0, 31.25, 37.5, 43.75, 50.0, 56.25, 62.5, 68.75, 75.0, 81.25, 87.5, 93.75, 100.0, 106.25, 112.5, 118.75, 125.0, 131.25, 137.5, 143.75, 150.0, 156.25, 162.5, 168.75, 175.0, 181.25, 187.5, 193.75, 200.0]}, "gradients/graph_16linear.5.weight": {"_type": "histogram", "values": [6.0, 0.0, 0.0, 4.0, 0.0, 0.0, 0.0, 0.0, 0.0, 0.0, 0.0, 0.0, 0.0, 0.0, 0.0, 0.0, 0.0, 0.0, 0.0, 0.0, 0.0, 0.0, 0.0, 0.0, 0.0, 0.0, 0.0, 0.0, 12.0, 0.0, 6.0, 20.0, 12216.0, 5.0, 0.0, 11.0, 0.0, 0.0, 0.0, 0.0, 0.0, 0.0, 0.0, 0.0, 0.0, 0.0, 0.0, 0.0, 0.0, 0.0, 0.0, 0.0, 0.0, 0.0, 0.0, 0.0, 0.0, 0.0, 0.0, 0.0, 3.0, 0.0, 0.0, 5.0], "bins": [-2198.72998046875, -2130.019775390625, -2061.309326171875, -1992.5989990234375, -1923.888671875, -1855.178466796875, -1786.4681396484375, -1717.7578125, -1649.0474853515625, -1580.337158203125, -1511.6268310546875, -1442.91650390625, -1374.206298828125, -1305.495849609375, -1236.78564453125, -1168.0753173828125, -1099.364990234375, -1030.6546630859375, -961.9443359375, -893.2340087890625, -824.523681640625, -755.8134765625, -687.1031494140625, -618.392822265625, -549.6824951171875, -480.97216796875, -412.2618408203125, -343.551513671875, -274.84130859375, -206.1309814453125, -137.420654296875, -68.710205078125, 0.0, 68.710205078125, 137.420654296875, 206.1309814453125, 274.84130859375, 343.551513671875, 412.2618408203125, 480.97216796875, 549.6824951171875, 618.392822265625, 687.1031494140625, 755.8134765625, 824.523681640625, 893.2340087890625, 961.9443359375, 1030.6546630859375, 1099.364990234375, 1168.0753173828125, 1236.78564453125, 1305.495849609375, 1374.206298828125, 1442.91650390625, 1511.6268310546875, 1580.337158203125, 1649.0474853515625, 1717.7578125, 1786.4681396484375, 1855.178466796875, 1923.888671875, 1992.5989990234375, 2061.309326171875, 2130.019775390625, 2198.72998046875]}, "gradients/graph_16linear.3.bias": {"_type": "histogram", "values": [1.0, 0.0, 0.0, 0.0, 0.0, 0.0, 0.0, 0.0, 0.0, 0.0, 0.0, 0.0, 0.0, 0.0, 0.0, 0.0, 0.0, 0.0, 0.0, 0.0, 0.0, 0.0, 0.0, 0.0, 0.0, 0.0, 0.0, 0.0, 0.0, 126.0, 0.0, 0.0, 0.0, 0.0, 0.0, 0.0, 0.0, 0.0, 0.0, 0.0, 0.0, 0.0, 0.0, 0.0, 0.0, 0.0, 0.0, 0.0, 0.0, 0.0, 0.0, 0.0, 0.0, 0.0, 0.0, 0.0, 0.0, 0.0, 0.0, 0.0, 0.0, 0.0, 0.0, 1.0], "bins": [-101.32880401611328, -97.92852783203125, -94.52825164794922, -91.12797546386719, -87.72769165039062, -84.32742309570312, -80.92713928222656, -77.52686309814453, -74.1265869140625, -70.72631072998047, -67.32603454589844, -63.92575454711914, -60.52547836303711, -57.12520217895508, -53.72492218017578, -50.32464599609375, -46.92436981201172, -43.52409362792969, -40.123817443847656, -36.723541259765625, -33.323265075683594, -29.92298126220703, -26.522705078125, -23.12242889404297, -19.722152709960938, -16.321876525878906, -12.921600341796875, -9.521324157714844, -6.121040344238281, -2.72076416015625, 0.6795120239257812, 4.0797882080078125, 7.480072021484375, 10.880348205566406, 14.280624389648438, 17.68090057373047, 21.0811767578125, 24.481460571289062, 27.881736755371094, 31.282012939453125, 34.682289123535156, 38.08256530761719, 41.48284149169922, 44.88311767578125, 48.28340148925781, 51.683677673339844, 55.083953857421875, 58.484230041503906, 61.88450622558594, 65.28478240966797, 68.68505859375, 72.08534240722656, 75.48561096191406, 78.88589477539062, 82.28617095947266, 85.68644714355469, 89.08672332763672, 92.48699951171875, 95.88727569580078, 99.28755187988281, 102.68783569335938, 106.0881118774414, 109.48838806152344, 112.88866424560547, 116.2889404296875]}, "gradients/graph_16linear.3.weight": {"_type": "histogram", "values": [1.0, 0.0, 0.0, 0.0, 0.0, 1.0, 0.0, 0.0, 0.0, 0.0, 0.0, 2.0, 0.0, 0.0, 0.0, 0.0, 0.0, 1.0, 1.0, 0.0, 1.0, 1.0, 2.0, 0.0, 0.0, 2.0, 0.0, 0.0, 4.0, 16352.0, 3.0, 1.0, 0.0, 0.0, 2.0, 0.0, 0.0, 1.0, 1.0, 2.0, 0.0, 0.0, 1.0, 0.0, 1.0, 0.0, 0.0, 0.0, 0.0, 0.0, 1.0, 1.0, 0.0, 0.0, 0.0, 0.0, 0.0, 0.0, 1.0, 0.0, 0.0, 0.0, 0.0, 1.0], "bins": [-3142.013916015625, -3036.577880859375, -2931.1416015625, -2825.70556640625, -2720.269287109375, -2614.833251953125, -2509.39697265625, -2403.9609375, -2298.52490234375, -2193.088623046875, -2087.65234375, -1982.21630859375, -1876.7802734375, -1771.3441162109375, -1665.907958984375, -1560.4718017578125, -1455.03564453125, -1349.5994873046875, -1244.163330078125, -1138.7271728515625, -1033.291015625, -927.85498046875, -822.418701171875, -716.982666015625, -611.546630859375, -506.1103515625, -400.67431640625, -295.238037109375, -189.802001953125, -84.36572265625, 21.0703125, 126.506591796875, 231.94287109375, 337.37890625, 442.815185546875, 548.251220703125, 653.6875, 759.12353515625, 864.559814453125, 969.995849609375, 1075.43212890625, 1180.8681640625, 1286.30419921875, 1391.740478515625, 1497.176513671875, 1602.6126708984375, 1708.048828125, 1813.4849853515625, 1918.921142578125, 2024.3572998046875, 2129.79345703125, 2235.2294921875, 2340.665771484375, 2446.101806640625, 2551.5380859375, 2656.97412109375, 2762.41015625, 2867.846435546875, 2973.28271484375, 3078.71875, 3184.15478515625, 3289.591064453125, 3395.027099609375, 3500.46337890625, 3605.8994140625]}, "gradients/graph_16linear.0.bias": {"_type": "histogram", "values": [1.0, 0.0, 0.0, 0.0, 0.0, 0.0, 0.0, 0.0, 0.0, 0.0, 0.0, 1.0, 0.0, 0.0, 0.0, 0.0, 0.0, 0.0, 0.0, 1.0, 0.0, 0.0, 0.0, 0.0, 1.0, 1.0, 0.0, 0.0, 0.0, 1.0, 0.0, 0.0, 0.0, 1.0, 1.0, 1.0, 1.0, 0.0, 112.0, 0.0, 0.0, 0.0, 0.0, 0.0, 1.0, 0.0, 0.0, 1.0, 0.0, 0.0, 0.0, 0.0, 0.0, 0.0, 0.0, 0.0, 0.0, 0.0, 1.0, 0.0, 1.0, 0.0, 0.0, 2.0], "bins": [-98.69438171386719, -96.09988403320312, -93.50538635253906, -90.910888671875, -88.31639099121094, -85.72189331054688, -83.12739562988281, -80.53289794921875, -77.93840026855469, -75.34390258789062, -72.74940490722656, -70.1549072265625, -67.56040954589844, -64.96591186523438, -62.37141418457031, -59.77691650390625, -57.18241882324219, -54.587921142578125, -51.99342346191406, -49.39892578125, -46.80442810058594, -44.209930419921875, -41.61543273925781, -39.02093505859375, -36.42643737792969, -33.831939697265625, -31.237442016601562, -28.6429443359375, -26.048446655273438, -23.453948974609375, -20.859451293945312, -18.26495361328125, -15.670448303222656, -13.075950622558594, -10.481452941894531, -7.886955261230469, -5.292457580566406, -2.6979598999023438, -0.10346221923828125, 2.4910354614257812, 5.085533142089844, 7.680030822753906, 10.274528503417969, 12.869026184082031, 15.463523864746094, 18.058021545410156, 20.65251922607422, 23.24701690673828, 25.841514587402344, 28.436012268066406, 31.03050994873047, 33.62500762939453, 36.219505310058594, 38.814002990722656, 41.40850067138672, 44.00299835205078, 46.597496032714844, 49.191993713378906, 51.78649139404297, 54.38098907470703, 56.975486755371094, 59.569984436035156, 62.16448211669922, 64.75897979736328, 67.35347747802734]}, "gradients/graph_16linear.0.weight": {"_type": "histogram",