{"Linear loss": 10529.8212890625, "_timestamp": 1715766415.3917434, "_runtime": 63.90419054031372, "_step": 1809, "gradients/linear.5.bias": {"_type": "histogram", "values": [7.0, 0.0, 0.0, 3.0, 0.0, 0.0, 0.0, 0.0, 0.0, 0.0, 0.0, 0.0, 0.0, 0.0, 0.0, 0.0, 0.0, 0.0, 0.0, 0.0, 0.0, 0.0, 0.0, 0.0, 0.0, 0.0, 0.0, 0.0, 11.0, 0.0, 0.0, 2.0, 43.0, 0.0, 0.0, 16.0, 0.0, 0.0, 0.0, 0.0, 0.0, 0.0, 0.0, 0.0, 0.0, 0.0, 0.0, 0.0, 0.0, 0.0, 0.0, 0.0, 0.0, 0.0, 0.0, 0.0, 0.0, 2.0, 0.0, 0.0, 2.0, 0.0, 0.0, 10.0], "bins": [-200.0, -193.75, -187.5, -181.25, -175.0, -168.75, -162.5, -156.25, -150.0, -143.75, -137.5, -131.25, -125.0, -118.75, -112.5, -106.25, -100.0, -93.75, -87.5, -81.25, -75.0, -68.75, -62.5, -56.25, -50.0, -43.75, -37.5, -31.25, -25.0, -18.75, -12.5, -6.25, 0.0, 6.25, 12.5, 18.75, 25.0, 31.25, 37.5, 43.75, 50.0, 56.25, 62.5, 68.75, 75.0, 81.25, 87.5, 93.75, 100.0, 106.25, 112.5, 118.75, 125.0, 131.25, 137.5, 143.75, 150.0, 156.25, 162.5, 168.75, 175.0, 181.25, 187.5, 193.75, 200.0]}, "gradients/linear.5.weight": {"_type": "histogram", "values": [7.0, 0.0, 0.0, 3.0, 0.0, 0.0, 0.0, 0.0, 0.0, 0.0, 0.0, 0.0, 0.0, 0.0, 0.0, 0.0, 0.0, 0.0, 0.0, 0.0, 0.0, 0.0, 0.0, 0.0, 0.0, 0.0, 0.0, 0.0, 11.0, 0.0, 0.0, 25.0, 3764.0, 0.0, 0.0, 16.0, 0.0, 0.0, 0.0, 0.0, 0.0, 0.0, 0.0, 0.0, 0.0, 0.0, 0.0, 0.0, 0.0, 0.0, 0.0, 0.0, 0.0, 0.0, 0.0, 0.0, 0.0, 2.0, 0.0, 0.0, 2.0, 0.0, 0.0, 10.0], "bins": [-1967.8704833984375, -1906.37451171875, -1844.8785400390625, -1783.382568359375, -1721.88671875, -1660.3907470703125, -1598.894775390625, -1537.3988037109375, -1475.90283203125, -1414.406982421875, -1352.910888671875, -1291.4150390625, -1229.9190673828125, -1168.423095703125, -1106.9271240234375, -1045.43115234375, -983.9352416992188, -922.4393310546875, -860.943359375, -799.4473876953125, -737.951416015625, -676.4554443359375, -614.95947265625, -553.463623046875, -491.9676513671875, -430.4716796875, -368.9757080078125, -307.479736328125, -245.9837646484375, -184.4879150390625, -122.991943359375, -61.4959716796875, 0.0, 61.4959716796875, 122.991943359375, 184.4879150390625, 245.9837646484375, 307.479736328125, 368.9757080078125, 430.4716796875, 491.9676513671875, 553.463623046875, 614.95947265625, 676.4554443359375, 737.951416015625, 799.4473876953125, 860.943359375, 922.4393310546875, 983.9352416992188, 1045.43115234375, 1106.9271240234375, 1168.423095703125, 1229.9190673828125, 1291.4150390625, 1352.910888671875, 1414.406982421875, 1475.90283203125, 1537.3988037109375, 1598.894775390625, 1660.3907470703125, 1721.88671875, 1783.382568359375, 1844.8785400390625, 1906.37451171875, 1967.8704833984375]}, "gradients/linear.3.bias": {"_type": "histogram", "values": [1.0, 0.0, 0.0, 0.0, 0.0, 0.0, 0.0, 0.0, 0.0, 0.0, 1.0, 0.0, 0.0, 0.0, 0.0, 0.0, 0.0, 0.0, 0.0, 0.0, 0.0, 0.0, 0.0, 0.0, 0.0, 0.0, 0.0, 0.0, 0.0, 0.0, 0.0, 0.0, 0.0, 0.0, 0.0, 0.0, 0.0, 0.0, 0.0, 0.0, 0.0, 0.0, 0.0, 0.0, 0.0, 0.0, 0.0, 0.0, 0.0, 0.0, 0.0, 0.0, 0.0, 0.0, 0.0, 0.0, 0.0, 0.0, 0.0, 0.0, 0.0, 0.0, 0.0, 38.0], "bins": [-349.7945556640625, -344.3290100097656, -338.86346435546875, -333.39794921875, -327.9324035644531, -322.46685791015625, -317.0013122558594, -311.5357666015625, -306.07025146484375, -300.6047058105469, -295.13916015625, -289.6736145019531, -284.20806884765625, -278.7425537109375, -273.2769775390625, -267.81146240234375, -262.3459167480469, -256.88037109375, -251.4148406982422, -245.9492950439453, -240.4837646484375, -235.01821899414062, -229.55267333984375, -224.08712768554688, -218.62159729003906, -213.1560516357422, -207.69052124023438, -202.2249755859375, -196.75942993164062, -191.2938995361328, -185.82835388183594, -180.36282348632812, -174.89727783203125, -169.43173217773438, -163.96620178222656, -158.5006561279297, -153.03512573242188, -147.569580078125, -142.10403442382812, -136.6385040283203, -131.17295837402344, -125.7074203491211, -120.24188232421875, -114.77633666992188, -109.31079864501953, -103.84526062011719, -98.37971496582031, -92.91417694091797, -87.44863891601562, -81.98310089111328, -76.51756286621094, -71.05201721191406, -65.58647918701172, -60.120941162109375, -54.655399322509766, -49.189857482910156, -43.72431945800781, -38.25878143310547, -32.79323959350586, -27.327699661254883, -21.862159729003906, -16.39661979675293, -10.931079864501953, -5.465539932250977, 0.0]}, "gradients/linear.3.weight": {"_type": "histogram", "values": [1.0, 0.0, 0.0, 0.0, 0.0, 0.0, 0.0, 0.0, 0.0, 0.0, 1.0, 0.0, 0.0, 0.0, 0.0, 0.0, 0.0, 0.0, 0.0, 0.0, 0.0, 0.0, 0.0, 0.0, 0.0, 0.0, 1.0, 0.0, 0.0, 0.0, 0.0, 0.0, 1.0, 0.0, 0.0, 0.0, 0.0, 0.0, 2.0, 0.0, 0.0, 0.0, 1.0, 1.0, 0.0, 0.0, 0.0, 0.0, 0.0, 0.0, 1.0, 0.0, 1.0, 0.0, 0.0, 0.0, 0.0, 1.0, 1.0, 0.0, 0.0, 2.0, 1.0, 1585.0], "bins": [-10198.17578125, -10038.8291015625, -9879.482421875, -9720.13671875, -9560.7900390625, -9401.443359375, -9242.0966796875, -9082.75, -8923.404296875, -8764.0576171875, -8604.7109375, -8445.3642578125, -8286.017578125, -8126.67138671875, -7967.32470703125, -7807.978515625, -7648.6318359375, -7489.28515625, -7329.93896484375, -7170.59228515625, -7011.24609375, -6851.8994140625, -6692.552734375, -6533.2060546875, -6373.85986328125, -6214.513671875, -6055.1669921875, -5895.8203125, -5736.4736328125, -5577.12744140625, -5417.78076171875, -5258.4345703125, -5099.087890625, -4939.7412109375, -4780.39501953125, -4621.04833984375, -4461.7021484375, -4302.35546875, -4143.0087890625, -3983.662353515625, -3824.31591796875, -3664.969482421875, -3505.623046875, -3346.2763671875, -3186.929931640625, -3027.58349609375, -2868.23681640625, -2708.890380859375, -2549.5439453125, -2390.197509765625, -2230.85107421875, -2071.50439453125, -1912.157958984375, -1752.8115234375, -1593.4649658203125, -1434.118408203125, -1274.77197265625, -1115.425537109375, -956.0789794921875, -796.7324829101562, -637.385986328125, -478.03948974609375, -318.6929931640625, -159.34649658203125, 0.0]}, "gradients/linear.0.bias": {"_type": "histogram", "values": [1.0, 0.0, 0.0, 0.0, 0.0, 0.0, 0.0, 0.0, 0.0, 0.0, 0.0, 0.0, 0.0, 0.0, 0.0, 0.0, 0.0, 0.0, 0.0, 0.0, 0.0, 0.0, 0.0, 0.0, 0.0, 0.0, 1.0, 0.0, 0.0, 0.0, 0.0, 0.0, 0.0, 0.0, 0.0, 0.0, 1.0, 0.0, 0.0, 0.0, 0.0, 0.0, 0.0, 1.0, 0.0, 1.0, 0.0, 1.0, 0.0, 32.0, 1.0, 0.0, 0.0, 0.0, 0.0, 0.0, 0.0, 0.0, 0.0, 0.0, 0.0, 0.0, 0.0, 1.0], "bins": [-265.1053161621094, -259.7922058105469, -254.4790802001953, -249.16595458984375, -243.85284423828125, -238.5397186279297, -233.2266082763672, -227.91348266601562, -222.60037231445312, -217.28724670410156, -211.97413635253906, -206.6610107421875, -201.347900390625, -196.03477478027344, -190.72164916992188, -185.40853881835938, -180.09542846679688, -174.7823028564453, -169.46917724609375, -164.15606689453125, -158.84295654296875, -153.5298309326172, -148.21670532226562, -142.90359497070312, -137.59046936035156, -132.27735900878906, -126.9642333984375, -121.651123046875, -116.33799743652344, -111.02488708496094, -105.71176147460938, -100.39865112304688, -95.08551788330078, -89.77239227294922, -84.45928192138672, -79.14615631103516, -73.83304595947266, -68.5199203491211, -63.206809997558594, -57.89368438720703, -52.58057403564453, -47.26744842529297, -41.95433044433594, -36.641212463378906, -31.328094482421875, -26.014976501464844, -20.701858520507812, -15.388740539550781, -10.07562255859375, -4.762504577636719, 0.5506134033203125, 5.863731384277344, 11.176849365234375, 16.489971160888672, 21.803089141845703, 27.116207122802734, 32.429325103759766, 37.7424430847168, 43.05556106567383, 48.368682861328125, 53.681800842285156, 58.99491882324219, 64.30803680419922, 69.62115478515625, 74.93427276611328]}, "gradients/linear.0.weight": {"_type": "histogram",