{"Linear loss": 8967.32421875, "_timestamp": 1715769519.8661854, "_runtime": 83.51147246360779, "_step": 3619, "gradients/graph_19linear.5.bias": {"_type": "histogram", "values": [7.0, 0.0, 0.0, 3.0, 0.0, 0.0, 0.0, 0.0, 0.0, 0.0, 0.0, 0.0, 0.0, 0.0, 0.0, 0.0, 0.0, 0.0, 0.0, 0.0, 0.0, 0.0, 0.0, 0.0, 0.0, 0.0, 0.0, 0.0, 13.0, 0.0, 0.0, 1.0, 49.0, 0.0, 0.0, 15.0, 0.0, 0.0, 0.0, 0.0, 0.0, 0.0, 0.0, 0.0, 0.0, 0.0, 0.0, 0.0, 0.0, 0.0, 0.0, 0.0, 0.0, 0.0, 0.0, 0.0, 0.0, 1.0, 0.0, 0.0, 3.0, 0.0, 0.0, 4.0], "bins": [-200.0, -193.75, -187.5, -181.25, -175.0, -168.75, -162.5, -156.25, -150.0, -143.75, -137.5, -131.25, -125.0, -118.75, -112.5, -106.25, -100.0, -93.75, -87.5, -81.25, -75.0, -68.75, -62.5, -56.25, -50.0, -43.75, -37.5, -31.25, -25.0, -18.75, -12.5, -6.25, 0.0, 6.25, 12.5, 18.75, 25.0, 31.25, 37.5, 43.75, 50.0, 56.25, 62.5, 68.75, 75.0, 81.25, 87.5, 93.75, 100.0, 106.25, 112.5, 118.75, 125.0, 131.25, 137.5, 143.75, 150.0, 156.25, 162.5, 168.75, 175.0, 181.25, 187.5, 193.75, 200.0]}, "gradients/graph_19linear.5.weight": {"_type": "histogram", "values": [7.0, 0.0, 0.0, 3.0, 0.0, 0.0, 0.0, 0.0, 0.0, 0.0, 0.0, 0.0, 0.0, 0.0, 0.0, 0.0, 7.0, 0.0, 3.0, 0.0, 0.0, 0.0, 0.0, 10.0, 0.0, 0.0, 0.0, 0.0, 13.0, 0.0, 13.0, 16.0, 6018.0, 15.0, 0.0, 15.0, 0.0, 0.0, 0.0, 2.0, 6.0, 0.0, 0.0, 0.0, 1.0, 3.0, 0.0, 4.0, 0.0, 0.0, 0.0, 0.0, 0.0, 0.0, 0.0, 0.0, 0.0, 1.0, 0.0, 0.0, 3.0, 0.0, 0.0, 4.0], "bins": [-1807.30078125, -1750.8226318359375, -1694.344482421875, -1637.8663330078125, -1581.38818359375, -1524.9100341796875, -1468.431884765625, -1411.9537353515625, -1355.4755859375, -1298.9974365234375, -1242.519287109375, -1186.0411376953125, -1129.56298828125, -1073.0848388671875, -1016.606689453125, -960.1285400390625, -903.650390625, -847.1722412109375, -790.694091796875, -734.2159423828125, -677.73779296875, -621.2596435546875, -564.781494140625, -508.3033447265625, -451.8251953125, -395.3470458984375, -338.868896484375, -282.3907470703125, -225.91259765625, -169.4344482421875, -112.956298828125, -56.4781494140625, 0.0, 56.4781494140625, 112.956298828125, 169.4344482421875, 225.91259765625, 282.3907470703125, 338.868896484375, 395.3470458984375, 451.8251953125, 508.3033447265625, 564.781494140625, 621.2596435546875, 677.73779296875, 734.2159423828125, 790.694091796875, 847.1722412109375, 903.650390625, 960.1285400390625, 1016.606689453125, 1073.0848388671875, 1129.56298828125, 1186.0411376953125, 1242.519287109375, 1298.9974365234375, 1355.4755859375, 1411.9537353515625, 1468.431884765625, 1524.9100341796875, 1581.38818359375, 1637.8663330078125, 1694.344482421875, 1750.8226318359375, 1807.30078125]}, "gradients/graph_19linear.3.bias": {"_type": "histogram", "values": [1.0, 0.0, 0.0, 0.0, 0.0, 0.0, 0.0, 0.0, 0.0, 0.0, 0.0, 0.0, 0.0, 0.0, 0.0, 0.0, 0.0, 0.0, 0.0, 0.0, 0.0, 0.0, 0.0, 0.0, 0.0, 0.0, 0.0, 0.0, 0.0, 1.0, 0.0, 0.0, 0.0, 0.0, 0.0, 0.0, 0.0, 0.0, 0.0, 0.0, 0.0, 0.0, 0.0, 0.0, 0.0, 0.0, 0.0, 0.0, 0.0, 0.0, 0.0, 0.0, 0.0, 0.0, 0.0, 0.0, 0.0, 0.0, 61.0, 0.0, 0.0, 0.0, 0.0, 1.0], "bins": [-319.4558410644531, -313.96160888671875, -308.4673767089844, -302.97314453125, -297.4789123535156, -291.98468017578125, -286.49041748046875, -280.9961853027344, -275.501953125, -270.0077209472656, -264.51348876953125, -259.0192565917969, -253.5250244140625, -248.03079223632812, -242.53656005859375, -237.0423126220703, -231.54808044433594, -226.05384826660156, -220.55960083007812, -215.06536865234375, -209.57113647460938, -204.076904296875, -198.58267211914062, -193.08843994140625, -187.59420776367188, -182.09996032714844, -176.60572814941406, -171.1114959716797, -165.6172637939453, -160.12303161621094, -154.6287841796875, -149.13455200195312, -143.64031982421875, -138.14608764648438, -132.65185546875, -127.15760040283203, -121.66336822509766, -116.16913604736328, -110.6749038696289, -105.18067169189453, -99.6864242553711, -94.19219970703125, -88.69795989990234, -83.20372772216797, -77.7094955444336, -72.21525573730469, -66.72102355957031, -61.226783752441406, -55.73255157470703, -50.238319396972656, -44.74407958984375, -39.249847412109375, -33.75560760498047, -28.261375427246094, -22.76714324951172, -17.272907257080078, -11.778671264648438, -6.284435272216797, -0.7901992797851562, 4.704032897949219, 10.19826889038086, 15.6925048828125, 21.186738967895508, 26.680973052978516, 32.175209045410156]}, "gradients/graph_19linear.3.weight": {"_type": "histogram", "values": [1.0, 0.0, 0.0, 0.0, 0.0, 0.0, 0.0, 0.0, 0.0, 0.0, 0.0, 0.0, 0.0, 1.0, 0.0, 0.0, 0.0, 0.0, 0.0, 0.0, 0.0, 0.0, 0.0, 0.0, 0.0, 0.0, 0.0, 2.0, 0.0, 1.0, 0.0, 0.0, 0.0, 0.0, 0.0, 1.0, 1.0, 0.0, 0.0, 2.0, 0.0, 0.0, 0.0, 3.0, 0.0, 0.0, 2.0, 1.0, 0.0, 2.0, 1.0, 0.0, 3.0, 0.0, 0.0, 1.0, 1.0, 1.0, 4062.0, 3.0, 3.0, 2.0, 1.0, 1.0], "bins": [-4690.236328125, -4609.5703125, -4528.904296875, -4448.23779296875, -4367.57177734375, -4286.90576171875, -4206.23974609375, -4125.57373046875, -4044.907470703125, -3964.2412109375, -3883.5751953125, -3802.9091796875, -3722.242919921875, -3641.57666015625, -3560.91064453125, -3480.24462890625, -3399.57861328125, -3318.912353515625, -3238.24609375, -3157.580078125, -3076.9140625, -2996.248046875, -2915.581787109375, -2834.91552734375, -2754.24951171875, -2673.58349609375, -2592.917236328125, -2512.251220703125, -2431.585205078125, -2350.9189453125, -2270.2529296875, -2189.586669921875, -2108.920654296875, -2028.254638671875, -1947.58837890625, -1866.92236328125, -1786.256103515625, -1705.590087890625, -1624.924072265625, -1544.2578125, -1463.591796875, -1382.92578125, -1302.259521484375, -1221.593505859375, -1140.92724609375, -1060.26123046875, -979.5951538085938, -898.9290161132812, -818.2628784179688, -737.5967407226562, -656.9306030273438, -576.2645874023438, -495.59844970703125, -414.93231201171875, -334.26617431640625, -253.60009765625, -172.9339599609375, -92.267822265625, -11.60174560546875, 69.06439208984375, 149.73049926757812, 230.3966064453125, 311.062744140625, 391.7288513183594, 472.39495849609375]}, "gradients/graph_19linear.0.bias": {"_type": "histogram", "values": [1.0, 0.0, 0.0, 0.0, 0.0, 0.0, 0.0, 0.0, 0.0, 1.0, 0.0, 0.0, 0.0, 0.0, 0.0, 0.0, 0.0, 0.0, 0.0, 1.0, 0.0, 0.0, 0.0, 0.0, 0.0, 0.0, 0.0, 1.0, 0.0, 0.0, 1.0, 0.0, 0.0, 0.0, 0.0, 1.0, 0.0, 52.0, 1.0, 1.0, 0.0, 0.0, 0.0, 0.0, 0.0, 0.0, 0.0, 0.0, 0.0, 0.0, 0.0, 1.0, 0.0, 0.0, 0.0, 0.0, 0.0, 0.0, 1.0, 0.0, 0.0, 0.0, 0.0, 2.0], "bins": [-241.069091796875, -234.5548553466797, -228.04061889648438, -221.52639770507812, -215.0121612548828, -208.4979248046875, -201.9836883544922, -195.46945190429688, -188.95523071289062, -182.4409942626953, -175.9267578125, -169.4125213623047, -162.89828491210938, -156.38406372070312, -149.86981201171875, -143.3555908203125, -136.8413543701172, -130.32711791992188, -123.8128890991211, -117.29865264892578, -110.784423828125, -104.27018737792969, -97.75595092773438, -91.24171447753906, -84.72747802734375, -78.2132568359375, -71.69902038574219, -65.18478393554688, -58.67054748535156, -52.15631103515625, -45.64208984375, -39.12785339355469, -32.613616943359375, -26.099380493164062, -19.58514404296875, -13.0709228515625, -6.5566864013671875, -0.042449951171875, 6.4717864990234375, 12.98602294921875, 19.500244140625, 26.014480590820312, 32.528717041015625, 39.04295349121094, 45.55718994140625, 52.07141876220703, 58.585655212402344, 65.09988403320312, 71.61412048339844, 78.12835693359375, 84.64258575439453, 91.15682220458984, 97.67105102539062, 104.18528747558594, 110.69952392578125, 117.21376037597656, 123.72798919677734, 130.24221801757812, 136.75645446777344, 143.27069091796875, 149.78492736816406, 156.29916381835938, 162.81338500976562, 169.32762145996094, 175.84185791015625]}, "gradients/graph_19linear.0.weight": {"_type": "histogram",