{"gradients/graph_25linear.5.bias": {"_type": "histogram", "values": [3.0, 0.0, 1.0, 0.0, 0.0, 0.0, 0.0, 0.0, 0.0, 0.0, 0.0, 0.0, 0.0, 0.0, 0.0, 0.0, 0.0, 0.0, 0.0, 0.0, 0.0, 0.0, 0.0, 0.0, 0.0, 0.0, 0.0, 7.0, 3.0, 13.0, 3.0, 2.0, 28.0, 1.0, 10.0, 9.0, 5.0, 3.0, 0.0, 0.0, 0.0, 0.0, 0.0, 0.0, 0.0, 0.0, 0.0, 0.0, 0.0, 0.0, 0.0, 0.0, 0.0, 0.0, 0.0, 0.0, 0.0, 0.0, 0.0, 0.0, 1.0, 3.0, 1.0, 3.0], "bins": [-1.0503654479980469, -1.0180296897888184, -0.9856940507888794, -0.9533582925796509, -0.9210225939750671, -0.8886868953704834, -0.8563511371612549, -0.8240154385566711, -0.7916797399520874, -0.7593440413475037, -0.7270083427429199, -0.6946725845336914, -0.6623368859291077, -0.6300011873245239, -0.5976654291152954, -0.5653297305107117, -0.5329940319061279, -0.5006583333015442, -0.46832263469696045, -0.43598687648773193, -0.4036511778831482, -0.37131547927856445, -0.33897972106933594, -0.3066440224647522, -0.27430832386016846, -0.24197262525558472, -0.20963692665100098, -0.17730116844177246, -0.14496546983718872, -0.11262977123260498, -0.08029401302337646, -0.0479583740234375, -0.015622735023498535, 0.01671302318572998, 0.049048662185668945, 0.08138442039489746, 0.1137201189994812, 0.14605581760406494, 0.17839157581329346, 0.2107272744178772, 0.24306297302246094, 0.2753986716270447, 0.3077343702316284, 0.34007012844085693, 0.3724058270454407, 0.4047415256500244, 0.43707728385925293, 0.46941298246383667, 0.5017486810684204, 0.5340843796730042, 0.5664200782775879, 0.5987558364868164, 0.6310915350914001, 0.6634272336959839, 0.6957629919052124, 0.7280986905097961, 0.7604343891143799, 0.7927700877189636, 0.8251057863235474, 0.8574415445327759, 0.8897772431373596, 0.9221129417419434, 0.9544486999511719, 0.9867843985557556, 1.0191200971603394]}, "_timestamp": 1715853580.5296192, "gradients/graph_25linear.5.weight": {"_type": "histogram", "values": [3.0, 3.0, 1.0, 3.0, 4.0, 2.0, 0.0, 3.0, 6.0, 4.0, 6.0, 1.0, 6.0, 2.0, 1.0, 2.0, 1.0, 0.0, 4.0, 3.0, 4.0, 2.0, 6.0, 1.0, 2.0, 6.0, 0.0, 15.0, 38.0, 113.0, 182.0, 206.0, 1737.0, 240.0, 189.0, 81.0, 32.0, 11.0, 5.0, 11.0, 0.0, 8.0, 9.0, 5.0, 9.0, 6.0, 3.0, 1.0, 4.0, 3.0, 5.0, 7.0, 11.0, 10.0, 9.0, 11.0, 4.0, 1.0, 8.0, 4.0, 8.0, 4.0, 3.0, 3.0], "bins": [-12.590109825134277, -12.202520370483398, -11.814931869506836, -11.427342414855957, -11.039753913879395, -10.652164459228516, -10.264575958251953, -9.876986503601074, -9.489397048950195, -9.101808547973633, -8.714219093322754, -8.326629638671875, -7.9390411376953125, -7.551452159881592, -7.163862705230713, -6.776273727416992, -6.3886847496032715, -6.001095771789551, -5.61350679397583, -5.225917339324951, -4.8383283615112305, -4.450739860534668, -4.063150405883789, -3.67556095123291, -3.2879724502563477, -2.9003829956054688, -2.5127944946289062, -2.1252050399780273, -1.7376155853271484, -1.350027084350586, -0.962437629699707, -0.5748491287231445, -0.18725967407226562, 0.20032978057861328, 0.5879182815551758, 0.9755077362060547, 1.3630962371826172, 1.750685691833496, 2.138275146484375, 2.5258636474609375, 2.9134531021118164, 3.301041603088379, 3.688631057739258, 4.076220512390137, 4.463809013366699, 4.85139799118042, 5.238987445831299, 5.6265764236450195, 6.01416540145874, 6.401754379272461, 6.789343357086182, 7.1769328117370605, 7.564521789550781, 7.952110767364502, 8.339699745178223, 8.727289199829102, 9.114877700805664, 9.502467155456543, 9.890056610107422, 10.277645111083984, 10.665234565734863, 11.052823066711426, 11.440412521362305, 11.828001022338867, 12.215590476989746]}, "gradients/graph_25linear.3.bias": {"_type": "histogram", "values": [1.0, 0.0, 0.0, 0.0, 2.0, 0.0, 1.0, 0.0, 5.0, 0.0, 2.0, 0.0, 0.0, 0.0, 1.0, 2.0, 3.0, 0.0, 2.0, 0.0, 0.0, 1.0, 2.0, 1.0, 0.0, 1.0, 0.0, 1.0, 0.0, 1.0, 0.0, 1.0, 0.0, 0.0, 1.0, 1.0, 1.0, 0.0, 0.0, 1.0, 0.0, 0.0, 0.0, 0.0, 0.0, 0.0, 0.0, 0.0, 0.0, 0.0, 0.0, 0.0, 0.0, 0.0, 0.0, 0.0, 0.0, 0.0, 0.0, 0.0, 0.0, 0.0, 0.0, 1.0], "bins": [-0.8879408240318298, -0.7824467420578003, -0.676952600479126, -0.5714584589004517, -0.4659643769264221, -0.3604702353477478, -0.25497615337371826, -0.14948207139968872, -0.043987929821014404, 0.06150621175765991, 0.16700035333633423, 0.272494375705719, 0.3779885172843933, 0.4834826588630676, 0.5889766812324524, 0.6944708228111267, 0.799964964389801, 0.9054591059684753, 1.0109531879425049, 1.1164472103118896, 1.2219414710998535, 1.3274354934692383, 1.432929515838623, 1.538423776626587, 1.6439177989959717, 1.7494118213653564, 1.8549060821533203, 1.960400104522705, 2.06589412689209, 2.1713883876800537, 2.2768824100494385, 2.3823766708374023, 2.487870693206787, 2.593364715576172, 2.6988589763641357, 2.8043529987335205, 2.9098472595214844, 3.015341281890869, 3.120835304260254, 3.2263295650482178, 3.3318235874176025, 3.4373176097869873, 3.542811870574951, 3.648305892944336, 3.7537999153137207, 3.8592941761016846, 3.9647881984710693, 4.070282459259033, 4.175776481628418, 4.281270503997803, 4.3867645263671875, 4.4922590255737305, 4.597753047943115, 4.7032470703125, 4.808741092681885, 4.9142351150512695, 5.0197296142578125, 5.125223636627197, 5.230717658996582, 5.336211681365967, 5.441705703735352, 5.547199726104736, 5.652694225311279, 5.758188247680664, 5.863682270050049]}, "gradients/graph_25linear.3.weight": {"_type": "histogram", "values": [1024.0], "bins": [0.0, 0.0]}, "gradients/graph_25linear.0.bias": {"_type": "histogram", "values": [32.0], "bins": [0.0, 0.0]}, "gradients/graph_25linear.0.weight": {"_type": "histogram", "values": [4608.0], "bins": [-0.0, -0.0]}, "Linear loss (training)": 78.25968933105469, "_runtime": 440.6924092769623, "_step": 89, "Linear loss (validation)": 22.341515132975736, "Regret (validation)": 0.1352913124937614, "_wandb": {"runtime": 439}}