{"Linear loss": 519.0789794921875, "_timestamp": 1715777037.3531494, "_runtime": 41.94093346595764, "_step": 1829, "gradients/graph_2linear.5.bias": {"_type": "histogram", "values": [1.0, 0.0, 0.0, 0.0, 0.0, 0.0, 2.0, 0.0, 0.0, 1.0, 2.0, 0.0, 3.0, 3.0, 2.0, 3.0, 0.0, 0.0, 2.0, 1.0, 2.0, 5.0, 1.0, 3.0, 9.0, 18.0, 1.0, 0.0, 2.0, 0.0, 0.0, 1.0, 1.0, 0.0, 1.0, 3.0, 1.0, 0.0, 1.0, 0.0, 0.0, 0.0, 2.0, 1.0, 2.0, 8.0, 2.0, 1.0, 3.0, 1.0, 0.0, 1.0, 1.0, 0.0, 0.0, 0.0, 0.0, 1.0, 1.0, 1.0, 0.0, 0.0, 1.0, 1.0], "bins": [-0.6511890888214111, -0.6302141547203064, -0.6092391610145569, -0.5882642269134521, -0.5672892332077026, -0.5463142991065979, -0.5253393054008484, -0.5043643712997437, -0.48338937759399414, -0.4624144434928894, -0.4414394497871399, -0.42046451568603516, -0.39948955178260803, -0.3785145878791809, -0.3575396239757538, -0.33656466007232666, -0.31558969616889954, -0.2946147322654724, -0.2736397683620453, -0.25266480445861816, -0.23168984055519104, -0.21071487665176392, -0.1897399127483368, -0.16876494884490967, -0.14779001474380493, -0.12681502103805542, -0.10584008693695068, -0.08486509323120117, -0.06389015913009644, -0.042915165424346924, -0.021940231323242188, -0.0009652376174926758, 0.02000969648361206, 0.0409846305847168, 0.06195962429046631, 0.08293455839157104, 0.10390955209732056, 0.12488448619842529, 0.1458594799041748, 0.16683441400527954, 0.18780940771102905, 0.2087843418121338, 0.2297593057155609, 0.25073426961898804, 0.27170923352241516, 0.2926841974258423, 0.3136591613292694, 0.33463412523269653, 0.35560908913612366, 0.3765840530395508, 0.3975590169429779, 0.41853398084640503, 0.43950894474983215, 0.4604839086532593, 0.481458842754364, 0.5024338364601135, 0.5234087705612183, 0.5443837642669678, 0.5653586983680725, 0.586333692073822, 0.6073086261749268, 0.6282836198806763, 0.649258553981781, 0.6702335476875305, 0.6912084817886353]}, "gradients/graph_2linear.5.weight": {"_type": "histogram", "values": [5.0, 3.0, 6.0, 3.0, 5.0, 9.0, 20.0, 18.0, 21.0, 18.0, 39.0, 60.0, 62.0, 93.0, 129.0, 165.0, 194.0, 216.0, 225.0, 230.0, 216.0, 279.0, 305.0, 379.0, 451.0, 826.0, 1393.0, 1146.0, 615.0, 286.0, 159.0, 560.0, 206.0, 236.0, 263.0, 166.0, 136.0, 146.0, 239.0, 270.0, 356.0, 319.0, 377.0, 259.0, 228.0, 189.0, 111.0, 96.0, 87.0, 62.0, 53.0, 57.0, 56.0, 41.0, 38.0, 38.0, 30.0, 34.0, 18.0, 15.0, 7.0, 8.0, 6.0, 5.0], "bins": [-4.65514612197876, -4.505202770233154, -4.355259418487549, -4.205316066741943, -4.05537223815918, -3.9054291248321533, -3.7554855346679688, -3.6055421829223633, -3.455598831176758, -3.3056554794311523, -3.155712127685547, -3.0057685375213623, -2.855825185775757, -2.7058818340301514, -2.555938243865967, -2.4059948921203613, -2.256051540374756, -2.1061081886291504, -1.956164836883545, -1.8062212467193604, -1.6562778949737549, -1.5063345432281494, -1.3563909530639648, -1.2064476013183594, -1.056504249572754, -0.9065608978271484, -0.756617546081543, -0.6066741943359375, -0.45673036575317383, -0.30678701400756836, -0.1568436622619629, -0.006900310516357422, 0.14304304122924805, 0.2929863929748535, 0.442929744720459, 0.5928730964660645, 0.7428164482116699, 0.8927602767944336, 1.042703628540039, 1.1926469802856445, 1.34259033203125, 1.4925336837768555, 1.642477035522461, 1.7924206256866455, 1.942363977432251, 2.0923073291778564, 2.242250919342041, 2.3921942710876465, 2.542137622833252, 2.6920809745788574, 2.842024326324463, 2.9919679164886475, 3.141911268234253, 3.2918546199798584, 3.441798210144043, 3.5917415618896484, 3.741684913635254, 3.8916282653808594, 4.041571617126465, 4.19151496887207, 4.341458320617676, 4.4914021492004395, 4.641345500946045, 4.79128885269165, 4.941232204437256]}, "gradients/graph_2linear.3.bias": {"_type": "histogram", "values": [1.0, 0.0, 0.0, 0.0, 0.0, 0.0, 0.0, 1.0, 1.0, 1.0, 0.0, 0.0, 0.0, 0.0, 0.0, 0.0, 0.0, 2.0, 0.0, 1.0, 2.0, 0.0, 1.0, 0.0, 2.0, 3.0, 3.0, 2.0, 3.0, 5.0, 2.0, 4.0, 3.0, 4.0, 3.0, 8.0, 7.0, 5.0, 5.0, 4.0, 3.0, 1.0, 2.0, 2.0, 6.0, 6.0, 5.0, 2.0, 5.0, 2.0, 3.0, 1.0, 1.0, 0.0, 1.0, 5.0, 1.0, 5.0, 1.0, 0.0, 0.0, 0.0, 2.0, 1.0], "bins": [-0.5386003851890564, -0.5267597436904907, -0.5149191617965698, -0.5030785202980042, -0.4912378787994385, -0.4793972671031952, -0.4675566554069519, -0.45571601390838623, -0.44387540221214294, -0.43203479051589966, -0.420194149017334, -0.4083535373210907, -0.3965129256248474, -0.38467228412628174, -0.37283167243003845, -0.36099106073379517, -0.3491504192352295, -0.3373097777366638, -0.32546916604042053, -0.31362855434417725, -0.3017879128456116, -0.2899473011493683, -0.278106689453125, -0.2662660479545593, -0.25442543625831604, -0.24258482456207275, -0.23074418306350708, -0.2189035713672638, -0.2070629596710205, -0.19522231817245483, -0.18338170647621155, -0.17154106497764587, -0.1597004532814026, -0.1478598415851593, -0.13601920008659363, -0.12417858839035034, -0.11233794689178467, -0.10049733519554138, -0.0886567234992981, -0.07681608200073242, -0.06497547030448914, -0.05313485860824585, -0.041294217109680176, -0.02945360541343689, -0.01761297881603241, -0.00577235221862793, 0.0060682594776153564, 0.017908886075019836, 0.029749512672424316, 0.041590139269828796, 0.053430765867233276, 0.06527137756347656, 0.07711200416088104, 0.08895263075828552, 0.1007932499051094, 0.11263386905193329, 0.12447449564933777, 0.13631512224674225, 0.14815574884414673, 0.15999636054039001, 0.1718369871377945, 0.18367761373519897, 0.19551822543144226, 0.20735885202884674, 0.21919947862625122]}, "gradients/graph_2linear.3.weight": {"_type": "histogram", "values": [1.0, 1.0, 0.0, 1.0, 0.0, 0.0, 3.0, 5.0, 4.0, 3.0, 3.0, 1.0, 5.0, 5.0, 12.0, 8.0, 8.0, 6.0, 6.0, 7.0, 10.0, 20.0, 19.0, 12.0, 24.0, 23.0, 37.0, 30.0, 61.0, 73.0, 57.0, 103.0, 114.0, 105.0, 146.0, 154.0, 212.0, 262.0, 309.0, 371.0, 462.0, 509.0, 673.0, 815.0, 1087.0, 8580.0, 626.0, 395.0, 283.0, 156.0, 115.0, 77.0, 72.0, 91.0, 65.0, 62.0, 26.0, 22.0, 9.0, 17.0, 8.0, 7.0, 4.0, 2.0], "bins": [-2.036630153656006, -1.9918568134307861, -1.9470833539962769, -1.9023098945617676, -1.8575365543365479, -1.8127632141113281, -1.7679897546768188, -1.7232162952423096, -1.6784429550170898, -1.6336696147918701, -1.5888961553573608, -1.5441226959228516, -1.4993493556976318, -1.454576015472412, -1.4098025560379028, -1.3650290966033936, -1.3202557563781738, -1.275482416152954, -1.2307089567184448, -1.1859354972839355, -1.1411621570587158, -1.096388816833496, -1.0516153573989868, -1.0068418979644775, -0.9620685577392578, -0.9172952175140381, -0.8725217580795288, -0.8277482986450195, -0.7829749584197998, -0.7382016181945801, -0.6934281587600708, -0.6486546993255615, -0.6038814783096313, -0.5591081380844116, -0.5143346786499023, -0.46956121921539307, -0.42478787899017334, -0.3800145387649536, -0.33524107933044434, -0.29046761989593506, -0.24569427967071533, -0.2009209394454956, -0.15614748001098633, -0.11137408018112183, -0.06660068035125732, -0.021827280521392822, 0.02294611930847168, 0.06771951913833618, 0.11249291896820068, 0.15726631879806519, 0.2020397186279297, 0.2468131184577942, 0.2915865182876587, 0.3363599181175232, 0.3811333179473877, 0.4259067177772522, 0.4706801176071167, 0.5154535174369812, 0.5602269172668457, 0.6050003170967102, 0.6497737169265747, 0.6945471167564392, 0.7393205165863037, 0.7840939164161682, 0.8288673162460327]}, "gradients/graph_2linear.0.bias": {"_type": "histogram", "values": [1.0, 0.0, 0.0, 0.0, 0.0, 0.0, 0.0, 0.0, 3.0, 0.0, 1.0, 1.0, 0.0, 3.0, 1.0, 1.0, 0.0, 3.0, 2.0, 3.0, 4.0, 3.0, 3.0, 3.0, 3.0, 1.0, 2.0, 4.0, 3.0, 1.0, 3.0, 2.0, 2.0, 1.0, 1.0, 1.0, 2.0, 2.0, 2.0, 1.0, 0.0, 1.0, 2.0, 0.0, 1.0, 2.0, 1.0, 1.0, 0.0, 0.0, 0.0, 1.0, 0.0, 0.0, 0.0, 0.0, 0.0, 0.0, 0.0, 0.0, 0.0, 0.0, 0.0, 56.0],