{"Linear loss": 10852.6455078125, "_timestamp": 1715769590.6698406, "_runtime": 128.40720558166504, "_step": 1809, "gradients/graph_14linear.5.bias": {"_type": "histogram", "values": [7.0, 0.0, 0.0, 3.0, 0.0, 0.0, 0.0, 0.0, 0.0, 0.0, 0.0, 0.0, 0.0, 0.0, 0.0, 0.0, 0.0, 0.0, 0.0, 0.0, 0.0, 0.0, 0.0, 0.0, 0.0, 0.0, 0.0, 0.0, 13.0, 0.0, 0.0, 2.0, 43.0, 0.0, 0.0, 16.0, 0.0, 0.0, 0.0, 0.0, 0.0, 0.0, 0.0, 0.0, 0.0, 0.0, 0.0, 0.0, 0.0, 0.0, 0.0, 0.0, 0.0, 0.0, 0.0, 0.0, 0.0, 1.0, 0.0, 0.0, 2.0, 0.0, 0.0, 9.0], "bins": [-200.0, -193.75, -187.5, -181.25, -175.0, -168.75, -162.5, -156.25, -150.0, -143.75, -137.5, -131.25, -125.0, -118.75, -112.5, -106.25, -100.0, -93.75, -87.5, -81.25, -75.0, -68.75, -62.5, -56.25, -50.0, -43.75, -37.5, -31.25, -25.0, -18.75, -12.5, -6.25, 0.0, 6.25, 12.5, 18.75, 25.0, 31.25, 37.5, 43.75, 50.0, 56.25, 62.5, 68.75, 75.0, 81.25, 87.5, 93.75, 100.0, 106.25, 112.5, 118.75, 125.0, 131.25, 137.5, 143.75, 150.0, 156.25, 162.5, 168.75, 175.0, 181.25, 187.5, 193.75, 200.0]}, "gradients/graph_14linear.5.weight": {"_type": "histogram", "values": [7.0, 0.0, 0.0, 3.0, 0.0, 0.0, 0.0, 0.0, 7.0, 0.0, 0.0, 3.0, 0.0, 0.0, 14.0, 13.0, 10.0, 14.0, 16.0, 3.0, 7.0, 14.0, 9.0, 0.0, 7.0, 20.0, 17.0, 6.0, 20.0, 26.0, 130.0, 129.0, 2177.0, 161.0, 30.0, 25.0, 6.0, 23.0, 22.0, 9.0, 3.0, 6.0, 19.0, 11.0, 3.0, 16.0, 20.0, 11.0, 13.0, 18.0, 1.0, 0.0, 2.0, 0.0, 0.0, 9.0, 0.0, 1.0, 0.0, 0.0, 2.0, 0.0, 0.0, 9.0], "bins": [-282.9826354980469, -274.1394348144531, -265.2962341308594, -256.4530029296875, -247.60980224609375, -238.7666015625, -229.92340087890625, -221.08018493652344, -212.23696899414062, -203.39376831054688, -194.55056762695312, -185.7073516845703, -176.86415100097656, -168.02093505859375, -159.177734375, -150.3345184326172, -141.49131774902344, -132.6481170654297, -123.80490112304688, -114.96170043945312, -106.11848449707031, -97.27528381347656, -88.43206787109375, -79.5888671875, -70.74566650390625, -61.90245056152344, -53.05924987792969, -44.216033935546875, -35.372833251953125, -26.529632568359375, -17.6864013671875, -8.84320068359375, 0.0, 8.84320068359375, 17.6864013671875, 26.529632568359375, 35.372833251953125, 44.216033935546875, 53.05924987792969, 61.90245056152344, 70.74566650390625, 79.5888671875, 88.43206787109375, 97.27528381347656, 106.11848449707031, 114.96170043945312, 123.80490112304688, 132.6481170654297, 141.49131774902344, 150.3345184326172, 159.177734375, 168.02093505859375, 176.86415100097656, 185.7073516845703, 194.55056762695312, 203.39376831054688, 212.23696899414062, 221.08018493652344, 229.92340087890625, 238.7666015625, 247.60980224609375, 256.4530029296875, 265.2962341308594, 274.1394348144531, 282.9826354980469]}, "gradients/graph_14linear.3.bias": {"_type": "histogram", "values": [1.0, 0.0, 0.0, 0.0, 0.0, 0.0, 0.0, 0.0, 1.0, 1.0, 0.0, 1.0, 0.0, 0.0, 0.0, 0.0, 1.0, 0.0, 0.0, 0.0, 0.0, 1.0, 0.0, 0.0, 1.0, 0.0, 2.0, 0.0, 0.0, 0.0, 0.0, 1.0, 1.0, 1.0, 1.0, 0.0, 0.0, 0.0, 1.0, 1.0, 0.0, 0.0, 0.0, 0.0, 0.0, 1.0, 0.0, 1.0, 0.0, 0.0, 0.0, 13.0, 0.0, 0.0, 0.0, 0.0, 0.0, 0.0, 0.0, 0.0, 1.0, 0.0, 0.0, 1.0], "bins": [-602.6190185546875, -590.8909912109375, -579.1629028320312, -567.4348754882812, -555.7068481445312, -543.9788208007812, -532.250732421875, -520.522705078125, -508.794677734375, -497.0666198730469, -485.33856201171875, -473.61053466796875, -461.8824768066406, -450.1544189453125, -438.4263916015625, -426.6983642578125, -414.9703063964844, -403.24224853515625, -391.51422119140625, -379.78619384765625, -368.0581359863281, -356.330078125, -344.60205078125, -332.8739929199219, -321.14593505859375, -309.41790771484375, -297.6898498535156, -285.9618225097656, -274.2337646484375, -262.5057373046875, -250.77767944335938, -239.04965209960938, -227.3215789794922, -215.59352111816406, -203.86549377441406, -192.13743591308594, -180.40940856933594, -168.6813507080078, -156.9533233642578, -145.2252655029297, -133.4972381591797, -121.76918029785156, -110.04112243652344, -98.31309509277344, -86.58503723144531, -74.85699462890625, -63.12895202636719, -51.400909423828125, -39.67286682128906, -27.94482421875, -16.216781616210938, -4.488739013671875, 7.2393035888671875, 18.967361450195312, 30.695404052734375, 42.42344665527344, 54.1514892578125, 65.87953186035156, 77.60757446289062, 89.33562469482422, 101.06366729736328, 112.79170989990234, 124.51976013183594, 136.247802734375, 147.97584533691406]}, "gradients/graph_14linear.3.weight": {"_type": "histogram", "values": [1024.0], "bins": [-0.0, -0.0]}, "gradients/graph_14linear.0.bias": {"_type": "histogram", "values": [32.0], "bins": [0.0, 0.0]}, "gradients/graph_14linear.0.weight": {"_type": "histogram", "values": [4608.0], "bins": [0.0, 0.0]}, "Regret": 0.07802577877881486, "_wandb": {"runtime": 126}}