{"gradients/graph_7linear.5.bias": {"_type": "histogram", "values": [3.0, 1.0, 1.0, 0.0, 1.0, 2.0, 4.0, 3.0, 8.0, 5.0, 8.0, 5.0, 5.0, 10.0, 7.0, 10.0, 7.0, 2.0, 1.0, 1.0, 0.0, 2.0, 0.0, 0.0, 1.0, 1.0, 1.0, 0.0, 1.0, 0.0, 1.0, 0.0, 0.0, 2.0, 1.0, 0.0, 0.0, 0.0, 0.0, 0.0, 0.0, 0.0, 0.0, 0.0, 0.0, 0.0, 0.0, 0.0, 0.0, 0.0, 0.0, 0.0, 0.0, 0.0, 0.0, 1.0, 0.0, 0.0, 0.0, 0.0, 0.0, 0.0, 0.0, 1.0], "bins": [-0.22219078242778778, -0.20381908118724823, -0.18544737994670868, -0.16707569360733032, -0.14870399236679077, -0.13033229112625122, -0.11196058988571167, -0.09358888864517212, -0.07521718740463257, -0.05684548616409302, -0.03847378492355347, -0.020102083683013916, -0.001730397343635559, 0.01664130389690399, 0.03501300513744354, 0.05338470637798309, 0.07175640761852264, 0.0901281088590622, 0.10849981009960175, 0.1268715113401413, 0.14524321258068085, 0.1636149138212204, 0.18198661506175995, 0.2003583163022995, 0.21872998774051666, 0.2371016889810562, 0.25547337532043457, 0.2738450765609741, 0.29221677780151367, 0.3105884790420532, 0.3289601802825928, 0.3473318815231323, 0.36570364236831665, 0.3840753436088562, 0.40244704484939575, 0.4208187460899353, 0.43919044733047485, 0.4575621485710144, 0.47593384981155396, 0.4943055510520935, 0.5126772522926331, 0.5310488939285278, 0.5494205951690674, 0.5677922964096069, 0.5861639976501465, 0.604535698890686, 0.6229074001312256, 0.6412791013717651, 0.6596508026123047, 0.6780225038528442, 0.6963942050933838, 0.7147659063339233, 0.7331376075744629, 0.7515093088150024, 0.769881010055542, 0.7882527112960815, 0.8066244125366211, 0.8249961137771606, 0.8433678150177002, 0.8617395162582397, 0.8801112174987793, 0.8984829187393188, 0.9168546199798584, 0.935226321220398, 0.9535980224609375]}, "_timestamp": 1715847689.2213848, "gradients/graph_7linear.5.weight": {"_type": "histogram", "values": [13.0, 17.0, 29.0, 68.0, 98.0, 130.0, 201.0, 316.0, 460.0, 890.0, 1245.0, 1730.0, 1738.0, 1972.0, 1235.0, 523.0, 226.0, 153.0, 152.0, 135.0, 135.0, 105.0, 101.0, 79.0, 66.0, 60.0, 47.0, 44.0, 37.0, 28.0, 17.0, 18.0, 20.0, 18.0, 9.0, 11.0, 8.0, 14.0, 10.0, 13.0, 7.0, 10.0, 10.0, 9.0, 12.0, 6.0, 10.0, 9.0, 4.0, 6.0, 4.0, 3.0, 6.0, 5.0, 2.0, 4.0, 2.0, 0.0, 0.0, 1.0, 4.0, 0.0, 0.0, 3.0], "bins": [-1.7694123983383179, -1.6231096982955933, -1.4768069982528687, -1.3305041790008545, -1.1842014789581299, -1.0378987789154053, -0.8915960788726807, -0.745293378829956, -0.5989906787872314, -0.45268797874450684, -0.3063852787017822, -0.16008257865905762, -0.013779759407043457, 0.13252294063568115, 0.27882564067840576, 0.42512834072113037, 0.571431040763855, 0.7177337408065796, 0.8640364408493042, 1.0103391408920288, 1.1566418409347534, 1.302944540977478, 1.4492472410202026, 1.5955499410629272, 1.741852879524231, 1.8881555795669556, 2.0344581604003906, 2.1807608604431152, 2.32706356048584, 2.4733662605285645, 2.619668960571289, 2.7659716606140137, 2.9122743606567383, 3.058577060699463, 3.2048797607421875, 3.351182460784912, 3.4974851608276367, 3.6437878608703613, 3.790090560913086, 3.9363932609558105, 4.082695960998535, 4.228999137878418, 4.375301361083984, 4.521604537963867, 4.667906761169434, 4.814209938049316, 4.960512161254883, 5.106815338134766, 5.253117561340332, 5.399420738220215, 5.545722961425781, 5.692026138305664, 5.8383283615112305, 5.984631538391113, 6.130934238433838, 6.2772369384765625, 6.423539638519287, 6.569842338562012, 6.716145038604736, 6.862447738647461, 7.0087504386901855, 7.15505313873291, 7.301355838775635, 7.447658538818359, 7.593961238861084]}, "gradients/graph_7linear.3.bias": {"_type": "histogram", "values": [2.0, 0.0, 1.0, 0.0, 1.0, 0.0, 0.0, 0.0, 2.0, 1.0, 2.0, 2.0, 0.0, 0.0, 0.0, 0.0, 1.0, 2.0, 2.0, 2.0, 2.0, 1.0, 6.0, 1.0, 4.0, 1.0, 3.0, 3.0, 3.0, 2.0, 1.0, 2.0, 3.0, 7.0, 2.0, 3.0, 4.0, 5.0, 2.0, 3.0, 6.0, 6.0, 2.0, 4.0, 3.0, 2.0, 2.0, 1.0, 3.0, 3.0, 3.0, 5.0, 1.0, 1.0, 2.0, 2.0, 0.0, 1.0, 0.0, 0.0, 1.0, 2.0, 0.0, 2.0], "bins": [0.05640244856476784, 0.06321362406015396, 0.07002479583024979, 0.07683597505092621, 0.08364714682102203, 0.09045831859111786, 0.09726949781179428, 0.1040806770324707, 0.11089184880256653, 0.11770302057266235, 0.12451419234275818, 0.1313253790140152, 0.13813655078411102, 0.14494772255420685, 0.15175889432430267, 0.1585700809955597, 0.16538125276565552, 0.17219242453575134, 0.17900359630584717, 0.185814768075943, 0.19262593984603882, 0.19943712651729584, 0.20624829828739166, 0.2130594700574875, 0.2198706418275833, 0.22668181359767914, 0.23349300026893616, 0.24030417203903198, 0.2471153438091278, 0.25392651557922363, 0.26073771715164185, 0.26754888892173767, 0.2743600606918335, 0.28117120265960693, 0.28798240423202515, 0.29479357600212097, 0.3016047477722168, 0.3084159195423126, 0.31522709131240845, 0.32203829288482666, 0.3288494348526001, 0.3356606364250183, 0.34247177839279175, 0.34928297996520996, 0.3560941517353058, 0.3629053235054016, 0.36971649527549744, 0.37652766704559326, 0.3833388388156891, 0.3901500105857849, 0.3969612121582031, 0.40377235412597656, 0.4105835556983948, 0.4173947274684906, 0.4242058992385864, 0.43101707100868225, 0.4378282427787781, 0.4446394145488739, 0.4514505863189697, 0.45826178789138794, 0.46507295966148376, 0.4718841314315796, 0.4786953032016754, 0.48550647497177124, 0.49231764674186707]}, "gradients/graph_7linear.3.weight": {"_type": "histogram", "values": [13828.0, 23.0, 66.0, 88.0, 90.0, 84.0, 77.0, 103.0, 87.0, 105.0, 92.0, 95.0, 126.0, 115.0, 117.0, 109.0, 88.0, 97.0, 83.0, 72.0, 71.0, 76.0, 69.0, 56.0, 55.0, 51.0, 44.0, 45.0, 27.0, 28.0, 25.0, 28.0, 28.0, 14.0, 17.0, 16.0, 16.0, 19.0, 14.0, 12.0, 14.0, 10.0, 12.0, 12.0, 12.0, 8.0, 10.0, 4.0, 6.0, 5.0, 5.0, 7.0, 2.0, 6.0, 3.0, 2.0, 4.0, 0.0, 1.0, 0.0, 1.0, 1.0, 1.0, 2.0], "bins": [0.0, 0.09950616210699081, 0.19901232421398163, 0.29851847887039185, 0.39802464842796326, 0.49753081798553467, 0.5970369577407837, 0.6965431571006775, 0.7960492968559265, 0.8955554366111755, 0.9950616359710693, 1.0945677757263184, 1.1940739154815674, 1.2935800552368164, 1.393086314201355, 1.492592453956604, 1.592098593711853, 1.691604733467102, 1.791110873222351, 1.8906171321868896, 1.9901232719421387, 2.0896294116973877, 2.1891355514526367, 2.2886416912078857, 2.3881478309631348, 2.487653970718384, 2.587160110473633, 2.686666488647461, 2.78617262840271, 2.885678768157959, 2.985184907913208, 3.084691047668457, 3.184197187423706, 3.283703327178955, 3.383209466934204, 3.482715606689453, 3.582221746444702, 3.681727886199951, 3.7812342643737793, 3.8807404041290283, 3.9802465438842773, 4.0797529220581055, 4.179258823394775, 4.278764724731445, 4.378271102905273, 4.477777481079102, 4.5772833824157715, 4.6767897605896, 4.7762956619262695, 4.875802040100098, 4.975307941436768, 5.074814319610596, 5.174320220947266, 5.273826599121094, 5.373332977294922, 5.472838878631592, 5.57234525680542, 5.67185115814209, 5.771357536315918, 5.870863437652588, 5.970369815826416, 6.069875717163086, 6.169382095336914, 6.268887996673584, 6.368394374847412]}, "gradients/graph_7linear.0.bias": {"_type": "histogram", "values": [108.0, 0.0, 0.0, 0.0, 0.0, 0.0, 0.0, 0.0, 0.0, 0.0, 0.0, 0.0, 0.0, 0.0, 1.0, 0.0, 1.0, 0.0, 0.0, 1.0, 0.0, 1.0, 1.0, 2.0, 0.0, 0.0, 2.0, 0.0, 0.0, 0.0, 2.0, 0.0, 1.0, 1.0, 2.0, 0.0, 0.0, 0.0, 0.0, 1.0, 0.0, 0.0, 0.0, 0.0, 0.0, 1.0, 0.0, 0.0, 0.0, 0.0, 0.0, 0.0, 1.0, 0.0, 0.0, 0.0, 0.0, 1.0, 0.0, 0.0, 0.0, 0.0, 0.0, 1.0],