{"Linear loss": 16479.146484375, "_timestamp": 1715767150.447908, "_runtime": 175.88599801063538, "_step": 3619, "gradients/graph_4linear.5.bias": {"_type": "histogram", "values": [7.0, 0.0, 0.0, 3.0, 0.0, 0.0, 0.0, 0.0, 0.0, 0.0, 0.0, 0.0, 0.0, 0.0, 0.0, 0.0, 0.0, 0.0, 0.0, 0.0, 0.0, 0.0, 0.0, 0.0, 0.0, 0.0, 0.0, 0.0, 13.0, 0.0, 0.0, 2.0, 36.0, 0.0, 0.0, 15.0, 0.0, 0.0, 0.0, 0.0, 0.0, 0.0, 0.0, 0.0, 0.0, 0.0, 0.0, 0.0, 0.0, 0.0, 0.0, 0.0, 0.0, 0.0, 0.0, 0.0, 0.0, 1.0, 0.0, 0.0, 5.0, 0.0, 0.0, 14.0], "bins": [-200.0, -193.75, -187.5, -181.25, -175.0, -168.75, -162.5, -156.25, -150.0, -143.75, -137.5, -131.25, -125.0, -118.75, -112.5, -106.25, -100.0, -93.75, -87.5, -81.25, -75.0, -68.75, -62.5, -56.25, -50.0, -43.75, -37.5, -31.25, -25.0, -18.75, -12.5, -6.25, 0.0, 6.25, 12.5, 18.75, 25.0, 31.25, 37.5, 43.75, 50.0, 56.25, 62.5, 68.75, 75.0, 81.25, 87.5, 93.75, 100.0, 106.25, 112.5, 118.75, 125.0, 131.25, 137.5, 143.75, 150.0, 156.25, 162.5, 168.75, 175.0, 181.25, 187.5, 193.75, 200.0]}, "gradients/graph_4linear.5.weight": {"_type": "histogram", "values": [7.0, 0.0, 14.0, 3.0, 28.0, 27.0, 10.0, 22.0, 45.0, 3.0, 29.0, 20.0, 24.0, 16.0, 16.0, 24.0, 37.0, 20.0, 19.0, 10.0, 20.0, 27.0, 37.0, 26.0, 30.0, 20.0, 23.0, 24.0, 42.0, 303.0, 303.0, 471.0, 8603.0, 377.0, 374.0, 72.0, 49.0, 47.0, 41.0, 61.0, 51.0, 74.0, 53.0, 40.0, 24.0, 37.0, 39.0, 74.0, 50.0, 30.0, 33.0, 50.0, 39.0, 59.0, 6.0, 91.0, 39.0, 20.0, 52.0, 56.0, 5.0, 28.0, 0.0, 14.0], "bins": [-231.23724365234375, -224.01107788085938, -216.784912109375, -209.55874633789062, -202.33258056640625, -195.10641479492188, -187.88026428222656, -180.6540985107422, -173.4279327392578, -166.20176696777344, -158.97560119628906, -151.74945068359375, -144.52328491210938, -137.297119140625, -130.07095336914062, -122.84478759765625, -115.61862182617188, -108.3924560546875, -101.16629028320312, -93.94012451171875, -86.71395874023438, -79.48780822753906, -72.26164245605469, -65.03547668457031, -57.80931091308594, -50.58314514160156, -43.35697937011719, -36.13081359863281, -28.9046630859375, -21.678497314453125, -14.45233154296875, -7.226165771484375, 0.0, 7.226165771484375, 14.45233154296875, 21.678497314453125, 28.9046630859375, 36.13081359863281, 43.35697937011719, 50.58314514160156, 57.80931091308594, 65.03547668457031, 72.26164245605469, 79.48780822753906, 86.71395874023438, 93.94012451171875, 101.16629028320312, 108.3924560546875, 115.61862182617188, 122.84478759765625, 130.07095336914062, 137.297119140625, 144.52328491210938, 151.74945068359375, 158.97560119628906, 166.20176696777344, 173.4279327392578, 180.6540985107422, 187.88026428222656, 195.10641479492188, 202.33258056640625, 209.55874633789062, 216.784912109375, 224.01107788085938, 231.23724365234375]}, "gradients/graph_4linear.3.bias": {"_type": "histogram", "values": [1.0, 0.0, 0.0, 1.0, 0.0, 1.0, 1.0, 0.0, 1.0, 1.0, 0.0, 0.0, 0.0, 1.0, 0.0, 0.0, 3.0, 1.0, 0.0, 1.0, 0.0, 1.0, 2.0, 1.0, 3.0, 0.0, 1.0, 4.0, 7.0, 1.0, 1.0, 0.0, 3.0, 3.0, 2.0, 5.0, 2.0, 0.0, 2.0, 2.0, 3.0, 0.0, 1.0, 1.0, 0.0, 0.0, 0.0, 0.0, 0.0, 61.0, 2.0, 1.0, 1.0, 0.0, 3.0, 0.0, 1.0, 0.0, 1.0, 0.0, 0.0, 0.0, 0.0, 1.0], "bins": [-197.87628173828125, -193.8574676513672, -189.83863830566406, -185.81982421875, -181.80099487304688, -177.7821807861328, -173.76336669921875, -169.74453735351562, -165.72572326660156, -161.70689392089844, -157.68807983398438, -153.66925048828125, -149.6504364013672, -145.63162231445312, -141.61279296875, -137.59397888183594, -133.57516479492188, -129.55633544921875, -125.53751373291016, -121.5186996459961, -117.4998779296875, -113.4810562133789, -109.46223449707031, -105.44341278076172, -101.42459106445312, -97.40577697753906, -93.38695526123047, -89.36813354492188, -85.34931182861328, -81.33049011230469, -77.31167602539062, -73.29285430908203, -69.2740249633789, -65.25520324707031, -61.23638153076172, -57.217567443847656, -53.19874572753906, -49.17992401123047, -45.161102294921875, -41.14228057861328, -37.12346649169922, -33.104644775390625, -29.08582305908203, -25.067001342773438, -21.048179626464844, -17.02935791015625, -13.010543823242188, -8.991722106933594, -4.972900390625, -0.9540786743164062, 3.064739227294922, 7.083560943603516, 11.102378845214844, 15.121200561523438, 19.14002227783203, 23.15884017944336, 27.177661895751953, 31.196481704711914, 35.215301513671875, 39.23412322998047, 43.25294494628906, 47.27176284790039, 51.290584564208984, 55.30940246582031, 59.328224182128906]}, "gradients/graph_4linear.3.weight": {"_type": "histogram", "values": [1.0, 0.0, 0.0, 1.0, 0.0, 1.0, 1.0, 0.0, 1.0, 1.0, 0.0, 0.0, 0.0, 1.0, 0.0, 0.0, 3.0, 1.0, 0.0, 1.0, 0.0, 1.0, 2.0, 1.0, 3.0, 0.0, 1.0, 4.0, 7.0, 1.0, 1.0, 0.0, 3.0, 3.0, 2.0, 5.0, 2.0, 0.0, 2.0, 2.0, 3.0, 0.0, 1.0, 1.0, 0.0, 0.0, 0.0, 0.0, 0.0, 16317.0, 2.0, 1.0, 1.0, 0.0, 3.0, 0.0, 1.0, 0.0, 1.0, 0.0, 0.0, 0.0, 0.0, 1.0], "bins": [-2191.54248046875, -2147.03271484375, -2102.52294921875, -2058.013427734375, -2013.503662109375, -1968.993896484375, -1924.4842529296875, -1879.9744873046875, -1835.46484375, -1790.955078125, -1746.4454345703125, -1701.9356689453125, -1657.426025390625, -1612.916259765625, -1568.406494140625, -1523.8968505859375, -1479.38720703125, -1434.87744140625, -1390.36767578125, -1345.8580322265625, -1301.348388671875, -1256.838623046875, -1212.328857421875, -1167.8192138671875, -1123.3094482421875, -1078.7998046875, -1034.2900390625, -989.7803955078125, -945.2706298828125, -900.760986328125, -856.251220703125, -811.7415771484375, -767.2318115234375, -722.7220458984375, -678.21240234375, -633.70263671875, -589.1929931640625, -544.6832275390625, -500.173583984375, -455.663818359375, -411.1541748046875, -366.6444091796875, -322.13470458984375, -277.625, -233.11529541015625, -188.6055908203125, -144.09588623046875, -99.586181640625, -55.07647705078125, -10.5667724609375, 33.94293212890625, 78.45263671875, 122.96234130859375, 167.47207641601562, 211.98178100585938, 256.4914855957031, 301.0011901855469, 345.5108947753906, 390.0205993652344, 434.53033447265625, 479.0400390625, 523.5497436523438, 568.0594482421875, 612.5691528320312, 657.078857421875]}, "gradients/graph_4linear.0.bias": {"_type": "histogram", "values": [1.0, 0.0, 0.0, 0.0, 0.0, 0.0, 0.0, 0.0, 0.0, 0.0, 0.0, 0.0, 0.0, 0.0, 0.0, 0.0, 0.0, 0.0, 0.0, 0.0, 0.0, 0.0, 0.0, 0.0, 0.0, 0.0, 0.0, 0.0, 0.0, 0.0, 0.0, 0.0, 0.0, 0.0, 0.0, 0.0, 0.0, 0.0, 0.0, 0.0, 0.0, 0.0, 0.0, 0.0, 0.0, 0.0, 0.0, 0.0, 0.0, 0.0, 0.0, 0.0, 0.0, 0.0, 0.0, 0.0, 0.0, 0.0, 0.0, 0.0, 0.0, 0.0, 0.0, 127.0], "bins": [-2145.0751953125, -2111.558349609375, -2078.04150390625, -2044.5247802734375, -2011.008056640625, -1977.4912109375, -1943.974365234375, -1910.4576416015625, -1876.9407958984375, -1843.424072265625, -1809.9072265625, -1776.390380859375, -1742.87353515625, -1709.3568115234375, -1675.8399658203125, -1642.3232421875, -1608.806396484375, -1575.28955078125, -1541.7728271484375, -1508.2559814453125, -1474.7392578125, -1441.222412109375, -1407.70556640625, -1374.188720703125, -1340.6719970703125, -1307.1552734375, -1273.638427734375, -1240.12158203125, -1206.604736328125, -1173.0880126953125, -1139.5711669921875, -1106.054443359375, -1072.53759765625, -1039.020751953125, -1005.5040283203125, -971.9871826171875, -938.4703979492188, -904.95361328125, -871.436767578125, -837.9199829101562, -804.4031982421875, -770.8864135742188, -737.36962890625, -703.852783203125, -670.3359985351562, -636.8192138671875, -603.3023681640625, -569.7855834960938, -536.268798828125, -502.75201416015625, -469.2351989746094, -435.7183837890625, -402.20159912109375, -368.684814453125, -335.1679992675781, -301.65118408203125, -268.1343994140625, -234.6175994873047, -201.10079956054688, -167.58399963378906, -134.06719970703125, -100.55039978027344, -67.03359985351562, -33.51679992675781, 0.0]}, "gradients/graph_4linear.0.weight": {"_type": "histogram",