{"Linear loss": 14211.0400390625, "_timestamp": 1715770810.3107324, "_runtime": 81.63391447067261, "_step": 1809, "gradients/graph_30linear.5.bias": {"_type": "histogram", "values": [6.0, 0.0, 0.0, 4.0, 0.0, 0.0, 0.0, 0.0, 0.0, 0.0, 0.0, 0.0, 0.0, 0.0, 0.0, 0.0, 0.0, 0.0, 0.0, 0.0, 0.0, 0.0, 0.0, 0.0, 0.0, 0.0, 0.0, 0.0, 12.0, 0.0, 0.0, 2.0, 47.0, 0.0, 0.0, 13.0, 0.0, 0.0, 0.0, 0.0, 0.0, 0.0, 0.0, 0.0, 0.0, 0.0, 0.0, 0.0, 0.0, 0.0, 0.0, 0.0, 0.0, 0.0, 0.0, 0.0, 0.0, 1.0, 0.0, 0.0, 3.0, 0.0, 0.0, 8.0], "bins": [-200.0, -193.75, -187.5, -181.25, -175.0, -168.75, -162.5, -156.25, -150.0, -143.75, -137.5, -131.25, -125.0, -118.75, -112.5, -106.25, -100.0, -93.75, -87.5, -81.25, -75.0, -68.75, -62.5, -56.25, -50.0, -43.75, -37.5, -31.25, -25.0, -18.75, -12.5, -6.25, 0.0, 6.25, 12.5, 18.75, 25.0, 31.25, 37.5, 43.75, 50.0, 56.25, 62.5, 68.75, 75.0, 81.25, 87.5, 93.75, 100.0, 106.25, 112.5, 118.75, 125.0, 131.25, 137.5, 143.75, 150.0, 156.25, 162.5, 168.75, 175.0, 181.25, 187.5, 193.75, 200.0]}, "gradients/graph_30linear.5.weight": {"_type": "histogram", "values": [6.0, 6.0, 0.0, 4.0, 4.0, 0.0, 0.0, 0.0, 0.0, 0.0, 0.0, 0.0, 0.0, 0.0, 0.0, 0.0, 0.0, 0.0, 0.0, 0.0, 0.0, 0.0, 0.0, 0.0, 16.0, 4.0, 0.0, 0.0, 24.0, 0.0, 0.0, 32.0, 12118.0, 0.0, 0.0, 26.0, 0.0, 0.0, 5.0, 19.0, 0.0, 0.0, 0.0, 0.0, 0.0, 0.0, 0.0, 0.0, 0.0, 0.0, 0.0, 0.0, 0.0, 0.0, 0.0, 0.0, 1.0, 1.0, 0.0, 3.0, 3.0, 0.0, 8.0, 8.0], "bins": [-818.7963256835938, -793.2089233398438, -767.62158203125, -742.0341796875, -716.44677734375, -690.859375, -665.2720336914062, -639.6846313476562, -614.0972290039062, -588.5098876953125, -562.9224853515625, -537.3350830078125, -511.7477111816406, -486.1603088378906, -460.57293701171875, -434.98553466796875, -409.3981628417969, -383.810791015625, -358.223388671875, -332.6360168457031, -307.0486145019531, -281.46124267578125, -255.87384033203125, -230.28643798828125, -204.6990966796875, -179.1116943359375, -153.5242919921875, -127.93695068359375, -102.34954833984375, -76.76214599609375, -51.17474365234375, -25.58740234375, 0.0, 25.58740234375, 51.17474365234375, 76.76214599609375, 102.34954833984375, 127.93695068359375, 153.5242919921875, 179.1116943359375, 204.6990966796875, 230.28643798828125, 255.87384033203125, 281.46124267578125, 307.0486145019531, 332.6360168457031, 358.223388671875, 383.810791015625, 409.3981628417969, 434.98553466796875, 460.57293701171875, 486.1603088378906, 511.7477111816406, 537.3350830078125, 562.9224853515625, 588.5098876953125, 614.0972290039062, 639.6846313476562, 665.2720336914062, 690.859375, 716.44677734375, 742.0341796875, 767.62158203125, 793.2089233398438, 818.7963256835938]}, "gradients/graph_30linear.3.bias": {"_type": "histogram", "values": [2.0, 0.0, 0.0, 0.0, 0.0, 0.0, 0.0, 0.0, 0.0, 0.0, 0.0, 0.0, 0.0, 0.0, 0.0, 0.0, 0.0, 0.0, 0.0, 0.0, 0.0, 0.0, 0.0, 0.0, 0.0, 0.0, 0.0, 0.0, 0.0, 0.0, 0.0, 0.0, 0.0, 0.0, 0.0, 0.0, 0.0, 124.0, 0.0, 0.0, 0.0, 0.0, 0.0, 0.0, 1.0, 0.0, 0.0, 0.0, 0.0, 0.0, 0.0, 0.0, 0.0, 0.0, 0.0, 0.0, 0.0, 0.0, 0.0, 0.0, 0.0, 0.0, 0.0, 1.0], "bins": [-85.58756256103516, -83.29969787597656, -81.0118408203125, -78.7239761352539, -76.43611145019531, -74.14825439453125, -71.86038970947266, -69.57252502441406, -67.28466796875, -64.99681091308594, -62.708946228027344, -60.42108154296875, -58.13322067260742, -55.845359802246094, -53.5574951171875, -51.26963424682617, -48.981773376464844, -46.693912506103516, -44.40605163574219, -42.118186950683594, -39.830326080322266, -37.54246520996094, -35.254600524902344, -32.966739654541016, -30.678878784179688, -28.39101791381836, -26.10315704345703, -23.815292358398438, -21.527427673339844, -19.23957061767578, -16.951705932617188, -14.663848876953125, -12.375988006591797, -10.088123321533203, -7.800266265869141, -5.512401580810547, -3.2245445251464844, -0.9366798400878906, 1.3511848449707031, 3.6390457153320312, 5.926906585693359, 8.214767456054688, 10.502628326416016, 12.79049301147461, 15.078353881835938, 17.366214752197266, 19.65407943725586, 21.941940307617188, 24.229801177978516, 26.517662048339844, 28.805522918701172, 31.093387603759766, 33.381248474121094, 35.66910934448242, 37.95697021484375, 40.244834899902344, 42.53269577026367, 44.820556640625, 47.108421325683594, 49.39628219604492, 51.68414306640625, 53.97200393676758, 56.259864807128906, 58.5477294921875, 60.83559036254883]}, "gradients/graph_30linear.3.weight": {"_type": "histogram", "values": [2.0, 0.0, 0.0, 0.0, 0.0, 0.0, 0.0, 0.0, 0.0, 0.0, 0.0, 0.0, 0.0, 0.0, 0.0, 0.0, 0.0, 0.0, 0.0, 2.0, 0.0, 0.0, 0.0, 0.0, 0.0, 0.0, 0.0, 0.0, 0.0, 0.0, 0.0, 0.0, 0.0, 0.0, 0.0, 0.0, 0.0, 16376.0, 0.0, 0.0, 1.0, 0.0, 0.0, 0.0, 1.0, 0.0, 0.0, 0.0, 0.0, 0.0, 1.0, 0.0, 0.0, 0.0, 0.0, 0.0, 0.0, 0.0, 0.0, 0.0, 0.0, 0.0, 0.0, 1.0], "bins": [-2416.77734375, -2352.173828125, -2287.5703125, -2222.967041015625, -2158.363525390625, -2093.760009765625, -2029.1566162109375, -1964.55322265625, -1899.94970703125, -1835.34619140625, -1770.7427978515625, -1706.139404296875, -1641.535888671875, -1576.932373046875, -1512.3289794921875, -1447.7255859375, -1383.1220703125, -1318.5185546875, -1253.9151611328125, -1189.311767578125, -1124.708251953125, -1060.104736328125, -995.5013427734375, -930.89794921875, -866.29443359375, -801.69091796875, -737.0875244140625, -672.484130859375, -607.880615234375, -543.277099609375, -478.6737060546875, -414.0703125, -349.466552734375, -284.863037109375, -220.2596435546875, -155.65625, -91.052734375, -26.44921875, 38.1541748046875, 102.757568359375, 167.361083984375, 231.964599609375, 296.5679931640625, 361.17138671875, 425.77490234375, 490.37841796875, 554.9818115234375, 619.585205078125, 684.188720703125, 748.7921752929688, 813.3956298828125, 877.9990844726562, 942.6025390625, 1007.2059936523438, 1071.8094482421875, 1136.412841796875, 1201.016357421875, 1265.619873046875, 1330.2232666015625, 1394.82666015625, 1459.43017578125, 1524.03369140625, 1588.6370849609375, 1653.240478515625, 1717.843994140625]}, "gradients/graph_30linear.0.bias": {"_type": "histogram", "values": [1.0, 0.0, 0.0, 0.0, 0.0, 0.0, 0.0, 0.0, 0.0, 0.0, 0.0, 0.0, 0.0, 0.0, 0.0, 0.0, 0.0, 0.0, 0.0, 0.0, 0.0, 0.0, 0.0, 0.0, 0.0, 0.0, 0.0, 0.0, 0.0, 0.0, 0.0, 0.0, 0.0, 0.0, 0.0, 0.0, 0.0, 0.0, 0.0, 0.0, 0.0, 0.0, 0.0, 0.0, 0.0, 0.0, 0.0, 0.0, 0.0, 0.0, 0.0, 0.0, 0.0, 0.0, 0.0, 0.0, 0.0, 126.0, 0.0, 0.0, 0.0, 0.0, 0.0, 1.0], "bins": [-230.40789794921875, -226.38204956054688, -222.356201171875, -218.3303680419922, -214.3045196533203, -210.27867126464844, -206.25282287597656, -202.2269744873047, -198.20114135742188, -194.17529296875, -190.14944458007812, -186.12359619140625, -182.09774780273438, -178.0718994140625, -174.04605102539062, -170.0202178955078, -165.99436950683594, -161.96852111816406, -157.94268798828125, -153.91683959960938, -149.8909912109375, -145.86514282226562, -141.83929443359375, -137.81344604492188, -133.78759765625, -129.76174926757812, -125.73591613769531, -121.71006774902344, -117.68421936035156, -113.65837860107422, -109.63253021240234, -105.606689453125, -101.58082580566406, -97.55497741699219, -93.52914428710938, -89.5032958984375, -85.47744750976562, -81.45159912109375, -77.42575073242188, -73.39991760253906, -69.37406921386719, -65.34822082519531, -61.3223762512207, -57.29652786254883, -53.27067947387695, -49.24483871459961, -45.218990325927734, -41.19314956665039, -37.167301177978516, -33.141456604003906, -29.115612030029297, -25.089763641357422, -21.063919067382812, -17.038074493408203, -13.012226104736328, -8.986381530761719, -4.960536956787109, -0.9346923828125, 3.091154098510742, 7.117000579833984, 11.142845153808594, 15.16869068145752, 19.194536209106445, 23.220382690429688, 27.246227264404297]}, "gradients/graph_30linear.0.weight": {"_type": "histogram",