{"gradients/graph_22linear.5.bias": {"_type": "histogram", "values": [2.0, 4.0, 4.0, 7.0, 5.0, 4.0, 3.0, 1.0, 1.0, 2.0, 1.0, 1.0, 1.0, 1.0, 3.0, 6.0, 11.0, 4.0, 3.0, 0.0, 2.0, 1.0, 1.0, 0.0, 0.0, 0.0, 0.0, 0.0, 0.0, 0.0, 0.0, 0.0, 0.0, 0.0, 0.0, 0.0, 0.0, 0.0, 0.0, 0.0, 0.0, 0.0, 0.0, 0.0, 0.0, 0.0, 0.0, 0.0, 0.0, 0.0, 0.0, 0.0, 0.0, 0.0, 0.0, 3.0, 2.0, 2.0, 4.0, 6.0, 4.0, 4.0, 0.0, 3.0], "bins": [-0.5754715800285339, -0.5573983788490295, -0.5393251776695251, -0.5212519764900208, -0.5031787753105164, -0.48510557413101196, -0.4670323431491852, -0.4489591419696808, -0.4308859407901764, -0.412812739610672, -0.3947395384311676, -0.3766663074493408, -0.3585931062698364, -0.34051990509033203, -0.32244670391082764, -0.30437350273132324, -0.28630030155181885, -0.26822710037231445, -0.25015389919281006, -0.23208069801330566, -0.21400749683380127, -0.1959342658519745, -0.1778610646724701, -0.1597878634929657, -0.1417146623134613, -0.12364146113395691, -0.10556825995445251, -0.08749505877494812, -0.06942182779312134, -0.05134862661361694, -0.03327542543411255, -0.015202224254608154, 0.0028709769248962402, 0.020944178104400635, 0.03901737928390503, 0.057090580463409424, 0.07516378164291382, 0.0932370126247406, 0.111310213804245, 0.1293834149837494, 0.14745661616325378, 0.16552981734275818, 0.18360301852226257, 0.20167621970176697, 0.21974945068359375, 0.23782265186309814, 0.25589585304260254, 0.27396905422210693, 0.29204225540161133, 0.3101154565811157, 0.3281886577606201, 0.3462618589401245, 0.3643350601196289, 0.3824082612991333, 0.4004814922809601, 0.4185546934604645, 0.43662789463996887, 0.45470109581947327, 0.47277429699897766, 0.49084752798080444, 0.5089207291603088, 0.5269939303398132, 0.5450671315193176, 0.563140332698822, 0.5812135338783264]}, "_timestamp": 1715852440.8434277, "gradients/graph_22linear.5.weight": {"_type": "histogram", "values": [5.0, 13.0, 20.0, 37.0, 51.0, 52.0, 65.0, 64.0, 75.0, 88.0, 80.0, 91.0, 107.0, 135.0, 186.0, 216.0, 227.0, 244.0, 277.0, 335.0, 369.0, 432.0, 497.0, 415.0, 463.0, 540.0, 501.0, 460.0, 391.0, 372.0, 305.0, 2123.0, 132.0, 104.0, 53.0, 131.0, 91.0, 112.0, 149.0, 143.0, 120.0, 179.0, 195.0, 175.0, 124.0, 119.0, 117.0, 154.0, 144.0, 121.0, 96.0, 78.0, 66.0, 76.0, 66.0, 64.0, 58.0, 50.0, 49.0, 35.0, 24.0, 13.0, 7.0, 7.0], "bins": [-3.5533900260925293, -3.4417924880981445, -3.330195188522339, -3.218597888946533, -3.1070003509521484, -2.9954028129577637, -2.883805513381958, -2.7722082138061523, -2.6606106758117676, -2.549013137817383, -2.437415838241577, -2.3258185386657715, -2.2142210006713867, -2.102623462677002, -1.9910261631011963, -1.879428744316101, -1.7678313255310059, -1.6562339067459106, -1.5446364879608154, -1.4330391883850098, -1.321441650390625, -1.2098441123962402, -1.0982468128204346, -0.9866495132446289, -0.8750519752502441, -0.7634544372558594, -0.6518571376800537, -0.540259838104248, -0.4286623001098633, -0.3170647621154785, -0.20546746253967285, -0.09387016296386719, 0.01772761344909668, 0.12932515144348145, 0.2409224510192871, 0.3525197505950928, 0.46411728858947754, 0.5757148265838623, 0.687312126159668, 0.7989094257354736, 0.9105069637298584, 1.0221045017242432, 1.1337018013000488, 1.2452991008758545, 1.3568966388702393, 1.468494176864624, 1.5800914764404297, 1.691688895225525, 1.8032863140106201, 1.9148837327957153, 2.0264811515808105, 2.1380786895751953, 2.249675989151001, 2.3612732887268066, 2.4728708267211914, 2.584468364715576, 2.696065664291382, 2.8076629638671875, 2.9192605018615723, 3.030858039855957, 3.1424553394317627, 3.2540526390075684, 3.365650177001953, 3.477247714996338, 3.5888450145721436]}, "gradients/graph_22linear.3.bias": {"_type": "histogram", "values": [1.0, 1.0, 1.0, 0.0, 0.0, 0.0, 0.0, 0.0, 2.0, 1.0, 4.0, 3.0, 8.0, 8.0, 10.0, 8.0, 5.0, 9.0, 9.0, 7.0, 7.0, 5.0, 3.0, 5.0, 5.0, 1.0, 2.0, 1.0, 2.0, 0.0, 1.0, 0.0, 0.0, 0.0, 0.0, 0.0, 0.0, 0.0, 0.0, 0.0, 0.0, 0.0, 0.0, 0.0, 0.0, 0.0, 0.0, 0.0, 0.0, 0.0, 0.0, 0.0, 0.0, 0.0, 0.0, 0.0, 0.0, 0.0, 0.0, 0.0, 0.0, 0.0, 0.0, 19.0], "bins": [-3.1069676876068115, -3.0584213733673096, -3.0098750591278076, -2.9613285064697266, -2.9127821922302246, -2.8642358779907227, -2.8156895637512207, -2.7671430110931396, -2.7185966968536377, -2.6700503826141357, -2.621504068374634, -2.5729575157165527, -2.524411201477051, -2.475864887237549, -2.427318572998047, -2.378772258758545, -2.330225706100464, -2.281679391860962, -2.23313307762146, -2.184586524963379, -2.136040210723877, -2.087493896484375, -2.038947582244873, -1.9904011487960815, -1.9418548345565796, -1.893308401107788, -1.8447620868682861, -1.7962156534194946, -1.7476693391799927, -1.6991229057312012, -1.6505765914916992, -1.6020301580429077, -1.5534838438034058, -1.5049375295639038, -1.4563910961151123, -1.4078447818756104, -1.3592983484268188, -1.310752034187317, -1.2622056007385254, -1.2136592864990234, -1.165112853050232, -1.11656653881073, -1.0680201053619385, -1.0194737911224365, -0.9709274172782898, -0.9223810434341431, -0.8738346695899963, -0.8252882957458496, -0.7767419219017029, -0.7281955480575562, -0.6796491742134094, -0.6311028003692627, -0.582556426525116, -0.5340100526809692, -0.4854637086391449, -0.43691733479499817, -0.38837096095085144, -0.3398245871067047, -0.291278213262558, -0.24273185431957245, -0.19418548047542572, -0.145639106631279, -0.09709274023771286, -0.04854637011885643, 0.0]}, "gradients/graph_22linear.3.weight": {"_type": "histogram", "values": [1.0, 1.0, 1.0, 0.0, 0.0, 0.0, 0.0, 0.0, 2.0, 1.0, 4.0, 3.0, 8.0, 8.0, 10.0, 8.0, 5.0, 10.0, 9.0, 9.0, 7.0, 5.0, 3.0, 5.0, 8.0, 5.0, 9.0, 13.0, 14.0, 13.0, 11.0, 11.0, 11.0, 10.0, 16.0, 19.0, 18.0, 18.0, 21.0, 25.0, 26.0, 24.0, 21.0, 18.0, 12.0, 7.0, 3.0, 2.0, 1.0, 0.0, 1.0, 2.0, 6.0, 34.0, 36.0, 23.0, 6.0, 1.0, 0.0, 0.0, 0.0, 0.0, 0.0, 15839.0], "bins": [-81.53520202636719, -80.26121520996094, -78.98722839355469, -77.71324157714844, -76.43925476074219, -75.16526794433594, -73.89127349853516, -72.6172866821289, -71.34329986572266, -70.0693130493164, -68.79532623291016, -67.5213394165039, -66.24735260009766, -64.9733657836914, -63.699378967285156, -62.42538833618164, -61.15140151977539, -59.87741470336914, -58.603424072265625, -57.329437255859375, -56.055450439453125, -54.781463623046875, -53.507476806640625, -52.233489990234375, -50.959503173828125, -49.685516357421875, -48.41152572631836, -47.13753890991211, -45.86355209350586, -44.58956527709961, -43.315574645996094, -42.041587829589844, -40.767601013183594, -39.493614196777344, -38.219627380371094, -36.94563674926758, -35.67164993286133, -34.39766311645508, -33.12367630004883, -31.849687576293945, -30.575700759887695, -29.301713943481445, -28.027725219726562, -26.753738403320312, -25.479751586914062, -24.20576286315918, -22.93177604675293, -21.657787322998047, -20.383800506591797, -19.109813690185547, -17.835824966430664, -16.561838150024414, -15.287850379943848, -14.013862609863281, -12.739875793457031, -11.465888023376465, -10.191900253295898, -8.917912483215332, -7.643925189971924, -6.369937896728516, -5.095950126647949, -3.821962594985962, -2.5479750633239746, -1.2739875316619873, -0.0]}, "gradients/graph_22linear.0.bias": {"_type": "histogram", "values": [1.0, 0.0, 0.0, 0.0, 0.0, 0.0, 0.0, 0.0, 0.0, 0.0, 0.0, 0.0, 0.0, 0.0, 1.0, 0.0, 0.0, 0.0, 0.0, 1.0, 0.0, 1.0, 0.0, 1.0, 0.0, 0.0, 0.0, 0.0, 0.0, 0.0, 0.0, 0.0, 0.0, 0.0, 0.0, 0.0, 0.0, 0.0, 0.0, 0.0, 0.0, 0.0, 0.0, 0.0, 0.0, 0.0, 0.0, 0.0, 0.0, 0.0, 0.0, 0.0, 0.0, 0.0, 0.0, 0.0, 0.0, 0.0, 0.0, 0.0, 0.0, 0.0, 0.0, 123.0],