{"gradients/graph_21linear.5.bias": {"_type": "histogram", "values": [1.0, 0.0, 0.0, 0.0, 0.0, 1.0, 0.0, 0.0, 1.0, 1.0, 1.0, 1.0, 1.0, 0.0, 0.0, 2.0, 2.0, 1.0, 8.0, 2.0, 6.0, 11.0, 12.0, 6.0, 1.0, 0.0, 0.0, 2.0, 2.0, 0.0, 0.0, 0.0, 0.0, 1.0, 0.0, 2.0, 1.0, 4.0, 2.0, 2.0, 1.0, 0.0, 1.0, 0.0, 1.0, 3.0, 1.0, 2.0, 3.0, 1.0, 2.0, 1.0, 2.0, 1.0, 0.0, 0.0, 1.0, 0.0, 1.0, 0.0, 0.0, 0.0, 0.0, 1.0], "bins": [-0.7324482202529907, -0.7085192203521729, -0.684590220451355, -0.6606612205505371, -0.6367322206497192, -0.6128032207489014, -0.5888742208480835, -0.5649452805519104, -0.5410162806510925, -0.5170872807502747, -0.4931582808494568, -0.4692292809486389, -0.44530028104782104, -0.4213712811470032, -0.3974423110485077, -0.3735133111476898, -0.34958431124687195, -0.3256553113460541, -0.3017263114452362, -0.2777973413467407, -0.25386834144592285, -0.22993934154510498, -0.2060103416442871, -0.18208134174346924, -0.15815234184265137, -0.1342233419418335, -0.11029434204101562, -0.08636540174484253, -0.06243640184402466, -0.03850740194320679, -0.014578402042388916, 0.009350597858428955, 0.033279597759246826, 0.0572085976600647, 0.08113759756088257, 0.10506659746170044, 0.1289955973625183, 0.15292459726333618, 0.17685353755950928, 0.20078253746032715, 0.22471153736114502, 0.2486405372619629, 0.27256953716278076, 0.29649853706359863, 0.3204275369644165, 0.3443565368652344, 0.36828550696372986, 0.39221450686454773, 0.4161435067653656, 0.44007250666618347, 0.46400150656700134, 0.4879304766654968, 0.5118594765663147, 0.5357884764671326, 0.5597174763679504, 0.5836464762687683, 0.6075754761695862, 0.631504476070404, 0.6554334163665771, 0.679362416267395, 0.7032914161682129, 0.7272204160690308, 0.7511494159698486, 0.7750784158706665, 0.7990074157714844]}, "_timestamp": 1715780653.480735, "gradients/graph_21linear.5.weight": {"_type": "histogram", "values": [1.0, 0.0, 0.0, 0.0, 0.0, 1.0, 0.0, 0.0, 1.0, 1.0, 1.0, 1.0, 1.0, 0.0, 0.0, 2.0, 2.0, 1.0, 8.0, 2.0, 7.0, 11.0, 15.0, 11.0, 12.0, 18.0, 40.0, 107.0, 269.0, 392.0, 4618.0, 256.0, 125.0, 74.0, 57.0, 39.0, 21.0, 15.0, 6.0, 6.0, 1.0, 1.0, 1.0, 0.0, 1.0, 3.0, 1.0, 2.0, 3.0, 1.0, 2.0, 1.0, 2.0, 1.0, 0.0, 0.0, 1.0, 0.0, 1.0, 0.0, 0.0, 0.0, 0.0, 1.0], "bins": [-42.030052185058594, -40.65693664550781, -39.283817291259766, -37.910701751708984, -36.5375862121582, -35.164466857910156, -33.791351318359375, -32.418235778808594, -31.04511833190918, -29.672000885009766, -28.298885345458984, -26.92576789855957, -25.552650451660156, -24.179534912109375, -22.80641746520996, -21.43330192565918, -20.060184478759766, -18.68706703186035, -17.31395149230957, -15.940834045410156, -14.567718505859375, -13.194601058959961, -11.821483612060547, -10.448368072509766, -9.075248718261719, -7.7021331787109375, -6.329017639160156, -4.955902099609375, -3.582782745361328, -2.209667205810547, -0.8365516662597656, 0.5365676879882812, 1.9096794128417969, 3.282794952392578, 4.655914306640625, 6.029029846191406, 7.4021453857421875, 8.775264739990234, 10.148380279541016, 11.521495819091797, 12.894611358642578, 14.267730712890625, 15.640846252441406, 17.01396369934082, 18.387081146240234, 19.760196685791016, 21.13331413269043, 22.50642967224121, 23.879547119140625, 25.25266456604004, 26.62578010559082, 27.998897552490234, 29.372013092041016, 30.74513053894043, 32.118247985839844, 33.491363525390625, 34.864479064941406, 36.23759841918945, 37.610713958740234, 38.98383331298828, 40.35694885253906, 41.730064392089844, 43.103179931640625, 44.47629928588867, 45.84941482543945]}, "gradients/graph_21linear.3.bias": {"_type": "histogram", "values": [1.0, 0.0, 0.0, 0.0, 0.0, 0.0, 1.0, 1.0, 0.0, 0.0, 0.0, 1.0, 0.0, 1.0, 0.0, 0.0, 0.0, 0.0, 1.0, 0.0, 2.0, 1.0, 0.0, 1.0, 0.0, 0.0, 1.0, 0.0, 2.0, 1.0, 0.0, 0.0, 41.0, 1.0, 1.0, 1.0, 1.0, 0.0, 1.0, 0.0, 0.0, 0.0, 1.0, 0.0, 0.0, 0.0, 1.0, 0.0, 0.0, 1.0, 0.0, 0.0, 0.0, 0.0, 0.0, 0.0, 0.0, 0.0, 0.0, 0.0, 0.0, 0.0, 0.0, 1.0], "bins": [-0.871378481388092, -0.8444361686706543, -0.8174938559532166, -0.7905516028404236, -0.7636092901229858, -0.7366669774055481, -0.7097246646881104, -0.6827824115753174, -0.6558400988578796, -0.6288977861404419, -0.6019554734230042, -0.5750131607055664, -0.5480709075927734, -0.5211285948753357, -0.49418628215789795, -0.4672439992427826, -0.44030168652534485, -0.4133593738079071, -0.38641709089279175, -0.359474778175354, -0.33253246545791626, -0.3055902123451233, -0.27864789962768555, -0.2517055869102478, -0.22476327419281006, -0.19782096147537231, -0.17087870836257935, -0.1439363956451416, -0.11699408292770386, -0.09005177021026611, -0.06310951709747314, -0.0361672043800354, -0.009224891662597656, 0.017717421054840088, 0.04465973377227783, 0.0716019868850708, 0.09854429960250854, 0.1254866123199463, 0.15242892503738403, 0.179371178150177, 0.20631349086761475, 0.2332558035850525, 0.26019811630249023, 0.287140429019928, 0.31408268213272095, 0.3410249948501587, 0.36796730756759644, 0.3949095904827118, 0.42185190320014954, 0.4487942159175873, 0.47573649883270264, 0.5026788115501404, 0.5296211242675781, 0.5565633773803711, 0.5835056900978088, 0.6104480028152466, 0.6373903155326843, 0.6643326282501221, 0.691274881362915, 0.7182171940803528, 0.7451595067977905, 0.7721018195152283, 0.7990440726280212, 0.825986385345459, 0.8529286980628967]}, "gradients/graph_21linear.3.weight": {"_type": "histogram", "values": [1.0, 1.0, 0.0, 0.0, 0.0, 1.0, 1.0, 2.0, 1.0, 0.0, 1.0, 4.0, 2.0, 1.0, 4.0, 2.0, 3.0, 1.0, 3.0, 2.0, 6.0, 3.0, 4.0, 6.0, 8.0, 5.0, 7.0, 5.0, 12.0, 17.0, 9.0, 13.0, 3898.0, 18.0, 12.0, 7.0, 5.0, 3.0, 4.0, 1.0, 2.0, 3.0, 4.0, 3.0, 0.0, 1.0, 2.0, 0.0, 1.0, 1.0, 0.0, 0.0, 2.0, 0.0, 1.0, 0.0, 0.0, 0.0, 1.0, 0.0, 0.0, 0.0, 1.0, 1.0], "bins": [-23.74471092224121, -23.010543823242188, -22.276376724243164, -21.54220962524414, -20.80804443359375, -20.073877334594727, -19.339710235595703, -18.60554313659668, -17.871376037597656, -17.137210845947266, -16.403043746948242, -15.668876647949219, -14.934709548950195, -14.200543403625488, -13.466376304626465, -12.732210159301758, -11.998043060302734, -11.263875961303711, -10.529709815979004, -9.79554271697998, -9.061376571655273, -8.32720947265625, -7.593042373657227, -6.858875274658203, -6.12470817565918, -5.390542984008789, -4.656375885009766, -3.922208786010742, -3.1880416870117188, -2.4538745880126953, -1.7197093963623047, -0.9855422973632812, -0.251373291015625, 0.48279380798339844, 1.2169609069824219, 1.9511260986328125, 2.685293197631836, 3.4194602966308594, 4.153627395629883, 4.887794494628906, 5.621959686279297, 6.35612678527832, 7.090293884277344, 7.824460983276367, 8.55862808227539, 9.292794227600098, 10.026961326599121, 10.761127471923828, 11.495294570922852, 12.229461669921875, 12.963627815246582, 13.697794914245605, 14.431961059570312, 15.166128158569336, 15.90029525756836, 16.634462356567383, 17.368629455566406, 18.102794647216797, 18.83696174621582, 19.571128845214844, 20.305295944213867, 21.03946304321289, 21.77362823486328, 22.507795333862305, 23.241962432861328]}, "gradients/graph_21linear.0.bias": {"_type": "histogram", "values": [1.0, 0.0, 0.0, 0.0, 0.0, 0.0, 0.0, 0.0, 0.0, 0.0, 0.0, 1.0, 0.0, 0.0, 0.0, 0.0, 0.0, 0.0, 0.0, 0.0, 0.0, 0.0, 0.0, 0.0, 0.0, 1.0, 0.0, 1.0, 0.0, 0.0, 0.0, 0.0, 55.0, 0.0, 1.0, 1.0, 0.0, 0.0, 0.0, 0.0, 0.0, 0.0, 0.0, 0.0, 0.0, 0.0, 0.0, 0.0, 0.0, 1.0, 0.0, 1.0, 0.0, 0.0, 0.0, 0.0, 0.0, 0.0, 0.0, 0.0, 0.0, 0.0, 0.0, 1.0],