{"gradients/graph_27linear.5.bias": {"_type": "histogram", "values": [3.0, 4.0, 2.0, 2.0, 2.0, 0.0, 1.0, 0.0, 2.0, 4.0, 8.0, 7.0, 6.0, 4.0, 3.0, 24.0, 0.0, 0.0, 0.0, 0.0, 0.0, 0.0, 0.0, 3.0, 4.0, 4.0, 4.0, 0.0, 0.0, 0.0, 1.0, 0.0, 2.0, 1.0, 1.0, 1.0, 0.0, 0.0, 0.0, 0.0, 0.0, 0.0, 0.0, 0.0, 1.0, 1.0, 0.0, 0.0, 0.0, 0.0, 0.0, 0.0, 0.0, 0.0, 0.0, 0.0, 0.0, 0.0, 0.0, 0.0, 0.0, 0.0, 0.0, 1.0], "bins": [-0.8572332262992859, -0.812341034412384, -0.7674487829208374, -0.7225565910339355, -0.6776643991470337, -0.6327721476554871, -0.5878799557685852, -0.5429877042770386, -0.4980955123901367, -0.4532032907009125, -0.40831106901168823, -0.3634188771247864, -0.3185266852378845, -0.2736344337463379, -0.22874224185943604, -0.1838499903678894, -0.13895779848098755, -0.0940656065940857, -0.04917335510253906, -0.004281163215637207, 0.040611088275909424, 0.08550328016281128, 0.13039547204971313, 0.175287663936615, 0.22017985582351685, 0.26507216691970825, 0.3099643588066101, 0.35485655069351196, 0.3997487425804138, 0.4446409344673157, 0.4895332455635071, 0.5344254374504089, 0.579317569732666, 0.6242097616195679, 0.6691019535064697, 0.7139942646026611, 0.758886456489563, 0.8037786483764648, 0.8486708402633667, 0.8935630321502686, 0.93845534324646, 0.9833475351333618, 1.0282397270202637, 1.0731319189071655, 1.1180241107940674, 1.1629164218902588, 1.207808494567871, 1.2527008056640625, 1.2975929975509644, 1.3424851894378662, 1.3873775005340576, 1.43226957321167, 1.4771618843078613, 1.5220540761947632, 1.566946268081665, 1.611838459968567, 1.6567306518554688, 1.7016229629516602, 1.746515154838562, 1.7914073467254639, 1.8362995386123657, 1.8811917304992676, 1.926084041595459, 1.9709762334823608, 2.0158684253692627]}, "_timestamp": 1715781384.0616896, "gradients/graph_27linear.5.weight": {"_type": "histogram", "values": [3.0, 4.0, 2.0, 2.0, 2.0, 0.0, 1.0, 0.0, 2.0, 11.0, 31.0, 44.0, 50.0, 59.0, 105.0, 191.0, 308.0, 603.0, 670.0, 420.0, 174.0, 151.0, 67.0, 44.0, 27.0, 29.0, 22.0, 5.0, 4.0, 6.0, 7.0, 5.0, 7.0, 1.0, 2.0, 2.0, 2.0, 1.0, 1.0, 2.0, 0.0, 2.0, 0.0, 0.0, 1.0, 1.0, 0.0, 0.0, 0.0, 0.0, 0.0, 0.0, 0.0, 0.0, 0.0, 0.0, 0.0, 0.0, 0.0, 0.0, 0.0, 0.0, 0.0, 1.0], "bins": [-11.043879508972168, -10.46552562713623, -9.887171745300293, -9.308817863464355, -8.730463981628418, -8.15211009979248, -7.573756217956543, -6.9954023361206055, -6.417048454284668, -5.8386945724487305, -5.260340690612793, -4.6819868087768555, -4.103632926940918, -3.5252790451049805, -2.946925163269043, -2.3685712814331055, -1.790217399597168, -1.2118635177612305, -0.633509635925293, -0.05515575408935547, 0.523198127746582, 1.1015520095825195, 1.679905891418457, 2.2582597732543945, 2.836613655090332, 3.4149675369262695, 3.993321418762207, 4.5716753005981445, 5.150029182434082, 5.7283830642700195, 6.306736946105957, 6.8850908279418945, 7.463445663452148, 8.041799545288086, 8.620153427124023, 9.198507308959961, 9.776861190795898, 10.355215072631836, 10.933568954467773, 11.511922836303711, 12.090276718139648, 12.668630599975586, 13.246984481811523, 13.825338363647461, 14.403692245483398, 14.982046127319336, 15.560400009155273, 16.13875389099121, 16.71710777282715, 17.295461654663086, 17.873815536499023, 18.45216941833496, 19.0305233001709, 19.608877182006836, 20.187231063842773, 20.76558494567871, 21.34393882751465, 21.922292709350586, 22.500646591186523, 23.07900047302246, 23.6573543548584, 24.235708236694336, 24.814062118530273, 25.39241600036621, 25.97076988220215]}, "gradients/graph_27linear.3.bias": {"_type": "histogram", "values": [1.0, 0.0, 0.0, 0.0, 0.0, 0.0, 0.0, 0.0, 0.0, 0.0, 0.0, 0.0, 0.0, 0.0, 0.0, 0.0, 0.0, 0.0, 0.0, 0.0, 0.0, 0.0, 0.0, 0.0, 0.0, 0.0, 0.0, 0.0, 1.0, 0.0, 1.0, 0.0, 0.0, 0.0, 0.0, 0.0, 0.0, 0.0, 2.0, 2.0, 0.0, 2.0, 2.0, 2.0, 1.0, 0.0, 0.0, 0.0, 2.0, 1.0, 4.0, 0.0, 0.0, 0.0, 1.0, 2.0, 1.0, 1.0, 1.0, 0.0, 1.0, 1.0, 0.0, 3.0], "bins": [-24.00501251220703, -23.629934310913086, -23.25485610961914, -22.879777908325195, -22.50469970703125, -22.129621505737305, -21.75454330444336, -21.37946319580078, -21.00438690185547, -20.62930679321289, -20.254228591918945, -19.879150390625, -19.504072189331055, -19.12899398803711, -18.753915786743164, -18.37883758544922, -18.003759384155273, -17.628681182861328, -17.253602981567383, -16.878524780273438, -16.503446578979492, -16.128368377685547, -15.753289222717285, -15.37821102142334, -15.003132820129395, -14.62805461883545, -14.252976417541504, -13.877898216247559, -13.502819061279297, -13.127740859985352, -12.752662658691406, -12.377584457397461, -12.002506256103516, -11.62742805480957, -11.252349853515625, -10.87727165222168, -10.502193450927734, -10.127114295959473, -9.752036094665527, -9.376957893371582, -9.001879692077637, -8.626801490783691, -8.251723289489746, -7.876644611358643, -7.501566410064697, -7.126488208770752, -6.751409530639648, -6.376331329345703, -6.001253128051758, -5.6261749267578125, -5.251096725463867, -4.876018047332764, -4.500939846038818, -4.125861644744873, -3.7507832050323486, -3.375704765319824, -3.000626564025879, -2.6255483627319336, -2.250469923019409, -1.8753916025161743, -1.5003132820129395, -1.1252349615097046, -0.7501566410064697, -0.37507832050323486, 0.0]}, "gradients/graph_27linear.3.weight": {"_type": "histogram", "values": [1.0, 0.0, 0.0, 0.0, 0.0, 0.0, 0.0, 0.0, 0.0, 0.0, 0.0, 0.0, 0.0, 0.0, 0.0, 0.0, 0.0, 0.0, 1.0, 0.0, 0.0, 0.0, 0.0, 0.0, 0.0, 0.0, 0.0, 0.0, 1.0, 0.0, 1.0, 0.0, 0.0, 0.0, 0.0, 0.0, 0.0, 0.0, 3.0, 2.0, 1.0, 2.0, 2.0, 2.0, 1.0, 1.0, 4.0, 0.0, 6.0, 3.0, 5.0, 0.0, 0.0, 4.0, 6.0, 2.0, 5.0, 7.0, 6.0, 8.0, 2.0, 6.0, 3.0, 939.0], "bins": [-144.69395446777344, -142.43310546875, -140.17227172851562, -137.9114227294922, -135.6505889892578, -133.38973999023438, -131.12889099121094, -128.86805725097656, -126.60720825195312, -124.34636688232422, -122.08552551269531, -119.82467651367188, -117.5638427734375, -115.30299377441406, -113.04215240478516, -110.78131103515625, -108.52046203613281, -106.25962829589844, -103.998779296875, -101.7379379272461, -99.47709655761719, -97.21624755859375, -94.95540618896484, -92.69456481933594, -90.43372344970703, -88.17288208007812, -85.91203308105469, -83.65119171142578, -81.39035034179688, -79.12950897216797, -76.86865997314453, -74.60781860351562, -72.34697723388672, -70.08613586425781, -67.8252944946289, -65.56444549560547, -63.30360412597656, -61.042762756347656, -58.781917572021484, -56.52107620239258, -54.260231018066406, -51.9993896484375, -49.738548278808594, -47.47770309448242, -45.216861724853516, -42.956016540527344, -40.69517517089844, -38.434329986572266, -36.17348861694336, -33.91264724731445, -31.65180206298828, -29.390958786010742, -27.130115509033203, -24.869274139404297, -22.608430862426758, -20.34758758544922, -18.08674430847168, -15.82590103149414, -13.565057754516602, -11.304215431213379, -9.04337215423584, -6.782528877258301, -4.52168607711792, -2.26084303855896, -0.0]}, "gradients/graph_27linear.0.bias": {"_type": "histogram", "values": [1.0, 0.0, 0.0, 0.0, 0.0, 0.0, 0.0, 0.0, 0.0, 0.0, 0.0, 0.0, 0.0, 0.0, 0.0, 0.0, 0.0, 0.0, 29.0, 0.0, 0.0, 0.0, 0.0, 0.0, 0.0, 0.0, 0.0, 0.0, 0.0, 0.0, 0.0, 0.0, 0.0, 0.0, 0.0, 0.0, 0.0, 0.0, 0.0, 0.0, 0.0, 0.0, 0.0, 0.0, 0.0, 0.0, 0.0, 0.0, 0.0, 0.0, 0.0, 0.0, 0.0, 0.0, 0.0, 0.0, 0.0, 0.0, 0.0, 0.0, 1.0, 0.0, 0.0, 1.0],