{"gradients/graph_34linear.5.bias": {"_type": "histogram", "values": [2.0, 0.0, 1.0, 0.0, 1.0, 1.0, 1.0, 5.0, 4.0, 5.0, 4.0, 2.0, 3.0, 5.0, 0.0, 1.0, 0.0, 1.0, 9.0, 7.0, 9.0, 2.0, 0.0, 1.0, 1.0, 0.0, 3.0, 1.0, 1.0, 1.0, 4.0, 4.0, 3.0, 3.0, 4.0, 1.0, 2.0, 0.0, 0.0, 0.0, 0.0, 0.0, 2.0, 0.0, 0.0, 0.0, 0.0, 0.0, 0.0, 0.0, 0.0, 0.0, 0.0, 0.0, 0.0, 0.0, 1.0, 0.0, 0.0, 0.0, 0.0, 0.0, 0.0, 1.0], "bins": [-0.41695523262023926, -0.39816558361053467, -0.37937596440315247, -0.3605863153934479, -0.3417966663837433, -0.3230070471763611, -0.3042173981666565, -0.2854277491569519, -0.2666381001472473, -0.2478484809398651, -0.22905883193016052, -0.21026919782161713, -0.19147956371307373, -0.17268991470336914, -0.15390026569366455, -0.13511064648628235, -0.11632099747657776, -0.09753134846687317, -0.07874172925949097, -0.05995208024978638, -0.04116243124008179, -0.022372812032699585, -0.003583163022994995, 0.015206485986709595, 0.0339961051940918, 0.05278575420379639, 0.07157540321350098, 0.09036505222320557, 0.10915470123291016, 0.12794429063796997, 0.14673393964767456, 0.16552358865737915, 0.18431323766708374, 0.20310288667678833, 0.22189253568649292, 0.2406821846961975, 0.2594717741012573, 0.2782614231109619, 0.2970510721206665, 0.3158407211303711, 0.3346303701400757, 0.3534199893474579, 0.3722096383571625, 0.39099928736686707, 0.40978890657424927, 0.42857855558395386, 0.44736820459365845, 0.46615782380104065, 0.48494747281074524, 0.5037370920181274, 0.522526741027832, 0.5413163900375366, 0.5601060390472412, 0.5788956880569458, 0.5976853370666504, 0.616474986076355, 0.6352645754814148, 0.6540542244911194, 0.672843873500824, 0.6916335225105286, 0.7104231715202332, 0.729212760925293, 0.7480024099349976, 0.7667920589447021, 0.7855817079544067]}, "_timestamp": 1715856093.2778819, "gradients/graph_34linear.5.weight": {"_type": "histogram", "values": [2.0, 0.0, 2.0, 1.0, 2.0, 8.0, 10.0, 20.0, 16.0, 43.0, 50.0, 90.0, 142.0, 180.0, 248.0, 331.0, 333.0, 324.0, 233.0, 307.0, 824.0, 790.0, 173.0, 154.0, 213.0, 263.0, 316.0, 289.0, 235.0, 146.0, 101.0, 71.0, 43.0, 26.0, 16.0, 13.0, 20.0, 14.0, 8.0, 7.0, 10.0, 11.0, 6.0, 6.0, 8.0, 6.0, 7.0, 6.0, 2.0, 2.0, 3.0, 3.0, 3.0, 3.0, 1.0, 0.0, 1.0, 0.0, 1.0, 0.0, 0.0, 0.0, 0.0, 1.0], "bins": [-4.767619609832764, -4.552772045135498, -4.337924480438232, -4.123076438903809, -3.908228874206543, -3.6933813095092773, -3.4785337448120117, -3.263686180114746, -3.0488383769989014, -2.8339905738830566, -2.619143009185791, -2.4042954444885254, -2.1894478797912598, -1.974600076675415, -1.7597525119781494, -1.5449047088623047, -1.330057144165039, -1.1152095794677734, -0.9003617763519287, -0.685513973236084, -0.47066640853881836, -0.25581884384155273, -0.04097127914428711, 0.17387628555297852, 0.38872385025024414, 0.603571891784668, 0.8184194564819336, 1.0332670211791992, 1.2481145858764648, 1.4629621505737305, 1.6778101921081543, 1.89265775680542, 2.1075057983398438, 2.3223533630371094, 2.537200927734375, 2.752048969268799, 2.9668965339660645, 3.18174409866333, 3.3965916633605957, 3.6114392280578613, 3.826287269592285, 4.041134834289551, 4.255982398986816, 4.470829963684082, 4.685677528381348, 4.900525093078613, 5.115372657775879, 5.330220699310303, 5.545068264007568, 5.759915828704834, 5.974763870239258, 6.189611434936523, 6.404458999633789, 6.619306564331055, 6.83415412902832, 7.049001693725586, 7.263849258422852, 7.478697299957275, 7.693544864654541, 7.908392429351807, 8.12324047088623, 8.338088035583496, 8.552935600280762, 8.767783164978027, 8.982630729675293]}, "gradients/graph_34linear.3.bias": {"_type": "histogram", "values": [2.0, 1.0, 1.0, 2.0, 3.0, 1.0, 1.0, 2.0, 4.0, 2.0, 2.0, 2.0, 3.0, 3.0, 1.0, 3.0, 2.0, 2.0, 7.0, 3.0, 1.0, 0.0, 3.0, 1.0, 3.0, 0.0, 2.0, 1.0, 0.0, 2.0, 0.0, 0.0, 0.0, 0.0, 0.0, 1.0, 1.0, 1.0, 0.0, 0.0, 0.0, 0.0, 0.0, 0.0, 0.0, 0.0, 0.0, 0.0, 0.0, 0.0, 0.0, 0.0, 0.0, 0.0, 0.0, 0.0, 0.0, 0.0, 0.0, 0.0, 0.0, 0.0, 0.0, 1.0], "bins": [-1.6358304023742676, -1.6102705001831055, -1.584710717201233, -1.5591508150100708, -1.5335910320281982, -1.5080311298370361, -1.4824713468551636, -1.4569114446640015, -1.431351661682129, -1.4057917594909668, -1.3802318572998047, -1.3546720743179321, -1.32911217212677, -1.3035523891448975, -1.2779924869537354, -1.2524325847625732, -1.2268728017807007, -1.2013130187988281, -1.175753116607666, -1.150193214416504, -1.1246334314346313, -1.0990735292434692, -1.0735137462615967, -1.0479538440704346, -1.0223939418792725, -0.9968341588973999, -0.9712743163108826, -0.9457144737243652, -0.9201545715332031, -0.8945947289466858, -0.8690348863601685, -0.8434750437736511, -0.8179152011871338, -0.7923553586006165, -0.7667955160140991, -0.7412356734275818, -0.7156758308410645, -0.6901159286499023, -0.664556086063385, -0.6389962434768677, -0.6134364008903503, -0.587876558303833, -0.5623167157173157, -0.5367568731307983, -0.5111969709396362, -0.4856371581554413, -0.46007728576660156, -0.43451744318008423, -0.4089576005935669, -0.38339775800704956, -0.3578379154205322, -0.3322780430316925, -0.30671820044517517, -0.28115835785865784, -0.2555984854698181, -0.23003864288330078, -0.20447880029678345, -0.1789189577102661, -0.15335910022258759, -0.12779924273490906, -0.10223940014839172, -0.07667955011129379, -0.05111970007419586, -0.02555985003709793, 0.0]}, "gradients/graph_34linear.3.weight": {"_type": "histogram", "values": [2.0, 1.0, 1.0, 3.0, 5.0, 4.0, 4.0, 7.0, 9.0, 4.0, 5.0, 7.0, 9.0, 11.0, 8.0, 11.0, 12.0, 6.0, 20.0, 17.0, 14.0, 32.0, 24.0, 18.0, 25.0, 25.0, 30.0, 32.0, 25.0, 27.0, 24.0, 37.0, 29.0, 29.0, 25.0, 25.0, 31.0, 20.0, 23.0, 19.0, 26.0, 14.0, 20.0, 31.0, 19.0, 23.0, 28.0, 30.0, 33.0, 35.0, 30.0, 46.0, 20.0, 27.0, 19.0, 16.0, 24.0, 31.0, 30.0, 26.0, 7.0, 2.0, 0.0, 2899.0], "bins": [-14.140464782714844, -13.919520378112793, -13.698575019836426, -13.477630615234375, -13.256685256958008, -13.035740852355957, -12.814796447753906, -12.593851089477539, -12.372906684875488, -12.151962280273438, -11.93101692199707, -11.71007251739502, -11.489128112792969, -11.268182754516602, -11.04723834991455, -10.8262939453125, -10.605348587036133, -10.384403228759766, -10.163458824157715, -9.942514419555664, -9.721569061279297, -9.500624656677246, -9.279680252075195, -9.058734893798828, -8.837790489196777, -8.616846084594727, -8.39590072631836, -8.174956321716309, -7.9540114402771, -7.733066558837891, -7.51212215423584, -7.291177272796631, -7.070232391357422, -6.849287509918213, -6.628342628479004, -6.407398223876953, -6.186453342437744, -5.965508460998535, -5.744564056396484, -5.523619174957275, -5.302674293518066, -5.081729412078857, -4.860784530639648, -4.639840126037598, -4.418895244598389, -4.19795036315918, -3.97700572013855, -3.75606107711792, -3.535116195678711, -3.314171314239502, -3.093226671218872, -2.872282028198242, -2.651337146759033, -2.430392265319824, -2.2094476222991943, -1.988502860069275, -1.7675580978393555, -1.546613335609436, -1.3256685733795166, -1.1047238111495972, -0.8837790489196777, -0.6628342866897583, -0.44188952445983887, -0.22094476222991943, -0.0]}, "gradients/graph_34linear.0.bias": {"_type": "histogram", "values": [1.0, 0.0, 0.0, 0.0, 0.0, 0.0, 0.0, 0.0, 0.0, 1.0, 0.0, 0.0, 0.0, 0.0, 0.0, 0.0, 0.0, 0.0, 1.0, 0.0, 0.0, 0.0, 0.0, 0.0, 0.0, 2.0, 1.0, 2.0, 0.0, 0.0, 1.0, 1.0, 0.0, 2.0, 0.0, 0.0, 0.0, 0.0, 1.0, 1.0, 1.0, 1.0, 1.0, 0.0, 1.0, 1.0, 0.0, 0.0, 0.0, 0.0, 0.0, 0.0, 0.0, 0.0, 0.0, 0.0, 0.0, 0.0, 0.0, 0.0, 0.0, 0.0, 0.0, 45.0],