{"gradients/graph_40linear.5.bias": {"_type": "histogram", "values": [1.0, 3.0, 0.0, 0.0, 0.0, 1.0, 0.0, 3.0, 5.0, 3.0, 6.0, 4.0, 3.0, 2.0, 1.0, 1.0, 1.0, 1.0, 6.0, 4.0, 14.0, 4.0, 13.0, 6.0, 5.0, 1.0, 1.0, 3.0, 0.0, 0.0, 0.0, 0.0, 0.0, 0.0, 0.0, 0.0, 0.0, 0.0, 0.0, 0.0, 0.0, 0.0, 0.0, 0.0, 0.0, 0.0, 0.0, 0.0, 0.0, 1.0, 1.0, 0.0, 2.0, 1.0, 3.0, 5.0, 3.0, 2.0, 1.0, 1.0, 2.0, 2.0, 1.0, 3.0], "bins": [-0.5277851819992065, -0.5118169188499451, -0.4958486258983612, -0.47988036274909973, -0.46391206979751587, -0.4479438066482544, -0.4319755434989929, -0.41600728034973145, -0.4000389873981476, -0.3840706944465637, -0.36810243129730225, -0.35213416814804077, -0.3361659049987793, -0.32019761204719543, -0.30422934889793396, -0.2882610559463501, -0.2722927927970886, -0.25632452964782715, -0.2403562366962433, -0.2243879735469818, -0.20841968059539795, -0.19245141744613647, -0.176483154296875, -0.16051486134529114, -0.14454659819602966, -0.1285783350467682, -0.11261004209518433, -0.09664177894592285, -0.08067351579666138, -0.06470522284507751, -0.04873695969581604, -0.03276866674423218, -0.016800373792648315, -0.0008321106433868408, 0.015136182308197021, 0.031104445457458496, 0.04707273840904236, 0.06304100155830383, 0.07900926470756531, 0.09497755765914917, 0.11094582080841064, 0.12691408395767212, 0.14288237690925598, 0.15885064005851746, 0.17481890320777893, 0.1907871961593628, 0.20675545930862427, 0.22272375226020813, 0.2386920154094696, 0.25466030836105347, 0.27062857151031494, 0.2865968346595764, 0.3025650978088379, 0.31853339076042175, 0.3345016539096832, 0.3504699468612671, 0.36643821001052856, 0.38240647315979004, 0.3983747661113739, 0.4143430292606354, 0.43031132221221924, 0.4462795853614807, 0.4622478485107422, 0.47821614146232605, 0.4941844046115875]}, "_timestamp": 1715857531.917557, "gradients/graph_40linear.5.weight": {"_type": "histogram", "values": [1.0, 3.0, 0.0, 0.0, 0.0, 1.0, 0.0, 6.0, 8.0, 10.0, 15.0, 8.0, 10.0, 14.0, 24.0, 37.0, 45.0, 55.0, 58.0, 44.0, 48.0, 51.0, 79.0, 108.0, 147.0, 211.0, 219.0, 180.0, 187.0, 302.0, 269.0, 280.0, 248.0, 366.0, 91.0, 22.0, 43.0, 53.0, 56.0, 65.0, 56.0, 36.0, 27.0, 26.0, 22.0, 29.0, 33.0, 35.0, 40.0, 36.0, 31.0, 22.0, 20.0, 12.0, 14.0, 14.0, 8.0, 5.0, 1.0, 1.0, 2.0, 2.0, 1.0, 3.0], "bins": [-7.670877456665039, -7.438793182373047, -7.206708908081055, -6.9746246337890625, -6.742539882659912, -6.51045560836792, -6.278371334075928, -6.0462870597839355, -5.814202785491943, -5.582118034362793, -5.350033760070801, -5.117949485778809, -4.885865211486816, -4.653780937194824, -4.421696662902832, -4.18961238861084, -3.9575278759002686, -3.7254436016082764, -3.493359088897705, -3.261274814605713, -3.0291905403137207, -2.7971062660217285, -2.5650219917297363, -2.332937240600586, -2.1008529663085938, -1.8687686920166016, -1.6366844177246094, -1.4046001434326172, -1.172515869140625, -0.9404311180114746, -0.7083468437194824, -0.47626256942749023, -0.24417829513549805, -0.01209402084350586, 0.21999025344848633, 0.4520745277404785, 0.6841592788696289, 0.9162435531616211, 1.1483278274536133, 1.3804121017456055, 1.6124963760375977, 1.8445806503295898, 2.0766654014587402, 2.3087496757507324, 2.5408339500427246, 2.772918224334717, 3.005002498626709, 3.2370870113372803, 3.4691712856292725, 3.7012555599212646, 3.933340072631836, 4.165424346923828, 4.39750862121582, 4.6295928955078125, 4.861677169799805, 5.093761444091797, 5.325846195220947, 5.5579304695129395, 5.790014743804932, 6.022099018096924, 6.254183292388916, 6.486268043518066, 6.718352317810059, 6.950436592102051, 7.182520866394043]}, "gradients/graph_40linear.3.bias": {"_type": "histogram", "values": [1.0, 1.0, 1.0, 1.0, 0.0, 0.0, 2.0, 3.0, 1.0, 1.0, 2.0, 0.0, 1.0, 0.0, 0.0, 2.0, 1.0, 0.0, 3.0, 0.0, 4.0, 1.0, 1.0, 0.0, 1.0, 1.0, 0.0, 0.0, 0.0, 0.0, 0.0, 0.0, 0.0, 1.0, 0.0, 0.0, 0.0, 0.0, 0.0, 0.0, 0.0, 0.0, 0.0, 0.0, 0.0, 0.0, 0.0, 0.0, 0.0, 0.0, 0.0, 0.0, 0.0, 0.0, 0.0, 0.0, 0.0, 0.0, 0.0, 0.0, 0.0, 0.0, 0.0, 3.0], "bins": [-4.328291893005371, -4.26066255569458, -4.193032741546631, -4.12540340423584, -4.057773590087891, -3.9901440143585205, -3.9225144386291504, -3.8548851013183594, -3.78725528717041, -3.719625949859619, -3.65199613571167, -3.584366798400879, -3.516737222671509, -3.4491076469421387, -3.3814780712127686, -3.3138484954833984, -3.2462189197540283, -3.178589344024658, -3.110959768295288, -3.043330192565918, -2.975700616836548, -2.9080710411071777, -2.8404417037963867, -2.7728118896484375, -2.7051825523376465, -2.6375527381896973, -2.5699234008789062, -2.502293586730957, -2.434664249420166, -2.367034673690796, -2.299405097961426, -2.2317755222320557, -2.1641459465026855, -2.0965163707733154, -2.0288867950439453, -1.9612572193145752, -1.893627643585205, -1.8259981870651245, -1.7583686113357544, -1.6907390356063843, -1.6231094598770142, -1.555479884147644, -1.487850308418274, -1.4202207326889038, -1.3525912761688232, -1.2849617004394531, -1.217332124710083, -1.149702548980713, -1.0820729732513428, -1.0144433975219727, -0.9468138217926025, -0.8791843056678772, -0.8115547299385071, -0.743925154209137, -0.6762956380844116, -0.6086660623550415, -0.5410364866256714, -0.47340691089630127, -0.40577736496925354, -0.3381478190422058, -0.2705182433128357, -0.20288868248462677, -0.13525912165641785, -0.06762956082820892, 0.0]}, "gradients/graph_40linear.3.weight": {"_type": "histogram", "values": [1.0, 1.0, 1.0, 1.0, 0.0, 0.0, 2.0, 3.0, 1.0, 1.0, 2.0, 0.0, 2.0, 0.0, 2.0, 3.0, 1.0, 2.0, 6.0, 2.0, 8.0, 4.0, 5.0, 0.0, 6.0, 9.0, 5.0, 7.0, 8.0, 2.0, 5.0, 7.0, 12.0, 3.0, 9.0, 2.0, 3.0, 7.0, 4.0, 2.0, 1.0, 2.0, 1.0, 5.0, 5.0, 4.0, 2.0, 3.0, 3.0, 5.0, 3.0, 0.0, 0.0, 1.0, 0.0, 0.0, 0.0, 0.0, 0.0, 0.0, 0.0, 0.0, 0.0, 850.0], "bins": [-70.51317596435547, -69.41140747070312, -68.30963897705078, -67.20787048339844, -66.1061019897461, -65.00433349609375, -63.902565002441406, -62.80079650878906, -61.69902801513672, -60.597259521484375, -59.49549102783203, -58.39372253417969, -57.291954040527344, -56.190185546875, -55.088417053222656, -53.98664855957031, -52.88488006591797, -51.783111572265625, -50.68134307861328, -49.57957458496094, -48.477806091308594, -47.37603759765625, -46.274269104003906, -45.17250061035156, -44.070735931396484, -42.96896743774414, -41.8671989440918, -40.76543045043945, -39.66366195678711, -38.561893463134766, -37.46012496948242, -36.35835647583008, -35.256587982177734, -34.15481948852539, -33.05305099487305, -31.951282501220703, -30.84951400756836, -29.747745513916016, -28.645977020263672, -27.544208526611328, -26.442440032958984, -25.340673446655273, -24.23890495300293, -23.137136459350586, -22.035367965698242, -20.9335994720459, -19.831830978393555, -18.73006248474121, -17.628293991088867, -16.526525497436523, -15.42475700378418, -14.322988510131836, -13.221220016479492, -12.119452476501465, -11.017683982849121, -9.915915489196777, -8.814146995544434, -7.71237850189209, -6.610610008239746, -5.5088419914245605, -4.407073497772217, -3.305305004119873, -2.2035367488861084, -1.1017683744430542, -0.0]}, "gradients/graph_40linear.0.bias": {"_type": "histogram", "values": [1.0, 0.0, 0.0, 0.0, 0.0, 0.0, 1.0, 1.0, 1.0, 0.0, 0.0, 0.0, 0.0, 0.0, 0.0, 0.0, 0.0, 0.0, 0.0, 0.0, 0.0, 0.0, 0.0, 0.0, 0.0, 1.0, 0.0, 0.0, 0.0, 0.0, 0.0, 0.0, 0.0, 0.0, 0.0, 0.0, 0.0, 0.0, 0.0, 0.0, 0.0, 1.0, 0.0, 0.0, 0.0, 0.0, 0.0, 0.0, 0.0, 0.0, 0.0, 0.0, 0.0, 0.0, 0.0, 0.0, 0.0, 0.0, 0.0, 0.0, 0.0, 0.0, 0.0, 26.0],