{"gradients/graph_37linear.5.bias": {"_type": "histogram", "values": [4.0, 3.0, 8.0, 8.0, 4.0, 0.0, 2.0, 2.0, 2.0, 0.0, 1.0, 3.0, 3.0, 7.0, 13.0, 5.0, 1.0, 0.0, 2.0, 0.0, 0.0, 0.0, 0.0, 0.0, 0.0, 0.0, 0.0, 0.0, 0.0, 0.0, 0.0, 0.0, 0.0, 0.0, 0.0, 0.0, 0.0, 0.0, 0.0, 0.0, 0.0, 1.0, 2.0, 1.0, 1.0, 3.0, 0.0, 0.0, 0.0, 0.0, 0.0, 0.0, 0.0, 0.0, 0.0, 0.0, 0.0, 1.0, 4.0, 3.0, 4.0, 1.0, 4.0, 3.0], "bins": [-0.7780400514602661, -0.7535180449485779, -0.7289959788322449, -0.7044739723205566, -0.6799519062042236, -0.6554298996925354, -0.6309078931808472, -0.6063858270645142, -0.5818637609481812, -0.5573417544364929, -0.5328197479248047, -0.5082976818084717, -0.48377567529678345, -0.4592536389827728, -0.4347316026687622, -0.4102095663547516, -0.38568753004074097, -0.36116549372673035, -0.3366434574127197, -0.3121214210987091, -0.2875993847846985, -0.26307737827301025, -0.23855531215667725, -0.214033305644989, -0.18951129913330078, -0.16498923301696777, -0.14046722650527954, -0.11594516038894653, -0.0914231538772583, -0.06690108776092529, -0.04237908124923706, -0.017857015132904053, 0.006665050983428955, 0.031187057495117188, 0.055709123611450195, 0.08023113012313843, 0.10475319623947144, 0.12927520275115967, 0.15379726886749268, 0.1783192753791809, 0.20284134149551392, 0.22736334800720215, 0.2518853545188904, 0.2764074206352234, 0.3009294271469116, 0.32545146346092224, 0.34997349977493286, 0.3744955360889435, 0.3990175724029541, 0.4235396087169647, 0.44806164503097534, 0.47258368134498596, 0.4971057176589966, 0.5216277241706848, 0.546149730682373, 0.570671796798706, 0.5951938629150391, 0.6197158694267273, 0.6442378759384155, 0.6687599420547485, 0.6932819485664368, 0.7178040146827698, 0.742326021194458, 0.766848087310791, 0.7913700938224792]}, "_timestamp": 1715856586.0569832, "gradients/graph_37linear.5.weight": {"_type": "histogram", "values": [4.0, 3.0, 8.0, 8.0, 5.0, 8.0, 16.0, 29.0, 26.0, 8.0, 12.0, 25.0, 34.0, 22.0, 60.0, 77.0, 88.0, 80.0, 44.0, 59.0, 98.0, 131.0, 113.0, 65.0, 115.0, 153.0, 133.0, 134.0, 160.0, 43.0, 7.0, 556.0, 23.0, 20.0, 58.0, 22.0, 53.0, 74.0, 68.0, 44.0, 21.0, 32.0, 39.0, 23.0, 11.0, 21.0, 36.0, 39.0, 23.0, 25.0, 16.0, 9.0, 8.0, 13.0, 15.0, 10.0, 10.0, 10.0, 9.0, 4.0, 4.0, 1.0, 4.0, 3.0], "bins": [-6.649639129638672, -6.440057754516602, -6.230476379394531, -6.020895004272461, -5.811313629150391, -5.60173225402832, -5.39215087890625, -5.182569980621338, -4.972988605499268, -4.763407230377197, -4.553825855255127, -4.344244480133057, -4.134663105010986, -3.925081729888916, -3.715500593185425, -3.5059192180633545, -3.296337842941284, -3.086756467819214, -2.8771750926971436, -2.6675939559936523, -2.458012580871582, -2.2484312057495117, -2.0388498306274414, -1.829268455505371, -1.6196870803833008, -1.4101057052612305, -1.2005243301391602, -0.990943431854248, -0.7813620567321777, -0.5717806816101074, -0.3621993064880371, -0.1526179313659668, 0.056963443756103516, 0.26654481887817383, 0.47612619400024414, 0.6857075691223145, 0.8952889442443848, 1.104870319366455, 1.3144512176513672, 1.5240325927734375, 1.7336139678955078, 1.9431953430175781, 2.1527767181396484, 2.3623580932617188, 2.571939468383789, 2.7815208435058594, 2.9911019802093506, 3.200683355331421, 3.410264730453491, 3.6198461055755615, 3.829427480697632, 4.039008617401123, 4.248589992523193, 4.458171367645264, 4.667752742767334, 4.877334117889404, 5.086915493011475, 5.296496868133545, 5.506077766418457, 5.715659141540527, 5.925240516662598, 6.134821891784668, 6.344403266906738, 6.553984642028809, 6.763566017150879]}, "gradients/graph_37linear.3.bias": {"_type": "histogram", "values": [2.0, 0.0, 1.0, 0.0, 0.0, 1.0, 1.0, 2.0, 1.0, 1.0, 0.0, 2.0, 1.0, 1.0, 2.0, 1.0, 0.0, 3.0, 1.0, 3.0, 0.0, 1.0, 1.0, 0.0, 0.0, 0.0, 1.0, 0.0, 1.0, 0.0, 0.0, 0.0, 0.0, 0.0, 0.0, 0.0, 0.0, 0.0, 0.0, 0.0, 0.0, 0.0, 0.0, 0.0, 0.0, 0.0, 0.0, 0.0, 0.0, 0.0, 0.0, 0.0, 0.0, 0.0, 0.0, 0.0, 0.0, 0.0, 0.0, 0.0, 0.0, 0.0, 0.0, 5.0], "bins": [-9.18465805053711, -9.04114818572998, -8.897637367248535, -8.754127502441406, -8.610616683959961, -8.467106819152832, -8.323596000671387, -8.180086135864258, -8.036575317382812, -7.893065452575684, -7.7495551109313965, -7.606044769287109, -7.4625349044799805, -7.319024085998535, -7.175514221191406, -7.032003879547119, -6.888493537902832, -6.744983196258545, -6.601472854614258, -6.457962989807129, -6.314452171325684, -6.170942306518555, -6.027431964874268, -5.8839216232299805, -5.740411281585693, -5.596900939941406, -5.453390598297119, -5.309880256652832, -5.166370391845703, -5.022860050201416, -4.879349708557129, -4.735839366912842, -4.592329025268555, -4.448818683624268, -4.3053083419799805, -4.161798000335693, -4.018287658691406, -3.8747775554656982, -3.7312674522399902, -3.587757110595703, -3.444246768951416, -3.300736427307129, -3.157226085662842, -3.013715982437134, -2.8702056407928467, -2.7266952991485596, -2.5831851959228516, -2.4396748542785645, -2.2961645126342773, -2.1526541709899902, -2.009143829345703, -1.8656337261199951, -1.722123384475708, -1.578613042831421, -1.4351028203964233, -1.2915925979614258, -1.1480822563171387, -1.0045719146728516, -0.861061692237854, -0.7175514101982117, -0.5740411281585693, -0.430530846118927, -0.28702056407928467, -0.14351028203964233, 0.0]}, "gradients/graph_37linear.3.weight": {"_type": "histogram", "values": [2.0, 0.0, 1.0, 0.0, 0.0, 1.0, 1.0, 2.0, 1.0, 1.0, 0.0, 2.0, 1.0, 1.0, 2.0, 1.0, 0.0, 5.0, 1.0, 4.0, 1.0, 2.0, 3.0, 1.0, 1.0, 2.0, 2.0, 3.0, 2.0, 2.0, 2.0, 3.0, 1.0, 1.0, 0.0, 0.0, 1.0, 1.0, 0.0, 0.0, 0.0, 0.0, 0.0, 0.0, 0.0, 0.0, 0.0, 0.0, 0.0, 0.0, 0.0, 0.0, 0.0, 0.0, 0.0, 0.0, 0.0, 0.0, 0.0, 0.0, 0.0, 0.0, 0.0, 970.0], "bins": [-179.14845275878906, -176.34925842285156, -173.55006408691406, -170.75086975097656, -167.95167541503906, -165.15248107910156, -162.35328674316406, -159.55409240722656, -156.75489807128906, -153.95570373535156, -151.15650939941406, -148.35731506347656, -145.55812072753906, -142.75892639160156, -139.95973205566406, -137.16053771972656, -134.36134338378906, -131.56214904785156, -128.76295471191406, -125.96376037597656, -123.16456604003906, -120.36537170410156, -117.56617736816406, -114.76697540283203, -111.96778106689453, -109.16858673095703, -106.36939239501953, -103.57019805908203, -100.77100372314453, -97.97180938720703, -95.17261505126953, -92.37342071533203, -89.57422637939453, -86.77503204345703, -83.97583770751953, -81.17664337158203, -78.37744903564453, -75.57825469970703, -72.77906036376953, -69.97986602783203, -67.18067169189453, -64.38147735595703, -61.582279205322266, -58.783084869384766, -55.983890533447266, -53.184696197509766, -50.385501861572266, -47.586307525634766, -44.787113189697266, -41.987918853759766, -39.188724517822266, -36.389530181884766, -33.590335845947266, -30.791139602661133, -27.991945266723633, -25.192750930786133, -22.393556594848633, -19.594362258911133, -16.795167922973633, -13.995972633361816, -11.196778297424316, -8.397583961486816, -5.598389148712158, -2.799194574356079, 0.0]}, "gradients/graph_37linear.0.bias": {"_type": "histogram", "values": [1.0, 0.0, 0.0, 0.0, 1.0, 0.0, 0.0, 0.0, 0.0, 0.0, 0.0, 0.0, 0.0, 0.0, 0.0, 0.0, 0.0, 0.0, 0.0, 0.0, 0.0, 0.0, 0.0, 0.0, 0.0, 0.0, 0.0, 0.0, 0.0, 0.0, 0.0, 0.0, 0.0, 0.0, 0.0, 0.0, 0.0, 0.0, 0.0, 0.0, 0.0, 0.0, 0.0, 0.0, 0.0, 0.0, 0.0, 0.0, 0.0, 0.0, 0.0, 0.0, 0.0, 0.0, 0.0, 0.0, 0.0, 0.0, 0.0, 0.0, 0.0, 0.0, 0.0, 30.0],