{"gradients/graph_5linear.5.bias": {"_type": "histogram", "values": [5.0, 0.0, 0.0, 0.0, 0.0, 0.0, 1.0, 0.0, 0.0, 0.0, 0.0, 0.0, 0.0, 0.0, 0.0, 0.0, 0.0, 0.0, 0.0, 0.0, 0.0, 0.0, 0.0, 0.0, 0.0, 7.0, 0.0, 0.0, 7.0, 0.0, 0.0, 0.0, 48.0, 0.0, 0.0, 13.0, 0.0, 0.0, 5.0, 0.0, 0.0, 0.0, 0.0, 0.0, 0.0, 0.0, 0.0, 0.0, 0.0, 0.0, 0.0, 0.0, 0.0, 0.0, 0.0, 0.0, 0.0, 0.0, 0.0, 0.0, 0.0, 0.0, 0.0, 10.0], "bins": [-200.0, -193.75, -187.5, -181.25, -175.0, -168.75, -162.5, -156.25, -150.0, -143.75, -137.5, -131.25, -125.0, -118.75, -112.5, -106.25, -100.0, -93.75, -87.5, -81.25, -75.0, -68.75, -62.5, -56.25, -50.0, -43.75, -37.5, -31.25, -25.0, -18.75, -12.5, -6.25, 0.0, 6.25, 12.5, 18.75, 25.0, 31.25, 37.5, 43.75, 50.0, 56.25, 62.5, 68.75, 75.0, 81.25, 87.5, 93.75, 100.0, 106.25, 112.5, 118.75, 125.0, 131.25, 137.5, 143.75, 150.0, 156.25, 162.5, 168.75, 175.0, 181.25, 187.5, 193.75, 200.0]}, "_timestamp": 1715864727.2064416, "gradients/graph_5linear.5.weight": {"_type": "histogram", "values": [6144.0], "bins": [0.0, 0.0]}, "gradients/graph_5linear.3.bias": {"_type": "histogram", "values": [64.0], "bins": [0.0, 0.0]}, "gradients/graph_5linear.3.weight": {"_type": "histogram", "values": [4096.0], "bins": [0.0, 0.0]}, "gradients/graph_5linear.0.bias": {"_type": "histogram", "values": [64.0], "bins": [0.0, 0.0]}, "gradients/graph_5linear.0.weight": {"_type": "histogram", "values": [9216.0], "bins": [-0.0, -0.0]}, "Linear loss": 8561.829491518622, "_runtime": 246.6199927330017, "_step": 59, "Regret": 0.1824225250243036, "_wandb": {"runtime": 246}}