{"Linear loss": 10982.2060546875, "_timestamp": 1715768593.0423748, "_runtime": 92.57980680465698, "_step": 1809, "gradients/graph_10linear.5.bias": {"_type": "histogram", "values": [7.0, 0.0, 0.0, 3.0, 0.0, 0.0, 0.0, 0.0, 0.0, 0.0, 0.0, 0.0, 0.0, 0.0, 0.0, 0.0, 0.0, 0.0, 0.0, 0.0, 0.0, 0.0, 0.0, 0.0, 0.0, 0.0, 0.0, 0.0, 10.0, 0.0, 0.0, 2.0, 45.0, 0.0, 0.0, 15.0, 0.0, 0.0, 0.0, 0.0, 0.0, 0.0, 0.0, 0.0, 0.0, 0.0, 0.0, 0.0, 0.0, 0.0, 0.0, 0.0, 0.0, 0.0, 0.0, 0.0, 0.0, 2.0, 0.0, 0.0, 2.0, 0.0, 0.0, 10.0], "bins": [-200.0, -193.75, -187.5, -181.25, -175.0, -168.75, -162.5, -156.25, -150.0, -143.75, -137.5, -131.25, -125.0, -118.75, -112.5, -106.25, -100.0, -93.75, -87.5, -81.25, -75.0, -68.75, -62.5, -56.25, -50.0, -43.75, -37.5, -31.25, -25.0, -18.75, -12.5, -6.25, 0.0, 6.25, 12.5, 18.75, 25.0, 31.25, 37.5, 43.75, 50.0, 56.25, 62.5, 68.75, 75.0, 81.25, 87.5, 93.75, 100.0, 106.25, 112.5, 118.75, 125.0, 131.25, 137.5, 143.75, 150.0, 156.25, 162.5, 168.75, 175.0, 181.25, 187.5, 193.75, 200.0]}, "gradients/graph_10linear.5.weight": {"_type": "histogram", "values": [14.0, 7.0, 0.0, 10.0, 6.0, 7.0, 3.0, 0.0, 10.0, 7.0, 3.0, 3.0, 14.0, 0.0, 6.0, 7.0, 0.0, 10.0, 3.0, 7.0, 3.0, 0.0, 0.0, 0.0, 0.0, 0.0, 7.0, 3.0, 50.0, 60.0, 50.0, 84.0, 2280.0, 75.0, 92.0, 69.0, 4.0, 10.0, 0.0, 0.0, 0.0, 0.0, 2.0, 4.0, 10.0, 4.0, 12.0, 4.0, 10.0, 4.0, 2.0, 22.0, 4.0, 2.0, 12.0, 12.0, 4.0, 4.0, 10.0, 4.0, 12.0, 0.0, 10.0, 20.0], "bins": [-803.18212890625, -778.0827026367188, -752.9832763671875, -727.8837890625, -702.7843627929688, -677.6849365234375, -652.58544921875, -627.4860229492188, -602.3865966796875, -577.2871704101562, -552.187744140625, -527.0882568359375, -501.98883056640625, -476.889404296875, -451.7899475097656, -426.69049072265625, -401.591064453125, -376.49163818359375, -351.3921813964844, -326.292724609375, -301.19329833984375, -276.0938720703125, -250.994384765625, -225.89495849609375, -200.7955322265625, -175.69610595703125, -150.5966796875, -125.4971923828125, -100.39776611328125, -75.29833984375, -50.1988525390625, -25.09942626953125, 0.0, 25.09942626953125, 50.1988525390625, 75.29833984375, 100.39776611328125, 125.4971923828125, 150.5966796875, 175.69610595703125, 200.7955322265625, 225.89495849609375, 250.994384765625, 276.0938720703125, 301.19329833984375, 326.292724609375, 351.3921813964844, 376.49163818359375, 401.591064453125, 426.69049072265625, 451.7899475097656, 476.889404296875, 501.98883056640625, 527.0882568359375, 552.187744140625, 577.2871704101562, 602.3865966796875, 627.4860229492188, 652.58544921875, 677.6849365234375, 702.7843627929688, 727.8837890625, 752.9832763671875, 778.0827026367188, 803.18212890625]}, "gradients/graph_10linear.3.bias": {"_type": "histogram", "values": [1.0, 0.0, 0.0, 0.0, 0.0, 0.0, 0.0, 0.0, 0.0, 1.0, 0.0, 0.0, 1.0, 0.0, 0.0, 0.0, 1.0, 0.0, 1.0, 0.0, 0.0, 0.0, 0.0, 0.0, 0.0, 0.0, 0.0, 1.0, 0.0, 1.0, 0.0, 1.0, 1.0, 0.0, 1.0, 1.0, 2.0, 0.0, 0.0, 0.0, 0.0, 0.0, 1.0, 0.0, 0.0, 0.0, 0.0, 0.0, 0.0, 17.0, 0.0, 0.0, 0.0, 0.0, 0.0, 0.0, 0.0, 0.0, 0.0, 0.0, 0.0, 0.0, 0.0, 1.0], "bins": [-355.1443786621094, -347.9561767578125, -340.7679748535156, -333.57977294921875, -326.3915710449219, -319.203369140625, -312.0151672363281, -304.82696533203125, -297.6387939453125, -290.4505615234375, -283.26239013671875, -276.0741882324219, -268.885986328125, -261.6977844238281, -254.50958251953125, -247.32138061523438, -240.1331787109375, -232.94497680664062, -225.75677490234375, -218.56857299804688, -211.38037109375, -204.1921844482422, -197.0039825439453, -189.81578063964844, -182.62757873535156, -175.4393768310547, -168.2511749267578, -161.06297302246094, -153.87478637695312, -146.68658447265625, -139.49838256835938, -132.3101806640625, -125.12197875976562, -117.93377685546875, -110.74557495117188, -103.557373046875, -96.36917114257812, -89.18098449707031, -81.99278259277344, -74.80458068847656, -67.61637878417969, -60.42817687988281, -53.23997497558594, -46.05177307128906, -38.86358642578125, -31.675384521484375, -24.4871826171875, -17.298980712890625, -10.11077880859375, -2.922576904296875, 4.265625, 11.453819274902344, 18.64202117919922, 25.830223083496094, 33.01841735839844, 40.20661926269531, 47.39482116699219, 54.58302307128906, 61.77122116088867, 68.95941925048828, 76.14762115478516, 83.33582305908203, 90.52401733398438, 97.71221923828125, 104.90042114257812]}, "gradients/graph_10linear.3.weight": {"_type": "histogram", "values": [1.0, 0.0, 0.0, 0.0, 0.0, 0.0, 0.0, 0.0, 0.0, 1.0, 0.0, 0.0, 1.0, 0.0, 0.0, 0.0, 2.0, 0.0, 1.0, 0.0, 1.0, 0.0, 0.0, 1.0, 1.0, 0.0, 2.0, 4.0, 1.0, 1.0, 1.0, 3.0, 3.0, 2.0, 3.0, 4.0, 4.0, 5.0, 1.0, 6.0, 6.0, 6.0, 6.0, 8.0, 4.0, 5.0, 4.0, 8.0, 15.0, 906.0, 1.0, 0.0, 0.0, 1.0, 0.0, 1.0, 1.0, 1.0, 0.0, 1.0, 0.0, 0.0, 0.0, 1.0], "bins": [-2935.77880859375, -2876.35791015625, -2816.937255859375, -2757.516357421875, -2698.095703125, -2638.6748046875, -2579.25390625, -2519.833251953125, -2460.412353515625, -2400.99169921875, -2341.57080078125, -2282.14990234375, -2222.72900390625, -2163.308349609375, -2103.887451171875, -2044.4666748046875, -1985.0458984375, -1925.6251220703125, -1866.204345703125, -1806.783447265625, -1747.3626708984375, -1687.94189453125, -1628.52099609375, -1569.1002197265625, -1509.679443359375, -1450.2586669921875, -1390.837890625, -1331.4169921875, -1271.9962158203125, -1212.575439453125, -1153.154541015625, -1093.7337646484375, -1034.31298828125, -974.8922729492188, -915.4714965820312, -856.0505981445312, -796.6298217773438, -737.2090454101562, -677.7881469726562, -618.3673706054688, -558.9465942382812, -499.52581787109375, -440.10504150390625, -380.68414306640625, -321.26336669921875, -261.84259033203125, -202.42169189453125, -143.00091552734375, -83.58013916015625, -24.15936279296875, 35.261474609375, 94.68231201171875, 154.10308837890625, 213.52386474609375, 272.9447021484375, 332.36553955078125, 391.78631591796875, 451.2071228027344, 510.6279296875, 570.0487060546875, 629.4695434570312, 688.890380859375, 748.3111572265625, 807.73193359375, 867.1527709960938]}, "gradients/graph_10linear.0.bias": {"_type": "histogram", "values": [1.0, 0.0, 1.0, 0.0, 0.0, 0.0, 1.0, 0.0, 0.0, 0.0, 0.0, 0.0, 1.0, 0.0, 0.0, 0.0, 0.0, 0.0, 0.0, 0.0, 0.0, 0.0, 0.0, 1.0, 0.0, 0.0, 1.0, 0.0, 0.0, 0.0, 0.0, 0.0, 0.0, 0.0, 0.0, 1.0, 0.0, 0.0, 0.0, 0.0, 0.0, 0.0, 0.0, 1.0, 0.0, 0.0, 0.0, 0.0, 0.0, 0.0, 0.0, 0.0, 0.0, 0.0, 0.0, 0.0, 0.0, 0.0, 0.0, 0.0, 0.0, 0.0, 0.0, 24.0], "bins": [-357.8086853027344, -352.2179260253906, -346.6271667480469, -341.0364074707031, -335.4456481933594, -329.8548889160156, -324.2641296386719, -318.6733703613281, -313.0826110839844, -307.4918518066406, -301.90106201171875, -296.310302734375, -290.71954345703125, -285.1287841796875, -279.53802490234375, -273.947265625, -268.35650634765625, -262.7657470703125, -257.17498779296875, -251.584228515625, -245.99346923828125, -240.4027099609375, -234.81195068359375, -229.22119140625, -223.63043212890625, -218.0396728515625, -212.44891357421875, -206.85813903808594, -201.2673797607422, -195.67662048339844, -190.0858612060547, -184.49510192871094, -178.9043426513672, -173.31358337402344, -167.7228240966797, -162.13206481933594, -156.5413055419922, -150.95054626464844, -145.35977172851562, -139.76901245117188, -134.17825317382812, -128.58749389648438, -122.99673461914062, -117.40597534179688, -111.81521606445312, -106.22445678710938, -100.6336898803711, -95.04293060302734, -89.4521713256836, -83.86141204833984, -78.2706527709961, -72.67988586425781, -67.08912658691406, -61.49836730957031, -55.90760803222656, -50.31684494018555, -44.7260856628418, -39.13532638549805, -33.54456329345703, -27.95380401611328, -22.3630428314209, -16.772281646728516, -11.18152141571045, -5.590760707855225, 0.0]}, "gradients/graph_10linear.0.weight": {"_type": "histogram",