{"gradients/graph_15linear.5.bias": {"_type": "histogram", "values": [6.0, 2.0, 3.0, 2.0, 0.0, 1.0, 0.0, 4.0, 13.0, 12.0, 5.0, 0.0, 0.0, 24.0, 0.0, 0.0, 0.0, 0.0, 0.0, 0.0, 0.0, 0.0, 0.0, 0.0, 0.0, 0.0, 0.0, 0.0, 0.0, 0.0, 0.0, 4.0, 6.0, 5.0, 0.0, 0.0, 1.0, 1.0, 2.0, 1.0, 1.0, 0.0, 0.0, 0.0, 0.0, 0.0, 0.0, 0.0, 2.0, 0.0, 0.0, 0.0, 0.0, 0.0, 0.0, 0.0, 0.0, 0.0, 0.0, 0.0, 0.0, 0.0, 0.0, 1.0], "bins": [-1.150484561920166, -1.0955196619033813, -1.0405547618865967, -0.9855899214744568, -0.9306250810623169, -0.8756601810455322, -0.8206952810287476, -0.7657303810119629, -0.710765540599823, -0.6558007001876831, -0.6008358001708984, -0.5458709001541138, -0.4909060001373291, -0.4359411597251892, -0.38097625970840454, -0.32601141929626465, -0.27104651927948, -0.2160816192626953, -0.16111677885055542, -0.10615193843841553, -0.05118703842163086, 0.0037778615951538086, 0.05874276161193848, 0.11370766162872314, 0.1686725616455078, 0.22363734245300293, 0.2786022424697876, 0.33356714248657227, 0.38853204250335693, 0.4434969425201416, 0.4984617233276367, 0.5534266233444214, 0.608391523361206, 0.6633564233779907, 0.7183213233947754, 0.7732861042022705, 0.8282510042190552, 0.8832159042358398, 0.9381808042526245, 0.9931457042694092, 1.0481104850769043, 1.103075385093689, 1.1580402851104736, 1.2130051851272583, 1.267970085144043, 1.3229349851608276, 1.3778998851776123, 1.4328646659851074, 1.487829566001892, 1.5427944660186768, 1.5977592468261719, 1.652724266052246, 1.7076890468597412, 1.7626539468765259, 1.8176188468933105, 1.8725837469100952, 1.9275486469268799, 1.982513427734375, 2.037478446960449, 2.0924432277679443, 2.1474080085754395, 2.2023730278015137, 2.257337808609009, 2.312302827835083, 2.367267608642578]}, "_timestamp": 1715780004.27085, "gradients/graph_15linear.5.weight": {"_type": "histogram", "values": [11.0, 4.0, 7.0, 15.0, 16.0, 47.0, 35.0, 65.0, 68.0, 108.0, 138.0, 234.0, 313.0, 373.0, 388.0, 671.0, 638.0, 601.0, 357.0, 226.0, 365.0, 20.0, 53.0, 51.0, 87.0, 199.0, 187.0, 164.0, 149.0, 136.0, 91.0, 53.0, 58.0, 43.0, 29.0, 21.0, 17.0, 15.0, 13.0, 13.0, 7.0, 11.0, 10.0, 3.0, 4.0, 5.0, 3.0, 0.0, 6.0, 3.0, 0.0, 1.0, 3.0, 2.0, 3.0, 0.0, 1.0, 0.0, 1.0, 0.0, 0.0, 0.0, 0.0, 2.0], "bins": [-5.474520683288574, -5.212973117828369, -4.951425552368164, -4.689877986907959, -4.428330421447754, -4.166783332824707, -3.905235767364502, -3.643688201904297, -3.382140636444092, -3.1205930709838867, -2.8590455055236816, -2.5974981784820557, -2.3359506130218506, -2.0744030475616455, -1.8128557205200195, -1.5513081550598145, -1.2897605895996094, -1.0282130241394043, -0.7666654586791992, -0.5051178932189941, -0.24357032775878906, 0.017976760864257812, 0.2795243263244629, 0.541071891784668, 0.802619457244873, 1.0641670227050781, 1.3257145881652832, 1.5872621536254883, 1.8488092422485352, 2.1103568077087402, 2.3719043731689453, 2.6334524154663086, 2.894998550415039, 3.156545639038086, 3.418093681335449, 3.6796412467956543, 3.9411888122558594, 4.202735900878906, 4.464283466339111, 4.725831031799316, 4.9873785972595215, 5.248926162719727, 5.510473728179932, 5.772021293640137, 6.033568382263184, 6.295115947723389, 6.556663513183594, 6.818211078643799, 7.079758644104004, 7.341306209564209, 7.602853775024414, 7.864400863647461, 8.125948905944824, 8.387495994567871, 8.649044036865234, 8.910591125488281, 9.172138214111328, 9.433686256408691, 9.695233345031738, 9.956781387329102, 10.218328475952148, 10.479876518249512, 10.741423606872559, 11.002971649169922, 11.264518737792969]}, "gradients/graph_15linear.3.bias": {"_type": "histogram", "values": [1.0, 0.0, 0.0, 0.0, 0.0, 0.0, 0.0, 0.0, 1.0, 1.0, 0.0, 1.0, 0.0, 1.0, 0.0, 1.0, 0.0, 3.0, 2.0, 2.0, 0.0, 1.0, 0.0, 1.0, 0.0, 0.0, 2.0, 2.0, 4.0, 0.0, 1.0, 4.0, 0.0, 2.0, 2.0, 2.0, 3.0, 1.0, 6.0, 2.0, 0.0, 3.0, 0.0, 1.0, 0.0, 2.0, 1.0, 1.0, 1.0, 2.0, 0.0, 1.0, 1.0, 0.0, 1.0, 0.0, 0.0, 1.0, 0.0, 0.0, 0.0, 0.0, 0.0, 3.0], "bins": [-10.61279010772705, -10.446965217590332, -10.281140327453613, -10.115315437316895, -9.949490547180176, -9.783665657043457, -9.617840766906738, -9.45201587677002, -9.2861909866333, -9.120366096496582, -8.95454216003418, -8.788717269897461, -8.622892379760742, -8.457067489624023, -8.291242599487305, -8.125417709350586, -7.959592819213867, -7.793767929077148, -7.62794303894043, -7.462118148803711, -7.296293258666992, -7.130468368530273, -6.964643478393555, -6.798818588256836, -6.632993698120117, -6.467168807983398, -6.30134391784668, -6.135519504547119, -5.9696946144104, -5.803869724273682, -5.638044834136963, -5.472219944000244, -5.306395053863525, -5.140570163726807, -4.974745273590088, -4.808920383453369, -4.64309549331665, -4.477270603179932, -4.311446189880371, -4.145621299743652, -3.9797964096069336, -3.813971519470215, -3.648146629333496, -3.4823217391967773, -3.3164968490600586, -3.15067195892334, -2.9848473072052, -2.8190224170684814, -2.6531975269317627, -2.487372636795044, -2.321547746658325, -2.1557230949401855, -1.9898982048034668, -1.824073314666748, -1.6582484245300293, -1.4924236536026, -1.3265987634658813, -1.1607738733291626, -0.9949491024017334, -0.8291242122650146, -0.6632993817329407, -0.4974745512008667, -0.33164969086647034, -0.16582484543323517, 0.0]}, "gradients/graph_15linear.3.weight": {"_type": "histogram", "values": [4096.0], "bins": [-0.0, -0.0]}, "gradients/graph_15linear.0.bias": {"_type": "histogram", "values": [64.0], "bins": [0.0, 0.0]}, "gradients/graph_15linear.0.weight": {"_type": "histogram", "values": [9216.0], "bins": [-0.0, -0.0]}, "Linear loss (training)": 217.5563507080078, "_runtime": 57.20866799354553, "_step": 59, "Linear loss (validation)": 18.500847004738628, "Regret (validation)": 0.08422432195314393, "_wandb": {"runtime": 56}}