{"gradients/graph_19linear.5.bias": {"_type": "histogram", "values": [3.0, 1.0, 0.0, 0.0, 0.0, 0.0, 0.0, 0.0, 0.0, 0.0, 0.0, 0.0, 0.0, 0.0, 0.0, 0.0, 0.0, 0.0, 0.0, 0.0, 0.0, 0.0, 0.0, 0.0, 3.0, 2.0, 6.0, 8.0, 6.0, 1.0, 6.0, 17.0, 8.0, 0.0, 2.0, 7.0, 5.0, 5.0, 3.0, 5.0, 0.0, 0.0, 0.0, 0.0, 0.0, 0.0, 0.0, 0.0, 0.0, 0.0, 0.0, 0.0, 0.0, 0.0, 0.0, 0.0, 0.0, 0.0, 0.0, 0.0, 0.0, 1.0, 3.0, 4.0], "bins": [-0.9601041674613953, -0.9310267567634583, -0.9019493460655212, -0.872871994972229, -0.843794584274292, -0.814717173576355, -0.785639762878418, -0.756562352180481, -0.727484941482544, -0.6984075307846069, -0.6693301200866699, -0.6402527093887329, -0.6111753582954407, -0.5820979475975037, -0.5530205368995667, -0.5239431858062744, -0.494865745306015, -0.465788334608078, -0.4367109537124634, -0.40763354301452637, -0.37855613231658936, -0.34947872161865234, -0.32040131092071533, -0.2913239598274231, -0.2622465491294861, -0.23316913843154907, -0.20409172773361206, -0.17501431703567505, -0.14593690633773804, -0.1168595552444458, -0.08778214454650879, -0.05870473384857178, -0.029627323150634766, -0.0005499124526977539, 0.028527498245239258, 0.05760490894317627, 0.0866822600364685, 0.11575967073440552, 0.14483708143234253, 0.17391449213027954, 0.20299190282821655, 0.23206931352615356, 0.2611466646194458, 0.2902240753173828, 0.3193014860153198, 0.34837889671325684, 0.37745630741119385, 0.40653368830680847, 0.4356110990047455, 0.4646885097026825, 0.4937658905982971, 0.5228433012962341, 0.5519207119941711, 0.5809980630874634, 0.6100754737854004, 0.6391528844833374, 0.6682302951812744, 0.6973077058792114, 0.7263851165771484, 0.7554625272750854, 0.7845399379730225, 0.8136173486709595, 0.8426946997642517, 0.8717721104621887, 0.9008495211601257]}, "_timestamp": 1715851704.53406, "gradients/graph_19linear.5.weight": {"_type": "histogram", "values": [3.0, 2.0, 2.0, 2.0, 2.0, 4.0, 0.0, 4.0, 0.0, 7.0, 4.0, 9.0, 18.0, 9.0, 2.0, 3.0, 1.0, 2.0, 2.0, 4.0, 4.0, 7.0, 11.0, 6.0, 6.0, 12.0, 20.0, 77.0, 115.0, 198.0, 180.0, 460.0, 703.0, 276.0, 282.0, 215.0, 106.0, 60.0, 22.0, 8.0, 8.0, 7.0, 26.0, 11.0, 11.0, 9.0, 4.0, 4.0, 3.0, 5.0, 8.0, 36.0, 28.0, 11.0, 7.0, 10.0, 4.0, 4.0, 8.0, 1.0, 7.0, 2.0, 6.0, 4.0], "bins": [-9.284446716308594, -9.003260612487793, -8.722075462341309, -8.440889358520508, -8.159704208374023, -7.878518104553223, -7.59733247756958, -7.3161468505859375, -7.034960746765137, -6.753775596618652, -6.472589492797852, -6.191403865814209, -5.910218238830566, -5.629032135009766, -5.347846984863281, -5.0666608810424805, -4.785475254058838, -4.504289627075195, -4.223104000091553, -3.941917896270752, -3.6607322692871094, -3.379546642303467, -3.098361015319824, -2.8171753883361816, -2.535989761352539, -2.2548036575317383, -1.9736180305480957, -1.6924324035644531, -1.4112467765808105, -1.130061149597168, -0.8488750457763672, -0.5676898956298828, -0.28650379180908203, -0.00531768798828125, 0.2758674621582031, 0.5570535659790039, 0.8382391929626465, 1.119424819946289, 1.4006104469299316, 1.6817960739135742, 1.962982177734375, 2.2441678047180176, 2.52535343170166, 2.8065390586853027, 3.0877246856689453, 3.368910312652588, 3.6500964164733887, 3.9312820434570312, 4.212467670440674, 4.493653297424316, 4.774839401245117, 5.056024551391602, 5.337210655212402, 5.618396282196045, 5.8995819091796875, 6.180768013000488, 6.461953163146973, 6.743139266967773, 7.024324893951416, 7.305510520935059, 7.586696147918701, 7.867881774902344, 8.149067878723145, 8.430253028869629, 8.71143913269043]}, "gradients/graph_19linear.3.bias": {"_type": "histogram", "values": [1.0, 0.0, 0.0, 0.0, 0.0, 0.0, 0.0, 0.0, 0.0, 0.0, 0.0, 0.0, 0.0, 0.0, 0.0, 0.0, 1.0, 1.0, 0.0, 0.0, 0.0, 0.0, 0.0, 0.0, 0.0, 2.0, 0.0, 1.0, 2.0, 0.0, 0.0, 0.0, 0.0, 0.0, 0.0, 0.0, 1.0, 1.0, 2.0, 1.0, 1.0, 0.0, 1.0, 0.0, 4.0, 1.0, 3.0, 0.0, 0.0, 1.0, 0.0, 0.0, 1.0, 0.0, 1.0, 0.0, 0.0, 2.0, 0.0, 0.0, 1.0, 2.0, 0.0, 1.0], "bins": [-0.5933670401573181, -0.5568256974220276, -0.5202844142913818, -0.4837430715560913, -0.44720175862312317, -0.41066044569015503, -0.3741191029548645, -0.33757779002189636, -0.3010364770889282, -0.2644951641559601, -0.22795385122299194, -0.19141250848770142, -0.15487119555473328, -0.11832988262176514, -0.08178853988647461, -0.04524725675582886, -0.00870591402053833, 0.027835428714752197, 0.06437671184539795, 0.10091805458068848, 0.13745933771133423, 0.17400068044662476, 0.21054202318191528, 0.24708330631256104, 0.28362464904785156, 0.3201659917831421, 0.35670727491378784, 0.39324861764907837, 0.4297899603843689, 0.4663313031196594, 0.5028725266456604, 0.5394138693809509, 0.5759552717208862, 0.6124966144561768, 0.6490379571914673, 0.6855791807174683, 0.7221205234527588, 0.7586618661880493, 0.7952032089233398, 0.8317444920539856, 0.8682858347892761, 0.9048271775245667, 0.9413684606552124, 0.9779098033905029, 1.0144511461257935, 1.050992488861084, 1.087533712387085, 1.1240750551223755, 1.160616397857666, 1.1971577405929565, 1.233699083328247, 1.270240306854248, 1.3067816495895386, 1.343322992324829, 1.3798643350601196, 1.4164056777954102, 1.4529469013214111, 1.4894882440567017, 1.5260295867919922, 1.5625709295272827, 1.5991122722625732, 1.6356536149978638, 1.6721948385238647, 1.7087361812591553, 1.7452775239944458]}, "gradients/graph_19linear.3.weight": {"_type": "histogram", "values": [2.0, 0.0, 0.0, 1.0, 2.0, 0.0, 0.0, 0.0, 0.0, 0.0, 0.0, 0.0, 2.0, 0.0, 1.0, 2.0, 731.0, 47.0, 31.0, 6.0, 16.0, 9.0, 12.0, 10.0, 7.0, 18.0, 1.0, 4.0, 2.0, 0.0, 1.0, 4.0, 5.0, 4.0, 3.0, 3.0, 7.0, 11.0, 13.0, 5.0, 3.0, 2.0, 3.0, 4.0, 10.0, 3.0, 5.0, 3.0, 4.0, 4.0, 4.0, 3.0, 2.0, 1.0, 1.0, 2.0, 0.0, 2.0, 2.0, 1.0, 1.0, 3.0, 0.0, 1.0], "bins": [-6.538109302520752, -6.135472774505615, -5.732836723327637, -5.3302001953125, -4.927563667297363, -4.524927139282227, -4.122291088104248, -3.7196545600891113, -3.3170182704925537, -2.914381980895996, -2.5117454528808594, -2.1091089248657227, -1.7064728736877441, -1.3038363456726074, -0.9011998176574707, -0.4985637664794922, -0.09592723846435547, 0.30670928955078125, 0.7093453407287598, 1.1119818687438965, 1.5146183967590332, 1.91725492477417, 2.3198914527893066, 2.722527027130127, 3.1251635551452637, 3.5278000831604004, 3.930436611175537, 4.333073139190674, 4.7357096672058105, 5.138345241546631, 5.540981769561768, 5.943618297576904, 6.346255302429199, 6.748891830444336, 7.151528358459473, 7.554164886474609, 7.95680046081543, 8.359436988830566, 8.762073516845703, 9.16471004486084, 9.567346572875977, 9.969983100891113, 10.372618675231934, 10.77525520324707, 11.177891731262207, 11.580528259277344, 11.98316478729248, 12.385801315307617, 12.788436889648438, 13.19107437133789, 13.593709945678711, 13.996346473693848, 14.398983001708984, 14.801618576049805, 15.204256057739258, 15.606891632080078, 16.00952911376953, 16.41216468811035, 16.814800262451172, 17.217437744140625, 17.620073318481445, 18.0227108001709, 18.42534637451172, 18.827983856201172, 19.230619430541992]}, "gradients/graph_19linear.0.bias": {"_type": "histogram", "values": [22.0, 0.0, 0.0, 0.0, 0.0, 0.0, 0.0, 0.0, 0.0, 0.0, 0.0, 0.0, 0.0, 0.0, 0.0, 0.0, 0.0, 0.0, 0.0, 0.0, 0.0, 0.0, 0.0, 0.0, 0.0, 1.0, 0.0, 0.0, 0.0, 0.0, 0.0, 0.0, 0.0, 2.0, 0.0, 1.0, 0.0, 0.0, 1.0, 0.0, 0.0, 0.0, 0.0, 0.0, 1.0, 0.0, 0.0, 0.0, 0.0, 0.0, 0.0, 1.0, 0.0, 0.0, 0.0, 0.0, 0.0, 0.0, 0.0, 0.0, 0.0, 1.0, 1.0, 1.0],