{"Linear loss": 10834.970703125, "_timestamp": 1715768984.1949902, "_runtime": 69.76376008987427, "_step": 1809, "gradients/graph_14linear.5.bias": {"_type": "histogram", "values": [7.0, 0.0, 0.0, 3.0, 0.0, 0.0, 0.0, 0.0, 0.0, 0.0, 0.0, 0.0, 0.0, 0.0, 0.0, 0.0, 0.0, 0.0, 0.0, 0.0, 0.0, 0.0, 0.0, 0.0, 0.0, 0.0, 0.0, 0.0, 13.0, 0.0, 0.0, 2.0, 41.0, 0.0, 0.0, 16.0, 0.0, 0.0, 0.0, 0.0, 0.0, 0.0, 0.0, 0.0, 0.0, 0.0, 0.0, 0.0, 0.0, 0.0, 0.0, 0.0, 0.0, 0.0, 0.0, 0.0, 0.0, 0.0, 0.0, 0.0, 4.0, 0.0, 0.0, 10.0], "bins": [-200.0, -193.75, -187.5, -181.25, -175.0, -168.75, -162.5, -156.25, -150.0, -143.75, -137.5, -131.25, -125.0, -118.75, -112.5, -106.25, -100.0, -93.75, -87.5, -81.25, -75.0, -68.75, -62.5, -56.25, -50.0, -43.75, -37.5, -31.25, -25.0, -18.75, -12.5, -6.25, 0.0, 6.25, 12.5, 18.75, 25.0, 31.25, 37.5, 43.75, 50.0, 56.25, 62.5, 68.75, 75.0, 81.25, 87.5, 93.75, 100.0, 106.25, 112.5, 118.75, 125.0, 131.25, 137.5, 143.75, 150.0, 156.25, 162.5, 168.75, 175.0, 181.25, 187.5, 193.75, 200.0]}, "gradients/graph_14linear.5.weight": {"_type": "histogram", "values": [7.0, 0.0, 0.0, 3.0, 0.0, 0.0, 0.0, 0.0, 7.0, 0.0, 3.0, 0.0, 7.0, 7.0, 24.0, 27.0, 6.0, 16.0, 10.0, 17.0, 10.0, 13.0, 10.0, 17.0, 37.0, 36.0, 40.0, 41.0, 35.0, 37.0, 188.0, 552.0, 4192.0, 232.0, 50.0, 46.0, 58.0, 56.0, 50.0, 52.0, 24.0, 14.0, 18.0, 14.0, 24.0, 14.0, 22.0, 8.0, 38.0, 34.0, 10.0, 10.0, 0.0, 4.0, 0.0, 10.0, 0.0, 0.0, 0.0, 0.0, 4.0, 0.0, 0.0, 10.0], "bins": [-874.583251953125, -847.2525024414062, -819.9218139648438, -792.591064453125, -765.2603759765625, -737.9296264648438, -710.598876953125, -683.2681884765625, -655.9374389648438, -628.606689453125, -601.2760009765625, -573.9452514648438, -546.614501953125, -519.2838134765625, -491.95306396484375, -464.6223449707031, -437.2916259765625, -409.9609069824219, -382.63018798828125, -355.2994384765625, -327.96875, -300.63800048828125, -273.3072509765625, -245.9765625, -218.64581298828125, -191.3150634765625, -163.984375, -136.65362548828125, -109.3228759765625, -81.9921875, -54.66143798828125, -27.33074951171875, 0.0, 27.33074951171875, 54.66143798828125, 81.9921875, 109.3228759765625, 136.65362548828125, 163.984375, 191.3150634765625, 218.64581298828125, 245.9765625, 273.3072509765625, 300.63800048828125, 327.96875, 355.2994384765625, 382.63018798828125, 409.9609069824219, 437.2916259765625, 464.6223449707031, 491.95306396484375, 519.2838134765625, 546.614501953125, 573.9452514648438, 601.2760009765625, 628.606689453125, 655.9374389648438, 683.2681884765625, 710.598876953125, 737.9296264648438, 765.2603759765625, 792.591064453125, 819.9218139648438, 847.2525024414062, 874.583251953125]}, "gradients/graph_14linear.3.bias": {"_type": "histogram", "values": [1.0, 0.0, 0.0, 0.0, 2.0, 0.0, 1.0, 1.0, 0.0, 1.0, 1.0, 2.0, 1.0, 0.0, 0.0, 1.0, 1.0, 0.0, 1.0, 0.0, 5.0, 0.0, 1.0, 1.0, 2.0, 2.0, 1.0, 1.0, 4.0, 0.0, 0.0, 3.0, 1.0, 3.0, 2.0, 0.0, 1.0, 0.0, 1.0, 1.0, 0.0, 18.0, 0.0, 0.0, 0.0, 0.0, 0.0, 0.0, 1.0, 0.0, 0.0, 2.0, 0.0, 0.0, 0.0, 0.0, 0.0, 0.0, 0.0, 0.0, 0.0, 0.0, 0.0, 1.0], "bins": [-224.6576690673828, -219.25753784179688, -213.85739135742188, -208.45726013183594, -203.05711364746094, -197.656982421875, -192.2568359375, -186.85670471191406, -181.45655822753906, -176.05642700195312, -170.65628051757812, -165.2561492919922, -159.85601806640625, -154.45587158203125, -149.05572509765625, -143.6555938720703, -138.25546264648438, -132.85531616210938, -127.4551773071289, -122.05503845214844, -116.65489959716797, -111.2547607421875, -105.85462188720703, -100.45448303222656, -95.05435180664062, -89.65420532226562, -84.25407409667969, -78.85392761230469, -73.45379638671875, -68.05364990234375, -62.65351867675781, -57.25337219238281, -51.853248596191406, -46.45311737060547, -41.05297088623047, -35.65283966064453, -30.25269317626953, -24.852561950683594, -19.452415466308594, -14.052284240722656, -8.652137756347656, -3.2520065307617188, 2.14813232421875, 7.548271179199219, 12.948410034179688, 18.348548889160156, 23.748687744140625, 29.148826599121094, 34.54896545410156, 39.94910430908203, 45.3492431640625, 50.74938201904297, 56.14952087402344, 61.54965591430664, 66.94979858398438, 72.34992980957031, 77.75007629394531, 83.15020751953125, 88.55035400390625, 93.95048522949219, 99.35062408447266, 104.75076293945312, 110.1509017944336, 115.55104064941406, 120.95117950439453]}, "gradients/graph_14linear.3.weight": {"_type": "histogram", "values": [1.0, 0.0, 0.0, 0.0, 2.0, 0.0, 1.0, 1.0, 0.0, 1.0, 1.0, 2.0, 1.0, 1.0, 1.0, 1.0, 4.0, 4.0, 4.0, 2.0, 12.0, 8.0, 4.0, 9.0, 11.0, 4.0, 10.0, 12.0, 12.0, 12.0, 10.0, 22.0, 19.0, 17.0, 15.0, 19.0, 25.0, 17.0, 9.0, 10.0, 31.0, 3752.0, 1.0, 1.0, 2.0, 2.0, 5.0, 4.0, 6.0, 0.0, 0.0, 2.0, 1.0, 0.0, 1.0, 1.0, 2.0, 0.0, 0.0, 0.0, 0.0, 0.0, 0.0, 1.0], "bins": [-1771.2877197265625, -1728.7109375, -1686.1341552734375, -1643.557373046875, -1600.9805908203125, -1558.40380859375, -1515.8270263671875, -1473.250244140625, -1430.673583984375, -1388.0966796875, -1345.52001953125, -1302.9432373046875, -1260.366455078125, -1217.7896728515625, -1175.212890625, -1132.6361083984375, -1090.059326171875, -1047.4825439453125, -1004.90576171875, -962.3289794921875, -919.752197265625, -877.1754760742188, -834.5986938476562, -792.0219116210938, -749.4451293945312, -706.868408203125, -664.2916259765625, -621.71484375, -579.1380615234375, -536.561279296875, -493.9844970703125, -451.40771484375, -408.8310546875, -366.2542724609375, -323.677490234375, -281.1007080078125, -238.52392578125, -195.9471435546875, -153.370361328125, -110.7935791015625, -68.21685791015625, -25.64007568359375, 16.93670654296875, 59.51348876953125, 102.0902099609375, 144.6669921875, 187.2437744140625, 229.820556640625, 272.3973388671875, 314.97412109375, 357.5509033203125, 400.127685546875, 442.7044372558594, 485.2812194824219, 527.8579711914062, 570.4347534179688, 613.0115356445312, 655.5883178710938, 698.1651000976562, 740.7418212890625, 783.318603515625, 825.8953857421875, 868.47216796875, 911.0489501953125, 953.625732421875]}, "gradients/graph_14linear.0.bias": {"_type": "histogram", "values": [1.0, 0.0, 0.0, 0.0, 0.0, 0.0, 0.0, 0.0, 1.0, 0.0, 0.0, 0.0, 0.0, 0.0, 0.0, 0.0, 0.0, 1.0, 0.0, 0.0, 0.0, 1.0, 0.0, 0.0, 0.0, 0.0, 0.0, 0.0, 0.0, 2.0, 0.0, 0.0, 0.0, 0.0, 0.0, 0.0, 0.0, 0.0, 0.0, 0.0, 0.0, 0.0, 0.0, 56.0, 0.0, 0.0, 0.0, 0.0, 0.0, 0.0, 1.0, 0.0, 0.0, 0.0, 0.0, 0.0, 0.0, 0.0, 0.0, 0.0, 0.0, 0.0, 0.0, 1.0], "bins": [-834.5880737304688, -815.4349975585938, -796.281982421875, -777.12890625, -757.975830078125, -738.82275390625, -719.6697387695312, -700.5166625976562, -681.3636474609375, -662.2105712890625, -643.0574951171875, -623.9044189453125, -604.7514038085938, -585.5983276367188, -566.4453125, -547.292236328125, -528.13916015625, -508.9861145019531, -489.8330383300781, -470.67999267578125, -451.52691650390625, -432.3738708496094, -413.2208251953125, -394.0677490234375, -374.9147033691406, -355.76165771484375, -336.60858154296875, -317.45550537109375, -298.302490234375, -279.1494140625, -259.996337890625, -240.84332275390625, -221.69027709960938, -202.53720092773438, -183.38418579101562, -164.23110961914062, -145.07803344726562, -125.92501831054688, -106.77194213867188, -87.61886596679688, -68.4658203125, -49.312774658203125, -30.159698486328125, -11.00665283203125, 8.146392822265625, 27.299468994140625, 46.4525146484375, 65.6055908203125, 84.75863647460938, 103.91168212890625, 123.06475830078125, 142.21780395507812, 161.37086486816406, 180.52392578125, 199.67697143554688, 218.8300323486328, 237.98309326171875, 257.13616943359375, 276.2892150878906, 295.4422607421875, 314.5953369140625, 333.7483825683594, 352.90142822265625, 372.05450439453125, 391.2075500488281]}, "gradients/graph_14linear.0.weight": {"_type": "histogram",