{"Linear loss": 9786.9794921875, "_timestamp": 1715773447.8929188, "_runtime": 50.26610994338989, "_step": 1809, "gradients/graph_30linear.5.bias": {"_type": "histogram", "values": [7.0, 0.0, 0.0, 3.0, 0.0, 0.0, 0.0, 0.0, 0.0, 0.0, 0.0, 0.0, 0.0, 0.0, 0.0, 0.0, 0.0, 0.0, 0.0, 0.0, 0.0, 0.0, 0.0, 0.0, 0.0, 0.0, 0.0, 0.0, 9.0, 0.0, 0.0, 3.0, 48.0, 0.0, 0.0, 16.0, 0.0, 0.0, 0.0, 0.0, 0.0, 0.0, 0.0, 0.0, 0.0, 0.0, 0.0, 0.0, 0.0, 0.0, 0.0, 0.0, 0.0, 0.0, 0.0, 0.0, 0.0, 1.0, 0.0, 0.0, 2.0, 0.0, 0.0, 7.0], "bins": [-200.0, -193.75, -187.5, -181.25, -175.0, -168.75, -162.5, -156.25, -150.0, -143.75, -137.5, -131.25, -125.0, -118.75, -112.5, -106.25, -100.0, -93.75, -87.5, -81.25, -75.0, -68.75, -62.5, -56.25, -50.0, -43.75, -37.5, -31.25, -25.0, -18.75, -12.5, -6.25, 0.0, 6.25, 12.5, 18.75, 25.0, 31.25, 37.5, 43.75, 50.0, 56.25, 62.5, 68.75, 75.0, 81.25, 87.5, 93.75, 100.0, 106.25, 112.5, 118.75, 125.0, 131.25, 137.5, 143.75, 150.0, 156.25, 162.5, 168.75, 175.0, 181.25, 187.5, 193.75, 200.0]}, "gradients/graph_30linear.5.weight": {"_type": "histogram", "values": [7.0, 0.0, 7.0, 10.0, 0.0, 6.0, 7.0, 0.0, 10.0, 14.0, 10.0, 13.0, 17.0, 3.0, 6.0, 14.0, 31.0, 13.0, 12.0, 0.0, 7.0, 17.0, 13.0, 10.0, 17.0, 6.0, 7.0, 3.0, 29.0, 82.0, 115.0, 196.0, 4829.0, 199.0, 139.0, 35.0, 3.0, 8.0, 6.0, 17.0, 11.0, 12.0, 16.0, 8.0, 5.0, 9.0, 11.0, 32.0, 15.0, 6.0, 4.0, 16.0, 12.0, 9.0, 14.0, 11.0, 0.0, 8.0, 4.0, 0.0, 9.0, 7.0, 0.0, 7.0], "bins": [-1003.9347534179688, -972.561767578125, -941.1888427734375, -909.8158569335938, -878.4429321289062, -847.0699462890625, -815.697021484375, -784.3240356445312, -752.9510498046875, -721.578125, -690.2051391601562, -658.8321533203125, -627.459228515625, -596.0863037109375, -564.7132568359375, -533.34033203125, -501.9673767089844, -470.59442138671875, -439.221435546875, -407.8485107421875, -376.47552490234375, -345.10260009765625, -313.7296142578125, -282.35662841796875, -250.98370361328125, -219.6107177734375, -188.23779296875, -156.86480712890625, -125.4918212890625, -94.118896484375, -62.74591064453125, -31.37298583984375, 0.0, 31.37298583984375, 62.74591064453125, 94.118896484375, 125.4918212890625, 156.86480712890625, 188.23779296875, 219.6107177734375, 250.98370361328125, 282.35662841796875, 313.7296142578125, 345.10260009765625, 376.47552490234375, 407.8485107421875, 439.221435546875, 470.59442138671875, 501.9673767089844, 533.34033203125, 564.7132568359375, 596.0863037109375, 627.459228515625, 658.8321533203125, 690.2051391601562, 721.578125, 752.9510498046875, 784.3240356445312, 815.697021484375, 847.0699462890625, 878.4429321289062, 909.8158569335938, 941.1888427734375, 972.561767578125, 1003.9347534179688]}, "gradients/graph_30linear.3.bias": {"_type": "histogram", "values": [1.0, 1.0, 0.0, 0.0, 0.0, 0.0, 0.0, 0.0, 0.0, 1.0, 1.0, 1.0, 1.0, 0.0, 0.0, 0.0, 1.0, 0.0, 1.0, 0.0, 0.0, 0.0, 0.0, 1.0, 0.0, 0.0, 0.0, 0.0, 2.0, 0.0, 2.0, 0.0, 1.0, 1.0, 0.0, 1.0, 1.0, 1.0, 2.0, 0.0, 0.0, 1.0, 0.0, 0.0, 2.0, 0.0, 0.0, 36.0, 0.0, 0.0, 1.0, 0.0, 0.0, 0.0, 2.0, 0.0, 0.0, 0.0, 0.0, 1.0, 0.0, 0.0, 0.0, 1.0], "bins": [-167.95181274414062, -164.38922119140625, -160.82664489746094, -157.26405334472656, -153.70147705078125, -150.13888549804688, -146.57630920410156, -143.0137176513672, -139.45114135742188, -135.8885498046875, -132.3259735107422, -128.7633819580078, -125.2008056640625, -121.63821411132812, -118.07563781738281, -114.51304626464844, -110.95046997070312, -107.38787841796875, -103.8252944946289, -100.26271057128906, -96.70012664794922, -93.13754272460938, -89.57495880126953, -86.01237487792969, -82.44979095458984, -78.88720703125, -75.32462310791016, -71.76203918457031, -68.19945526123047, -64.63687133789062, -61.07428741455078, -57.51170349121094, -53.94911575317383, -50.386531829833984, -46.82394790649414, -43.2613639831543, -39.69878005981445, -36.13619613647461, -32.573612213134766, -29.011028289794922, -25.448444366455078, -21.885860443115234, -18.32327651977539, -14.760692596435547, -11.198108673095703, -7.635524749755859, -4.072940826416016, -0.5103530883789062, 3.0522308349609375, 6.614814758300781, 10.177398681640625, 13.739982604980469, 17.302566528320312, 20.865150451660156, 24.427734375, 27.990318298339844, 31.55290412902832, 35.11548614501953, 38.678070068359375, 42.24065399169922, 45.80324172973633, 49.36582565307617, 52.928409576416016, 56.49099349975586, 60.0535774230957]}, "gradients/graph_30linear.3.weight": {"_type": "histogram", "values": [1.0, 1.0, 0.0, 0.0, 0.0, 0.0, 0.0, 0.0, 0.0, 1.0, 1.0, 1.0, 1.0, 0.0, 1.0, 1.0, 1.0, 0.0, 1.0, 0.0, 1.0, 2.0, 1.0, 1.0, 0.0, 1.0, 0.0, 1.0, 2.0, 2.0, 3.0, 0.0, 2.0, 5.0, 1.0, 4.0, 2.0, 3.0, 3.0, 3.0, 4.0, 4.0, 2.0, 4.0, 4.0, 2.0, 2.0, 4012.0, 1.0, 3.0, 1.0, 1.0, 2.0, 1.0, 2.0, 1.0, 0.0, 0.0, 1.0, 1.0, 0.0, 0.0, 0.0, 1.0], "bins": [-3680.687255859375, -3602.61279296875, -3524.5380859375, -3446.463623046875, -3368.38916015625, -3290.314697265625, -3212.240234375, -3134.16552734375, -3056.091064453125, -2978.0166015625, -2899.94189453125, -2821.867431640625, -2743.79296875, -2665.718505859375, -2587.64404296875, -2509.5693359375, -2431.494873046875, -2353.42041015625, -2275.345703125, -2197.271240234375, -2119.19677734375, -2041.122314453125, -1963.0477294921875, -1884.97314453125, -1806.898681640625, -1728.82421875, -1650.7496337890625, -1572.675048828125, -1494.6005859375, -1416.526123046875, -1338.451416015625, -1260.376953125, -1182.3023681640625, -1104.2279052734375, -1026.1534423828125, -948.0787353515625, -870.0042724609375, -791.9298095703125, -713.855224609375, -635.7806396484375, -557.7061767578125, -479.6317138671875, -401.55712890625, -323.4825439453125, -245.4080810546875, -167.3336181640625, -89.259033203125, -11.1844482421875, 66.8900146484375, 144.9644775390625, 223.0390625, 301.11358642578125, 379.1881103515625, 457.26263427734375, 535.337158203125, 613.4116821289062, 691.4862060546875, 769.5607299804688, 847.63525390625, 925.7097778320312, 1003.7843017578125, 1081.85888671875, 1159.933349609375, 1238.0078125, 1316.0823974609375]}, "gradients/graph_30linear.0.bias": {"_type": "histogram", "values": [1.0, 0.0, 0.0, 0.0, 0.0, 0.0, 0.0, 0.0, 0.0, 0.0, 0.0, 0.0, 0.0, 0.0, 0.0, 1.0, 0.0, 0.0, 0.0, 0.0, 0.0, 0.0, 0.0, 0.0, 0.0, 0.0, 0.0, 0.0, 0.0, 0.0, 0.0, 0.0, 0.0, 0.0, 0.0, 0.0, 0.0, 0.0, 0.0, 0.0, 0.0, 0.0, 0.0, 0.0, 0.0, 0.0, 0.0, 0.0, 0.0, 0.0, 0.0, 0.0, 0.0, 0.0, 0.0, 0.0, 0.0, 0.0, 0.0, 0.0, 61.0, 0.0, 0.0, 1.0], "bins": [-907.1390380859375, -892.2434692382812, -877.347900390625, -862.4523315429688, -847.5567626953125, -832.6611938476562, -817.765625, -802.8701171875, -787.9745483398438, -773.0789794921875, -758.1834106445312, -743.287841796875, -728.3922729492188, -713.4967041015625, -698.6011352539062, -683.70556640625, -668.8099975585938, -653.9144287109375, -639.0189208984375, -624.123291015625, -609.227783203125, -594.3321533203125, -579.4366455078125, -564.5410766601562, -549.6455078125, -534.7499389648438, -519.8543701171875, -504.95880126953125, -490.063232421875, -475.1676940917969, -460.2721252441406, -445.3765563964844, -430.4809875488281, -415.5854187011719, -400.6898498535156, -385.7942810058594, -370.89874267578125, -356.003173828125, -341.10760498046875, -326.2120361328125, -311.31646728515625, -296.4208984375, -281.5253601074219, -266.6297912597656, -251.73422241210938, -236.83865356445312, -221.94308471679688, -207.04751586914062, -192.15194702148438, -177.25637817382812, -162.36083984375, -147.46527099609375, -132.5697021484375, -117.67414093017578, -102.77857208251953, -87.88300323486328, -72.98744201660156, -58.091880798339844, -43.196311950683594, -28.300750732421875, -13.40518569946289, 1.4903793334960938, 16.385942459106445, 31.281505584716797, 46.17707061767578]}, "gradients/graph_30linear.0.weight": {"_type": "histogram",