{"gradients/graph_10linear.5.bias": {"_type": "histogram", "values": [6.0, 0.0, 0.0, 0.0, 0.0, 0.0, 0.0, 0.0, 0.0, 0.0, 0.0, 0.0, 0.0, 0.0, 0.0, 0.0, 0.0, 0.0, 0.0, 0.0, 0.0, 0.0, 0.0, 0.0, 0.0, 5.0, 0.0, 0.0, 6.0, 0.0, 0.0, 0.0, 48.0, 0.0, 0.0, 12.0, 0.0, 0.0, 5.0, 0.0, 0.0, 0.0, 0.0, 0.0, 0.0, 0.0, 0.0, 0.0, 0.0, 0.0, 0.0, 0.0, 0.0, 0.0, 0.0, 0.0, 0.0, 3.0, 0.0, 0.0, 2.0, 0.0, 0.0, 9.0], "bins": [-200.0, -193.75, -187.5, -181.25, -175.0, -168.75, -162.5, -156.25, -150.0, -143.75, -137.5, -131.25, -125.0, -118.75, -112.5, -106.25, -100.0, -93.75, -87.5, -81.25, -75.0, -68.75, -62.5, -56.25, -50.0, -43.75, -37.5, -31.25, -25.0, -18.75, -12.5, -6.25, 0.0, 6.25, 12.5, 18.75, 25.0, 31.25, 37.5, 43.75, 50.0, 56.25, 62.5, 68.75, 75.0, 81.25, 87.5, 93.75, 100.0, 106.25, 112.5, 118.75, 125.0, 131.25, 137.5, 143.75, 150.0, 156.25, 162.5, 168.75, 175.0, 181.25, 187.5, 193.75, 200.0]}, "_timestamp": 1715866926.1527808, "gradients/graph_10linear.5.weight": {"_type": "histogram", "values": [6.0, 6.0, 0.0, 0.0, 6.0, 0.0, 6.0, 0.0, 0.0, 6.0, 0.0, 0.0, 0.0, 6.0, 0.0, 0.0, 18.0, 0.0, 12.0, 0.0, 6.0, 12.0, 18.0, 6.0, 0.0, 28.0, 16.0, 17.0, 55.0, 56.0, 100.0, 181.0, 4871.0, 162.0, 97.0, 100.0, 33.0, 30.0, 41.0, 11.0, 21.0, 34.0, 26.0, 11.0, 11.0, 22.0, 5.0, 27.0, 2.0, 3.0, 9.0, 2.0, 3.0, 0.0, 12.0, 2.0, 5.0, 12.0, 0.0, 11.0, 2.0, 0.0, 9.0, 9.0], "bins": [-1153.697265625, -1117.644287109375, -1081.5911865234375, -1045.5380859375, -1009.485107421875, -973.4320678710938, -937.3790283203125, -901.3259887695312, -865.27294921875, -829.2199096679688, -793.1668701171875, -757.1138305664062, -721.060791015625, -685.0077514648438, -648.9547119140625, -612.9016723632812, -576.8486328125, -540.7955932617188, -504.7425537109375, -468.68951416015625, -432.636474609375, -396.58343505859375, -360.5303955078125, -324.47735595703125, -288.42431640625, -252.37127685546875, -216.3182373046875, -180.26519775390625, -144.212158203125, -108.1591796875, -72.1060791015625, -36.052978515625, 0.0, 36.052978515625, 72.1060791015625, 108.1591796875, 144.212158203125, 180.26519775390625, 216.3182373046875, 252.37127685546875, 288.42431640625, 324.47735595703125, 360.5303955078125, 396.58343505859375, 432.636474609375, 468.68951416015625, 504.7425537109375, 540.7955932617188, 576.8486328125, 612.9016723632812, 648.9547119140625, 685.0077514648438, 721.060791015625, 757.1138305664062, 793.1668701171875, 829.2199096679688, 865.27294921875, 901.3259887695312, 937.3790283203125, 973.4320678710938, 1009.485107421875, 1045.5380859375, 1081.5911865234375, 1117.644287109375, 1153.697265625]}, "gradients/graph_10linear.3.bias": {"_type": "histogram", "values": [1.0, 0.0, 0.0, 0.0, 1.0, 0.0, 0.0, 0.0, 0.0, 0.0, 0.0, 0.0, 0.0, 0.0, 1.0, 1.0, 1.0, 0.0, 2.0, 3.0, 1.0, 0.0, 3.0, 0.0, 1.0, 0.0, 0.0, 0.0, 1.0, 0.0, 2.0, 1.0, 0.0, 0.0, 0.0, 0.0, 33.0, 0.0, 1.0, 1.0, 0.0, 1.0, 2.0, 2.0, 0.0, 0.0, 0.0, 1.0, 0.0, 0.0, 2.0, 0.0, 0.0, 0.0, 1.0, 0.0, 0.0, 0.0, 0.0, 0.0, 0.0, 0.0, 0.0, 1.0], "bins": [-131.37110900878906, -127.78890228271484, -124.20669555664062, -120.62449645996094, -117.04228973388672, -113.4600830078125, -109.87788391113281, -106.2956771850586, -102.71347045898438, -99.13126373291016, -95.54905700683594, -91.96685791015625, -88.38465118408203, -84.80244445800781, -81.22024536132812, -77.6380386352539, -74.05583190917969, -70.47362518310547, -66.89141845703125, -63.30921936035156, -59.727012634277344, -56.144805908203125, -52.56260681152344, -48.98040008544922, -45.398193359375, -41.81598663330078, -38.23377990722656, -34.651580810546875, -31.069374084472656, -27.487167358398438, -23.90496826171875, -20.32276153564453, -16.740562438964844, -13.158355712890625, -9.576148986816406, -5.993949890136719, -2.4117431640625, 1.1704635620117188, 4.752662658691406, 8.334869384765625, 11.917076110839844, 15.499282836914062, 19.08148956298828, 22.66368865966797, 26.245895385742188, 29.828102111816406, 33.410301208496094, 36.99250793457031, 40.57471466064453, 44.15692138671875, 47.7391242980957, 51.321327209472656, 54.903533935546875, 58.485740661621094, 62.06794357299805, 65.650146484375, 69.23235321044922, 72.81455993652344, 76.39675903320312, 79.97896575927734, 83.56117248535156, 87.14337921142578, 90.7255859375, 94.30778503417969, 97.8899917602539]}, "gradients/graph_10linear.3.weight": {"_type": "histogram", "values": [1.0, 0.0, 0.0, 0.0, 2.0, 0.0, 0.0, 0.0, 1.0, 0.0, 0.0, 0.0, 0.0, 1.0, 2.0, 1.0, 3.0, 3.0, 3.0, 3.0, 4.0, 4.0, 6.0, 3.0, 8.0, 8.0, 8.0, 8.0, 11.0, 17.0, 10.0, 9.0, 7.0, 18.0, 9.0, 17.0, 3825.0, 20.0, 12.0, 16.0, 8.0, 8.0, 9.0, 8.0, 4.0, 2.0, 1.0, 5.0, 2.0, 0.0, 3.0, 0.0, 2.0, 1.0, 1.0, 0.0, 0.0, 0.0, 0.0, 0.0, 1.0, 0.0, 0.0, 1.0], "bins": [-1506.828857421875, -1465.740966796875, -1424.6529541015625, -1383.56494140625, -1342.47705078125, -1301.38916015625, -1260.3011474609375, -1219.213134765625, -1178.125244140625, -1137.037353515625, -1095.9493408203125, -1054.861328125, -1013.7734375, -972.6854858398438, -931.5975341796875, -890.5095825195312, -849.421630859375, -808.3336791992188, -767.2457275390625, -726.1577758789062, -685.06982421875, -643.9818725585938, -602.8939208984375, -561.8059692382812, -520.718017578125, -479.630126953125, -438.5421142578125, -397.4541015625, -356.3662109375, -315.2783203125, -274.1903076171875, -233.102294921875, -192.0145263671875, -150.9266357421875, -109.838623046875, -68.7506103515625, -27.6627197265625, 13.4251708984375, 54.51318359375, 95.6011962890625, 136.6890869140625, 177.77703857421875, 218.864990234375, 259.95294189453125, 301.0408935546875, 342.12884521484375, 383.216796875, 424.30474853515625, 465.3927001953125, 506.48065185546875, 547.568603515625, 588.6565551757812, 629.7445068359375, 670.8324584960938, 711.92041015625, 753.0083618164062, 794.0963134765625, 835.1842651367188, 876.272216796875, 917.3601684570312, 958.4481201171875, 999.5360717773438, 1040.6240234375, 1081.7119140625, 1122.7999267578125]}, "gradients/graph_10linear.0.bias": {"_type": "histogram", "values": [1.0, 0.0, 0.0, 0.0, 2.0, 0.0, 0.0, 1.0, 0.0, 0.0, 0.0, 0.0, 0.0, 0.0, 1.0, 0.0, 0.0, 0.0, 0.0, 0.0, 0.0, 1.0, 0.0, 0.0, 0.0, 0.0, 0.0, 0.0, 0.0, 0.0, 55.0, 0.0, 0.0, 0.0, 0.0, 0.0, 0.0, 0.0, 1.0, 1.0, 0.0, 0.0, 0.0, 0.0, 0.0, 0.0, 0.0, 0.0, 0.0, 0.0, 0.0, 0.0, 0.0, 0.0, 0.0, 0.0, 0.0, 0.0, 0.0, 0.0, 0.0, 0.0, 0.0, 1.0], "bins": [-190.22315979003906, -184.05636596679688, -177.8895721435547, -171.7227783203125, -165.5559844970703, -159.38919067382812, -153.22238159179688, -147.05560302734375, -140.8887939453125, -134.72201538085938, -128.55520629882812, -122.38842010498047, -116.22161865234375, -110.05482482910156, -103.88803100585938, -97.72123718261719, -91.554443359375, -85.38764953613281, -79.22085571289062, -73.05406188964844, -66.88726806640625, -60.72047424316406, -54.553680419921875, -48.38688659667969, -42.22007751464844, -36.05328369140625, -29.886489868164062, -23.719696044921875, -17.552902221679688, -11.3861083984375, -5.2193145751953125, 0.947479248046875, 7.1142578125, 13.281051635742188, 19.447845458984375, 25.614639282226562, 31.78143310546875, 37.94822692871094, 44.115020751953125, 50.28181457519531, 56.4486083984375, 62.61541748046875, 68.78221130371094, 74.94900512695312, 81.11579895019531, 87.2825927734375, 93.44938659667969, 99.61618041992188, 105.78297424316406, 111.94976806640625, 118.11656188964844, 124.28335571289062, 130.4501495361328, 136.616943359375, 142.78375244140625, 148.95053100585938, 155.11734008789062, 161.28411865234375, 167.450927734375, 173.6177215576172, 179.78451538085938, 185.95130920410156, 192.11810302734375, 198.28489685058594, 204.45169067382812]}, "gradients/graph_10linear.0.weight": {"_type": "histogram",