{"Linear loss": 14564.44140625, "_timestamp": 1715762244.6922925, "_runtime": 3.0147833824157715, "_step": 50, "Regret": 0.2030360896032815, "_wandb": {"runtime": 2}}