{"gradients/graph_1linear.5.bias": {"_type": "histogram", "values": [3.0, 0.0, 1.0, 0.0, 0.0, 0.0, 0.0, 0.0, 0.0, 0.0, 0.0, 0.0, 0.0, 0.0, 0.0, 0.0, 0.0, 0.0, 0.0, 0.0, 0.0, 0.0, 6.0, 6.0, 10.0, 4.0, 1.0, 4.0, 2.0, 0.0, 1.0, 3.0, 49.0, 2.0, 0.0, 0.0, 0.0, 0.0, 1.0, 7.0, 7.0, 3.0, 2.0, 0.0, 0.0, 0.0, 0.0, 0.0, 0.0, 0.0, 0.0, 0.0, 0.0, 0.0, 0.0, 0.0, 0.0, 0.0, 0.0, 1.0, 1.0, 2.0, 2.0, 2.0], "bins": [-0.737964928150177, -0.7151246070861816, -0.6922842860221863, -0.6694439649581909, -0.6466037034988403, -0.623763382434845, -0.6009230613708496, -0.5780827403068542, -0.5552424192428589, -0.5324020981788635, -0.5095617771148682, -0.4867214858531952, -0.46388116478919983, -0.44104084372520447, -0.4182005524635315, -0.39536023139953613, -0.37251991033554077, -0.3496795892715454, -0.32683926820755005, -0.3039989769458771, -0.2811586558818817, -0.25831833481788635, -0.23547804355621338, -0.21263772249221802, -0.18979740142822266, -0.1669570803642273, -0.14411675930023193, -0.12127643823623657, -0.09843617677688599, -0.07559585571289062, -0.052755534648895264, -0.029915213584899902, -0.007074832916259766, 0.015765488147735596, 0.03860580921173096, 0.06144613027572632, 0.08428645133972168, 0.10712671279907227, 0.12996703386306763, 0.152807354927063, 0.17564767599105835, 0.1984879970550537, 0.22132831811904907, 0.24416860938072205, 0.2670089304447174, 0.28984925150871277, 0.31268954277038574, 0.3355298638343811, 0.35837018489837646, 0.3812105059623718, 0.4040508270263672, 0.42689111828804016, 0.4497314393520355, 0.4725717604160309, 0.49541205167770386, 0.5182523727416992, 0.5410926938056946, 0.5639330148696899, 0.5867733359336853, 0.6096136569976807, 0.6324539184570312, 0.6552942395210266, 0.678134560585022, 0.7009748816490173, 0.7238152027130127]}, "_timestamp": 1715862724.7443602, "gradients/graph_1linear.5.weight": {"_type": "histogram", "values": [3.0, 0.0, 1.0, 0.0, 0.0, 0.0, 0.0, 0.0, 0.0, 0.0, 0.0, 0.0, 0.0, 0.0, 0.0, 0.0, 0.0, 0.0, 0.0, 0.0, 0.0, 0.0, 6.0, 6.0, 10.0, 4.0, 1.0, 4.0, 2.0, 0.0, 1.0, 3.0, 7609.0, 2.0, 0.0, 0.0, 0.0, 0.0, 1.0, 7.0, 7.0, 3.0, 2.0, 0.0, 0.0, 0.0, 0.0, 0.0, 0.0, 0.0, 0.0, 0.0, 0.0, 0.0, 0.0, 0.0, 0.0, 0.0, 0.0, 1.0, 1.0, 2.0, 2.0, 2.0], "bins": [-47.32415008544922, -45.85944747924805, -44.394744873046875, -42.93004608154297, -41.4653434753418, -40.000640869140625, -38.53594207763672, -37.07123947143555, -35.606536865234375, -34.1418342590332, -32.67713165283203, -31.212432861328125, -29.747730255126953, -28.28302764892578, -26.818326950073242, -25.353626251220703, -23.88892364501953, -22.42422103881836, -20.95952033996582, -19.49481964111328, -18.03011703491211, -16.565414428710938, -15.100715637207031, -13.63601303100586, -12.171310424804688, -10.706607818603516, -9.241905212402344, -7.7772064208984375, -6.312503814697266, -4.847801208496094, -3.3831024169921875, -1.9183998107910156, -0.4536933898925781, 1.0110092163085938, 2.4757118225097656, 3.940410614013672, 5.405113220214844, 6.869815826416016, 8.334514617919922, 9.799217224121094, 11.263919830322266, 12.728622436523438, 14.19332504272461, 15.658023834228516, 17.122726440429688, 18.58742904663086, 20.0521297454834, 21.516830444335938, 22.98153305053711, 24.44623565673828, 25.91093635559082, 27.37563705444336, 28.84033966064453, 30.305042266845703, 31.769742965698242, 33.23444366455078, 34.69914627075195, 36.163848876953125, 37.62854766845703, 39.0932502746582, 40.557952880859375, 42.02265548706055, 43.48735809326172, 44.952056884765625, 46.4167594909668]}, "gradients/graph_1linear.3.bias": {"_type": "histogram", "values": [63.0, 0.0, 0.0, 0.0, 0.0, 0.0, 0.0, 0.0, 0.0, 0.0, 0.0, 0.0, 0.0, 0.0, 0.0, 0.0, 0.0, 0.0, 0.0, 0.0, 0.0, 0.0, 0.0, 0.0, 0.0, 0.0, 0.0, 0.0, 0.0, 0.0, 0.0, 0.0, 0.0, 0.0, 0.0, 0.0, 0.0, 0.0, 0.0, 0.0, 0.0, 0.0, 0.0, 0.0, 0.0, 0.0, 0.0, 0.0, 0.0, 0.0, 0.0, 0.0, 0.0, 0.0, 0.0, 0.0, 0.0, 0.0, 0.0, 0.0, 0.0, 0.0, 0.0, 1.0], "bins": [0.0, 0.003905727295204997, 0.007811454590409994, 0.011717181652784348, 0.015622909180819988, 0.01952863670885563, 0.023434363305568695, 0.02734009176492691, 0.031245818361639977, 0.03515154495835304, 0.03905727341771126, 0.04296300187706947, 0.04686872661113739, 0.050774455070495605, 0.05468018352985382, 0.05858590826392174, 0.06249163672327995, 0.06639736145734787, 0.07030308991670609, 0.0742088183760643, 0.07811454683542252, 0.08202027529478073, 0.08592600375413895, 0.08983172476291656, 0.09373745322227478, 0.097643181681633, 0.10154891014099121, 0.10545463860034943, 0.10936036705970764, 0.11326608806848526, 0.11717181652784348, 0.12107754498720169, 0.1249832734465599, 0.12888899445533752, 0.13279473781585693, 0.13670045137405396, 0.14060617983341217, 0.14451190829277039, 0.1484176367521286, 0.15232336521148682, 0.15622909367084503, 0.16013482213020325, 0.16404053568840027, 0.16794627904891968, 0.1718519926071167, 0.1757577359676361, 0.17966344952583313, 0.18356919288635254, 0.18747490644454956, 0.19138063490390778, 0.195286363363266, 0.1991920918226242, 0.20309782028198242, 0.20700354874134064, 0.21090927720069885, 0.21481500566005707, 0.21872073411941528, 0.2226264476776123, 0.2265321910381317, 0.23043790459632874, 0.23434363305568695, 0.23824936151504517, 0.24215508997440338, 0.2460608184337616, 0.2499665468931198]}, "gradients/graph_1linear.3.weight": {"_type": "histogram", "values": [4073.0, 0.0, 0.0, 1.0, 1.0, 1.0, 1.0, 0.0, 2.0, 0.0, 0.0, 0.0, 0.0, 0.0, 0.0, 0.0, 0.0, 0.0, 0.0, 2.0, 1.0, 0.0, 1.0, 0.0, 1.0, 0.0, 1.0, 0.0, 1.0, 1.0, 0.0, 0.0, 1.0, 0.0, 0.0, 0.0, 2.0, 1.0, 0.0, 0.0, 0.0, 1.0, 0.0, 1.0, 0.0, 0.0, 0.0, 0.0, 0.0, 0.0, 0.0, 1.0, 0.0, 0.0, 1.0, 0.0, 0.0, 0.0, 0.0, 0.0, 0.0, 0.0, 0.0, 1.0], "bins": [0.0, 0.2878431975841522, 0.5756863951683044, 0.8635295629501343, 1.1513727903366089, 1.4392160177230835, 1.7270591259002686, 2.014902353286743, 2.3027455806732178, 2.5905888080596924, 2.878432035446167, 3.1662752628326416, 3.454118251800537, 3.7419614791870117, 4.029804706573486, 4.317647933959961, 4.6054911613464355, 4.89333438873291, 5.181177616119385, 5.469020843505859, 5.756864070892334, 6.044707298278809, 6.332550525665283, 6.620393753051758, 6.908236503601074, 7.196079730987549, 7.483922958374023, 7.771766185760498, 8.059609413146973, 8.347453117370605, 8.635295867919922, 8.923139572143555, 9.210982322692871, 9.498825073242188, 9.78666877746582, 10.074511528015137, 10.36235523223877, 10.650197982788086, 10.938041687011719, 11.225885391235352, 11.513728141784668, 11.801570892333984, 12.089414596557617, 12.377257347106934, 12.66510009765625, 12.952943801879883, 13.240787506103516, 13.528630256652832, 13.816473007202148, 14.104316711425781, 14.392160415649414, 14.68000316619873, 14.967845916748047, 15.25568962097168, 15.543532371520996, 15.831376075744629, 16.119218826293945, 16.407062530517578, 16.69490623474121, 16.98274803161621, 17.270591735839844, 17.558435440063477, 17.84627914428711, 18.13412094116211, 18.421964645385742]}, "gradients/graph_1linear.0.bias": {"_type": "histogram", "values": [1.0, 0.0, 0.0, 0.0, 0.0, 0.0, 1.0, 0.0, 1.0, 0.0, 0.0, 0.0, 1.0, 0.0, 0.0, 0.0, 0.0, 0.0, 41.0, 0.0, 0.0, 1.0, 2.0, 0.0, 0.0, 1.0, 2.0, 0.0, 1.0, 1.0, 0.0, 0.0, 0.0, 0.0, 1.0, 1.0, 0.0, 0.0, 0.0, 0.0, 0.0, 0.0, 2.0, 0.0, 1.0, 0.0, 0.0, 0.0, 0.0, 1.0, 0.0, 2.0, 0.0, 0.0, 0.0, 0.0, 0.0, 0.0, 0.0, 0.0, 1.0, 0.0, 0.0, 2.0],