{"Linear loss": 12924.099609375, "_timestamp": 1715771178.1040835, "_runtime": 83.7816755771637, "_step": 1809, "gradients/graph_22linear.5.bias": {"_type": "histogram", "values": [7.0, 0.0, 0.0, 3.0, 0.0, 0.0, 0.0, 0.0, 0.0, 0.0, 0.0, 0.0, 0.0, 0.0, 0.0, 0.0, 0.0, 0.0, 0.0, 0.0, 0.0, 0.0, 0.0, 0.0, 0.0, 0.0, 0.0, 0.0, 13.0, 0.0, 0.0, 0.0, 41.0, 0.0, 0.0, 16.0, 0.0, 0.0, 0.0, 0.0, 0.0, 0.0, 0.0, 0.0, 0.0, 0.0, 0.0, 0.0, 0.0, 0.0, 0.0, 0.0, 0.0, 0.0, 0.0, 0.0, 0.0, 1.0, 0.0, 0.0, 4.0, 0.0, 0.0, 11.0], "bins": [-200.0, -193.75, -187.5, -181.25, -175.0, -168.75, -162.5, -156.25, -150.0, -143.75, -137.5, -131.25, -125.0, -118.75, -112.5, -106.25, -100.0, -93.75, -87.5, -81.25, -75.0, -68.75, -62.5, -56.25, -50.0, -43.75, -37.5, -31.25, -25.0, -18.75, -12.5, -6.25, 0.0, 6.25, 12.5, 18.75, 25.0, 31.25, 37.5, 43.75, 50.0, 56.25, 62.5, 68.75, 75.0, 81.25, 87.5, 93.75, 100.0, 106.25, 112.5, 118.75, 125.0, 131.25, 137.5, 143.75, 150.0, 156.25, 162.5, 168.75, 175.0, 181.25, 187.5, 193.75, 200.0]}, "gradients/graph_22linear.5.weight": {"_type": "histogram", "values": [7.0, 0.0, 7.0, 10.0, 7.0, 6.0, 14.0, 10.0, 7.0, 13.0, 6.0, 3.0, 0.0, 7.0, 0.0, 3.0, 14.0, 3.0, 17.0, 10.0, 13.0, 3.0, 7.0, 3.0, 0.0, 14.0, 13.0, 3.0, 13.0, 104.0, 91.0, 98.0, 1990.0, 112.0, 128.0, 16.0, 6.0, 20.0, 22.0, 1.0, 5.0, 11.0, 7.0, 19.0, 17.0, 26.0, 5.0, 22.0, 4.0, 1.0, 12.0, 1.0, 6.0, 8.0, 20.0, 13.0, 15.0, 23.0, 8.0, 11.0, 15.0, 11.0, 0.0, 11.0], "bins": [-507.5914001464844, -491.7291564941406, -475.866943359375, -460.00469970703125, -444.1424865722656, -428.2802429199219, -412.41802978515625, -396.5557861328125, -380.69354248046875, -364.831298828125, -348.9690856933594, -333.10687255859375, -317.24462890625, -301.38238525390625, -285.5201416015625, -269.6579284667969, -253.7957000732422, -237.9334716796875, -222.07122802734375, -206.20901489257812, -190.34677124023438, -174.48455810546875, -158.622314453125, -142.76007080078125, -126.89785766601562, -111.03561401367188, -95.17340087890625, -79.3111572265625, -63.44891357421875, -47.586700439453125, -31.724456787109375, -15.86224365234375, 0.0, 15.86224365234375, 31.724456787109375, 47.586700439453125, 63.44891357421875, 79.3111572265625, 95.17340087890625, 111.03561401367188, 126.89785766601562, 142.76007080078125, 158.622314453125, 174.48455810546875, 190.34677124023438, 206.20901489257812, 222.07122802734375, 237.9334716796875, 253.7957000732422, 269.6579284667969, 285.5201416015625, 301.38238525390625, 317.24462890625, 333.10687255859375, 348.9690856933594, 364.831298828125, 380.69354248046875, 396.5557861328125, 412.41802978515625, 428.2802429199219, 444.1424865722656, 460.00469970703125, 475.866943359375, 491.7291564941406, 507.5914001464844]}, "gradients/graph_22linear.3.bias": {"_type": "histogram", "values": [1.0, 0.0, 0.0, 0.0, 1.0, 0.0, 1.0, 0.0, 1.0, 1.0, 0.0, 0.0, 0.0, 0.0, 0.0, 1.0, 1.0, 0.0, 0.0, 0.0, 0.0, 1.0, 0.0, 1.0, 0.0, 0.0, 0.0, 1.0, 0.0, 0.0, 3.0, 2.0, 0.0, 0.0, 0.0, 0.0, 0.0, 0.0, 0.0, 1.0, 0.0, 1.0, 0.0, 0.0, 0.0, 0.0, 0.0, 2.0, 0.0, 0.0, 0.0, 1.0, 0.0, 0.0, 0.0, 0.0, 10.0, 0.0, 1.0, 0.0, 0.0, 0.0, 0.0, 1.0], "bins": [-342.8253479003906, -336.7413330078125, -330.65728759765625, -324.5732727050781, -318.4892578125, -312.40521240234375, -306.3211975097656, -300.2371826171875, -294.15313720703125, -288.0691223144531, -281.985107421875, -275.90106201171875, -269.8170471191406, -263.7330322265625, -257.64898681640625, -251.56497192382812, -245.48095703125, -239.3969268798828, -233.31289672851562, -227.2288818359375, -221.1448516845703, -215.06082153320312, -208.976806640625, -202.8927764892578, -196.80874633789062, -190.7247314453125, -184.6407012939453, -178.55667114257812, -172.47265625, -166.3886260986328, -160.30459594726562, -154.2205810546875, -148.13653564453125, -142.05250549316406, -135.96849060058594, -129.88446044921875, -123.80043029785156, -117.71641540527344, -111.63238525390625, -105.54835510253906, -99.46434020996094, -93.38031005859375, -87.29627990722656, -81.21226501464844, -75.12823486328125, -69.04421997070312, -62.9601936340332, -56.876163482666016, -50.79214096069336, -44.7081184387207, -38.624088287353516, -32.54006576538086, -26.456043243408203, -20.372013092041016, -14.28799057006836, -8.203968048095703, -2.1199417114257812, 3.9640846252441406, 10.048107147216797, 16.13213348388672, 22.216157913208008, 28.300182342529297, 34.38420867919922, 40.468231201171875, 46.5522575378418]}, "gradients/graph_22linear.3.weight": {"_type": "histogram", "values": [1.0, 0.0, 0.0, 1.0, 1.0, 0.0, 1.0, 1.0, 1.0, 2.0, 1.0, 1.0, 1.0, 1.0, 0.0, 2.0, 2.0, 1.0, 1.0, 1.0, 0.0, 1.0, 1.0, 2.0, 1.0, 1.0, 0.0, 2.0, 0.0, 2.0, 3.0, 2.0, 5.0, 1.0, 2.0, 3.0, 0.0, 0.0, 0.0, 1.0, 1.0, 1.0, 3.0, 1.0, 4.0, 0.0, 2.0, 4.0, 4.0, 2.0, 4.0, 1.0, 4.0, 0.0, 2.0, 1.0, 937.0, 0.0, 4.0, 0.0, 0.0, 0.0, 1.0, 2.0], "bins": [-1934.621826171875, -1900.28857421875, -1865.9554443359375, -1831.622314453125, -1797.2890625, -1762.955810546875, -1728.6226806640625, -1694.28955078125, -1659.956298828125, -1625.623046875, -1591.2899169921875, -1556.956787109375, -1522.62353515625, -1488.290283203125, -1453.9571533203125, -1419.6240234375, -1385.290771484375, -1350.95751953125, -1316.6243896484375, -1282.291259765625, -1247.9580078125, -1213.624755859375, -1179.2916259765625, -1144.95849609375, -1110.625244140625, -1076.2919921875, -1041.9588623046875, -1007.6256713867188, -973.29248046875, -938.9592895507812, -904.6260986328125, -870.29296875, -835.9597778320312, -801.6265258789062, -767.2933959960938, -732.960205078125, -698.6270141601562, -664.2938232421875, -629.9606323242188, -595.62744140625, -561.2942504882812, -526.9610595703125, -492.62786865234375, -458.294677734375, -423.96148681640625, -389.6282958984375, -355.29510498046875, -320.9619140625, -286.62872314453125, -252.2955322265625, -217.96234130859375, -183.629150390625, -149.29595947265625, -114.9627685546875, -80.62957763671875, -46.29638671875, -11.96319580078125, 22.3699951171875, 56.70318603515625, 91.036376953125, 125.36956787109375, 159.7027587890625, 194.03594970703125, 228.369140625, 262.70233154296875]}, "gradients/graph_22linear.0.bias": {"_type": "histogram", "values": [1.0, 0.0, 0.0, 0.0, 0.0, 0.0, 0.0, 0.0, 0.0, 0.0, 1.0, 0.0, 0.0, 0.0, 1.0, 0.0, 0.0, 0.0, 1.0, 0.0, 0.0, 0.0, 0.0, 0.0, 0.0, 0.0, 0.0, 0.0, 0.0, 0.0, 0.0, 0.0, 0.0, 0.0, 0.0, 0.0, 0.0, 0.0, 0.0, 0.0, 0.0, 0.0, 0.0, 0.0, 0.0, 0.0, 0.0, 0.0, 0.0, 0.0, 0.0, 0.0, 0.0, 0.0, 0.0, 0.0, 0.0, 0.0, 0.0, 0.0, 0.0, 0.0, 0.0, 28.0], "bins": [-963.73876953125, -948.6803588867188, -933.6219482421875, -918.5635375976562, -903.505126953125, -888.4466552734375, -873.3882446289062, -858.329833984375, -843.2714233398438, -828.2130126953125, -813.1546020507812, -798.09619140625, -783.0377197265625, -767.9793701171875, -752.9208984375, -737.8624877929688, -722.8040771484375, -707.7456665039062, -692.687255859375, -677.6287841796875, -662.5704345703125, -647.511962890625, -632.4535522460938, -617.3951416015625, -602.3367309570312, -587.2783203125, -572.2199096679688, -557.1614990234375, -542.10302734375, -527.044677734375, -511.9862060546875, -496.92779541015625, -481.869384765625, -466.81097412109375, -451.7525634765625, -436.6941223144531, -421.6357116699219, -406.5773010253906, -391.51885986328125, -376.46044921875, -361.40203857421875, -346.3436279296875, -331.28521728515625, -316.2267761230469, -301.1683654785156, -286.1099548339844, -271.051513671875, -255.99310302734375, -240.9346923828125, -225.87628173828125, -210.81785583496094, -195.75942993164062, -180.70101928710938, -165.64260864257812, -150.5841827392578, -135.5257568359375, -120.46734619140625, -105.40892791748047, -90.35050964355469, -75.2920913696289, -60.233673095703125, -45.175254821777344, -30.116836547851562, -15.058418273925781, 0.0]}, "gradients/graph_22linear.0.weight": {"_type": "histogram",