{"Linear loss": 13384.974609375, "_timestamp": 1715673533.646817, "_runtime": 1.8713710308074951, "_step": 40, "Regret": 0.6000797543402464, "_wandb": {"runtime": 1}}