{"Linear loss": 13082.119140625, "_timestamp": 1715768116.802251, "_runtime": 193.0294840335846, "_step": 5429, "gradients/graph_7linear.5.bias": {"_type": "histogram", "values": [7.0, 0.0, 0.0, 3.0, 0.0, 0.0, 0.0, 0.0, 0.0, 0.0, 0.0, 0.0, 0.0, 0.0, 0.0, 0.0, 0.0, 0.0, 0.0, 0.0, 0.0, 0.0, 0.0, 0.0, 0.0, 0.0, 0.0, 0.0, 12.0, 0.0, 0.0, 2.0, 40.0, 0.0, 0.0, 16.0, 0.0, 0.0, 0.0, 0.0, 0.0, 0.0, 0.0, 0.0, 0.0, 0.0, 0.0, 0.0, 0.0, 0.0, 0.0, 0.0, 0.0, 0.0, 0.0, 0.0, 0.0, 2.0, 0.0, 0.0, 3.0, 0.0, 0.0, 11.0], "bins": [-200.0, -193.75, -187.5, -181.25, -175.0, -168.75, -162.5, -156.25, -150.0, -143.75, -137.5, -131.25, -125.0, -118.75, -112.5, -106.25, -100.0, -93.75, -87.5, -81.25, -75.0, -68.75, -62.5, -56.25, -50.0, -43.75, -37.5, -31.25, -25.0, -18.75, -12.5, -6.25, 0.0, 6.25, 12.5, 18.75, 25.0, 31.25, 37.5, 43.75, 50.0, 56.25, 62.5, 68.75, 75.0, 81.25, 87.5, 93.75, 100.0, 106.25, 112.5, 118.75, 125.0, 131.25, 137.5, 143.75, 150.0, 156.25, 162.5, 168.75, 175.0, 181.25, 187.5, 193.75, 200.0]}, "gradients/graph_7linear.5.weight": {"_type": "histogram", "values": [12288.0], "bins": [0.0, 0.0]}, "gradients/graph_7linear.3.bias": {"_type": "histogram", "values": [128.0], "bins": [0.0, 0.0]}, "gradients/graph_7linear.3.weight": {"_type": "histogram", "values": [16384.0], "bins": [-0.0, -0.0]}, "gradients/graph_7linear.0.bias": {"_type": "histogram", "values": [128.0], "bins": [0.0, 0.0]}, "gradients/graph_7linear.0.weight": {"_type": "histogram", "values": [18432.0], "bins": [0.0, 0.0]}, "Regret": 0.07922604843210214, "_wandb": {"runtime": 188}}