{"gradients/graph_12linear.5.bias": {"_type": "histogram", "values": [13.0, 0.0, 0.0, 0.0, 0.0, 24.0, 0.0, 0.0, 0.0, 1.0, 46.0, 0.0, 0.0, 0.0, 0.0, 2.0, 17.0, 0.0, 0.0, 0.0, 3.0, 12.0, 0.0, 0.0, 0.0, 0.0, 0.0, 0.0, 0.0, 0.0, 0.0, 0.0, 0.0, 0.0, 0.0, 0.0, 0.0, 0.0, 0.0, 0.0, 0.0, 0.0, 0.0, 0.0, 0.0, 0.0, 0.0, 0.0, 0.0, 0.0, 0.0, 0.0, 0.0, 0.0, 0.0, 0.0, 0.0, 0.0, 1.0, 0.0, 0.0, 0.0, 0.0, 1.0], "bins": [-40.0, -36.25, -32.5, -28.75, -25.0, -21.25, -17.5, -13.75, -10.0, -6.25, -2.5, 1.25, 5.0, 8.75, 12.5, 16.25, 20.0, 23.75, 27.5, 31.25, 35.0, 38.75, 42.5, 46.25, 50.0, 53.75, 57.5, 61.25, 65.0, 68.75, 72.5, 76.25, 80.0, 83.75, 87.5, 91.25, 95.0, 98.75, 102.5, 106.25, 110.0, 113.75, 117.5, 121.25, 125.0, 128.75, 132.5, 136.25, 140.0, 143.75, 147.5, 151.25, 155.0, 158.75, 162.5, 166.25, 170.0, 173.75, 177.5, 181.25, 185.0, 188.75, 192.5, 196.25, 200.0]}, "_timestamp": 1715867173.362908, "gradients/graph_12linear.5.weight": {"_type": "histogram", "values": [26.0, 0.0, 25.0, 1.0, 52.0, 139.0, 85.0, 245.0, 246.0, 432.0, 4991.0, 438.0, 262.0, 300.0, 102.0, 94.0, 118.0, 7.0, 32.0, 1.0, 20.0, 15.0, 0.0, 3.0, 3.0, 3.0, 2.0, 2.0, 3.0, 1.0, 2.0, 0.0, 1.0, 2.0, 1.0, 5.0, 2.0, 2.0, 4.0, 1.0, 1.0, 2.0, 1.0, 0.0, 0.0, 0.0, 1.0, 1.0, 0.0, 0.0, 1.0, 1.0, 0.0, 0.0, 0.0, 0.0, 1.0, 0.0, 1.0, 0.0, 0.0, 1.0, 0.0, 1.0], "bins": [-250.017822265625, -226.57864379882812, -203.1394805908203, -179.7003173828125, -156.26113891601562, -132.82196044921875, -109.38279724121094, -85.94363403320312, -62.50445556640625, -39.065277099609375, -15.626113891601562, 7.81304931640625, 31.252227783203125, 54.69140625, 78.13055419921875, 101.56973266601562, 125.0089111328125, 148.44808959960938, 171.88726806640625, 195.326416015625, 218.76559448242188, 242.20477294921875, 265.6439208984375, 289.0831298828125, 312.52227783203125, 335.96142578125, 359.400634765625, 382.83978271484375, 406.2789306640625, 429.7181396484375, 453.15728759765625, 476.59649658203125, 500.03564453125, 523.4747924804688, 546.9140014648438, 570.3531494140625, 593.7923583984375, 617.2315063476562, 640.670654296875, 664.10986328125, 687.5490112304688, 710.9881591796875, 734.4273681640625, 757.8665161132812, 781.3056640625, 804.744873046875, 828.1840209960938, 851.6231689453125, 875.0623779296875, 898.5015869140625, 921.9407348632812, 945.3798828125, 968.819091796875, 992.2582397460938, 1015.6973876953125, 1039.1365966796875, 1062.57568359375, 1086.014892578125, 1109.4541015625, 1132.893310546875, 1156.3323974609375, 1179.7716064453125, 1203.2108154296875, 1226.64990234375, 1250.089111328125]}, "gradients/graph_12linear.3.bias": {"_type": "histogram", "values": [2.0, 0.0, 0.0, 0.0, 0.0, 0.0, 0.0, 1.0, 3.0, 1.0, 2.0, 0.0, 0.0, 0.0, 0.0, 0.0, 0.0, 1.0, 0.0, 0.0, 0.0, 0.0, 0.0, 1.0, 0.0, 2.0, 1.0, 3.0, 1.0, 1.0, 1.0, 1.0, 23.0, 1.0, 1.0, 1.0, 3.0, 0.0, 2.0, 3.0, 0.0, 1.0, 0.0, 0.0, 0.0, 0.0, 1.0, 1.0, 0.0, 0.0, 1.0, 0.0, 1.0, 1.0, 1.0, 0.0, 0.0, 0.0, 0.0, 0.0, 1.0, 0.0, 0.0, 1.0], "bins": [-50.35093688964844, -48.81990051269531, -47.28886413574219, -45.7578239440918, -44.22678756713867, -42.69575119018555, -41.164710998535156, -39.63367462158203, -38.102638244628906, -36.57160186767578, -35.040565490722656, -33.509525299072266, -31.97848892211914, -30.447452545166016, -28.916414260864258, -27.3853759765625, -25.854339599609375, -24.32330322265625, -22.792264938354492, -21.261226654052734, -19.73019027709961, -18.199153900146484, -16.668113708496094, -15.137077331542969, -13.606040954589844, -12.075004577636719, -10.543968200683594, -9.012928009033203, -7.481891632080078, -5.950855255126953, -4.4198150634765625, -2.8887786865234375, -1.3577384948730469, 0.17329788208007812, 1.7043342590332031, 3.2353744506835938, 4.766410827636719, 6.297447204589844, 7.828487396240234, 9.35952377319336, 10.890560150146484, 12.42159652709961, 13.952632904052734, 15.483673095703125, 17.01470947265625, 18.545745849609375, 20.076784133911133, 21.60782241821289, 23.138858795166016, 24.66989517211914, 26.2009334564209, 27.731971740722656, 29.26300811767578, 30.794044494628906, 32.32508087158203, 33.85612106323242, 35.38715744018555, 36.91819381713867, 38.44923400878906, 39.98027038574219, 41.51130676269531, 43.04234313964844, 44.57337951660156, 46.10441970825195, 47.63545608520508]}, "gradients/graph_12linear.3.weight": {"_type": "histogram", "values": [2.0, 4.0, 0.0, 0.0, 0.0, 0.0, 0.0, 1.0, 7.0, 7.0, 6.0, 2.0, 0.0, 0.0, 2.0, 5.0, 2.0, 1.0, 3.0, 3.0, 3.0, 2.0, 1.0, 1.0, 10.0, 6.0, 12.0, 11.0, 10.0, 11.0, 11.0, 27.0, 3774.0, 45.0, 20.0, 13.0, 16.0, 8.0, 12.0, 10.0, 7.0, 1.0, 3.0, 3.0, 2.0, 1.0, 5.0, 3.0, 2.0, 1.0, 3.0, 0.0, 4.0, 5.0, 1.0, 1.0, 0.0, 0.0, 0.0, 2.0, 1.0, 0.0, 2.0, 1.0], "bins": [-508.6771545410156, -493.20965576171875, -477.74212646484375, -462.2746276855469, -446.8070983886719, -431.339599609375, -415.8720703125, -400.4045715332031, -384.93707275390625, -369.46954345703125, -354.00201416015625, -338.5345153808594, -323.0670166015625, -307.5994873046875, -292.1319885253906, -276.66448974609375, -261.19696044921875, -245.72946166992188, -230.26193237304688, -214.79443359375, -199.326904296875, -183.85940551757812, -168.39187622070312, -152.92437744140625, -137.45687866210938, -121.98934936523438, -106.5218505859375, -91.0543212890625, -75.58682250976562, -60.119293212890625, -44.65179443359375, -29.18426513671875, -13.71673583984375, 1.750762939453125, 17.218292236328125, 32.685791015625, 48.1533203125, 63.620819091796875, 79.08834838867188, 94.55584716796875, 110.02337646484375, 125.49087524414062, 140.9583740234375, 156.4259033203125, 171.89340209960938, 187.36093139648438, 202.82843017578125, 218.29595947265625, 233.76345825195312, 249.23097229003906, 264.698486328125, 280.166015625, 295.6335144042969, 311.10101318359375, 326.56854248046875, 342.0360412597656, 357.5035400390625, 372.9710693359375, 388.4385986328125, 403.9060974121094, 419.37359619140625, 434.84112548828125, 450.3086242675781, 465.7761535644531, 481.24365234375]}, "gradients/graph_12linear.0.bias": {"_type": "histogram", "values": [1.0, 0.0, 1.0, 0.0, 0.0, 0.0, 0.0, 0.0, 0.0, 0.0, 0.0, 0.0, 0.0, 0.0, 0.0, 0.0, 0.0, 0.0, 0.0, 0.0, 0.0, 0.0, 0.0, 0.0, 0.0, 0.0, 0.0, 0.0, 0.0, 0.0, 0.0, 0.0, 1.0, 0.0, 1.0, 55.0, 0.0, 0.0, 0.0, 1.0, 0.0, 0.0, 1.0, 0.0, 1.0, 0.0, 0.0, 0.0, 0.0, 0.0, 1.0, 0.0, 0.0, 0.0, 0.0, 0.0, 0.0, 0.0, 0.0, 0.0, 0.0, 0.0, 0.0, 1.0], "bins": [-83.75988006591797, -81.4090805053711, -79.05828857421875, -76.70748901367188, -74.35669708251953, -72.00589752197266, -69.65510559082031, -67.30430603027344, -64.9535140991211, -62.60271453857422, -60.251922607421875, -57.901123046875, -55.55032730102539, -53.19953155517578, -50.84873580932617, -48.49794006347656, -46.14714431762695, -43.796348571777344, -41.445552825927734, -39.094757080078125, -36.743961334228516, -34.393165588378906, -32.0423698425293, -29.691574096679688, -27.340774536132812, -24.989978790283203, -22.639183044433594, -20.288387298583984, -17.937591552734375, -15.586799621582031, -13.236000061035156, -10.885208129882812, -8.534408569335938, -6.1836090087890625, -3.8328170776367188, -1.4820175170898438, 0.8687744140625, 3.2195701599121094, 5.570365905761719, 7.921161651611328, 10.271957397460938, 12.622756958007812, 14.973552703857422, 17.32434844970703, 19.67514419555664, 22.02593994140625, 24.37673568725586, 26.72753143310547, 29.078327178955078, 31.429122924804688, 33.7799186706543, 36.130714416503906, 38.481510162353516, 40.832305908203125, 43.18310546875, 45.533897399902344, 47.88469696044922, 50.23548889160156, 52.58628845214844, 54.93708419799805, 57.287879943847656, 59.638675689697266, 61.989471435546875, 64.34026336669922, 66.6910629272461]}, "gradients/graph_12linear.0.weight": {"_type": "histogram",