{"gradients/graph_2linear.5.bias": {"_type": "histogram", "values": [2.0, 0.0, 0.0, 1.0, 0.0, 0.0, 1.0, 0.0, 0.0, 0.0, 0.0, 0.0, 0.0, 0.0, 0.0, 0.0, 0.0, 0.0, 0.0, 0.0, 0.0, 0.0, 0.0, 0.0, 0.0, 8.0, 0.0, 0.0, 24.0, 0.0, 0.0, 0.0, 47.0, 0.0, 0.0, 12.0, 0.0, 0.0, 17.0, 0.0, 0.0, 0.0, 0.0, 0.0, 0.0, 0.0, 0.0, 0.0, 0.0, 0.0, 0.0, 0.0, 0.0, 0.0, 0.0, 0.0, 0.0, 3.0, 0.0, 0.0, 1.0, 0.0, 0.0, 4.0], "bins": [-200.0, -193.75, -187.5, -181.25, -175.0, -168.75, -162.5, -156.25, -150.0, -143.75, -137.5, -131.25, -125.0, -118.75, -112.5, -106.25, -100.0, -93.75, -87.5, -81.25, -75.0, -68.75, -62.5, -56.25, -50.0, -43.75, -37.5, -31.25, -25.0, -18.75, -12.5, -6.25, 0.0, 6.25, 12.5, 18.75, 25.0, 31.25, 37.5, 43.75, 50.0, 56.25, 62.5, 68.75, 75.0, 81.25, 87.5, 93.75, 100.0, 106.25, 112.5, 118.75, 125.0, 131.25, 137.5, 143.75, 150.0, 156.25, 162.5, 168.75, 175.0, 181.25, 187.5, 193.75, 200.0]}, "_timestamp": 1715863132.1121597, "gradients/graph_2linear.5.weight": {"_type": "histogram", "values": [2.0, 0.0, 0.0, 1.0, 2.0, 0.0, 1.0, 1.0, 0.0, 2.0, 1.0, 3.0, 0.0, 2.0, 0.0, 1.0, 4.0, 9.0, 4.0, 5.0, 11.0, 5.0, 7.0, 6.0, 8.0, 16.0, 17.0, 25.0, 48.0, 154.0, 345.0, 508.0, 5648.0, 304.0, 209.0, 62.0, 51.0, 36.0, 35.0, 14.0, 12.0, 17.0, 7.0, 25.0, 11.0, 4.0, 17.0, 8.0, 3.0, 0.0, 4.0, 0.0, 5.0, 3.0, 4.0, 0.0, 1.0, 3.0, 0.0, 4.0, 1.0, 0.0, 0.0, 4.0], "bins": [-1119.7696533203125, -1084.77685546875, -1049.7840576171875, -1014.791259765625, -979.7984619140625, -944.8056640625, -909.8128662109375, -874.820068359375, -839.8272705078125, -804.83447265625, -769.8416748046875, -734.848876953125, -699.8560180664062, -664.8632202148438, -629.8704223632812, -594.8776245117188, -559.8848266601562, -524.8920288085938, -489.89923095703125, -454.90643310546875, -419.91363525390625, -384.92083740234375, -349.92803955078125, -314.93524169921875, -279.9423828125, -244.9495849609375, -209.956787109375, -174.9639892578125, -139.97119140625, -104.9783935546875, -69.985595703125, -34.9927978515625, 0.0, 34.9927978515625, 69.985595703125, 104.9783935546875, 139.97119140625, 174.9639892578125, 209.956787109375, 244.9495849609375, 279.9423828125, 314.93524169921875, 349.92803955078125, 384.92083740234375, 419.91363525390625, 454.90643310546875, 489.89923095703125, 524.8920288085938, 559.8848266601562, 594.8776245117188, 629.8704223632812, 664.8632202148438, 699.8560180664062, 734.848876953125, 769.8416748046875, 804.83447265625, 839.8272705078125, 874.820068359375, 909.8128662109375, 944.8056640625, 979.7984619140625, 1014.791259765625, 1049.7840576171875, 1084.77685546875, 1119.7696533203125]}, "gradients/graph_2linear.3.bias": {"_type": "histogram", "values": [1.0, 0.0, 0.0, 0.0, 0.0, 0.0, 0.0, 2.0, 1.0, 1.0, 1.0, 1.0, 1.0, 1.0, 3.0, 0.0, 0.0, 2.0, 0.0, 1.0, 1.0, 32.0, 1.0, 2.0, 1.0, 0.0, 0.0, 0.0, 2.0, 1.0, 0.0, 0.0, 1.0, 0.0, 0.0, 0.0, 1.0, 1.0, 0.0, 0.0, 0.0, 0.0, 0.0, 0.0, 0.0, 1.0, 1.0, 0.0, 0.0, 0.0, 0.0, 0.0, 0.0, 1.0, 0.0, 0.0, 0.0, 0.0, 1.0, 0.0, 0.0, 0.0, 1.0, 1.0], "bins": [-72.60215759277344, -69.15608215332031, -65.71000671386719, -62.2639274597168, -58.817848205566406, -55.37177276611328, -51.925697326660156, -48.47962188720703, -45.03354263305664, -41.58746337890625, -38.141387939453125, -34.6953125, -31.249237060546875, -27.803157806396484, -24.35708236694336, -20.91100311279297, -17.464927673339844, -14.018852233886719, -10.572772979736328, -7.1266937255859375, -3.6806182861328125, -0.2345428466796875, 3.2115325927734375, 6.6576080322265625, 10.103683471679688, 13.549766540527344, 16.99584197998047, 20.441917419433594, 23.88799285888672, 27.334068298339844, 30.7801513671875, 34.226226806640625, 37.67230224609375, 41.118377685546875, 44.564453125, 48.010536193847656, 51.45661163330078, 54.902687072753906, 58.34876251220703, 61.794837951660156, 65.24092102050781, 68.68699645996094, 72.13307189941406, 75.57914733886719, 79.02522277832031, 82.47129821777344, 85.91737365722656, 89.36345672607422, 92.80953216552734, 96.25560760498047, 99.70169067382812, 103.14776611328125, 106.59384155273438, 110.0399169921875, 113.48599243164062, 116.93206787109375, 120.37814331054688, 123.82422637939453, 127.27030181884766, 130.71636962890625, 134.16246032714844, 137.60853576660156, 141.0546112060547, 144.5006866455078, 147.94676208496094]}, "gradients/graph_2linear.3.weight": {"_type": "histogram", "values": [1.0, 1.0, 0.0, 0.0, 0.0, 0.0, 0.0, 2.0, 4.0, 1.0, 3.0, 3.0, 2.0, 3.0, 8.0, 11.0, 9.0, 24.0, 32.0, 56.0, 118.0, 3624.0, 48.0, 25.0, 17.0, 18.0, 10.0, 11.0, 10.0, 9.0, 3.0, 6.0, 7.0, 3.0, 4.0, 1.0, 2.0, 2.0, 1.0, 1.0, 2.0, 0.0, 1.0, 2.0, 1.0, 1.0, 1.0, 0.0, 0.0, 0.0, 0.0, 1.0, 0.0, 1.0, 0.0, 0.0, 1.0, 0.0, 1.0, 1.0, 0.0, 1.0, 1.0, 1.0], "bins": [-807.7632446289062, -769.422607421875, -731.0819091796875, -692.7412719726562, -654.400634765625, -616.0599365234375, -577.7192993164062, -539.378662109375, -501.0379943847656, -462.69732666015625, -424.356689453125, -386.0160217285156, -347.67535400390625, -309.334716796875, -270.99407958984375, -232.65338134765625, -194.312744140625, -155.97210693359375, -117.63140869140625, -79.290771484375, -40.95013427734375, -2.60943603515625, 35.731201171875, 74.07183837890625, 112.41253662109375, 150.753173828125, 189.09381103515625, 227.43450927734375, 265.77508544921875, 304.11578369140625, 342.45648193359375, 380.79705810546875, 419.1376953125, 457.4783935546875, 495.8189697265625, 534.15966796875, 572.5003662109375, 610.8409423828125, 649.181640625, 687.5222778320312, 725.8629150390625, 764.20361328125, 802.5442504882812, 840.8848876953125, 879.2255859375, 917.5662231445312, 955.9068603515625, 994.24755859375, 1032.588134765625, 1070.9288330078125, 1109.26953125, 1147.610107421875, 1185.9508056640625, 1224.29150390625, 1262.632080078125, 1300.9727783203125, 1339.3134765625, 1377.654052734375, 1415.9947509765625, 1454.33544921875, 1492.676025390625, 1531.0167236328125, 1569.357421875, 1607.697998046875, 1646.0386962890625]}, "gradients/graph_2linear.0.bias": {"_type": "histogram", "values": [1.0, 0.0, 0.0, 0.0, 0.0, 0.0, 0.0, 1.0, 1.0, 0.0, 0.0, 0.0, 0.0, 0.0, 0.0, 1.0, 0.0, 0.0, 0.0, 1.0, 1.0, 1.0, 0.0, 1.0, 1.0, 1.0, 47.0, 0.0, 2.0, 1.0, 0.0, 1.0, 0.0, 0.0, 0.0, 0.0, 0.0, 0.0, 0.0, 1.0, 1.0, 0.0, 0.0, 0.0, 0.0, 0.0, 0.0, 0.0, 0.0, 0.0, 0.0, 0.0, 0.0, 0.0, 0.0, 0.0, 0.0, 0.0, 0.0, 0.0, 0.0, 0.0, 0.0, 1.0], "bins": [-300.19061279296875, -288.66265869140625, -277.1347351074219, -265.6067810058594, -254.07882690429688, -242.55088806152344, -231.02294921875, -219.4949951171875, -207.96705627441406, -196.43911743164062, -184.91116333007812, -173.3832244873047, -161.85528564453125, -150.32733154296875, -138.7993927001953, -127.27143859863281, -115.74349975585938, -104.21556091308594, -92.68760681152344, -81.15966796875, -69.6317138671875, -58.10377502441406, -46.575836181640625, -35.047882080078125, -23.51995849609375, -11.99200439453125, -0.46405029296875, 11.06390380859375, 22.591827392578125, 34.119781494140625, 45.647735595703125, 57.1756591796875, 68.70358276367188, 80.23153686523438, 91.75946044921875, 103.28741455078125, 114.81536865234375, 126.34329223632812, 137.87124633789062, 149.39920043945312, 160.92715454101562, 172.455078125, 183.9830322265625, 195.51097106933594, 207.03890991210938, 218.56686401367188, 230.0948028564453, 241.6227569580078, 253.15069580078125, 264.67864990234375, 276.20660400390625, 287.7345275878906, 299.2624816894531, 310.7904052734375, 322.318359375, 333.8463134765625, 345.374267578125, 356.9021911621094, 368.4301452636719, 379.95806884765625, 391.48602294921875, 403.01397705078125, 414.54193115234375, 426.0698547363281, 437.5978088378906]}, "gradients/graph_2linear.0.weight": {"_type": "histogram",