{"gradients/graph_36linear.5.bias": {"_type": "histogram", "values": [4.0, 5.0, 6.0, 9.0, 3.0, 4.0, 0.0, 0.0, 4.0, 0.0, 1.0, 1.0, 0.0, 1.0, 24.0, 0.0, 2.0, 3.0, 1.0, 0.0, 0.0, 0.0, 0.0, 0.0, 0.0, 0.0, 0.0, 0.0, 0.0, 0.0, 0.0, 0.0, 0.0, 0.0, 0.0, 0.0, 0.0, 0.0, 0.0, 0.0, 0.0, 0.0, 0.0, 0.0, 0.0, 0.0, 0.0, 0.0, 0.0, 0.0, 0.0, 0.0, 0.0, 0.0, 1.0, 1.0, 4.0, 4.0, 9.0, 3.0, 1.0, 0.0, 2.0, 3.0], "bins": [-0.59710294008255, -0.5781203508377075, -0.5591377019882202, -0.5401551127433777, -0.5211725234985352, -0.5021898746490479, -0.4832072854042053, -0.4642246663570404, -0.4452420473098755, -0.42625945806503296, -0.40727683901786804, -0.3882942199707031, -0.3693116307258606, -0.3503290116786957, -0.33134639263153076, -0.31236380338668823, -0.2933811843395233, -0.2743985652923584, -0.25541597604751587, -0.23643335700035095, -0.21745073795318604, -0.1984681487083435, -0.1794855296611786, -0.16050291061401367, -0.14152032136917114, -0.12253770232200623, -0.10355508327484131, -0.08457249402999878, -0.06558984518051147, -0.046607255935668945, -0.027624666690826416, -0.008642017841339111, 0.010340571403503418, 0.029323160648345947, 0.04830580949783325, 0.06728839874267578, 0.08627098798751831, 0.10525363683700562, 0.12423622608184814, 0.14321884512901306, 0.16220146417617798, 0.1811840534210205, 0.20016667246818542, 0.21914929151535034, 0.23813188076019287, 0.2571144998073578, 0.2760971188545227, 0.29507970809936523, 0.31406232714653015, 0.33304494619369507, 0.3520275354385376, 0.3710101544857025, 0.38999277353286743, 0.40897536277770996, 0.4279579818248749, 0.4469406008720398, 0.4659231901168823, 0.48490580916404724, 0.5038884282112122, 0.5228710174560547, 0.541853666305542, 0.5608362555503845, 0.579818844795227, 0.5988014936447144, 0.6177840828895569]}, "_timestamp": 1715856429.5720246, "gradients/graph_36linear.5.weight": {"_type": "histogram", "values": [4.0, 22.0, 56.0, 98.0, 142.0, 161.0, 167.0, 169.0, 150.0, 184.0, 156.0, 167.0, 136.0, 100.0, 150.0, 363.0, 294.0, 327.0, 267.0, 379.0, 240.0, 146.0, 136.0, 91.0, 146.0, 81.0, 20.0, 0.0, 0.0, 0.0, 0.0, 0.0, 0.0, 0.0, 0.0, 0.0, 0.0, 0.0, 0.0, 2.0, 20.0, 75.0, 64.0, 65.0, 55.0, 53.0, 39.0, 48.0, 59.0, 97.0, 129.0, 95.0, 157.0, 149.0, 148.0, 138.0, 152.0, 94.0, 43.0, 33.0, 30.0, 28.0, 16.0, 3.0], "bins": [-1.2347968816757202, -1.195541262626648, -1.1562855243682861, -1.1170299053192139, -1.0777742862701416, -1.0385186672210693, -0.9992629289627075, -0.9600073099136353, -0.9207516312599182, -0.8814959526062012, -0.8422403335571289, -0.8029846549034119, -0.7637289762496948, -0.7244733572006226, -0.6852176785469055, -0.6459620594978333, -0.6067063808441162, -0.5674507021903992, -0.5281950831413269, -0.48893940448760986, -0.4496837854385376, -0.41042810678482056, -0.3711724281311035, -0.33191680908203125, -0.2926611304283142, -0.25340545177459717, -0.2141498327255249, -0.17489421367645264, -0.13563847541809082, -0.09638285636901855, -0.05712723731994629, -0.017871499061584473, 0.021384000778198242, 0.06063961982727051, 0.09989535808563232, 0.1391509771347046, 0.17840659618377686, 0.21766233444213867, 0.25691795349121094, 0.2961735725402832, 0.33542925119400024, 0.3746849298477173, 0.41394054889678955, 0.4531962275505066, 0.49245190620422363, 0.5317075252532959, 0.5709632039070129, 0.6102188229560852, 0.6494745016098022, 0.6887301802635193, 0.7279857993125916, 0.7672414779663086, 0.8064970970153809, 0.8457527756690979, 0.8850084543228149, 0.9242640733718872, 0.9635197520256042, 1.0027754306793213, 1.0420310497283936, 1.0812866687774658, 1.1205424070358276, 1.1597980260849, 1.1990536451339722, 1.238309383392334, 1.2775650024414062]}, "gradients/graph_36linear.3.bias": {"_type": "histogram", "values": [1.0, 0.0, 0.0, 0.0, 1.0, 0.0, 0.0, 0.0, 0.0, 0.0, 0.0, 0.0, 1.0, 2.0, 0.0, 1.0, 1.0, 2.0, 4.0, 0.0, 1.0, 1.0, 0.0, 1.0, 0.0, 0.0, 1.0, 2.0, 2.0, 1.0, 0.0, 2.0, 3.0, 1.0, 1.0, 1.0, 3.0, 1.0, 3.0, 4.0, 2.0, 2.0, 3.0, 1.0, 1.0, 1.0, 1.0, 0.0, 1.0, 0.0, 2.0, 0.0, 2.0, 0.0, 1.0, 0.0, 1.0, 0.0, 2.0, 0.0, 0.0, 0.0, 2.0, 1.0], "bins": [-9.922603607177734, -9.841434478759766, -9.760265350341797, -9.679095268249512, -9.597926139831543, -9.516757011413574, -9.435587882995605, -9.35441780090332, -9.273248672485352, -9.192079544067383, -9.110910415649414, -9.029740333557129, -8.94857120513916, -8.867402076721191, -8.786232948303223, -8.705062866210938, -8.623893737792969, -8.542724609375, -8.461555480957031, -8.380385398864746, -8.299216270446777, -8.218047142028809, -8.13687801361084, -8.055707931518555, -7.974538803100586, -7.893369674682617, -7.812200546264648, -7.7310309410095215, -7.6498613357543945, -7.568692207336426, -7.487523078918457, -7.40635347366333, -7.325183868408203, -7.244014739990234, -7.162845611572266, -7.081676006317139, -7.000506401062012, -6.919337272644043, -6.838168144226074, -6.756998538970947, -6.67582893371582, -6.594659805297852, -6.513490676879883, -6.432321071624756, -6.351151943206787, -6.26998233795166, -6.188813209533691, -6.1076436042785645, -6.026474475860596, -5.945304870605469, -5.8641357421875, -5.782966136932373, -5.701797008514404, -5.620627403259277, -5.539458274841309, -5.458288669586182, -5.377119541168213, -5.295949935913086, -5.214780807495117, -5.13361120223999, -5.0524420738220215, -4.9712724685668945, -4.890103340148926, -4.808933734893799, -4.72776460647583]}, "gradients/graph_36linear.3.weight": {"_type": "histogram", "values": [1.0, 0.0, 1.0, 0.0, 0.0, 0.0, 3.0, 0.0, 2.0, 6.0, 1.0, 1.0, 1.0, 1.0, 3.0, 2.0, 5.0, 1.0, 2.0, 4.0, 7.0, 4.0, 4.0, 2.0, 1.0, 1.0, 2.0, 2.0, 1.0, 1.0, 2.0, 0.0, 2.0, 1.0, 0.0, 0.0, 0.0, 0.0, 0.0, 0.0, 0.0, 0.0, 0.0, 0.0, 0.0, 0.0, 0.0, 0.0, 0.0, 0.0, 0.0, 0.0, 0.0, 0.0, 0.0, 0.0, 0.0, 0.0, 0.0, 0.0, 0.0, 0.0, 0.0, 4032.0], "bins": [-35.092254638671875, -34.54393768310547, -33.99562072753906, -33.447303771972656, -32.89898681640625, -32.35067367553711, -31.802356719970703, -31.254039764404297, -30.70572280883789, -30.157405853271484, -29.609088897705078, -29.060773849487305, -28.5124568939209, -27.964139938354492, -27.41582489013672, -26.867507934570312, -26.319190979003906, -25.7708740234375, -25.222557067871094, -24.67424201965332, -24.125925064086914, -23.577608108520508, -23.029293060302734, -22.480976104736328, -21.932659149169922, -21.384342193603516, -20.83602523803711, -20.287710189819336, -19.73939323425293, -19.191076278686523, -18.64276123046875, -18.094444274902344, -17.546127319335938, -16.99781036376953, -16.449493408203125, -15.901178359985352, -15.352861404418945, -14.804544448852539, -14.25622844696045, -13.70791244506836, -13.159595489501953, -12.611278533935547, -12.062962532043457, -11.514646530151367, -10.966329574584961, -10.418012619018555, -9.869696617126465, -9.321380615234375, -8.773063659667969, -8.224746704101562, -7.676430702209473, -7.128114223480225, -6.579797744750977, -6.0314812660217285, -5.4831647872924805, -4.934848308563232, -4.386531829833984, -3.8382153511047363, -3.2898988723754883, -2.7415823936462402, -2.193265914916992, -1.6449494361877441, -1.096632957458496, -0.548316478729248, -0.0]}, "gradients/graph_36linear.0.bias": {"_type": "histogram", "values": [1.0, 0.0, 0.0, 0.0, 0.0, 0.0, 0.0, 0.0, 0.0, 0.0, 0.0, 0.0, 0.0, 0.0, 0.0, 0.0, 0.0, 0.0, 0.0, 0.0, 0.0, 0.0, 0.0, 0.0, 0.0, 0.0, 0.0, 0.0, 0.0, 0.0, 0.0, 0.0, 0.0, 0.0, 0.0, 0.0, 0.0, 0.0, 0.0, 0.0, 0.0, 0.0, 0.0, 0.0, 0.0, 0.0, 0.0, 0.0, 0.0, 0.0, 0.0, 0.0, 0.0, 0.0, 0.0, 0.0, 0.0, 0.0, 0.0, 0.0, 0.0, 0.0, 0.0, 63.0],