{"Linear loss": 16708.416015625, "_timestamp": 1715770903.3665972, "_runtime": 119.43157505989075, "_step": 1809, "gradients/graph_20linear.5.bias": {"_type": "histogram", "values": [7.0, 0.0, 0.0, 3.0, 0.0, 0.0, 0.0, 0.0, 0.0, 0.0, 0.0, 0.0, 0.0, 0.0, 0.0, 0.0, 0.0, 0.0, 0.0, 0.0, 0.0, 0.0, 0.0, 0.0, 0.0, 0.0, 0.0, 0.0, 12.0, 0.0, 0.0, 1.0, 41.0, 0.0, 0.0, 14.0, 0.0, 0.0, 0.0, 0.0, 0.0, 0.0, 0.0, 0.0, 0.0, 0.0, 0.0, 0.0, 0.0, 0.0, 0.0, 0.0, 0.0, 0.0, 0.0, 0.0, 0.0, 1.0, 0.0, 0.0, 5.0, 0.0, 0.0, 12.0], "bins": [-200.0, -193.75, -187.5, -181.25, -175.0, -168.75, -162.5, -156.25, -150.0, -143.75, -137.5, -131.25, -125.0, -118.75, -112.5, -106.25, -100.0, -93.75, -87.5, -81.25, -75.0, -68.75, -62.5, -56.25, -50.0, -43.75, -37.5, -31.25, -25.0, -18.75, -12.5, -6.25, 0.0, 6.25, 12.5, 18.75, 25.0, 31.25, 37.5, 43.75, 50.0, 56.25, 62.5, 68.75, 75.0, 81.25, 87.5, 93.75, 100.0, 106.25, 112.5, 118.75, 125.0, 131.25, 137.5, 143.75, 150.0, 156.25, 162.5, 168.75, 175.0, 181.25, 187.5, 193.75, 200.0]}, "gradients/graph_20linear.5.weight": {"_type": "histogram", "values": [7.0, 0.0, 0.0, 17.0, 0.0, 0.0, 6.0, 0.0, 0.0, 7.0, 0.0, 3.0, 0.0, 0.0, 7.0, 0.0, 3.0, 7.0, 3.0, 0.0, 14.0, 17.0, 30.0, 9.0, 0.0, 7.0, 3.0, 7.0, 15.0, 46.0, 72.0, 111.0, 2254.0, 84.0, 59.0, 20.0, 13.0, 5.0, 12.0, 3.0, 18.0, 52.0, 29.0, 25.0, 0.0, 6.0, 12.0, 5.0, 0.0, 12.0, 1.0, 0.0, 5.0, 0.0, 14.0, 0.0, 0.0, 11.0, 0.0, 0.0, 29.0, 0.0, 0.0, 12.0], "bins": [-685.0746459960938, -663.6660766601562, -642.2575073242188, -620.848876953125, -599.4403076171875, -578.03173828125, -556.6231689453125, -535.214599609375, -513.8059692382812, -492.39739990234375, -470.98883056640625, -449.5802307128906, -428.1716613769531, -406.7630615234375, -385.3544921875, -363.9458923339844, -342.5373229980469, -321.1287536621094, -299.72015380859375, -278.31158447265625, -256.9029846191406, -235.49441528320312, -214.0858154296875, -192.67724609375, -171.2686767578125, -149.860107421875, -128.45147705078125, -107.04290771484375, -85.63433837890625, -64.22576904296875, -42.817138671875, -21.4085693359375, 0.0, 21.4085693359375, 42.817138671875, 64.22576904296875, 85.63433837890625, 107.04290771484375, 128.45147705078125, 149.860107421875, 171.2686767578125, 192.67724609375, 214.0858154296875, 235.49441528320312, 256.9029846191406, 278.31158447265625, 299.72015380859375, 321.1287536621094, 342.5373229980469, 363.9458923339844, 385.3544921875, 406.7630615234375, 428.1716613769531, 449.5802307128906, 470.98883056640625, 492.39739990234375, 513.8059692382812, 535.214599609375, 556.6231689453125, 578.03173828125, 599.4403076171875, 620.848876953125, 642.2575073242188, 663.6660766601562, 685.0746459960938]}, "gradients/graph_20linear.3.bias": {"_type": "histogram", "values": [1.0, 0.0, 0.0, 0.0, 0.0, 0.0, 0.0, 1.0, 1.0, 1.0, 0.0, 0.0, 0.0, 0.0, 0.0, 0.0, 0.0, 0.0, 1.0, 0.0, 0.0, 0.0, 0.0, 0.0, 0.0, 0.0, 0.0, 1.0, 0.0, 2.0, 1.0, 0.0, 0.0, 0.0, 0.0, 0.0, 1.0, 0.0, 1.0, 0.0, 0.0, 0.0, 0.0, 2.0, 15.0, 0.0, 0.0, 1.0, 0.0, 0.0, 0.0, 0.0, 0.0, 1.0, 0.0, 0.0, 0.0, 0.0, 1.0, 0.0, 0.0, 0.0, 0.0, 1.0], "bins": [-246.85140991210938, -241.31240844726562, -235.77340698242188, -230.23439025878906, -224.6953887939453, -219.15638732910156, -213.6173858642578, -208.078369140625, -202.53936767578125, -197.0003662109375, -191.46136474609375, -185.92236328125, -180.38336181640625, -174.84434509277344, -169.3053436279297, -163.76632690429688, -158.22732543945312, -152.68832397460938, -147.14932250976562, -141.61032104492188, -136.07131958007812, -130.53231811523438, -124.99330139160156, -119.45429992675781, -113.91529846191406, -108.37629699707031, -102.8372802734375, -97.29827880859375, -91.75927734375, -86.22027587890625, -80.68125915527344, -75.14225769042969, -69.60325622558594, -64.06425476074219, -58.52525329589844, -52.986236572265625, -47.447235107421875, -41.908233642578125, -36.369232177734375, -30.830215454101562, -25.291213989257812, -19.752212524414062, -14.213211059570312, -8.674201965332031, -3.1352005004882812, 2.40380859375, 7.94281005859375, 13.481819152832031, 19.02082061767578, 24.55982208251953, 30.098831176757812, 35.63783264160156, 41.176841735839844, 46.715843200683594, 52.25484848022461, 57.793853759765625, 63.33285903930664, 68.87186431884766, 74.41087341308594, 79.94987487792969, 85.48887634277344, 91.02788543701172, 96.56688690185547, 102.10589599609375, 107.6448974609375]}, "gradients/graph_20linear.3.weight": {"_type": "histogram", "values": [1.0, 0.0, 0.0, 0.0, 0.0, 0.0, 0.0, 1.0, 1.0, 1.0, 0.0, 0.0, 0.0, 0.0, 0.0, 0.0, 0.0, 0.0, 1.0, 0.0, 1.0, 0.0, 0.0, 0.0, 1.0, 2.0, 0.0, 1.0, 0.0, 2.0, 2.0, 0.0, 0.0, 0.0, 0.0, 1.0, 3.0, 1.0, 1.0, 0.0, 1.0, 1.0, 0.0, 3.0, 991.0, 0.0, 1.0, 1.0, 0.0, 1.0, 0.0, 1.0, 0.0, 1.0, 1.0, 0.0, 0.0, 0.0, 1.0, 0.0, 0.0, 0.0, 0.0, 1.0], "bins": [-3304.5458984375, -3230.396484375, -3156.2470703125, -3082.09765625, -3007.9482421875, -2933.798583984375, -2859.649169921875, -2785.499755859375, -2711.350341796875, -2637.200927734375, -2563.051513671875, -2488.90185546875, -2414.75244140625, -2340.60302734375, -2266.45361328125, -2192.30419921875, -2118.15478515625, -2044.00537109375, -1969.85595703125, -1895.7064208984375, -1821.5570068359375, -1747.4075927734375, -1673.258056640625, -1599.108642578125, -1524.959228515625, -1450.809814453125, -1376.660400390625, -1302.5108642578125, -1228.361328125, -1154.2119140625, -1080.0625, -1005.9130859375, -931.763427734375, -857.614013671875, -783.464599609375, -709.315185546875, -635.165771484375, -561.0162353515625, -486.86669921875, -412.71728515625, -338.56787109375, -264.41845703125, -190.26904296875, -116.1195068359375, -41.9700927734375, 32.1793212890625, 106.328857421875, 180.478271484375, 254.627685546875, 328.777099609375, 402.926513671875, 477.0760498046875, 551.2254638671875, 625.3748779296875, 699.5243530273438, 773.673828125, 847.8232421875, 921.97265625, 996.1221313476562, 1070.2716064453125, 1144.4210205078125, 1218.5704345703125, 1292.719970703125, 1366.869384765625, 1441.018798828125]}, "gradients/graph_20linear.0.bias": {"_type": "histogram", "values": [1.0, 0.0, 0.0, 0.0, 0.0, 0.0, 0.0, 0.0, 0.0, 0.0, 0.0, 0.0, 0.0, 0.0, 0.0, 0.0, 0.0, 0.0, 0.0, 0.0, 0.0, 0.0, 0.0, 0.0, 0.0, 0.0, 0.0, 1.0, 0.0, 0.0, 0.0, 0.0, 0.0, 0.0, 0.0, 0.0, 0.0, 0.0, 0.0, 0.0, 0.0, 0.0, 0.0, 0.0, 0.0, 0.0, 0.0, 0.0, 0.0, 0.0, 0.0, 0.0, 0.0, 0.0, 0.0, 0.0, 0.0, 0.0, 0.0, 0.0, 0.0, 0.0, 0.0, 30.0], "bins": [-1142.494384765625, -1124.6429443359375, -1106.7913818359375, -1088.93994140625, -1071.0885009765625, -1053.237060546875, -1035.385498046875, -1017.5340576171875, -999.6826171875, -981.8311157226562, -963.9796142578125, -946.128173828125, -928.2766723632812, -910.4252319335938, -892.57373046875, -874.7222900390625, -856.8707885742188, -839.019287109375, -821.1678466796875, -803.31640625, -785.4649047851562, -767.6134033203125, -749.761962890625, -731.9104614257812, -714.0589599609375, -696.20751953125, -678.3560791015625, -660.5045776367188, -642.653076171875, -624.8016357421875, -606.9501342773438, -589.0986938476562, -571.2471923828125, -553.3956909179688, -535.5442504882812, -517.6927490234375, -499.84130859375, -481.98980712890625, -464.1383361816406, -446.286865234375, -428.4353942871094, -410.58392333984375, -392.7324523925781, -374.8809814453125, -357.02947998046875, -339.1780090332031, -321.3265380859375, -303.4750671386719, -285.62359619140625, -267.7721252441406, -249.920654296875, -232.0691680908203, -214.2176971435547, -196.36622619628906, -178.51473999023438, -160.66326904296875, -142.81179809570312, -124.9603271484375, -107.10884857177734, -89.25736999511719, -71.40589904785156, -53.55442428588867, -35.70294952392578, -17.85147476196289, 0.0]}, "gradients/graph_20linear.0.weight": {"_type": "histogram",