{"Linear loss": 388.7189025878906, "_timestamp": 1715778027.9964595, "_runtime": 155.8818335533142, "_step": 3659, "gradients/graph_10linear.5.bias": {"_type": "histogram", "values": [3.0, 4.0, 0.0, 2.0, 3.0, 0.0, 1.0, 0.0, 1.0, 1.0, 3.0, 2.0, 14.0, 8.0, 6.0, 0.0, 13.0, 11.0, 0.0, 0.0, 0.0, 3.0, 6.0, 5.0, 1.0, 0.0, 0.0, 1.0, 0.0, 0.0, 3.0, 0.0, 1.0, 0.0, 1.0, 0.0, 0.0, 0.0, 0.0, 0.0, 0.0, 0.0, 0.0, 0.0, 2.0, 0.0, 0.0, 0.0, 0.0, 0.0, 0.0, 0.0, 0.0, 0.0, 0.0, 0.0, 0.0, 0.0, 0.0, 0.0, 0.0, 0.0, 0.0, 1.0], "bins": [-0.7834687232971191, -0.7415756583213806, -0.6996825933456421, -0.6577895879745483, -0.6158965229988098, -0.5740034580230713, -0.5321103930473328, -0.4902173578739166, -0.4483242928981781, -0.4064312279224396, -0.36453819274902344, -0.3226451277732849, -0.2807520627975464, -0.23885899782180786, -0.1969659924507141, -0.15507292747497559, -0.11317986249923706, -0.07128679752349854, -0.02939373254776001, 0.01249927282333374, 0.054392337799072266, 0.09628540277481079, 0.13817846775054932, 0.18007153272628784, 0.22196459770202637, 0.2638576030731201, 0.3057507276535034, 0.34764373302459717, 0.3895367383956909, 0.4314298629760742, 0.47332286834716797, 0.5152159929275513, 0.557108998298645, 0.5990020036697388, 0.6408951282501221, 0.6827881336212158, 0.7246812582015991, 0.7665742635726929, 0.8084672689437866, 0.8503603935241699, 0.8922533988952637, 0.9341464638710022, 0.9760395288467407, 1.017932653427124, 1.0598256587982178, 1.1017186641693115, 1.1436116695404053, 1.1855047941207886, 1.2273979187011719, 1.2692909240722656, 1.3111839294433594, 1.3530769348144531, 1.3949700593948364, 1.4368631839752197, 1.4787561893463135, 1.5206491947174072, 1.5625423192977905, 1.6044353246688843, 1.6463284492492676, 1.6882214546203613, 1.730114459991455, 1.7720075845718384, 1.8139005899429321, 1.8557937145233154, 1.8976867198944092]}, "gradients/graph_10linear.5.weight": {"_type": "histogram", "values": [3.0, 9.0, 13.0, 32.0, 64.0, 85.0, 123.0, 221.0, 214.0, 238.0, 212.0, 227.0, 278.0, 568.0, 1110.0, 1385.0, 939.0, 2806.0, 743.0, 199.0, 722.0, 724.0, 282.0, 114.0, 129.0, 118.0, 130.0, 104.0, 82.0, 48.0, 42.0, 33.0, 19.0, 20.0, 39.0, 32.0, 24.0, 10.0, 24.0, 8.0, 14.0, 10.0, 10.0, 2.0, 5.0, 12.0, 11.0, 10.0, 5.0, 6.0, 4.0, 1.0, 5.0, 8.0, 1.0, 1.0, 3.0, 2.0, 0.0, 2.0, 2.0, 0.0, 0.0, 1.0], "bins": [-5.8967108726501465, -5.581406593322754, -5.266101837158203, -4.950797080993652, -4.63549280166626, -4.320188522338867, -4.004883766174316, -3.6895792484283447, -3.374274730682373, -3.0589702129364014, -2.7436656951904297, -2.428361177444458, -2.1130566596984863, -1.7977519035339355, -1.482447624206543, -1.1671433448791504, -0.8518385887145996, -0.5365338325500488, -0.22122955322265625, 0.09407472610473633, 0.4093794822692871, 0.7246842384338379, 1.0399885177612305, 1.355292797088623, 1.6705975532531738, 1.9859023094177246, 2.3012070655822754, 2.6165108680725098, 2.9318156242370605, 3.2471203804016113, 3.5624241828918457, 3.8777289390563965, 4.1930341720581055, 4.508338928222656, 4.823643684387207, 5.138947486877441, 5.454252243041992, 5.769556999206543, 6.084860801696777, 6.400165557861328, 6.715470314025879, 7.03077507019043, 7.346079349517822, 7.661383628845215, 7.976688385009766, 8.291993141174316, 8.607297897338867, 8.922601699829102, 9.237906455993652, 9.553211212158203, 9.868515014648438, 10.183819770812988, 10.499124526977539, 10.81442928314209, 11.12973403930664, 11.445037841796875, 11.760342597961426, 12.075647354125977, 12.390951156616211, 12.706255912780762, 13.021560668945312, 13.336865425109863, 13.652170181274414, 13.967473983764648, 14.2827787399292]}, "gradients/graph_10linear.3.bias": {"_type": "histogram", "values": [1.0, 0.0, 1.0, 0.0, 2.0, 3.0, 3.0, 3.0, 5.0, 4.0, 3.0, 10.0, 10.0, 7.0, 8.0, 7.0, 3.0, 6.0, 6.0, 4.0, 0.0, 4.0, 4.0, 4.0, 2.0, 3.0, 0.0, 4.0, 5.0, 2.0, 1.0, 2.0, 2.0, 1.0, 3.0, 1.0, 0.0, 0.0, 0.0, 0.0, 0.0, 0.0, 1.0, 0.0, 1.0, 0.0, 0.0, 0.0, 0.0, 0.0, 0.0, 0.0, 0.0, 0.0, 0.0, 0.0, 1.0, 0.0, 0.0, 0.0, 0.0, 0.0, 0.0, 1.0], "bins": [-2.7492523193359375, -2.7062952518463135, -2.6633381843566895, -2.6203811168670654, -2.5774240493774414, -2.5344669818878174, -2.4915099143981934, -2.4485528469085693, -2.4055957794189453, -2.3626387119293213, -2.3196816444396973, -2.2767245769500732, -2.233767509460449, -2.190810441970825, -2.147853374481201, -2.104896306991577, -2.061939239501953, -2.018982172012329, -1.976025104522705, -1.933068037033081, -1.890110969543457, -1.847153902053833, -1.804196834564209, -1.761239767074585, -1.718282699584961, -1.675325632095337, -1.632368564605713, -1.5894114971160889, -1.5464544296264648, -1.5034973621368408, -1.4605402946472168, -1.4175832271575928, -1.3746261596679688, -1.3316690921783447, -1.2887120246887207, -1.2457549571990967, -1.2027978897094727, -1.1598408222198486, -1.1168837547302246, -1.0739266872406006, -1.0309696197509766, -0.9880125522613525, -0.9450554847717285, -0.9020984172821045, -0.8591413497924805, -0.8161842823028564, -0.7732272148132324, -0.7302701473236084, -0.6873130798339844, -0.6443560123443604, -0.6013989448547363, -0.5584418773651123, -0.5154848098754883, -0.47252774238586426, -0.42957067489624023, -0.3866136074066162, -0.3436565399169922, -0.30069947242736816, -0.25774240493774414, -0.21478533744812012, -0.1718282699584961, -0.12887120246887207, -0.08591413497924805, -0.04295706748962402, 0.0]}, "gradients/graph_10linear.3.weight": {"_type": "histogram", "values": [1.0, 0.0, 1.0, 2.0, 3.0, 4.0, 6.0, 5.0, 13.0, 17.0, 16.0, 26.0, 31.0, 33.0, 35.0, 56.0, 52.0, 58.0, 54.0, 48.0, 41.0, 50.0, 50.0, 46.0, 39.0, 44.0, 51.0, 60.0, 66.0, 74.0, 95.0, 138.0, 142.0, 155.0, 156.0, 203.0, 224.0, 209.0, 218.0, 225.0, 227.0, 248.0, 213.0, 199.0, 199.0, 187.0, 174.0, 171.0, 169.0, 148.0, 164.0, 186.0, 133.0, 85.0, 67.0, 52.0, 46.0, 54.0, 47.0, 41.0, 20.0, 7.0, 165.0, 10635.0], "bins": [-11.980854034423828, -11.79365348815918, -11.606451988220215, -11.419251441955566, -11.232050895690918, -11.044849395751953, -10.857648849487305, -10.670448303222656, -10.483247756958008, -10.296046257019043, -10.108845710754395, -9.92164421081543, -9.734443664550781, -9.547243118286133, -9.360042572021484, -9.17284107208252, -8.985640525817871, -8.798439979553223, -8.611238479614258, -8.42403793334961, -8.236837387084961, -8.049636840820312, -7.862435340881348, -7.675234794616699, -7.488033771514893, -7.300832748413086, -7.1136322021484375, -6.926431179046631, -6.739230155944824, -6.552029609680176, -6.364828586578369, -6.177628040313721, -5.990427017211914, -5.803225994110107, -5.616025447845459, -5.428824424743652, -5.241623878479004, -5.054422855377197, -4.867221832275391, -4.680021286010742, -4.4928202629089355, -4.305619239807129, -4.1184186935424805, -3.931217670440674, -3.7440168857574463, -3.5568161010742188, -3.369615077972412, -3.1824142932891846, -2.995213508605957, -2.8080127239227295, -2.620811939239502, -2.4336109161376953, -2.2464101314544678, -2.0592093467712402, -1.8720084428787231, -1.684807538986206, -1.4976067543029785, -1.310405969619751, -1.1232050657272339, -0.9360042214393616, -0.7488033771514893, -0.5616025328636169, -0.37440168857574463, -0.18720084428787231, 0.0]}, "gradients/graph_10linear.0.bias": {"_type": "histogram", "values": [1.0, 1.0, 0.0, 0.0, 0.0, 1.0, 0.0, 0.0, 1.0, 0.0, 0.0, 0.0, 0.0, 0.0, 0.0, 0.0, 0.0, 1.0, 0.0, 0.0, 0.0, 2.0, 0.0, 1.0, 1.0, 3.0, 0.0, 1.0, 1.0, 3.0, 0.0, 1.0, 2.0, 0.0, 0.0, 2.0, 2.0, 4.0, 4.0, 2.0, 2.0, 1.0, 3.0, 0.0, 2.0, 0.0, 1.0, 0.0, 0.0, 0.0, 2.0, 0.0, 1.0, 0.0, 0.0, 0.0, 0.0, 0.0, 0.0, 0.0, 0.0, 0.0, 0.0, 82.0],