{"gradients/graph_20linear.5.bias": {"_type": "histogram", "values": [2.0, 7.0, 9.0, 4.0, 3.0, 2.0, 0.0, 2.0, 3.0, 0.0, 2.0, 4.0, 6.0, 19.0, 3.0, 1.0, 1.0, 0.0, 0.0, 0.0, 0.0, 0.0, 0.0, 0.0, 0.0, 0.0, 0.0, 0.0, 0.0, 0.0, 0.0, 0.0, 0.0, 0.0, 0.0, 0.0, 0.0, 0.0, 0.0, 0.0, 0.0, 0.0, 0.0, 0.0, 0.0, 0.0, 0.0, 0.0, 2.0, 1.0, 4.0, 1.0, 0.0, 0.0, 0.0, 0.0, 0.0, 0.0, 1.0, 9.0, 4.0, 1.0, 2.0, 3.0], "bins": [-0.6916871070861816, -0.6697568893432617, -0.6478267312049866, -0.6258965134620667, -0.6039662957191467, -0.5820360779762268, -0.5601059198379517, -0.5381757020950317, -0.5162454843521118, -0.4943152964115143, -0.47238510847091675, -0.4504548907279968, -0.4285247027873993, -0.40659448504447937, -0.38466429710388184, -0.3627340793609619, -0.3408038914203644, -0.31887370347976685, -0.2969434857368469, -0.2750132977962494, -0.25308308005332947, -0.23115289211273193, -0.209222674369812, -0.1872924566268921, -0.16536229848861694, -0.14343208074569702, -0.1215018630027771, -0.09957170486450195, -0.07764148712158203, -0.05571126937866211, -0.03378105163574219, -0.011850893497467041, 0.01007932424545288, 0.0320095419883728, 0.05393970012664795, 0.07586991786956787, 0.09780013561248779, 0.11973035335540771, 0.14166051149368286, 0.16359072923660278, 0.1855209469795227, 0.20745110511779785, 0.22938132286071777, 0.2513115406036377, 0.27324172854423523, 0.29517194628715515, 0.3171021342277527, 0.3390323519706726, 0.36096253991127014, 0.3828927278518677, 0.4048229455947876, 0.42675313353538513, 0.44868335127830505, 0.4706135392189026, 0.4925437569618225, 0.5144739151000977, 0.5364041328430176, 0.5583343505859375, 0.5802645683288574, 0.6021947264671326, 0.6241249442100525, 0.6460551619529724, 0.6679853796958923, 0.6899155378341675, 0.7118457555770874]}, "_timestamp": 1715851858.404041, "gradients/graph_20linear.5.weight": {"_type": "histogram", "values": [2.0, 7.0, 11.0, 10.0, 13.0, 12.0, 22.0, 38.0, 37.0, 45.0, 42.0, 51.0, 96.0, 84.0, 98.0, 89.0, 194.0, 228.0, 203.0, 248.0, 161.0, 167.0, 363.0, 255.0, 217.0, 238.0, 248.0, 227.0, 190.0, 76.0, 66.0, 866.0, 28.0, 16.0, 56.0, 46.0, 107.0, 88.0, 89.0, 86.0, 128.0, 59.0, 43.0, 77.0, 108.0, 118.0, 81.0, 60.0, 32.0, 66.0, 37.0, 42.0, 37.0, 18.0, 37.0, 21.0, 9.0, 16.0, 10.0, 11.0, 7.0, 2.0, 2.0, 3.0], "bins": [-4.068528175354004, -3.9395339488983154, -3.810539722442627, -3.6815454959869385, -3.55255126953125, -3.4235570430755615, -3.294562816619873, -3.1655685901641846, -3.036574363708496, -2.9075801372528076, -2.778585910797119, -2.6495916843414307, -2.520597457885742, -2.3916032314300537, -2.2626090049743652, -2.1336147785186768, -2.0046205520629883, -1.8756263256072998, -1.7466320991516113, -1.6176378726959229, -1.4886436462402344, -1.359649419784546, -1.2306551933288574, -1.101660966873169, -0.9726667404174805, -0.843672513961792, -0.7146782875061035, -0.585684061050415, -0.45668983459472656, -0.3276956081390381, -0.1987013816833496, -0.06970715522766113, 0.05928659439086914, 0.18828082084655762, 0.3172750473022461, 0.44626927375793457, 0.575263500213623, 0.7042577266693115, 0.833251953125, 0.9622461795806885, 1.091240406036377, 1.2202346324920654, 1.349228858947754, 1.4782230854034424, 1.6072173118591309, 1.7362115383148193, 1.8652057647705078, 1.9941999912261963, 2.1231942176818848, 2.2521884441375732, 2.3811826705932617, 2.51017689704895, 2.6391711235046387, 2.768165349960327, 2.8971595764160156, 3.026153802871704, 3.1551480293273926, 3.284142255783081, 3.4131364822387695, 3.542130708694458, 3.6711249351501465, 3.800119161605835, 3.9291133880615234, 4.058107376098633, 4.1871018409729]}, "gradients/graph_20linear.3.bias": {"_type": "histogram", "values": [2.0, 1.0, 1.0, 1.0, 0.0, 2.0, 2.0, 3.0, 2.0, 1.0, 4.0, 3.0, 2.0, 3.0, 2.0, 1.0, 1.0, 3.0, 2.0, 3.0, 3.0, 3.0, 1.0, 2.0, 0.0, 0.0, 1.0, 0.0, 1.0, 2.0, 0.0, 1.0, 0.0, 0.0, 2.0, 0.0, 0.0, 0.0, 0.0, 0.0, 0.0, 0.0, 0.0, 0.0, 0.0, 0.0, 0.0, 0.0, 0.0, 0.0, 0.0, 0.0, 0.0, 0.0, 0.0, 0.0, 0.0, 0.0, 0.0, 0.0, 0.0, 0.0, 0.0, 9.0], "bins": [-6.215575218200684, -6.118456840515137, -6.02133846282959, -5.924220085144043, -5.827101707458496, -5.729983329772949, -5.632864952087402, -5.5357465744018555, -5.438628196716309, -5.341509819030762, -5.244391441345215, -5.147273063659668, -5.050154685974121, -4.953036308288574, -4.855917930603027, -4.7587995529174805, -4.661681175231934, -4.564562797546387, -4.46744441986084, -4.370326042175293, -4.273207664489746, -4.176089286804199, -4.078970909118652, -3.9818527698516846, -3.884734630584717, -3.78761625289917, -3.690497875213623, -3.593379497528076, -3.4962611198425293, -3.3991427421569824, -3.3020243644714355, -3.2049059867858887, -3.107787609100342, -3.010669231414795, -2.913550853729248, -2.816432476043701, -2.7193140983581543, -2.6221957206726074, -2.5250773429870605, -2.4279589653015137, -2.330840587615967, -2.233722448348999, -2.136604070663452, -2.0394856929779053, -1.9423673152923584, -1.8452489376068115, -1.7481305599212646, -1.6510121822357178, -1.553893804550171, -1.456775426864624, -1.3596570491790771, -1.2625386714935303, -1.1654202938079834, -1.068302035331726, -0.9711836576461792, -0.8740652799606323, -0.7769469022750854, -0.6798285245895386, -0.5827101469039917, -0.4855918288230896, -0.3884734511375427, -0.29135507345199585, -0.19423672556877136, -0.09711836278438568, 0.0]}, "gradients/graph_20linear.3.weight": {"_type": "histogram", "values": [2.0, 1.0, 1.0, 1.0, 0.0, 2.0, 2.0, 3.0, 2.0, 1.0, 4.0, 3.0, 2.0, 3.0, 2.0, 1.0, 1.0, 3.0, 2.0, 3.0, 3.0, 3.0, 1.0, 2.0, 0.0, 0.0, 1.0, 0.0, 1.0, 2.0, 0.0, 1.0, 3.0, 4.0, 5.0, 8.0, 12.0, 14.0, 20.0, 14.0, 21.0, 18.0, 19.0, 22.0, 14.0, 10.0, 13.0, 7.0, 5.0, 8.0, 3.0, 2.0, 0.0, 0.0, 0.0, 0.0, 0.0, 5.0, 22.0, 21.0, 5.0, 2.0, 45.0, 3721.0], "bins": [-82.82048797607422, -81.52642059326172, -80.23234558105469, -78.93827819824219, -77.64421081542969, -76.35013580322266, -75.05606842041016, -73.76199340820312, -72.46792602539062, -71.17385864257812, -69.8797836303711, -68.5857162475586, -67.2916488647461, -65.99757385253906, -64.70350646972656, -63.4094352722168, -62.11536407470703, -60.82129669189453, -59.527225494384766, -58.233154296875, -56.9390869140625, -55.645015716552734, -54.35094451904297, -53.05687713623047, -51.7628059387207, -50.46873474121094, -49.17466354370117, -47.88059616088867, -46.586524963378906, -45.29245376586914, -43.998382568359375, -42.704315185546875, -41.41024398803711, -40.116172790527344, -38.822105407714844, -37.52803421020508, -36.23396301269531, -34.93989181518555, -33.64582443237305, -32.35175323486328, -31.057682037353516, -29.763612747192383, -28.46954345703125, -27.175472259521484, -25.88140296936035, -24.587331771850586, -23.293262481689453, -21.999191284179688, -20.705121994018555, -19.411052703857422, -18.116981506347656, -16.822912216186523, -15.528841018676758, -14.234771728515625, -12.940701484680176, -11.646631240844727, -10.352560997009277, -9.058490753173828, -7.764420509338379, -6.470350742340088, -5.176280498504639, -3.8822102546691895, -2.5881402492523193, -1.2940701246261597, -0.0]}, "gradients/graph_20linear.0.bias": {"_type": "histogram", "values": [1.0, 0.0, 0.0, 0.0, 0.0, 1.0, 0.0, 1.0, 0.0, 0.0, 0.0, 0.0, 0.0, 0.0, 0.0, 0.0, 1.0, 0.0, 0.0, 0.0, 0.0, 1.0, 0.0, 0.0, 0.0, 0.0, 1.0, 0.0, 0.0, 0.0, 0.0, 0.0, 0.0, 0.0, 0.0, 0.0, 1.0, 0.0, 0.0, 0.0, 0.0, 0.0, 0.0, 0.0, 0.0, 0.0, 0.0, 0.0, 0.0, 0.0, 0.0, 0.0, 0.0, 0.0, 0.0, 0.0, 0.0, 0.0, 0.0, 0.0, 0.0, 0.0, 0.0, 57.0],