{"gradients/graph_29linear.5.bias": {"_type": "histogram", "values": [4.0, 2.0, 7.0, 0.0, 1.0, 0.0, 2.0, 13.0, 12.0, 5.0, 2.0, 0.0, 7.0, 14.0, 3.0, 0.0, 0.0, 0.0, 0.0, 0.0, 0.0, 0.0, 0.0, 0.0, 0.0, 0.0, 0.0, 0.0, 0.0, 0.0, 0.0, 0.0, 0.0, 0.0, 0.0, 3.0, 7.0, 5.0, 0.0, 1.0, 0.0, 3.0, 2.0, 0.0, 0.0, 0.0, 0.0, 0.0, 0.0, 1.0, 0.0, 1.0, 0.0, 0.0, 0.0, 0.0, 0.0, 0.0, 0.0, 0.0, 0.0, 0.0, 0.0, 1.0], "bins": [-1.3934153318405151, -1.330683708190918, -1.2679519653320312, -1.205220341682434, -1.142488718032837, -1.0797569751739502, -1.017025351524353, -0.9542937278747559, -0.8915620446205139, -0.828830361366272, -0.7660987377166748, -0.7033670544624329, -0.6406353712081909, -0.5779037475585938, -0.5151720643043518, -0.45244044065475464, -0.3897087574005127, -0.3269771337509155, -0.2642453908920288, -0.20151376724243164, -0.13878214359283447, -0.07605040073394775, -0.013318777084350586, 0.04941284656524658, 0.1121445894241333, 0.17487621307373047, 0.23760783672332764, 0.3003394603729248, 0.3630712032318115, 0.4258028268814087, 0.48853445053100586, 0.5512661933898926, 0.6139976978302002, 0.6767293214797974, 0.7394610643386841, 0.8021926879882812, 0.8649243116378784, 0.9276560544967651, 0.9903876781463623, 1.0531193017959595, 1.1158509254455566, 1.1785826683044434, 1.2413142919540405, 1.3040459156036377, 1.3667776584625244, 1.4295092821121216, 1.4922409057617188, 1.5549726486206055, 1.6177042722702026, 1.6804358959197998, 1.7431676387786865, 1.8058992624282837, 1.8686308860778809, 1.9313626289367676, 1.9940942525863647, 2.056825876235962, 2.1195576190948486, 2.1822891235351562, 2.245020866394043, 2.3077526092529297, 2.3704841136932373, 2.433215856552124, 2.4959475994110107, 2.5586791038513184, 2.621410846710205]}, "_timestamp": 1715781618.0949779, "gradients/graph_29linear.5.weight": {"_type": "histogram", "values": [4.0, 2.0, 7.0, 0.0, 3.0, 4.0, 11.0, 17.0, 20.0, 8.0, 21.0, 35.0, 47.0, 56.0, 65.0, 135.0, 117.0, 147.0, 164.0, 168.0, 212.0, 171.0, 1224.0, 33.0, 44.0, 45.0, 27.0, 49.0, 62.0, 37.0, 20.0, 20.0, 20.0, 11.0, 10.0, 9.0, 14.0, 10.0, 3.0, 1.0, 1.0, 7.0, 3.0, 0.0, 2.0, 1.0, 0.0, 0.0, 0.0, 1.0, 0.0, 2.0, 0.0, 0.0, 0.0, 1.0, 0.0, 0.0, 0.0, 0.0, 0.0, 0.0, 0.0, 1.0], "bins": [-10.653748512268066, -10.174116134643555, -9.694483757019043, -9.214851379394531, -8.735218048095703, -8.255585670471191, -7.77595329284668, -7.296320915222168, -6.816688060760498, -6.337055683135986, -5.857422828674316, -5.377790451049805, -4.898158073425293, -4.418525218963623, -3.9388928413391113, -3.4592599868774414, -2.9796276092529297, -2.499995231628418, -2.0203628540039062, -1.5407295227050781, -1.0610971450805664, -0.5814647674560547, -0.10183238983154297, 0.37779998779296875, 0.8574323654174805, 1.3370656967163086, 1.8166980743408203, 2.296330451965332, 2.7759628295898438, 3.2555952072143555, 3.7352285385131836, 4.214860916137695, 4.694492340087891, 5.174124717712402, 5.653757095336914, 6.133390426635742, 6.613022804260254, 7.092655181884766, 7.572287559509277, 8.051919937133789, 8.531553268432617, 9.011185646057129, 9.49081802368164, 9.970450401306152, 10.450082778930664, 10.929715156555176, 11.409348487854004, 11.888980865478516, 12.368613243103027, 12.848245620727539, 13.327878952026367, 13.807510375976562, 14.28714370727539, 14.766776084899902, 15.246408462524414, 15.726041793823242, 16.205673217773438, 16.685306549072266, 17.164939880371094, 17.64457130432129, 18.124204635620117, 18.603836059570312, 19.08346939086914, 19.563100814819336, 20.042734146118164]}, "gradients/graph_29linear.3.bias": {"_type": "histogram", "values": [1.0, 1.0, 0.0, 2.0, 1.0, 0.0, 0.0, 0.0, 2.0, 1.0, 0.0, 2.0, 2.0, 0.0, 0.0, 0.0, 2.0, 1.0, 1.0, 2.0, 0.0, 1.0, 1.0, 0.0, 0.0, 0.0, 1.0, 0.0, 0.0, 0.0, 0.0, 0.0, 0.0, 0.0, 0.0, 0.0, 0.0, 0.0, 0.0, 0.0, 0.0, 0.0, 0.0, 0.0, 0.0, 0.0, 0.0, 0.0, 0.0, 0.0, 0.0, 0.0, 0.0, 0.0, 0.0, 0.0, 0.0, 0.0, 0.0, 0.0, 0.0, 0.0, 0.0, 11.0], "bins": [-14.714569091796875, -14.48465347290039, -14.254738807678223, -14.024824142456055, -13.79490852355957, -13.564992904663086, -13.335078239440918, -13.10516357421875, -12.875247955322266, -12.645332336425781, -12.415417671203613, -12.185503005981445, -11.955587387084961, -11.725671768188477, -11.495757102966309, -11.26584243774414, -11.035926818847656, -10.806011199951172, -10.576096534729004, -10.346181869506836, -10.116266250610352, -9.886350631713867, -9.6564359664917, -9.426521301269531, -9.196605682373047, -8.966690063476562, -8.736775398254395, -8.506860733032227, -8.276945114135742, -8.047029495239258, -7.81711483001709, -7.587199687957764, -7.3572845458984375, -7.127369403839111, -6.897454261779785, -6.667539119720459, -6.437623977661133, -6.207708835601807, -5.9777936935424805, -5.747878551483154, -5.517963409423828, -5.288048267364502, -5.058133125305176, -4.82821798324585, -4.598302841186523, -4.368387699127197, -4.138472557067871, -3.908557415008545, -3.6786422729492188, -3.4487271308898926, -3.2188119888305664, -2.9888968467712402, -2.758981704711914, -2.529066562652588, -2.2991514205932617, -2.0692362785339355, -1.8393211364746094, -1.6094059944152832, -1.379490852355957, -1.1495757102966309, -0.9196605682373047, -0.6897454261779785, -0.45983028411865234, -0.22991514205932617, 0.0]}, "gradients/graph_29linear.3.weight": {"_type": "histogram", "values": [1.0, 1.0, 0.0, 2.0, 1.0, 0.0, 0.0, 0.0, 2.0, 1.0, 0.0, 2.0, 2.0, 0.0, 0.0, 0.0, 2.0, 1.0, 1.0, 2.0, 0.0, 1.0, 1.0, 0.0, 0.0, 0.0, 2.0, 1.0, 3.0, 0.0, 1.0, 2.0, 1.0, 3.0, 0.0, 2.0, 1.0, 3.0, 0.0, 2.0, 0.0, 1.0, 0.0, 0.0, 0.0, 1.0, 4.0, 1.0, 4.0, 2.0, 4.0, 3.0, 1.0, 1.0, 0.0, 0.0, 0.0, 0.0, 0.0, 0.0, 0.0, 0.0, 0.0, 961.0], "bins": [-313.59185791015625, -308.6919860839844, -303.7921142578125, -298.8922424316406, -293.99237060546875, -289.0924987792969, -284.192626953125, -279.2927551269531, -274.39288330078125, -269.4930114746094, -264.5931396484375, -259.6932678222656, -254.7933807373047, -249.8935089111328, -244.99363708496094, -240.09376525878906, -235.1938934326172, -230.2940216064453, -225.39414978027344, -220.49427795410156, -215.5944061279297, -210.69451904296875, -205.79464721679688, -200.894775390625, -195.99490356445312, -191.09503173828125, -186.19515991210938, -181.2952880859375, -176.39541625976562, -171.49554443359375, -166.59567260742188, -161.69580078125, -156.79592895507812, -151.89605712890625, -146.99618530273438, -142.0963134765625, -137.19644165039062, -132.29656982421875, -127.39669036865234, -122.49681854248047, -117.5969467163086, -112.69707489013672, -107.79720306396484, -102.89733123779297, -97.99745178222656, -93.09757995605469, -88.19770812988281, -83.29783630371094, -78.39796447753906, -73.49809265136719, -68.59822082519531, -63.69834518432617, -58.7984733581543, -53.89860153198242, -48.99872589111328, -44.098854064941406, -39.19898223876953, -34.299110412597656, -29.39923667907715, -24.49936294555664, -19.599491119384766, -14.699618339538574, -9.799745559692383, -4.899872779846191, 0.0]}, "gradients/graph_29linear.0.bias": {"_type": "histogram", "values": [2.0, 0.0, 0.0, 0.0, 0.0, 0.0, 0.0, 0.0, 0.0, 0.0, 0.0, 0.0, 0.0, 0.0, 0.0, 1.0, 0.0, 0.0, 0.0, 0.0, 0.0, 0.0, 0.0, 0.0, 0.0, 0.0, 0.0, 0.0, 0.0, 0.0, 0.0, 0.0, 0.0, 0.0, 0.0, 0.0, 0.0, 0.0, 0.0, 0.0, 0.0, 0.0, 0.0, 0.0, 0.0, 0.0, 0.0, 0.0, 0.0, 0.0, 0.0, 0.0, 0.0, 0.0, 0.0, 0.0, 0.0, 0.0, 0.0, 0.0, 0.0, 0.0, 0.0, 29.0],