{"Linear loss": 15189.9140625, "_timestamp": 1715774544.585472, "_runtime": 80.41183018684387, "_step": 3619, "gradients/graph_35linear.5.bias": {"_type": "histogram", "values": [7.0, 0.0, 0.0, 3.0, 0.0, 0.0, 0.0, 0.0, 0.0, 0.0, 0.0, 0.0, 0.0, 0.0, 0.0, 0.0, 0.0, 0.0, 0.0, 0.0, 0.0, 0.0, 0.0, 0.0, 0.0, 0.0, 0.0, 0.0, 14.0, 0.0, 0.0, 2.0, 40.0, 0.0, 0.0, 16.0, 0.0, 0.0, 0.0, 0.0, 0.0, 0.0, 0.0, 0.0, 0.0, 0.0, 0.0, 0.0, 0.0, 0.0, 0.0, 0.0, 0.0, 0.0, 0.0, 0.0, 0.0, 1.0, 0.0, 0.0, 3.0, 0.0, 0.0, 10.0], "bins": [-200.0, -193.75, -187.5, -181.25, -175.0, -168.75, -162.5, -156.25, -150.0, -143.75, -137.5, -131.25, -125.0, -118.75, -112.5, -106.25, -100.0, -93.75, -87.5, -81.25, -75.0, -68.75, -62.5, -56.25, -50.0, -43.75, -37.5, -31.25, -25.0, -18.75, -12.5, -6.25, 0.0, 6.25, 12.5, 18.75, 25.0, 31.25, 37.5, 43.75, 50.0, 56.25, 62.5, 68.75, 75.0, 81.25, 87.5, 93.75, 100.0, 106.25, 112.5, 118.75, 125.0, 131.25, 137.5, 143.75, 150.0, 156.25, 162.5, 168.75, 175.0, 181.25, 187.5, 193.75, 200.0]}, "gradients/graph_35linear.5.weight": {"_type": "histogram", "values": [7.0, 0.0, 0.0, 10.0, 0.0, 0.0, 3.0, 0.0, 0.0, 0.0, 0.0, 0.0, 0.0, 0.0, 0.0, 0.0, 7.0, 3.0, 14.0, 7.0, 23.0, 6.0, 7.0, 3.0, 0.0, 0.0, 17.0, 3.0, 41.0, 27.0, 124.0, 192.0, 2185.0, 152.0, 34.0, 53.0, 5.0, 23.0, 0.0, 1.0, 3.0, 12.0, 9.0, 29.0, 11.0, 20.0, 3.0, 10.0, 0.0, 0.0, 0.0, 0.0, 0.0, 0.0, 1.0, 0.0, 0.0, 4.0, 0.0, 0.0, 13.0, 0.0, 0.0, 10.0], "bins": [-1356.3104248046875, -1313.92578125, -1271.541015625, -1229.1563720703125, -1186.7716064453125, -1144.386962890625, -1102.002197265625, -1059.6175537109375, -1017.2327880859375, -974.84814453125, -932.46337890625, -890.0787353515625, -847.6940307617188, -805.309326171875, -762.9246215820312, -720.5399169921875, -678.1552124023438, -635.7705078125, -593.3858032226562, -551.0010986328125, -508.61639404296875, -466.231689453125, -423.84698486328125, -381.4622802734375, -339.07763671875, -296.69287109375, -254.3082275390625, -211.9234619140625, -169.538818359375, -127.154052734375, -84.7694091796875, -42.3846435546875, 0.0, 42.3846435546875, 84.7694091796875, 127.154052734375, 169.538818359375, 211.9234619140625, 254.3082275390625, 296.69287109375, 339.07763671875, 381.4622802734375, 423.84698486328125, 466.231689453125, 508.61639404296875, 551.0010986328125, 593.3858032226562, 635.7705078125, 678.1552124023438, 720.5399169921875, 762.9246215820312, 805.309326171875, 847.6940307617188, 890.0787353515625, 932.46337890625, 974.84814453125, 1017.2327880859375, 1059.6175537109375, 1102.002197265625, 1144.386962890625, 1186.7716064453125, 1229.1563720703125, 1271.541015625, 1313.92578125, 1356.3104248046875]}, "gradients/graph_35linear.3.bias": {"_type": "histogram", "values": [2.0, 0.0, 0.0, 0.0, 0.0, 1.0, 0.0, 0.0, 0.0, 0.0, 0.0, 0.0, 1.0, 0.0, 1.0, 0.0, 0.0, 0.0, 0.0, 0.0, 0.0, 1.0, 0.0, 1.0, 2.0, 0.0, 1.0, 0.0, 1.0, 0.0, 0.0, 0.0, 0.0, 0.0, 0.0, 0.0, 0.0, 0.0, 0.0, 0.0, 0.0, 1.0, 0.0, 1.0, 0.0, 1.0, 0.0, 13.0, 1.0, 0.0, 0.0, 0.0, 0.0, 0.0, 2.0, 0.0, 0.0, 0.0, 0.0, 0.0, 0.0, 0.0, 1.0, 1.0], "bins": [-231.64013671875, -226.71885681152344, -221.79757690429688, -216.8762969970703, -211.95501708984375, -207.0337371826172, -202.11245727539062, -197.19117736816406, -192.2698974609375, -187.34861755371094, -182.42733764648438, -177.5060577392578, -172.58477783203125, -167.6634979248047, -162.74221801757812, -157.82093811035156, -152.899658203125, -147.97837829589844, -143.05709838867188, -138.1358184814453, -133.21453857421875, -128.2932586669922, -123.37197875976562, -118.45069885253906, -113.5294189453125, -108.60813903808594, -103.68685913085938, -98.76557922363281, -93.84429931640625, -88.92301940917969, -84.00173950195312, -79.08045959472656, -74.1591796875, -69.23789978027344, -64.31661987304688, -59.39533996582031, -54.47406005859375, -49.55278015136719, -44.631500244140625, -39.71022033691406, -34.7889404296875, -29.867660522460938, -24.946380615234375, -20.025100708007812, -15.10382080078125, -10.182540893554688, -5.261260986328125, -0.3399810791015625, 4.581298828125, 9.502578735351562, 14.423858642578125, 19.345138549804688, 24.26641845703125, 29.187698364257812, 34.108978271484375, 39.03025817871094, 43.9515380859375, 48.87281799316406, 53.794097900390625, 58.71537780761719, 63.63665771484375, 68.55793762207031, 73.47921752929688, 78.40049743652344, 83.32177734375]}, "gradients/graph_35linear.3.weight": {"_type": "histogram", "values": [3.0, 1.0, 0.0, 0.0, 0.0, 1.0, 1.0, 0.0, 0.0, 0.0, 0.0, 0.0, 2.0, 0.0, 1.0, 1.0, 0.0, 0.0, 0.0, 0.0, 0.0, 2.0, 0.0, 1.0, 5.0, 0.0, 2.0, 0.0, 2.0, 0.0, 0.0, 0.0, 0.0, 0.0, 0.0, 0.0, 0.0, 0.0, 0.0, 0.0, 0.0, 2.0, 0.0, 2.0, 0.0, 2.0, 0.0, 986.0, 2.0, 0.0, 0.0, 0.0, 0.0, 0.0, 4.0, 0.0, 0.0, 0.0, 0.0, 0.0, 0.0, 0.0, 2.0, 2.0], "bins": [-5573.0859375, -5454.68359375, -5336.28125, -5217.87890625, -5099.47705078125, -4981.07470703125, -4862.67236328125, -4744.27001953125, -4625.86767578125, -4507.4658203125, -4389.0634765625, -4270.6611328125, -4152.2587890625, -4033.8564453125, -3915.454345703125, -3797.052001953125, -3678.64990234375, -3560.24755859375, -3441.84521484375, -3323.443115234375, -3205.040771484375, -3086.638427734375, -2968.236328125, -2849.833984375, -2731.431640625, -2613.029541015625, -2494.627197265625, -2376.224853515625, -2257.82275390625, -2139.42041015625, -2021.01806640625, -1902.615966796875, -1784.213623046875, -1665.811279296875, -1547.4091796875, -1429.0068359375, -1310.6044921875, -1192.202392578125, -1073.800048828125, -955.397705078125, -836.99560546875, -718.59326171875, -600.19091796875, -481.788818359375, -363.386474609375, -244.984130859375, -126.58203125, -8.1796875, 110.2225341796875, 228.624755859375, 347.027099609375, 465.4293212890625, 583.83154296875, 702.23388671875, 820.6361083984375, 939.038330078125, 1057.440673828125, 1175.8428955078125, 1294.2451171875, 1412.6474609375, 1531.0496826171875, 1649.451904296875, 1767.8541259765625, 1886.2564697265625, 2004.65869140625]}, "gradients/graph_35linear.0.bias": {"_type": "histogram", "values": [1.0, 0.0, 0.0, 0.0, 0.0, 0.0, 0.0, 0.0, 0.0, 0.0, 0.0, 0.0, 0.0, 0.0, 0.0, 0.0, 0.0, 0.0, 0.0, 0.0, 0.0, 0.0, 0.0, 0.0, 0.0, 0.0, 0.0, 0.0, 0.0, 0.0, 0.0, 1.0, 0.0, 0.0, 0.0, 0.0, 0.0, 0.0, 0.0, 0.0, 0.0, 0.0, 0.0, 0.0, 0.0, 0.0, 0.0, 0.0, 0.0, 0.0, 0.0, 0.0, 0.0, 0.0, 0.0, 0.0, 0.0, 0.0, 0.0, 0.0, 0.0, 0.0, 0.0, 30.0], "bins": [-582.6445922851562, -573.540771484375, -564.4369506835938, -555.3331298828125, -546.2293090820312, -537.12548828125, -528.0216674804688, -518.9178466796875, -509.81402587890625, -500.710205078125, -491.60638427734375, -482.5025634765625, -473.39874267578125, -464.294921875, -455.19110107421875, -446.0872802734375, -436.98345947265625, -427.879638671875, -418.77581787109375, -409.6719970703125, -400.56817626953125, -391.46435546875, -382.36053466796875, -373.2567138671875, -364.1528625488281, -355.0490417480469, -345.9452209472656, -336.8414001464844, -327.7375793457031, -318.6337585449219, -309.5299377441406, -300.4261169433594, -291.3222961425781, -282.2184753417969, -273.1146545410156, -264.0108337402344, -254.90701293945312, -245.80319213867188, -236.69937133789062, -227.59555053710938, -218.49172973632812, -209.3878936767578, -200.28407287597656, -191.1802520751953, -182.07643127441406, -172.9726104736328, -163.86878967285156, -154.7649688720703, -145.66114807128906, -136.5573272705078, -127.45350646972656, -118.34968566894531, -109.24586486816406, -100.14203643798828, -91.03821563720703, -81.93439483642578, -72.83057403564453, -63.72675323486328, -54.62293243408203, -45.519107818603516, -36.415287017822266, -27.311466217041016, -18.207643508911133, -9.103821754455566, 0.0]}, "gradients/graph_35linear.0.weight": {"_type": "histogram",