{"Linear loss": 15019.16796875, "_timestamp": 1715768727.028583, "_runtime": 196.20098996162415, "_step": 5429, "gradients/graph_11linear.5.bias": {"_type": "histogram", "values": [7.0, 0.0, 0.0, 3.0, 0.0, 0.0, 0.0, 0.0, 0.0, 0.0, 0.0, 0.0, 0.0, 0.0, 0.0, 0.0, 0.0, 0.0, 0.0, 0.0, 0.0, 0.0, 0.0, 0.0, 0.0, 0.0, 0.0, 0.0, 13.0, 0.0, 0.0, 2.0, 39.0, 0.0, 0.0, 16.0, 0.0, 0.0, 0.0, 0.0, 0.0, 0.0, 0.0, 0.0, 0.0, 0.0, 0.0, 0.0, 0.0, 0.0, 0.0, 0.0, 0.0, 0.0, 0.0, 0.0, 0.0, 1.0, 0.0, 0.0, 4.0, 0.0, 0.0, 11.0], "bins": [-200.0, -193.75, -187.5, -181.25, -175.0, -168.75, -162.5, -156.25, -150.0, -143.75, -137.5, -131.25, -125.0, -118.75, -112.5, -106.25, -100.0, -93.75, -87.5, -81.25, -75.0, -68.75, -62.5, -56.25, -50.0, -43.75, -37.5, -31.25, -25.0, -18.75, -12.5, -6.25, 0.0, 6.25, 12.5, 18.75, 25.0, 31.25, 37.5, 43.75, 50.0, 56.25, 62.5, 68.75, 75.0, 81.25, 87.5, 93.75, 100.0, 106.25, 112.5, 118.75, 125.0, 131.25, 137.5, 143.75, 150.0, 156.25, 162.5, 168.75, 175.0, 181.25, 187.5, 193.75, 200.0]}, "gradients/graph_11linear.5.weight": {"_type": "histogram", "values": [7.0, 0.0, 7.0, 24.0, 14.0, 3.0, 16.0, 13.0, 17.0, 10.0, 6.0, 10.0, 28.0, 10.0, 19.0, 3.0, 3.0, 7.0, 10.0, 0.0, 10.0, 3.0, 21.0, 16.0, 27.0, 26.0, 0.0, 24.0, 26.0, 179.0, 134.0, 327.0, 4173.0, 172.0, 228.0, 38.0, 37.0, 3.0, 41.0, 44.0, 23.0, 34.0, 5.0, 16.0, 0.0, 15.0, 13.0, 8.0, 5.0, 27.0, 18.0, 45.0, 16.0, 8.0, 19.0, 28.0, 19.0, 24.0, 4.0, 22.0, 37.0, 11.0, 0.0, 11.0], "bins": [-490.2877197265625, -474.9662170410156, -459.6447448730469, -444.3232421875, -429.00177001953125, -413.6802673339844, -398.3587646484375, -383.03729248046875, -367.7157897949219, -352.394287109375, -337.07281494140625, -321.7513122558594, -306.4298095703125, -291.10833740234375, -275.7868347167969, -260.46533203125, -245.14385986328125, -229.82235717773438, -214.50088500976562, -199.17938232421875, -183.85791015625, -168.53640747070312, -153.21490478515625, -137.8934326171875, -122.57192993164062, -107.25042724609375, -91.928955078125, -76.60745239257812, -61.28594970703125, -45.9644775390625, -30.642974853515625, -15.321502685546875, 0.0, 15.321502685546875, 30.642974853515625, 45.9644775390625, 61.28594970703125, 76.60745239257812, 91.928955078125, 107.25042724609375, 122.57192993164062, 137.8934326171875, 153.21490478515625, 168.53640747070312, 183.85791015625, 199.17938232421875, 214.50088500976562, 229.82235717773438, 245.14385986328125, 260.46533203125, 275.7868347167969, 291.10833740234375, 306.4298095703125, 321.7513122558594, 337.07281494140625, 352.394287109375, 367.7157897949219, 383.03729248046875, 398.3587646484375, 413.6802673339844, 429.00177001953125, 444.3232421875, 459.6447448730469, 474.9662170410156, 490.2877197265625]}, "gradients/graph_11linear.3.bias": {"_type": "histogram", "values": [1.0, 0.0, 0.0, 0.0, 0.0, 1.0, 1.0, 0.0, 0.0, 0.0, 1.0, 0.0, 0.0, 1.0, 1.0, 1.0, 1.0, 0.0, 3.0, 2.0, 1.0, 0.0, 2.0, 1.0, 1.0, 2.0, 0.0, 1.0, 2.0, 2.0, 3.0, 1.0, 0.0, 3.0, 0.0, 0.0, 0.0, 1.0, 0.0, 0.0, 0.0, 0.0, 24.0, 1.0, 1.0, 1.0, 0.0, 0.0, 1.0, 0.0, 0.0, 0.0, 0.0, 1.0, 0.0, 0.0, 1.0, 0.0, 0.0, 0.0, 0.0, 0.0, 0.0, 1.0], "bins": [-241.58816528320312, -235.8979034423828, -230.20765686035156, -224.51739501953125, -218.8271484375, -213.1368865966797, -207.44664001464844, -201.75637817382812, -196.06613159179688, -190.37586975097656, -184.6856231689453, -178.995361328125, -173.30511474609375, -167.61485290527344, -161.92459106445312, -156.23434448242188, -150.54409790039062, -144.8538360595703, -139.16357421875, -133.47332763671875, -127.78307342529297, -122.09281921386719, -116.4025650024414, -110.71231079101562, -105.02204895019531, -99.33180236816406, -93.64154052734375, -87.9512939453125, -82.26103210449219, -76.57078552246094, -70.88052368164062, -65.19027709960938, -59.500022888183594, -53.80976104736328, -48.11951446533203, -42.42925262451172, -36.73900604248047, -31.048744201660156, -25.358497619628906, -19.668235778808594, -13.977989196777344, -8.287727355957031, -2.59747314453125, 3.0927810668945312, 8.783035278320312, 14.473289489746094, 20.163543701171875, 25.853797912597656, 31.544052124023438, 37.23430633544922, 42.924560546875, 48.61481475830078, 54.30506896972656, 59.99532699584961, 65.68557739257812, 71.37583923339844, 77.06608581542969, 82.75634765625, 88.44659423828125, 94.13685607910156, 99.82711029052734, 105.51736450195312, 111.2076187133789, 116.89787292480469, 122.58812713623047]}, "gradients/graph_11linear.3.weight": {"_type": "histogram", "values": [1.0, 0.0, 0.0, 0.0, 0.0, 1.0, 1.0, 0.0, 0.0, 0.0, 1.0, 0.0, 0.0, 1.0, 1.0, 1.0, 1.0, 0.0, 3.0, 2.0, 1.0, 0.0, 2.0, 1.0, 1.0, 2.0, 0.0, 1.0, 2.0, 2.0, 3.0, 1.0, 0.0, 3.0, 0.0, 0.0, 0.0, 1.0, 0.0, 0.0, 0.0, 14.0, 4042.0, 1.0, 1.0, 1.0, 0.0, 0.0, 1.0, 0.0, 0.0, 0.0, 0.0, 1.0, 0.0, 0.0, 1.0, 0.0, 0.0, 0.0, 0.0, 0.0, 0.0, 1.0], "bins": [-3787.421142578125, -3698.214111328125, -3609.0068359375, -3519.7998046875, -3430.592529296875, -3341.385498046875, -3252.17822265625, -3162.97119140625, -3073.763916015625, -2984.556884765625, -2895.349609375, -2806.142578125, -2716.935546875, -2627.728271484375, -2538.52099609375, -2449.31396484375, -2360.10693359375, -2270.899658203125, -2181.6923828125, -2092.4853515625, -2003.2781982421875, -1914.071044921875, -1824.8638916015625, -1735.65673828125, -1646.44970703125, -1557.242431640625, -1468.035400390625, -1378.828125, -1289.62109375, -1200.413818359375, -1111.206787109375, -1021.99951171875, -932.79248046875, -843.58544921875, -754.378173828125, -665.171142578125, -575.9638671875, -486.7568359375, -397.549560546875, -308.342529296875, -219.13525390625, -129.92822265625, -40.7210693359375, 48.486083984375, 137.6932373046875, 226.900390625, 316.1075439453125, 405.314697265625, 494.5218505859375, 583.72900390625, 672.9361572265625, 762.143310546875, 851.3504638671875, 940.5575561523438, 1029.7646484375, 1118.971923828125, 1208.178955078125, 1297.38623046875, 1386.59326171875, 1475.8004150390625, 1565.007568359375, 1654.2147216796875, 1743.421875, 1832.6290283203125, 1921.836181640625]}, "gradients/graph_11linear.0.bias": {"_type": "histogram", "values": [1.0, 0.0, 0.0, 0.0, 0.0, 0.0, 0.0, 0.0, 0.0, 0.0, 0.0, 0.0, 0.0, 0.0, 0.0, 0.0, 0.0, 0.0, 0.0, 0.0, 0.0, 0.0, 0.0, 0.0, 0.0, 1.0, 0.0, 0.0, 0.0, 0.0, 0.0, 0.0, 0.0, 0.0, 0.0, 0.0, 0.0, 0.0, 0.0, 0.0, 0.0, 0.0, 0.0, 0.0, 0.0, 0.0, 0.0, 0.0, 0.0, 0.0, 0.0, 0.0, 0.0, 0.0, 0.0, 0.0, 0.0, 0.0, 0.0, 0.0, 0.0, 0.0, 0.0, 62.0], "bins": [-1821.063232421875, -1792.609130859375, -1764.155029296875, -1735.700927734375, -1707.246826171875, -1678.792724609375, -1650.338623046875, -1621.8843994140625, -1593.4302978515625, -1564.9761962890625, -1536.5220947265625, -1508.0679931640625, -1479.6138916015625, -1451.1597900390625, -1422.7056884765625, -1394.25146484375, -1365.79736328125, -1337.34326171875, -1308.88916015625, -1280.43505859375, -1251.98095703125, -1223.52685546875, -1195.07275390625, -1166.61865234375, -1138.16455078125, -1109.71044921875, -1081.25634765625, -1052.80224609375, -1024.34814453125, -995.8939819335938, -967.4398193359375, -938.9857177734375, -910.5316162109375, -882.0775146484375, -853.6234130859375, -825.1692504882812, -796.7151489257812, -768.2610473632812, -739.8069458007812, -711.3528442382812, -682.898681640625, -654.444580078125, -625.990478515625, -597.536376953125, -569.082275390625, -540.628173828125, -512.1740112304688, -483.71990966796875, -455.26580810546875, -426.81170654296875, -398.3575744628906, -369.9034729003906, -341.4493408203125, -312.9952392578125, -284.5411376953125, -256.0870056152344, -227.63290405273438, -199.1787872314453, -170.72467041015625, -142.27056884765625, -113.81645202636719, -85.36233520507812, -56.908226013183594, -28.454113006591797, 0.0]}, "gradients/graph_11linear.0.weight": {"_type": "histogram",