{"Linear loss": 12452.18359375, "_timestamp": 1715766860.570989, "_runtime": 88.5922999382019, "_step": 1809, "gradients/graph_2linear.5.bias": {"_type": "histogram", "values": [7.0, 0.0, 0.0, 3.0, 0.0, 0.0, 0.0, 0.0, 0.0, 0.0, 0.0, 0.0, 0.0, 0.0, 0.0, 0.0, 0.0, 0.0, 0.0, 0.0, 0.0, 0.0, 0.0, 0.0, 0.0, 0.0, 0.0, 0.0, 11.0, 0.0, 0.0, 2.0, 43.0, 0.0, 0.0, 14.0, 0.0, 0.0, 0.0, 0.0, 0.0, 0.0, 0.0, 0.0, 0.0, 0.0, 0.0, 0.0, 0.0, 0.0, 0.0, 0.0, 0.0, 0.0, 0.0, 0.0, 0.0, 1.0, 0.0, 0.0, 4.0, 0.0, 0.0, 11.0], "bins": [-200.0, -193.75, -187.5, -181.25, -175.0, -168.75, -162.5, -156.25, -150.0, -143.75, -137.5, -131.25, -125.0, -118.75, -112.5, -106.25, -100.0, -93.75, -87.5, -81.25, -75.0, -68.75, -62.5, -56.25, -50.0, -43.75, -37.5, -31.25, -25.0, -18.75, -12.5, -6.25, 0.0, 6.25, 12.5, 18.75, 25.0, 31.25, 37.5, 43.75, 50.0, 56.25, 62.5, 68.75, 75.0, 81.25, 87.5, 93.75, 100.0, 106.25, 112.5, 118.75, 125.0, 131.25, 137.5, 143.75, 150.0, 156.25, 162.5, 168.75, 175.0, 181.25, 187.5, 193.75, 200.0]}, "gradients/graph_2linear.5.weight": {"_type": "histogram", "values": [14.0, 7.0, 14.0, 6.0, 3.0, 13.0, 0.0, 10.0, 0.0, 0.0, 3.0, 14.0, 7.0, 6.0, 10.0, 7.0, 3.0, 3.0, 0.0, 7.0, 3.0, 0.0, 7.0, 24.0, 9.0, 0.0, 0.0, 0.0, 33.0, 66.0, 51.0, 117.0, 2170.0, 67.0, 84.0, 42.0, 0.0, 0.0, 2.0, 14.0, 37.0, 11.0, 1.0, 4.0, 12.0, 1.0, 4.0, 5.0, 13.0, 15.0, 8.0, 12.0, 22.0, 5.0, 0.0, 2.0, 16.0, 2.0, 19.0, 4.0, 8.0, 22.0, 11.0, 22.0], "bins": [-512.6930541992188, -496.67138671875, -480.6497497558594, -464.6280822753906, -448.6064147949219, -432.58477783203125, -416.5631103515625, -400.54144287109375, -384.519775390625, -368.4981384277344, -352.4764709472656, -336.454833984375, -320.43316650390625, -304.4114990234375, -288.38983154296875, -272.3681640625, -256.3465270996094, -240.32485961914062, -224.30322265625, -208.28155517578125, -192.2598876953125, -176.23825073242188, -160.21658325195312, -144.19491577148438, -128.17327880859375, -112.151611328125, -96.12994384765625, -80.1082763671875, -64.08663940429688, -48.064971923828125, -32.043304443359375, -16.02166748046875, 0.0, 16.02166748046875, 32.043304443359375, 48.064971923828125, 64.08663940429688, 80.1082763671875, 96.12994384765625, 112.151611328125, 128.17327880859375, 144.19491577148438, 160.21658325195312, 176.23825073242188, 192.2598876953125, 208.28155517578125, 224.30322265625, 240.32485961914062, 256.3465270996094, 272.3681640625, 288.38983154296875, 304.4114990234375, 320.43316650390625, 336.454833984375, 352.4764709472656, 368.4981384277344, 384.519775390625, 400.54144287109375, 416.5631103515625, 432.58477783203125, 448.6064147949219, 464.6280822753906, 480.6497497558594, 496.67138671875, 512.6930541992188]}, "gradients/graph_2linear.3.bias": {"_type": "histogram", "values": [1.0, 1.0, 0.0, 0.0, 0.0, 0.0, 2.0, 0.0, 0.0, 1.0, 1.0, 0.0, 1.0, 1.0, 0.0, 0.0, 1.0, 0.0, 0.0, 0.0, 1.0, 0.0, 0.0, 1.0, 1.0, 0.0, 0.0, 0.0, 1.0, 1.0, 0.0, 0.0, 1.0, 0.0, 0.0, 0.0, 0.0, 1.0, 0.0, 1.0, 1.0, 0.0, 13.0, 0.0, 0.0, 0.0, 0.0, 0.0, 0.0, 0.0, 0.0, 0.0, 0.0, 0.0, 0.0, 0.0, 0.0, 0.0, 0.0, 0.0, 0.0, 0.0, 0.0, 1.0], "bins": [-363.7598876953125, -355.22747802734375, -346.6950378417969, -338.1626281738281, -329.63018798828125, -321.0977783203125, -312.5653381347656, -304.0329284667969, -295.50048828125, -286.96807861328125, -278.4356689453125, -269.9032287597656, -261.3708190917969, -252.83837890625, -244.30596923828125, -235.77354431152344, -227.24111938476562, -218.7086944580078, -210.17626953125, -201.6438446044922, -193.11141967773438, -184.57901000976562, -176.0465850830078, -167.51416015625, -158.9817352294922, -150.44931030273438, -141.91688537597656, -133.38446044921875, -124.85205078125, -116.31962585449219, -107.78720092773438, -99.2547607421875, -90.72235107421875, -82.18994140625, -73.65750122070312, -65.12507629394531, -56.5926513671875, -48.06024169921875, -39.52781677246094, -30.995391845703125, -22.462966918945312, -13.9305419921875, -5.3981170654296875, 3.134307861328125, 11.666717529296875, 20.199142456054688, 28.7315673828125, 37.26399230957031, 45.796417236328125, 54.32884216308594, 62.86126708984375, 71.39368438720703, 79.92610931396484, 88.45853424072266, 96.99095153808594, 105.52337646484375, 114.05580139160156, 122.58822631835938, 131.1206512451172, 139.653076171875, 148.18548583984375, 156.71791076660156, 165.25033569335938, 173.7827606201172, 182.315185546875]}, "gradients/graph_2linear.3.weight": {"_type": "histogram", "values": [1.0, 1.0, 0.0, 0.0, 0.0, 0.0, 2.0, 0.0, 0.0, 1.0, 1.0, 0.0, 2.0, 5.0, 2.0, 1.0, 1.0, 5.0, 5.0, 4.0, 4.0, 7.0, 6.0, 5.0, 6.0, 5.0, 3.0, 3.0, 5.0, 6.0, 8.0, 5.0, 9.0, 7.0, 6.0, 7.0, 7.0, 12.0, 13.0, 9.0, 15.0, 25.0, 808.0, 1.0, 0.0, 2.0, 0.0, 0.0, 1.0, 0.0, 1.0, 0.0, 0.0, 0.0, 1.0, 1.0, 1.0, 3.0, 0.0, 0.0, 0.0, 0.0, 0.0, 1.0], "bins": [-1294.7099609375, -1264.3409423828125, -1233.9720458984375, -1203.60302734375, -1173.234130859375, -1142.8651123046875, -1112.49609375, -1082.127197265625, -1051.7581787109375, -1021.3892822265625, -991.020263671875, -960.6513061523438, -930.2823486328125, -899.913330078125, -869.54443359375, -839.1754150390625, -808.8064575195312, -778.4375, -748.0685424804688, -717.6995239257812, -687.33056640625, -656.9616088867188, -626.5926513671875, -596.2236938476562, -565.854736328125, -535.4857177734375, -505.11676025390625, -474.747802734375, -444.37884521484375, -414.0098876953125, -383.640869140625, -353.27191162109375, -322.90289306640625, -292.533935546875, -262.16497802734375, -231.79595947265625, -201.427001953125, -171.05804443359375, -140.6890869140625, -110.32012939453125, -79.95111083984375, -49.5821533203125, -19.21319580078125, 11.15576171875, 41.52471923828125, 71.8936767578125, 102.2626953125, 132.63165283203125, 163.0006103515625, 193.36956787109375, 223.73855590820312, 254.10751342773438, 284.47650146484375, 314.845458984375, 345.21441650390625, 375.5834045410156, 405.9523620605469, 436.32135009765625, 466.6903076171875, 497.05926513671875, 527.42822265625, 557.7972412109375, 588.1661987304688, 618.53515625, 648.9041137695312]}, "gradients/graph_2linear.0.bias": {"_type": "histogram", "values": [1.0, 0.0, 0.0, 0.0, 0.0, 0.0, 0.0, 1.0, 0.0, 0.0, 0.0, 0.0, 0.0, 1.0, 0.0, 0.0, 0.0, 0.0, 0.0, 0.0, 0.0, 0.0, 0.0, 0.0, 1.0, 0.0, 0.0, 0.0, 1.0, 0.0, 0.0, 0.0, 0.0, 1.0, 1.0, 0.0, 0.0, 0.0, 1.0, 0.0, 0.0, 0.0, 0.0, 1.0, 0.0, 0.0, 0.0, 1.0, 0.0, 0.0, 0.0, 0.0, 0.0, 0.0, 0.0, 0.0, 0.0, 1.0, 0.0, 0.0, 20.0, 0.0, 0.0, 1.0], "bins": [-521.0737915039062, -512.4093017578125, -503.74481201171875, -495.0802917480469, -486.4158020019531, -477.7513122558594, -469.0868225097656, -460.4223327636719, -451.7578125, -443.09332275390625, -434.4288330078125, -425.76434326171875, -417.099853515625, -408.43536376953125, -399.7708740234375, -391.1063537597656, -382.4418640136719, -373.7773742675781, -365.11285400390625, -356.4483642578125, -347.78387451171875, -339.119384765625, -330.45489501953125, -321.7904052734375, -313.12591552734375, -304.46142578125, -295.7969055175781, -287.1324157714844, -278.4679260253906, -269.80340576171875, -261.138916015625, -252.47442626953125, -243.8099365234375, -235.14544677734375, -226.48095703125, -217.81646728515625, -209.15194702148438, -200.48745727539062, -191.82296752929688, -183.15847778320312, -174.49398803710938, -165.82949829101562, -157.16497802734375, -148.50048828125, -139.83599853515625, -131.1715087890625, -122.50701141357422, -113.8425064086914, -105.17801666259766, -96.5135269165039, -87.8490219116211, -79.18453216552734, -70.52003479003906, -61.85553741455078, -53.19104766845703, -44.52655029296875, -35.86205291748047, -27.197555541992188, -18.533061981201172, -9.868568420410156, -1.204071044921875, 7.460424423217773, 16.124919891357422, 24.78941535949707, 33.45391082763672]}, "gradients/graph_2linear.0.weight": {"_type": "histogram",