qF1,qF2,qF3,qH1,qH2,qH3
1.8296433003431862,0.06505331697815622,0.5008734739277507,2.34446764776782,-0.07193891457400649,-0.30715758703195595
