{"gradients/graph_28linear.5.bias": {"_type": "histogram", "values": [2.0, 1.0, 1.0, 0.0, 0.0, 0.0, 0.0, 0.0, 0.0, 0.0, 0.0, 0.0, 0.0, 0.0, 0.0, 0.0, 0.0, 0.0, 0.0, 4.0, 4.0, 6.0, 6.0, 6.0, 1.0, 2.0, 2.0, 8.0, 12.0, 7.0, 1.0, 2.0, 0.0, 2.0, 1.0, 0.0, 0.0, 0.0, 0.0, 1.0, 1.0, 8.0, 6.0, 0.0, 1.0, 3.0, 0.0, 0.0, 0.0, 0.0, 0.0, 0.0, 0.0, 0.0, 0.0, 0.0, 0.0, 0.0, 0.0, 2.0, 1.0, 1.0, 2.0, 2.0], "bins": [-0.8819867968559265, -0.8552702069282532, -0.8285535573959351, -0.8018369674682617, -0.7751203775405884, -0.7484037280082703, -0.7216871380805969, -0.6949704885482788, -0.6682538986206055, -0.6415373086929321, -0.614820659160614, -0.5881040692329407, -0.5613874197006226, -0.5346708297729492, -0.5079542398452759, -0.48123762011528015, -0.4545210003852844, -0.4278043806552887, -0.40108776092529297, -0.37437117099761963, -0.3476545214653015, -0.3209379315376282, -0.29422134160995483, -0.2675046920776367, -0.24078810214996338, -0.21407151222229004, -0.18735486268997192, -0.16063827276229858, -0.13392168283462524, -0.10720503330230713, -0.08048844337463379, -0.053771793842315674, -0.02705526351928711, -0.00033867359161376953, 0.026377975940704346, 0.053094565868377686, 0.0798112154006958, 0.10652780532836914, 0.13324439525604248, 0.1599610447883606, 0.18667763471603394, 0.21339422464370728, 0.2401108741760254, 0.26682746410369873, 0.29354405403137207, 0.3202607035636902, 0.3469772934913635, 0.37369391322135925, 0.400410532951355, 0.4271271526813507, 0.45384377241134644, 0.4805603623390198, 0.5072770118713379, 0.5339936017990112, 0.5607101917266846, 0.5874267816543579, 0.614143431186676, 0.6408600807189941, 0.6675766706466675, 0.6942932605743408, 0.7210098505020142, 0.7477265000343323, 0.7744430899620056, 0.8011597394943237, 0.8278763294219971]}, "_timestamp": 1715854460.1434028, "gradients/graph_28linear.5.weight": {"_type": "histogram", "values": [2.0, 1.0, 3.0, 2.0, 3.0, 1.0, 0.0, 0.0, 5.0, 4.0, 3.0, 2.0, 3.0, 3.0, 7.0, 11.0, 4.0, 5.0, 5.0, 8.0, 6.0, 24.0, 32.0, 47.0, 55.0, 89.0, 112.0, 127.0, 161.0, 306.0, 435.0, 516.0, 616.0, 2555.0, 131.0, 183.0, 105.0, 98.0, 91.0, 79.0, 61.0, 48.0, 38.0, 12.0, 11.0, 12.0, 9.0, 17.0, 10.0, 19.0, 10.0, 5.0, 11.0, 3.0, 6.0, 6.0, 5.0, 2.0, 2.0, 5.0, 6.0, 2.0, 2.0, 2.0], "bins": [-11.259293556213379, -10.918233871459961, -10.577174186706543, -10.236114501953125, -9.895054817199707, -9.553995132446289, -9.212935447692871, -8.871875762939453, -8.530816078186035, -8.189756393432617, -7.848696708679199, -7.507637023925781, -7.166576862335205, -6.825517177581787, -6.484457492828369, -6.143397808074951, -5.802338123321533, -5.461278438568115, -5.120218753814697, -4.779159069061279, -4.438099384307861, -4.097039699554443, -3.7559800148010254, -3.4149203300476074, -3.0738601684570312, -2.7328004837036133, -2.3917407989501953, -2.0506811141967773, -1.7096214294433594, -1.3685617446899414, -1.0275020599365234, -0.6864423751831055, -0.3453826904296875, -0.004323005676269531, 0.33673667907714844, 0.6777963638305664, 1.0188560485839844, 1.3599157333374023, 1.7009754180908203, 2.0420351028442383, 2.3830947875976562, 2.7241549491882324, 3.0652146339416504, 3.4062743186950684, 3.7473340034484863, 4.088393688201904, 4.429453372955322, 4.77051305770874, 5.111572742462158, 5.452632427215576, 5.793692111968994, 6.134751796722412, 6.47581148147583, 6.816871643066406, 7.157931327819824, 7.498991012573242, 7.84005069732666, 8.181110382080078, 8.522170066833496, 8.863229751586914, 9.204289436340332, 9.54534912109375, 9.886408805847168, 10.227468490600586, 10.568528175354004]}, "gradients/graph_28linear.3.bias": {"_type": "histogram", "values": [1.0, 0.0, 0.0, 0.0, 0.0, 0.0, 0.0, 0.0, 0.0, 0.0, 1.0, 1.0, 1.0, 0.0, 0.0, 1.0, 0.0, 1.0, 1.0, 1.0, 2.0, 2.0, 1.0, 0.0, 3.0, 2.0, 2.0, 1.0, 0.0, 1.0, 0.0, 0.0, 0.0, 0.0, 1.0, 1.0, 0.0, 0.0, 4.0, 2.0, 1.0, 0.0, 1.0, 2.0, 1.0, 0.0, 0.0, 1.0, 0.0, 2.0, 1.0, 1.0, 0.0, 0.0, 0.0, 0.0, 0.0, 0.0, 0.0, 0.0, 0.0, 0.0, 0.0, 24.0], "bins": [-2.3622426986694336, -2.3253326416015625, -2.2884225845336914, -2.2515125274658203, -2.214602470397949, -2.177692413330078, -2.140782356262207, -2.103872299194336, -2.066962242126465, -2.0300521850585938, -1.9931422472000122, -1.9562323093414307, -1.9193222522735596, -1.8824121952056885, -1.8455021381378174, -1.8085920810699463, -1.7716820240020752, -1.734771966934204, -1.697861909866333, -1.660951852798462, -1.6240417957305908, -1.5871317386627197, -1.5502218008041382, -1.513311743736267, -1.476401686668396, -1.439491629600525, -1.4025815725326538, -1.3656716346740723, -1.3287615776062012, -1.29185152053833, -1.254941463470459, -1.218031406402588, -1.1811213493347168, -1.1442112922668457, -1.1073012351989746, -1.0703911781311035, -1.0334811210632324, -0.9965711236000061, -0.9596611261367798, -0.9227510690689087, -0.8858410120010376, -0.8489309549331665, -0.8120208978652954, -0.7751109004020691, -0.738200843334198, -0.7012907862663269, -0.6643807888031006, -0.6274707317352295, -0.5905606746673584, -0.5536506175994873, -0.5167405605316162, -0.4798305630683899, -0.4429205060005188, -0.4060104489326477, -0.369100421667099, -0.3321903944015503, -0.2952803373336792, -0.2583702802658081, -0.2214602530002594, -0.1845502108335495, -0.1476401686668396, -0.1107301265001297, -0.0738200843334198, -0.0369100421667099, 0.0]}, "gradients/graph_28linear.3.weight": {"_type": "histogram", "values": [1.0, 0.0, 0.0, 0.0, 0.0, 0.0, 0.0, 0.0, 1.0, 0.0, 1.0, 1.0, 1.0, 0.0, 0.0, 1.0, 0.0, 2.0, 2.0, 2.0, 2.0, 2.0, 2.0, 1.0, 4.0, 3.0, 4.0, 3.0, 1.0, 3.0, 3.0, 2.0, 1.0, 0.0, 2.0, 1.0, 0.0, 0.0, 6.0, 3.0, 2.0, 2.0, 5.0, 8.0, 4.0, 4.0, 8.0, 10.0, 11.0, 14.0, 8.0, 11.0, 6.0, 4.0, 13.0, 9.0, 8.0, 5.0, 8.0, 5.0, 0.0, 0.0, 0.0, 3896.0], "bins": [-96.00491333007812, -94.50483703613281, -93.0047607421875, -91.50468444824219, -90.00460815429688, -88.50453186035156, -87.00445556640625, -85.50437927246094, -84.00430297851562, -82.50422668457031, -81.00414276123047, -79.50406646728516, -78.00399017333984, -76.50391387939453, -75.00383758544922, -73.5037612915039, -72.0036849975586, -70.50360870361328, -69.00353240966797, -67.50345611572266, -66.00337982177734, -64.50330352783203, -63.00322341918945, -61.50314712524414, -60.00307083129883, -58.502994537353516, -57.0029182434082, -55.50284194946289, -54.00276184082031, -52.502685546875, -51.00260925292969, -49.502532958984375, -48.00245666503906, -46.50238037109375, -45.00230407714844, -43.502227783203125, -42.00215148925781, -40.502071380615234, -39.00199508666992, -37.50191879272461, -36.0018424987793, -34.501766204833984, -33.00168991088867, -31.501611709594727, -30.001535415649414, -28.5014591217041, -27.001380920410156, -25.501304626464844, -24.00122833251953, -22.50115203857422, -21.001075744628906, -19.50099754333496, -18.00092124938965, -16.500844955444336, -15.000767707824707, -13.500690460205078, -12.000614166259766, -10.500537872314453, -9.000460624694824, -7.5003838539123535, -6.000307083129883, -4.500230312347412, -3.0001535415649414, -1.5000767707824707, -0.0]}, "gradients/graph_28linear.0.bias": {"_type": "histogram", "values": [1.0, 0.0, 0.0, 0.0, 0.0, 1.0, 0.0, 0.0, 0.0, 0.0, 0.0, 0.0, 1.0, 0.0, 0.0, 0.0, 0.0, 0.0, 0.0, 0.0, 0.0, 0.0, 1.0, 0.0, 0.0, 0.0, 0.0, 0.0, 0.0, 0.0, 0.0, 0.0, 0.0, 0.0, 0.0, 0.0, 0.0, 0.0, 0.0, 0.0, 0.0, 0.0, 0.0, 0.0, 0.0, 0.0, 0.0, 0.0, 0.0, 0.0, 0.0, 0.0, 0.0, 0.0, 0.0, 0.0, 0.0, 0.0, 0.0, 0.0, 0.0, 0.0, 0.0, 60.0],