{"gradients/graph_9linear.5.bias": {"_type": "histogram", "values": [1.0, 1.0, 1.0, 0.0, 3.0, 2.0, 4.0, 5.0, 3.0, 8.0, 1.0, 2.0, 6.0, 1.0, 1.0, 17.0, 19.0, 23.0, 4.0, 2.0, 3.0, 2.0, 0.0, 1.0, 0.0, 0.0, 1.0, 1.0, 1.0, 1.0, 1.0, 1.0, 0.0, 1.0, 0.0, 1.0, 0.0, 0.0, 0.0, 0.0, 0.0, 0.0, 0.0, 0.0, 0.0, 0.0, 0.0, 0.0, 0.0, 0.0, 0.0, 0.0, 0.0, 1.0, 0.0, 0.0, 0.0, 0.0, 0.0, 0.0, 0.0, 0.0, 0.0, 1.0], "bins": [-0.21327102184295654, -0.19840598106384277, -0.1835409551858902, -0.16867592930793762, -0.15381088852882385, -0.13894584774971008, -0.12408082187175751, -0.10921578854322433, -0.09435075521469116, -0.07948571443557739, -0.06462068855762482, -0.04975566267967224, -0.03489062190055847, -0.020025581121444702, -0.0051605552434921265, 0.00970447063446045, 0.02456951141357422, 0.03943455219268799, 0.05429959297180176, 0.06916460394859314, 0.08402964472770691, 0.09889468550682068, 0.11375969648361206, 0.12862473726272583, 0.1434897780418396, 0.15835481882095337, 0.17321985960006714, 0.18808487057685852, 0.2029499113559723, 0.21781495213508606, 0.23267996311187744, 0.2475450038909912, 0.262410044670105, 0.27727508544921875, 0.2921401262283325, 0.3070051372051239, 0.32187017798423767, 0.33673521876335144, 0.3516002297401428, 0.3664652705192566, 0.38133031129837036, 0.39619535207748413, 0.4110603928565979, 0.4259254038333893, 0.44079044461250305, 0.4556554853916168, 0.4705204963684082, 0.485385537147522, 0.5002505779266357, 0.5151156187057495, 0.5299806594848633, 0.544845700263977, 0.5597107410430908, 0.5745757818222046, 0.5894407629966736, 0.6043058037757874, 0.6191708445549011, 0.6340358853340149, 0.6489009261131287, 0.6637659668922424, 0.6786309480667114, 0.6934959888458252, 0.708361029624939, 0.7232260704040527, 0.7380911111831665]}, "_timestamp": 1715848380.8765347, "gradients/graph_9linear.5.weight": {"_type": "histogram", "values": [3.0, 8.0, 24.0, 31.0, 62.0, 74.0, 154.0, 244.0, 373.0, 525.0, 771.0, 741.0, 837.0, 893.0, 1930.0, 3862.0, 2320.0, 756.0, 290.0, 231.0, 189.0, 118.0, 104.0, 95.0, 111.0, 85.0, 80.0, 70.0, 55.0, 48.0, 32.0, 28.0, 25.0, 10.0, 7.0, 8.0, 9.0, 9.0, 5.0, 9.0, 11.0, 7.0, 9.0, 5.0, 11.0, 9.0, 8.0, 13.0, 6.0, 8.0, 4.0, 5.0, 5.0, 6.0, 8.0, 5.0, 4.0, 3.0, 1.0, 3.0, 0.0, 2.0, 0.0, 1.0], "bins": [-1.582059621810913, -1.4717897176742554, -1.3615198135375977, -1.2512500286102295, -1.1409801244735718, -1.030710220336914, -0.9204403758049011, -0.8101705312728882, -0.6999006271362305, -0.5896307229995728, -0.47936081886291504, -0.3690910339355469, -0.25882112979888916, -0.14855122566223145, -0.03828144073486328, 0.07198846340179443, 0.18225836753845215, 0.29252827167510986, 0.4027981758117676, 0.5130679607391357, 0.623337984085083, 0.7336077690124512, 0.8438775539398193, 0.9541475772857666, 1.0644173622131348, 1.174687147140503, 1.2849571704864502, 1.3952269554138184, 1.5054967403411865, 1.6157667636871338, 1.726036548614502, 1.8363065719604492, 1.9465765953063965, 2.0568463802337646, 2.167116403579712, 2.27738618850708, 2.3876562118530273, 2.4979259967803955, 2.6081957817077637, 2.718465805053711, 2.828735589981079, 2.9390053749084473, 3.0492753982543945, 3.1595451831817627, 3.269814968109131, 3.380084991455078, 3.4903547763824463, 3.6006245613098145, 3.7108945846557617, 3.821164608001709, 3.931434392929077, 4.041704177856445, 4.151974201202393, 4.26224422454834, 4.372513771057129, 4.482783794403076, 4.593053817749023, 4.7033233642578125, 4.81359338760376, 4.923863410949707, 5.034132957458496, 5.144402980804443, 5.254673004150391, 5.36494255065918, 5.475212574005127]}, "gradients/graph_9linear.3.bias": {"_type": "histogram", "values": [1.0, 0.0, 0.0, 0.0, 0.0, 0.0, 1.0, 0.0, 0.0, 0.0, 0.0, 1.0, 0.0, 0.0, 0.0, 1.0, 2.0, 5.0, 1.0, 4.0, 1.0, 2.0, 2.0, 4.0, 1.0, 3.0, 6.0, 5.0, 3.0, 1.0, 4.0, 7.0, 6.0, 1.0, 7.0, 5.0, 2.0, 5.0, 3.0, 3.0, 2.0, 5.0, 4.0, 2.0, 1.0, 0.0, 2.0, 3.0, 3.0, 2.0, 4.0, 3.0, 3.0, 2.0, 1.0, 0.0, 1.0, 0.0, 1.0, 0.0, 0.0, 0.0, 0.0, 2.0], "bins": [-0.1898304522037506, -0.18363840878009796, -0.1774463653564453, -0.17125433683395386, -0.1650622934103012, -0.15887024998664856, -0.1526782065629959, -0.14648616313934326, -0.1402941346168518, -0.13410209119319916, -0.1279100477695465, -0.12171800434589386, -0.11552596092224121, -0.10933392494916916, -0.10314188152551651, -0.09694984555244446, -0.09075780212879181, -0.08456575870513916, -0.07837372273206711, -0.07218167930841446, -0.06598964333534241, -0.05979759991168976, -0.05360555648803711, -0.04741351306438446, -0.04122146964073181, -0.035029441118240356, -0.028837397694587708, -0.02264535427093506, -0.01645331084728241, -0.01026126742362976, -0.004069238901138306, 0.0021228045225143433, 0.008314847946166992, 0.014506891369819641, 0.02069893479347229, 0.026890963315963745, 0.033083006739616394, 0.03927505016326904, 0.04546709358692169, 0.05165913701057434, 0.057851165533065796, 0.06404320895671844, 0.0702352523803711, 0.07642729580402374, 0.08261933922767639, 0.08881137520074844, 0.09500341862440109, 0.10119545459747314, 0.1073874980211258, 0.11357954144477844, 0.1197715774178505, 0.12596362829208374, 0.1321556568145752, 0.13834770023822784, 0.1445397436618805, 0.15073178708553314, 0.1569238305091858, 0.16311585903167725, 0.1693079024553299, 0.17549994587898254, 0.1816919893026352, 0.18788403272628784, 0.1940760612487793, 0.20026810467243195, 0.2064601480960846]}, "gradients/graph_9linear.3.weight": {"_type": "histogram", "values": [1.0, 0.0, 0.0, 0.0, 1.0, 1.0, 1.0, 0.0, 0.0, 1.0, 4.0, 2.0, 2.0, 0.0, 5.0, 4.0, 7.0, 10.0, 9.0, 16.0, 16.0, 32.0, 36.0, 54.0, 63.0, 73.0, 92.0, 105.0, 171.0, 181.0, 13849.0, 305.0, 236.0, 167.0, 139.0, 106.0, 102.0, 88.0, 72.0, 69.0, 59.0, 68.0, 43.0, 40.0, 34.0, 23.0, 18.0, 20.0, 12.0, 9.0, 10.0, 5.0, 10.0, 4.0, 1.0, 0.0, 1.0, 2.0, 3.0, 0.0, 0.0, 0.0, 0.0, 2.0], "bins": [-2.154071569442749, -2.083808422088623, -2.013545036315918, -1.943281888961792, -1.873018741607666, -1.8027554750442505, -1.732492208480835, -1.662229061126709, -1.5919657945632935, -1.521702527999878, -1.451439380645752, -1.3811761140823364, -1.310912847518921, -1.240649700164795, -1.1703864336013794, -1.1001232862472534, -1.029860019683838, -0.9595967531204224, -0.8893336057662964, -0.8190703392028809, -0.7488071918487549, -0.6785439252853394, -0.6082806587219238, -0.5380175113677979, -0.4677542448043823, -0.3974909782409668, -0.3272278308868408, -0.2569645643234253, -0.18670129776000977, -0.11643815040588379, -0.04617500305175781, 0.024088382720947266, 0.09435129165649414, 0.16461443901062012, 0.2348778247833252, 0.30514097213745117, 0.37540411949157715, 0.4456673860549927, 0.5159306526184082, 0.5861937999725342, 0.6564570665359497, 0.7267203330993652, 0.7969834804534912, 0.8672467470169067, 0.9375100135803223, 1.0077731609344482, 1.0780364274978638, 1.1482995748519897, 1.2185628414154053, 1.2888261079788208, 1.3590892553329468, 1.4293525218963623, 1.4996156692504883, 1.5698789358139038, 1.6401422023773193, 1.7104053497314453, 1.7806686162948608, 1.8509318828582764, 1.9211950302124023, 1.9914582967758179, 2.0617215633392334, 2.1319847106933594, 2.2022478580474854, 2.2725112438201904, 2.3427743911743164]}, "gradients/graph_9linear.0.bias": {"_type": "histogram", "values": [1.0, 0.0, 0.0, 0.0, 0.0, 106.0, 0.0, 0.0, 0.0, 0.0, 0.0, 1.0, 0.0, 0.0, 0.0, 0.0, 0.0, 0.0, 1.0, 0.0, 0.0, 0.0, 0.0, 0.0, 1.0, 1.0, 1.0, 1.0, 0.0, 0.0, 1.0, 2.0, 0.0, 0.0, 0.0, 0.0, 0.0, 1.0, 0.0, 0.0, 0.0, 0.0, 2.0, 0.0, 2.0, 1.0, 0.0, 0.0, 1.0, 0.0, 0.0, 1.0, 0.0, 0.0, 1.0, 1.0, 0.0, 0.0, 1.0, 0.0, 0.0, 0.0, 0.0, 1.0],