{"gradients/graph_15linear.5.bias": {"_type": "histogram", "values": [4.0, 3.0, 2.0, 3.0, 6.0, 4.0, 3.0, 4.0, 2.0, 2.0, 0.0, 2.0, 2.0, 1.0, 3.0, 5.0, 4.0, 8.0, 8.0, 0.0, 1.0, 1.0, 0.0, 0.0, 0.0, 0.0, 0.0, 0.0, 0.0, 0.0, 0.0, 0.0, 0.0, 0.0, 0.0, 0.0, 0.0, 0.0, 0.0, 0.0, 0.0, 0.0, 0.0, 0.0, 0.0, 0.0, 0.0, 0.0, 0.0, 0.0, 1.0, 0.0, 1.0, 4.0, 2.0, 3.0, 4.0, 4.0, 3.0, 0.0, 3.0, 2.0, 0.0, 1.0], "bins": [-0.6381046175956726, -0.6177271604537964, -0.5973497629165649, -0.5769723057746887, -0.5565949082374573, -0.536217451095581, -0.5158400535583496, -0.4954625964164734, -0.47508516907691956, -0.4547077417373657, -0.4343303143978119, -0.41395288705825806, -0.39357542991638184, -0.373198002576828, -0.35282057523727417, -0.33244314789772034, -0.3120657205581665, -0.29168829321861267, -0.27131086587905884, -0.250933438539505, -0.23055601119995117, -0.21017855405807495, -0.18980112671852112, -0.16942369937896729, -0.14904627203941345, -0.12866884469985962, -0.1082913875579834, -0.08791399002075195, -0.06753653287887573, -0.04715913534164429, -0.026781678199768066, -0.006404280662536621, 0.013973236083984375, 0.034350693225860596, 0.05472809076309204, 0.07510554790496826, 0.09548294544219971, 0.11586040258407593, 0.13623780012130737, 0.1566152572631836, 0.17699268460273743, 0.19737011194229126, 0.2177475392818451, 0.23812496662139893, 0.25850242376327515, 0.278879851102829, 0.2992572784423828, 0.31963470578193665, 0.3400121331214905, 0.3603895604610443, 0.38076698780059814, 0.401144415140152, 0.4215218424797058, 0.44189929962158203, 0.46227672696113586, 0.4826541543006897, 0.5030316114425659, 0.5234090089797974, 0.5437864661216736, 0.564163863658905, 0.5845413208007812, 0.6049187183380127, 0.6252961754798889, 0.6456735730171204, 0.6660510301589966]}, "_timestamp": 1715850219.615661, "gradients/graph_15linear.5.weight": {"_type": "histogram", "values": [6.0, 6.0, 5.0, 8.0, 20.0, 23.0, 27.0, 34.0, 44.0, 44.0, 42.0, 48.0, 44.0, 43.0, 53.0, 61.0, 84.0, 99.0, 126.0, 113.0, 107.0, 91.0, 92.0, 129.0, 122.0, 54.0, 54.0, 96.0, 73.0, 84.0, 4.0, 480.0, 0.0, 12.0, 49.0, 21.0, 7.0, 23.0, 28.0, 17.0, 12.0, 20.0, 36.0, 47.0, 51.0, 37.0, 49.0, 24.0, 38.0, 39.0, 39.0, 36.0, 32.0, 40.0, 23.0, 18.0, 18.0, 17.0, 8.0, 3.0, 7.0, 3.0, 0.0, 2.0], "bins": [-6.025928974151611, -5.833495140075684, -5.641061305999756, -5.448627471923828, -5.256193161010742, -5.0637593269348145, -4.871325492858887, -4.678891658782959, -4.486457824707031, -4.2940239906311035, -4.101590156555176, -3.909156084060669, -3.716722249984741, -3.5242884159088135, -3.3318543434143066, -3.139420509338379, -2.946986675262451, -2.7545528411865234, -2.5621190071105957, -2.369684934616089, -2.177251100540161, -1.9848170280456543, -1.7923831939697266, -1.5999493598937988, -1.407515525817871, -1.2150816917419434, -1.0226478576660156, -0.8302140235900879, -0.637779712677002, -0.4453458786010742, -0.2529120445251465, -0.06047821044921875, 0.1319561004638672, 0.3243899345397949, 0.5168237686157227, 0.7092576026916504, 0.9016914367675781, 1.094125747680664, 1.2865595817565918, 1.4789934158325195, 1.6714272499084473, 1.863861083984375, 2.0562949180603027, 2.2487287521362305, 2.4411628246307373, 2.633596658706665, 2.826030731201172, 3.0184645652770996, 3.2108983993530273, 3.403332233428955, 3.595766067504883, 3.7882001399993896, 3.9806339740753174, 4.173068046569824, 4.365501880645752, 4.55793571472168, 4.750369548797607, 4.942803382873535, 5.135237216949463, 5.327671051025391, 5.520105361938477, 5.712539196014404, 5.904973030090332, 6.09740686416626, 6.2898406982421875]}, "gradients/graph_15linear.3.bias": {"_type": "histogram", "values": [1.0, 0.0, 2.0, 0.0, 0.0, 1.0, 0.0, 1.0, 1.0, 0.0, 2.0, 0.0, 3.0, 3.0, 0.0, 0.0, 0.0, 2.0, 1.0, 1.0, 1.0, 2.0, 2.0, 0.0, 0.0, 0.0, 0.0, 2.0, 0.0, 0.0, 0.0, 1.0, 0.0, 0.0, 1.0, 0.0, 0.0, 0.0, 0.0, 0.0, 0.0, 0.0, 0.0, 0.0, 0.0, 0.0, 0.0, 0.0, 0.0, 0.0, 0.0, 0.0, 0.0, 0.0, 0.0, 0.0, 0.0, 0.0, 0.0, 0.0, 0.0, 0.0, 0.0, 5.0], "bins": [-6.330944538116455, -6.2320237159729, -6.1331024169921875, -6.034181594848633, -5.93526029586792, -5.836339473724365, -5.7374186515808105, -5.638497352600098, -5.539576530456543, -5.440655708312988, -5.341734409332275, -5.242813587188721, -5.143892288208008, -5.044971466064453, -4.946050643920898, -4.8471293449401855, -4.748208522796631, -4.649287223815918, -4.550366401672363, -4.451445579528809, -4.352524280548096, -4.253603458404541, -4.154682159423828, -4.055761337280273, -3.9568402767181396, -3.857919216156006, -3.758998394012451, -3.6600773334503174, -3.5611562728881836, -3.46223521232605, -3.363314390182495, -3.2643933296203613, -3.1654722690582275, -3.0665512084960938, -2.96763014793396, -2.8687093257904053, -2.7697882652282715, -2.6708672046661377, -2.571946144104004, -2.473025321960449, -2.3741042613983154, -2.2751832008361816, -2.176262140274048, -2.077341079711914, -1.9784201383590698, -1.8794991970062256, -1.7805781364440918, -1.6816571950912476, -1.5827361345291138, -1.48381507396698, -1.3848941326141357, -1.285973072052002, -1.1870521306991577, -1.088131070137024, -0.9892100691795349, -0.8902890682220459, -0.7913680672645569, -0.6924470663070679, -0.5935260653495789, -0.49460503458976746, -0.39568403363227844, -0.29676303267478943, -0.19784201681613922, -0.09892100840806961, 0.0]}, "gradients/graph_15linear.3.weight": {"_type": "histogram", "values": [1.0, 1.0, 2.0, 1.0, 2.0, 1.0, 3.0, 1.0, 2.0, 2.0, 2.0, 3.0, 4.0, 6.0, 5.0, 1.0, 4.0, 4.0, 3.0, 4.0, 4.0, 6.0, 4.0, 5.0, 2.0, 4.0, 1.0, 7.0, 2.0, 0.0, 5.0, 1.0, 3.0, 4.0, 3.0, 0.0, 1.0, 1.0, 1.0, 0.0, 1.0, 0.0, 1.0, 0.0, 0.0, 0.0, 0.0, 0.0, 0.0, 0.0, 0.0, 0.0, 0.0, 0.0, 0.0, 0.0, 0.0, 0.0, 0.0, 0.0, 0.0, 0.0, 0.0, 916.0], "bins": [-101.53194427490234, -99.94551086425781, -98.35906982421875, -96.77263641357422, -95.18619537353516, -93.59976196289062, -92.01332092285156, -90.42688751220703, -88.8404541015625, -87.25401306152344, -85.6675796508789, -84.08113861083984, -82.49470520019531, -80.90826416015625, -79.32183074951172, -77.73539733886719, -76.14895629882812, -74.5625228881836, -72.97608947753906, -71.3896484375, -69.80320739746094, -68.2167739868164, -66.63034057617188, -65.04389953613281, -63.45746612548828, -61.871028900146484, -60.28459167480469, -58.69815444946289, -57.111717224121094, -55.52528381347656, -53.938846588134766, -52.35240936279297, -50.76597213745117, -49.179534912109375, -47.59309768676758, -46.00666046142578, -44.42022705078125, -42.83378982543945, -41.247352600097656, -39.66091537475586, -38.07447814941406, -36.488040924072266, -34.901607513427734, -33.31517028808594, -31.72873306274414, -30.142295837402344, -28.555858612060547, -26.969423294067383, -25.382986068725586, -23.79654884338379, -22.210113525390625, -20.623676300048828, -19.03723907470703, -17.450803756713867, -15.86436653137207, -14.277929306030273, -12.691493034362793, -11.105056762695312, -9.518619537353516, -7.932183265686035, -6.3457465171813965, -4.759309768676758, -3.1728732585906982, -1.5864366292953491, 0.0]}, "gradients/graph_15linear.0.bias": {"_type": "histogram", "values": [1.0, 0.0, 0.0, 0.0, 0.0, 0.0, 0.0, 0.0, 0.0, 0.0, 0.0, 0.0, 0.0, 0.0, 0.0, 0.0, 0.0, 0.0, 1.0, 0.0, 1.0, 0.0, 0.0, 0.0, 0.0, 0.0, 0.0, 0.0, 0.0, 0.0, 0.0, 0.0, 1.0, 0.0, 0.0, 0.0, 0.0, 0.0, 0.0, 0.0, 0.0, 0.0, 0.0, 0.0, 0.0, 0.0, 0.0, 0.0, 0.0, 0.0, 0.0, 0.0, 0.0, 0.0, 0.0, 0.0, 0.0, 0.0, 0.0, 0.0, 0.0, 0.0, 0.0, 28.0],