{"gradients/graph_4linear.5.bias": {"_type": "histogram", "values": [2.0, 1.0, 1.0, 1.0, 0.0, 1.0, 1.0, 4.0, 5.0, 2.0, 3.0, 3.0, 8.0, 7.0, 4.0, 3.0, 2.0, 23.0, 1.0, 0.0, 0.0, 0.0, 0.0, 0.0, 0.0, 0.0, 4.0, 3.0, 3.0, 4.0, 1.0, 1.0, 0.0, 0.0, 0.0, 0.0, 0.0, 1.0, 1.0, 0.0, 0.0, 0.0, 1.0, 0.0, 0.0, 0.0, 0.0, 0.0, 1.0, 0.0, 0.0, 0.0, 0.0, 0.0, 0.0, 0.0, 0.0, 0.0, 0.0, 0.0, 1.0, 1.0, 1.0, 1.0], "bins": [-0.5736169815063477, -0.546419084072113, -0.5192211866378784, -0.4920232892036438, -0.4648253917694092, -0.43762749433517456, -0.41042959690093994, -0.3832316994667053, -0.3560338020324707, -0.3288359045982361, -0.30163803696632385, -0.27444013953208923, -0.24724224209785461, -0.22004434466362, -0.19284644722938538, -0.16564854979515076, -0.13845065236091614, -0.11125275492668152, -0.0840548574924469, -0.05685698986053467, -0.02965909242630005, -0.0024611949920654297, 0.02473670244216919, 0.05193459987640381, 0.07913249731063843, 0.10633039474487305, 0.13352829217910767, 0.16072618961334229, 0.1879240870475769, 0.21512198448181152, 0.24231988191604614, 0.26951777935028076, 0.2967156767845154, 0.32391357421875, 0.3511114716529846, 0.37830936908721924, 0.40550726652145386, 0.4327051639556885, 0.4599030613899231, 0.4871009588241577, 0.5142988562583923, 0.541496753692627, 0.5686946511268616, 0.5958925485610962, 0.6230904459953308, 0.6502883434295654, 0.6774861812591553, 0.7046841382980347, 0.7318819761276245, 0.7590799331665039, 0.7862777709960938, 0.8134757280349731, 0.840673565864563, 0.8678715229034424, 0.8950693607330322, 0.9222672581672668, 0.9494651556015015, 0.9766630530357361, 1.0038609504699707, 1.03105890750885, 1.05825674533844, 1.0854547023773193, 1.1126525402069092, 1.1398504972457886, 1.1670483350753784]}, "_timestamp": 1715779062.4081142, "gradients/graph_4linear.5.weight": {"_type": "histogram", "values": [2.0, 1.0, 1.0, 1.0, 0.0, 1.0, 1.0, 4.0, 5.0, 3.0, 6.0, 4.0, 9.0, 12.0, 11.0, 9.0, 14.0, 38.0, 37.0, 164.0, 521.0, 5133.0, 66.0, 18.0, 22.0, 10.0, 15.0, 7.0, 4.0, 8.0, 2.0, 1.0, 1.0, 0.0, 0.0, 0.0, 1.0, 1.0, 1.0, 0.0, 0.0, 0.0, 2.0, 2.0, 1.0, 0.0, 0.0, 0.0, 1.0, 0.0, 0.0, 0.0, 0.0, 0.0, 0.0, 0.0, 0.0, 0.0, 0.0, 0.0, 1.0, 1.0, 1.0, 1.0], "bins": [-29.186023712158203, -27.802175521850586, -26.4183292388916, -25.034481048583984, -23.650634765625, -22.266786575317383, -20.882938385009766, -19.49909210205078, -18.115243911743164, -16.731395721435547, -15.347549438476562, -13.963701248168945, -12.579853057861328, -11.196006774902344, -9.812158584594727, -8.428312301635742, -7.044464111328125, -5.660615921020508, -4.276769638061523, -2.8929214477539062, -1.5090751647949219, -0.1252269744873047, 1.2586212158203125, 2.642467498779297, 4.026317596435547, 5.410163879394531, 6.794010162353516, 8.1778564453125, 9.56170654296875, 10.945552825927734, 12.329399108886719, 13.713249206542969, 15.097099304199219, 16.480945587158203, 17.864795684814453, 19.248641967773438, 20.632488250732422, 22.016338348388672, 23.400184631347656, 24.78403091430664, 26.167877197265625, 27.551727294921875, 28.93557357788086, 30.319421768188477, 31.703269958496094, 33.08711624145508, 34.47096252441406, 35.85481262207031, 37.2386589050293, 38.62250518798828, 40.00635528564453, 41.390201568603516, 42.7740478515625, 44.15789794921875, 45.541744232177734, 46.92559051513672, 48.30944061279297, 49.69328689575195, 51.07713317871094, 52.46098327636719, 53.84482955932617, 55.228675842285156, 56.61252212524414, 57.99637222290039, 59.380218505859375]}, "gradients/graph_4linear.3.bias": {"_type": "histogram", "values": [1.0, 0.0, 0.0, 0.0, 0.0, 0.0, 0.0, 0.0, 0.0, 0.0, 0.0, 0.0, 0.0, 0.0, 0.0, 0.0, 0.0, 0.0, 0.0, 0.0, 0.0, 0.0, 0.0, 0.0, 0.0, 0.0, 0.0, 0.0, 0.0, 0.0, 0.0, 0.0, 1.0, 0.0, 0.0, 0.0, 0.0, 0.0, 0.0, 0.0, 0.0, 0.0, 0.0, 1.0, 1.0, 1.0, 0.0, 0.0, 0.0, 0.0, 2.0, 1.0, 1.0, 0.0, 4.0, 0.0, 0.0, 0.0, 0.0, 0.0, 50.0, 0.0, 0.0, 1.0], "bins": [-12.47329330444336, -12.266637802124023, -12.059983253479004, -11.853327751159668, -11.646672248840332, -11.440017700195312, -11.233362197875977, -11.02670669555664, -10.820052146911621, -10.613396644592285, -10.40674114227295, -10.20008659362793, -9.993431091308594, -9.786775588989258, -9.580120086669922, -9.373465538024902, -9.166810035705566, -8.960155487060547, -8.753499984741211, -8.546844482421875, -8.340188980102539, -8.13353443145752, -7.926878929138184, -7.720223903656006, -7.513568878173828, -7.306913375854492, -7.1002583503723145, -6.893603324890137, -6.686947822570801, -6.480292797088623, -6.273637771606445, -6.066982269287109, -5.860327243804932, -5.653672218322754, -5.447016716003418, -5.24036169052124, -5.0337066650390625, -4.827051162719727, -4.620396137237549, -4.413741111755371, -4.207085609436035, -4.000430583953857, -3.7937755584716797, -3.5871200561523438, -3.380465030670166, -3.173809766769409, -2.9671545028686523, -2.7604994773864746, -2.5538442134857178, -2.347188949584961, -2.140533924102783, -1.9338786602020264, -1.7272233963012695, -1.5205683708190918, -1.313913106918335, -1.1072578430175781, -0.9006027579307556, -0.6939476132392883, -0.4872923493385315, -0.2806372046470642, -0.07398200035095215, 0.1326732039451599, 0.3393283784389496, 0.5459835529327393, 0.7526387572288513]}, "gradients/graph_4linear.3.weight": {"_type": "histogram", "values": [1.0, 0.0, 0.0, 0.0, 0.0, 0.0, 0.0, 0.0, 0.0, 0.0, 0.0, 0.0, 0.0, 0.0, 0.0, 0.0, 0.0, 0.0, 0.0, 0.0, 0.0, 0.0, 0.0, 1.0, 0.0, 0.0, 1.0, 0.0, 0.0, 1.0, 1.0, 0.0, 1.0, 0.0, 1.0, 0.0, 1.0, 1.0, 0.0, 1.0, 0.0, 0.0, 0.0, 2.0, 2.0, 2.0, 1.0, 0.0, 1.0, 3.0, 5.0, 6.0, 8.0, 6.0, 15.0, 11.0, 20.0, 25.0, 28.0, 32.0, 3910.0, 4.0, 4.0, 1.0], "bins": [-317.6712341308594, -312.4081115722656, -307.1449890136719, -301.88189697265625, -296.6187744140625, -291.35565185546875, -286.092529296875, -280.82940673828125, -275.5662841796875, -270.30316162109375, -265.0400695800781, -259.7769470214844, -254.51382446289062, -249.25070190429688, -243.9875946044922, -238.72447204589844, -233.46136474609375, -228.1982421875, -222.93511962890625, -217.6719970703125, -212.4088897705078, -207.14576721191406, -201.88265991210938, -196.61953735351562, -191.35641479492188, -186.0933074951172, -180.83018493652344, -175.5670623779297, -170.303955078125, -165.04083251953125, -159.7777099609375, -154.5146026611328, -149.25146484375, -143.98834228515625, -138.72523498535156, -133.4621124267578, -128.19898986816406, -122.93588256835938, -117.67276000976562, -112.40963745117188, -107.14653015136719, -101.88340759277344, -96.62029266357422, -91.357177734375, -86.09405517578125, -80.83094024658203, -75.56782531738281, -70.30470275878906, -65.04158782958984, -59.778472900390625, -54.515350341796875, -49.252235412597656, -43.98912048339844, -38.72600555419922, -33.46288299560547, -28.199769973754883, -22.9366512298584, -17.673532485961914, -12.410417556762695, -7.147298812866211, -1.8841819763183594, 3.378934860229492, 8.64205265045166, 13.905170440673828, 19.16828727722168]}, "gradients/graph_4linear.0.bias": {"_type": "histogram", "values": [1.0, 0.0, 0.0, 0.0, 1.0, 0.0, 0.0, 1.0, 0.0, 1.0, 0.0, 0.0, 0.0, 0.0, 0.0, 0.0, 1.0, 0.0, 0.0, 1.0, 0.0, 1.0, 1.0, 0.0, 0.0, 0.0, 0.0, 1.0, 0.0, 0.0, 0.0, 1.0, 0.0, 0.0, 0.0, 0.0, 0.0, 0.0, 0.0, 0.0, 0.0, 1.0, 1.0, 0.0, 0.0, 0.0, 0.0, 0.0, 0.0, 0.0, 1.0, 0.0, 0.0, 0.0, 0.0, 0.0, 0.0, 1.0, 0.0, 0.0, 0.0, 0.0, 0.0, 50.0],