{"Linear loss": 5622.9560546875, "_timestamp": 1715771229.3727891, "_runtime": 236.53642320632935, "_step": 5429, "gradients/graph_33linear.5.bias": {"_type": "histogram", "values": [2.0, 0.0, 0.0, 4.0, 0.0, 0.0, 0.0, 0.0, 0.0, 0.0, 0.0, 0.0, 0.0, 0.0, 0.0, 0.0, 0.0, 0.0, 0.0, 0.0, 0.0, 0.0, 0.0, 0.0, 0.0, 0.0, 0.0, 0.0, 14.0, 0.0, 0.0, 2.0, 51.0, 0.0, 0.0, 9.0, 0.0, 0.0, 0.0, 0.0, 0.0, 0.0, 0.0, 0.0, 0.0, 0.0, 0.0, 0.0, 0.0, 0.0, 0.0, 0.0, 0.0, 0.0, 0.0, 0.0, 0.0, 0.0, 0.0, 0.0, 7.0, 0.0, 0.0, 7.0], "bins": [-200.0, -193.75, -187.5, -181.25, -175.0, -168.75, -162.5, -156.25, -150.0, -143.75, -137.5, -131.25, -125.0, -118.75, -112.5, -106.25, -100.0, -93.75, -87.5, -81.25, -75.0, -68.75, -62.5, -56.25, -50.0, -43.75, -37.5, -31.25, -25.0, -18.75, -12.5, -6.25, 0.0, 6.25, 12.5, 18.75, 25.0, 31.25, 37.5, 43.75, 50.0, 56.25, 62.5, 68.75, 75.0, 81.25, 87.5, 93.75, 100.0, 106.25, 112.5, 118.75, 125.0, 131.25, 137.5, 143.75, 150.0, 156.25, 162.5, 168.75, 175.0, 181.25, 187.5, 193.75, 200.0]}, "gradients/graph_33linear.5.weight": {"_type": "histogram", "values": [2.0, 0.0, 0.0, 4.0, 0.0, 0.0, 0.0, 0.0, 2.0, 0.0, 4.0, 0.0, 4.0, 2.0, 14.0, 14.0, 18.0, 18.0, 10.0, 14.0, 12.0, 8.0, 18.0, 18.0, 12.0, 8.0, 32.0, 42.0, 46.0, 42.0, 308.0, 646.0, 10013.0, 217.0, 79.0, 72.0, 94.0, 81.0, 28.0, 21.0, 42.0, 42.0, 21.0, 28.0, 28.0, 28.0, 35.0, 42.0, 35.0, 35.0, 7.0, 14.0, 0.0, 7.0, 0.0, 7.0, 0.0, 0.0, 0.0, 0.0, 7.0, 0.0, 0.0, 7.0], "bins": [-1000.807373046875, -969.5321655273438, -938.2568969726562, -906.981689453125, -875.7064208984375, -844.4312133789062, -813.156005859375, -781.8807373046875, -750.6055297851562, -719.330322265625, -688.0550537109375, -656.7798461914062, -625.504638671875, -594.2293701171875, -562.9541625976562, -531.678955078125, -500.4036865234375, -469.12847900390625, -437.85321044921875, -406.5780029296875, -375.302734375, -344.02752685546875, -312.7523193359375, -281.47705078125, -250.20184326171875, -218.9266357421875, -187.6513671875, -156.37615966796875, -125.1009521484375, -93.82568359375, -62.55047607421875, -31.27520751953125, 0.0, 31.27520751953125, 62.55047607421875, 93.82568359375, 125.1009521484375, 156.37615966796875, 187.6513671875, 218.9266357421875, 250.20184326171875, 281.47705078125, 312.7523193359375, 344.02752685546875, 375.302734375, 406.5780029296875, 437.85321044921875, 469.12847900390625, 500.4036865234375, 531.678955078125, 562.9541625976562, 594.2293701171875, 625.504638671875, 656.7798461914062, 688.0550537109375, 719.330322265625, 750.6055297851562, 781.8807373046875, 813.156005859375, 844.4312133789062, 875.7064208984375, 906.981689453125, 938.2568969726562, 969.5321655273438, 1000.807373046875]}, "gradients/graph_33linear.3.bias": {"_type": "histogram", "values": [2.0, 0.0, 0.0, 1.0, 0.0, 0.0, 1.0, 0.0, 2.0, 0.0, 0.0, 2.0, 3.0, 1.0, 0.0, 3.0, 1.0, 1.0, 3.0, 0.0, 0.0, 2.0, 2.0, 4.0, 2.0, 3.0, 1.0, 0.0, 0.0, 2.0, 4.0, 2.0, 1.0, 1.0, 2.0, 2.0, 71.0, 2.0, 0.0, 1.0, 0.0, 0.0, 1.0, 0.0, 1.0, 0.0, 0.0, 1.0, 0.0, 0.0, 0.0, 0.0, 0.0, 0.0, 1.0, 1.0, 0.0, 0.0, 0.0, 0.0, 0.0, 0.0, 0.0, 1.0], "bins": [-311.7234802246094, -303.09381103515625, -294.4641418457031, -285.8345031738281, -277.204833984375, -268.5751647949219, -259.94549560546875, -251.31582641601562, -242.68617248535156, -234.0565185546875, -225.42684936523438, -216.79718017578125, -208.16751098632812, -199.53785705566406, -190.90818786621094, -182.27853393554688, -173.64886474609375, -165.01919555664062, -156.38954162597656, -147.75987243652344, -139.13021850585938, -130.50054931640625, -121.87088012695312, -113.24122619628906, -104.61155700683594, -95.98188781738281, -87.35223388671875, -78.72256469726562, -70.0928955078125, -61.46324157714844, -52.833587646484375, -44.20391845703125, -35.574249267578125, -26.944580078125, -18.314910888671875, -9.685256958007812, -1.05560302734375, 7.574066162109375, 16.2037353515625, 24.833389282226562, 33.46305847167969, 42.09272766113281, 50.722381591796875, 59.35205078125, 67.98171997070312, 76.61137390136719, 85.24104309082031, 93.87069702148438, 102.5003662109375, 111.13003540039062, 119.75968933105469, 128.3893585205078, 137.01901245117188, 145.648681640625, 154.27835083007812, 162.90802001953125, 171.5376739501953, 180.16732788085938, 188.7969970703125, 197.42666625976562, 206.05633544921875, 214.6859893798828, 223.31565856933594, 231.9453125, 240.57498168945312]}, "gradients/graph_33linear.3.weight": {"_type": "histogram", "values": [2.0, 0.0, 0.0, 1.0, 0.0, 0.0, 3.0, 0.0, 2.0, 1.0, 0.0, 4.0, 4.0, 5.0, 2.0, 7.0, 6.0, 6.0, 9.0, 7.0, 10.0, 17.0, 16.0, 15.0, 26.0, 21.0, 29.0, 40.0, 45.0, 54.0, 66.0, 69.0, 113.0, 98.0, 125.0, 228.0, 15220.0, 31.0, 18.0, 19.0, 12.0, 10.0, 7.0, 6.0, 5.0, 5.0, 2.0, 4.0, 2.0, 2.0, 2.0, 0.0, 2.0, 1.0, 2.0, 1.0, 0.0, 0.0, 1.0, 0.0, 0.0, 0.0, 0.0, 1.0], "bins": [-2114.346923828125, -2055.81396484375, -1997.281005859375, -1938.748046875, -1880.215087890625, -1821.68212890625, -1763.1490478515625, -1704.6160888671875, -1646.0831298828125, -1587.5501708984375, -1529.0172119140625, -1470.484130859375, -1411.951171875, -1353.418212890625, -1294.88525390625, -1236.352294921875, -1177.8193359375, -1119.286376953125, -1060.75341796875, -1002.220458984375, -943.6875, -885.1544189453125, -826.6214599609375, -768.0885009765625, -709.5555419921875, -651.0225830078125, -592.4896240234375, -533.9566650390625, -475.423583984375, -416.890625, -358.357666015625, -299.82470703125, -241.291748046875, -182.7587890625, -124.225830078125, -65.69287109375, -7.159912109375, 51.3731689453125, 109.9061279296875, 168.4390869140625, 226.9720458984375, 285.5050048828125, 344.0379638671875, 402.5709228515625, 461.10400390625, 519.636962890625, 578.169921875, 636.702880859375, 695.23583984375, 753.768798828125, 812.3017578125, 870.8347778320312, 929.3677368164062, 987.9006958007812, 1046.4337158203125, 1104.9666748046875, 1163.4996337890625, 1222.0325927734375, 1280.5655517578125, 1339.0986328125, 1397.631591796875, 1456.16455078125, 1514.697509765625, 1573.23046875, 1631.763427734375]}, "gradients/graph_33linear.0.bias": {"_type": "histogram", "values": [1.0, 0.0, 1.0, 1.0, 1.0, 0.0, 0.0, 0.0, 0.0, 0.0, 1.0, 0.0, 0.0, 0.0, 0.0, 0.0, 1.0, 1.0, 0.0, 0.0, 1.0, 3.0, 0.0, 0.0, 0.0, 3.0, 0.0, 0.0, 0.0, 0.0, 0.0, 0.0, 0.0, 0.0, 0.0, 0.0, 2.0, 104.0, 0.0, 1.0, 0.0, 0.0, 0.0, 2.0, 0.0, 1.0, 1.0, 1.0, 0.0, 0.0, 0.0, 0.0, 0.0, 0.0, 0.0, 0.0, 0.0, 0.0, 0.0, 0.0, 0.0, 1.0, 0.0, 1.0], "bins": [-926.2467041015625, -901.6973876953125, -877.1481323242188, -852.5988159179688, -828.049560546875, -803.500244140625, -778.950927734375, -754.4016723632812, -729.8524169921875, -705.3031005859375, -680.7537841796875, -656.2045288085938, -631.6552124023438, -607.10595703125, -582.556640625, -558.00732421875, -533.4580688476562, -508.9087829589844, -484.3594970703125, -459.8102111816406, -435.26092529296875, -410.71160888671875, -386.162353515625, -361.613037109375, -337.063720703125, -312.51446533203125, -287.96514892578125, -263.4158935546875, -238.8665771484375, -214.31732177734375, -189.76800537109375, -165.21875, -140.66943359375, -116.1201171875, -91.57086181640625, -67.02154541015625, -42.4722900390625, -17.9229736328125, 6.62628173828125, 31.17559814453125, 55.724853515625, 80.274169921875, 104.823486328125, 129.37274169921875, 153.92205810546875, 178.47134399414062, 203.0206298828125, 227.56991577148438, 252.11920166015625, 276.6684875488281, 301.2177734375, 325.7670593261719, 350.31634521484375, 374.86566162109375, 399.4149475097656, 423.9642333984375, 448.5135192871094, 473.06280517578125, 497.6120910644531, 522.161376953125, 546.710693359375, 571.2599487304688, 595.8092651367188, 620.3585205078125, 644.9078369140625]}, "gradients/graph_33linear.0.weight": {"_type": "histogram",